node scc-connect-03-gpu01: power limit 310 W, max 400 W
fan mode:  01
Power limit for GPU 00000000:17:00.0 was set to 400.00 W from 310.00 W.
Power limit for GPU 00000000:63:00.0 was set to 400.00 W from 310.00 W.
=== base ===

================================================================================
HPL-NVIDIA 26.2.1  -- NVIDIA accelerated HPL benchmark -- NVIDIA
================================================================================
HPLinpack 2.1  --  High-Performance Linpack benchmark  --   October 26, 2012
Written by A. Petitet and R. Clint Whaley,  Innovative Computing Laboratory, UTK
Modified by Piotr Luszczek, Innovative Computing Laboratory, UTK
Modified by Julien Langou, University of Colorado Denver
================================================================================

An explanation of the input/output parameters follows:
T/V    : Wall time / encoded variant.
N      : The order of the coefficient matrix A.
NB     : The partitioning blocking factor.
P      : The number of process rows.
Q      : The number of process columns.
Time   : Time in seconds to solve the linear system.
Gflops : Rate of execution for solving the linear system.

The following parameter values will be used:

N      :  143360 
NB     :    2048 
PMAP   : Column-major process mapping
P      :       1 
Q      :       2 
PFACT  :   Crout 
NBMIN  :       2 
NDIV   :       2 
RFACT  :    Left 
BCAST  :  2ringM 
DEPTH  :       1 
SWAP   : Spread-roll (long)
L1     : no-transposed form
U      : transposed form
EQUIL  : no
ALIGN  : 8 double precision words

--------------------------------------------------------------------------------

- The matrix A is randomly generated for each test.
- The following scaled residual check will be computed:
      ||Ax-b||_oo / ( eps * ( || x ||_oo * || A ||_oo + || b ||_oo ) * N )
- The relative machine precision (eps) is taken to be               1.110223e-16
- Computational tests pass if scaled residuals are less than                16.0


HPL-NVIDIA ignores the following parameters from input file:
	* Broadcast parameters
	* Panel factorization parameters
	* Look-ahead value
	* L1 layout
	* U layout
	* Equilibration parameter
	* Memory alignment parameter

HPL-NVIDIA settings from environment variables:
--- DEVICE INFO ---
  Peak clock frequency: 1785 MHz
  SM version          : 90
  Number of SMs       : 132
-------------------
[HPL TRACE] cuda_nvshmem_init: max=1.0295 (1) min=1.0295 (0)
[HPL TRACE] ncclCommInitRank: max=1.4004 (0) min=1.4004 (1)
[HPL TRACE] cugetrfs_mp_init: max=1.4968 (1) min=1.4967 (0)
--- MEMORY INFO ---
DEVICE
  System           =      5.40817 GiB (MIN)      5.40817 GiB (MAX)      5.40817 GiB (AVG)
  HPL buffers      =     85.60201 GiB (MIN)     85.60201 GiB (MAX)     85.60201 GiB (AVG)
  Used             =     91.01018 GiB (MIN)     91.01018 GiB (MAX)     91.01018 GiB (AVG)
  Total            =     93.58398 GiB (MIN)     93.58398 GiB (MAX)     93.58398 GiB (AVG)
HOST
  HPL buffers      =      0.00113 GiB (MIN)      0.00113 GiB (MAX)      0.00113 GiB (AVG)
-------------------

 ... Testing HPL components ... 

 **** Factorization, m = 141312, policy = 0 **** 
avg time =   196.70 ms, avg =  3013.25. min =  3005.28 [rank 0, host scc-connect-03-gpu01, gpuID 0000:17:00.0], max =  3021.26 GFLOPS

 **** Factorization, m = 141312, policy = 1 **** 
avg time =   179.49 ms, avg =  3302.14. min =  3301.19 [rank 0, host scc-connect-03-gpu01, gpuID 0000:17:00.0], max =  3303.08 GFLOPS

 **** Factorization, m = 71680, policy = 0 **** 
avg time =   106.85 ms, avg =  2813.62. min =  2806.22 [rank 0, host scc-connect-03-gpu01, gpuID 0000:17:00.0], max =  2821.06 GFLOPS

 **** Factorization, m = 71680, policy = 1 **** 
avg time =    99.81 ms, avg =  3012.09. min =  2997.83 [rank 0, host scc-connect-03-gpu01, gpuID 0000:17:00.0], max =  3026.49 GFLOPS

 **** Factorization, m = 34816, policy = 0 **** 
avg time =    63.42 ms, avg =  2302.61. min =  2298.84 [rank 0, host scc-connect-03-gpu01, gpuID 0000:17:00.0], max =  2306.39 GFLOPS

 **** Factorization, m = 34816, policy = 1 **** 
avg time =    63.78 ms, avg =  2289.57. min =  2287.76 [rank 0, host scc-connect-03-gpu01, gpuID 0000:17:00.0], max =  2291.38 GFLOPS

 **** Factorization, m = 2048, policy = 0 **** 
avg time =    37.67 ms, avg =   228.00. min =   227.63 [rank 0, host scc-connect-03-gpu01, gpuID 0000:17:00.0], max =   228.37 GFLOPS

 **** Factorization, m = 2048, policy = 1 **** 
avg time =    45.13 ms, avg =   190.33. min =   190.27 [rank 1, host scc-connect-03-gpu01, gpuID 0000:63:00.0], max =   190.40 GFLOPS

 **** ncclBcast( Row ) **** 
avg time =    10.31 ms, avg =   227.92. min =   227.90 [rank 1, host scc-connect-03-gpu01, gpuID 0000:63:00.0], max =   227.93 GBS

 **** ncclAllGather( Col ) **** 
avg time =     0.00 ms, avg = 869496.98. min = 858718.67 [rank 0, host scc-connect-03-gpu01, gpuID 0000:17:00.0], max = 880549.31 GBS

 **** Latency ncclAllGather, m = 1 **** 
avg time =     0.31 ms, avg =     0.05. min =     0.05 [rank 1, host scc-connect-03-gpu01, gpuID 0000:63:00.0], max =     0.06 GBS

 **** Latency ncclAllGather, m = 2 **** 
avg time =     0.38 ms, avg =     0.09. min =     0.08 [rank 1, host scc-connect-03-gpu01, gpuID 0000:63:00.0], max =     0.09 GBS

 **** Latency ncclAllGather, m = 32 **** 
avg time =     0.41 ms, avg =     1.28. min =     1.28 [rank 0, host scc-connect-03-gpu01, gpuID 0000:17:00.0], max =     1.28 GBS

 **** Latency ncclAllGather, m = 2048 **** 
avg time =     0.40 ms, avg =    83.10. min =    82.33 [rank 1, host scc-connect-03-gpu01, gpuID 0000:63:00.0], max =    83.89 GBS

 **** Latency ncclAllGather, m = 4096 **** 
avg time =     0.40 ms, avg =   165.83. min =   163.58 [rank 0, host scc-connect-03-gpu01, gpuID 0000:17:00.0], max =   168.14 GBS

 **** Latency Host MPI_Allgather, m = 1 **** 
avg time =     0.04 ms, avg =     0.42. min =     0.42 [rank 0, host scc-connect-03-gpu01, gpuID 0000:17:00.0], max =     0.42 GBS

 **** Latency Host MPI_Allgather, m = 2 **** 
avg time =     0.04 ms, avg =     0.83. min =     0.83 [rank 0, host scc-connect-03-gpu01, gpuID 0000:17:00.0], max =     0.84 GBS

 **** Latency Host MPI_Allgather, m = 32 **** 
avg time =     0.04 ms, avg =    13.49. min =    13.32 [rank 0, host scc-connect-03-gpu01, gpuID 0000:17:00.0], max =    13.66 GBS

 **** Latency Host MPI_Allgather, m = 2048 **** 
avg time =     0.30 ms, avg =   112.50. min =   109.87 [rank 1, host scc-connect-03-gpu01, gpuID 0000:63:00.0], max =   115.25 GBS

 **** Latency Host MPI_Allgather, m = 4096 **** 
avg time =     1.21 ms, avg =    55.65. min =    55.00 [rank 1, host scc-connect-03-gpu01, gpuID 0000:63:00.0], max =    56.32 GBS

 **** Latency ncclBcast, m = 1 **** 
avg time =     0.40 ms, avg =     0.04. min =     0.04 [rank 1, host scc-connect-03-gpu01, gpuID 0000:63:00.0], max =     0.04 GBS

 **** Latency ncclBcast, m = 32 **** 
avg time =     0.41 ms, avg =     1.28. min =     1.27 [rank 0, host scc-connect-03-gpu01, gpuID 0000:17:00.0], max =     1.29 GBS

 **** Latency ncclBcast, m = 2048 **** 
avg time =     0.40 ms, avg =    82.98. min =    82.31 [rank 1, host scc-connect-03-gpu01, gpuID 0000:63:00.0], max =    83.66 GBS

 **** Latency Host MPI_Bcast, m = 1 **** 
avg time =     0.01 ms, avg =     1.32. min =     1.31 [rank 0, host scc-connect-03-gpu01, gpuID 0000:17:00.0], max =     1.34 GBS

 **** Latency Host MPI_Bcast, m = 32 **** 
avg time =     0.01 ms, avg =    42.37. min =    41.92 [rank 0, host scc-connect-03-gpu01, gpuID 0000:17:00.0], max =    42.84 GBS

 **** Latency Host MPI_Bcast, m = 2048 **** 
avg time =     0.01 ms, avg =  2712.00. min =  2682.17 [rank 0, host scc-connect-03-gpu01, gpuID 0000:17:00.0], max =  2742.50 GBS

 **** GEMM **** 
avg time =   483.08 ms, avg = 39831.09. min = 39526.27 [rank 0, host scc-connect-03-gpu01, gpuID 0000:17:00.0], max = 40140.65 GFLOPS

 ... End of Testing HPL components ... 

[HPL TRACE] HPL_pdmatgen_gpu: max=0.0253 (0) min=0.0253 (1)
[0;31m Prog= 4.22%	N_left=   141312	Time=   1.24	Time_left=  28.08	iGF= 66986.25	GF= 66986.25	iGF_per= 33493.13 	GF_per= 33493.13[0m
[0;31m Prog= 8.33%	N_left=   139264	Time=   2.36	Time_left=  26.02	iGF= 71624.51	GF= 69194.22	iGF_per= 35812.25 	GF_per= 34597.11[0m
[0;31m Prog= 12.31%	N_left=   137216	Time=   3.38	Time_left=  24.05	iGF= 77309.56	GF= 71627.53	iGF_per= 38654.78 	GF_per= 35813.76[0m
[0;31m Prog= 16.18%	N_left=   135168	Time=   4.44	Time_left=  22.99	iGF= 71550.98	GF= 71609.22	iGF_per= 35775.49 	GF_per= 35804.61[0m
[0;31m Prog= 19.93%	N_left=   133120	Time=   5.39	Time_left=  21.66	iGF= 77333.47	GF= 72621.10	iGF_per= 38666.73 	GF_per= 36310.55[0m
[0;31m Prog= 23.57%	N_left=   131072	Time=   6.40	Time_left=  20.73	iGF= 71240.40	GF= 72404.49	iGF_per= 35620.20 	GF_per= 36202.24[0m
[0;31m Prog= 27.10%	N_left=   129024	Time=   7.29	Time_left=  19.61	iGF= 77332.62	GF= 73009.99	iGF_per= 38666.31 	GF_per= 36505.00[0m
[0;31m Prog= 30.52%	N_left=   126976	Time=   8.24	Time_left=  18.75	iGF= 71034.46	GF= 72783.37	iGF_per= 35517.23 	GF_per= 36391.68[0m
[0;31m Prog= 33.82%	N_left=   124928	Time=   9.07	Time_left=  17.75	iGF= 77475.76	GF= 73217.07	iGF_per= 38737.88 	GF_per= 36608.54[0m
[0;31m Prog= 37.03%	N_left=   122880	Time=   9.96	Time_left=  16.94	iGF= 71042.72	GF= 73023.82	iGF_per= 35521.36 	GF_per= 36511.91[0m
[0;31m Prog= 40.12%	N_left=   120832	Time=  10.74	Time_left=  16.03	iGF= 77602.29	GF= 73357.84	iGF_per= 38801.15 	GF_per= 36678.92[0m
[0;31m Prog= 43.12%	N_left=   118784	Time=  11.58	Time_left=  15.27	iGF= 70577.72	GF= 73157.78	iGF_per= 35288.86 	GF_per= 36578.89[0m
[0;31m Prog= 46.01%	N_left=   116736	Time=  12.31	Time_left=  14.45	iGF= 77221.81	GF= 73400.59	iGF_per= 38610.91 	GF_per= 36700.29[0m
[0;31m Prog= 48.80%	N_left=   114688	Time=  13.09	Time_left=  13.74	iGF= 70303.06	GF= 73216.02	iGF_per= 35151.53 	GF_per= 36608.01[0m
[0;31m Prog= 51.49%	N_left=   112640	Time=  13.77	Time_left=  12.98	iGF= 77507.56	GF= 73428.73	iGF_per= 38753.78 	GF_per= 36714.37[0m
[0;31m Prog= 54.09%	N_left=   110592	Time=  14.50	Time_left=  12.31	iGF= 70060.26	GF= 73259.56	iGF_per= 35030.13 	GF_per= 36629.78[0m
[0;31m Prog= 56.60%	N_left=   108544	Time=  15.14	Time_left=  11.61	iGF= 76958.24	GF= 73415.64	iGF_per= 38479.12 	GF_per= 36707.82[0m
[0;31m Prog= 59.01%	N_left=   106496	Time=  15.82	Time_left=  10.99	iGF= 70172.04	GF= 73277.26	iGF_per= 35086.02 	GF_per= 36638.63[0m
[0;31m Prog= 61.33%	N_left=   104448	Time=  16.41	Time_left=  10.35	iGF= 77096.88	GF= 73414.84	iGF_per= 38548.44 	GF_per= 36707.42[0m
[0;31m Prog= 63.56%	N_left=   102400	Time=  17.04	Time_left=   9.77	iGF= 69412.38	GF= 73266.57	iGF_per= 34706.19 	GF_per= 36633.29[0m
[0;31m Prog= 65.70%	N_left=   100352	Time=  17.58	Time_left=   9.18	iGF= 77304.55	GF= 73391.62	iGF_per= 38652.28 	GF_per= 36695.81[0m
[0;31m Prog= 67.76%	N_left=    98304	Time=  18.17	Time_left=   8.65	iGF= 69167.81	GF= 73255.79	iGF_per= 34583.90 	GF_per= 36627.89[0m
[0;31m Prog= 69.73%	N_left=    96256	Time=  18.67	Time_left=   8.10	iGF= 77104.45	GF= 73359.42	iGF_per= 38552.23 	GF_per= 36679.71[0m
[0;31m Prog= 71.62%	N_left=    94208	Time=  19.21	Time_left=   7.61	iGF= 68934.33	GF= 73235.28	iGF_per= 34467.17 	GF_per= 36617.64[0m
[0;31m Prog= 73.43%	N_left=    92160	Time=  19.67	Time_left=   7.12	iGF= 76517.76	GF= 73312.83	iGF_per= 38258.88 	GF_per= 36656.42[0m
[0;31m Prog= 75.17%	N_left=    90112	Time=  20.17	Time_left=   6.66	iGF= 68432.68	GF= 73192.55	iGF_per= 34216.34 	GF_per= 36596.28[0m
[0;31m Prog= 76.82%	N_left=    88064	Time=  20.60	Time_left=   6.22	iGF= 76284.57	GF= 73256.53	iGF_per= 38142.28 	GF_per= 36628.26[0m
[0;31m Prog= 78.40%	N_left=    86016	Time=  21.06	Time_left=   5.80	iGF= 67835.10	GF= 73138.74	iGF_per= 33917.55 	GF_per= 36569.37[0m
[0;31m Prog= 79.91%	N_left=    83968	Time=  21.44	Time_left=   5.39	iGF= 76917.79	GF= 73206.54	iGF_per= 38458.89 	GF_per= 36603.27[0m
[0;31m Prog= 81.34%	N_left=    81920	Time=  21.86	Time_left=   5.01	iGF= 67207.57	GF= 73091.47	iGF_per= 33603.79 	GF_per= 36545.73[0m
[0;31m Prog= 82.71%	N_left=    79872	Time=  22.21	Time_left=   4.64	iGF= 76138.27	GF= 73139.76	iGF_per= 38069.14 	GF_per= 36569.88[0m
[0;31m Prog= 84.00%	N_left=    77824	Time=  22.59	Time_left=   4.30	iGF= 67692.58	GF= 73049.04	iGF_per= 33846.29 	GF_per= 36524.52[0m
[0;31m Prog= 85.23%	N_left=    75776	Time=  22.91	Time_left=   3.97	iGF= 75311.19	GF= 73080.72	iGF_per= 37655.59 	GF_per= 36540.36[0m
[0;31m Prog= 86.40%	N_left=    73728	Time=  23.25	Time_left=   3.66	iGF= 66704.20	GF= 72986.61	iGF_per= 33352.10 	GF_per= 36493.31[0m
[0;31m Prog= 87.50%	N_left=    71680	Time=  23.53	Time_left=   3.36	iGF= 76527.01	GF= 73029.18	iGF_per= 38263.51 	GF_per= 36514.59[0m
[0;31m Prog= 88.54%	N_left=    69632	Time=  23.85	Time_left=   3.09	iGF= 64975.10	GF= 72922.89	iGF_per= 32487.55 	GF_per= 36461.44[0m
[0;31m Prog= 89.52%	N_left=    67584	Time=  24.10	Time_left=   2.82	iGF= 75915.66	GF= 72954.43	iGF_per= 37957.83 	GF_per= 36477.21[0m
[0;31m Prog= 90.45%	N_left=    65536	Time=  24.38	Time_left=   2.58	iGF= 65735.68	GF= 72872.68	iGF_per= 32867.84 	GF_per= 36436.34[0m
[0;31m Prog= 91.31%	N_left=    63488	Time=  24.60	Time_left=   2.34	iGF= 75773.53	GF= 72899.21	iGF_per= 37886.77 	GF_per= 36449.60[0m
[0;31m Prog= 92.13%	N_left=    61440	Time=  24.86	Time_left=   2.12	iGF= 63620.87	GF= 72805.43	iGF_per= 31810.44 	GF_per= 36402.71[0m
[0;31m Prog= 92.89%	N_left=    59392	Time=  25.05	Time_left=   1.92	iGF= 77030.61	GF= 72838.17	iGF_per= 38515.30 	GF_per= 36419.08[0m
[0;31m Prog= 93.60%	N_left=    57344	Time=  25.28	Time_left=   1.73	iGF= 61004.19	GF= 72731.07	iGF_per= 30502.09 	GF_per= 36365.54[0m
[0;31m Prog= 94.26%	N_left=    55296	Time=  25.45	Time_left=   1.55	iGF= 77139.03	GF= 72760.25	iGF_per= 38569.51 	GF_per= 36380.12[0m
[0;31m Prog= 94.88%	N_left=    53248	Time=  25.66	Time_left=   1.39	iGF= 57676.52	GF= 72637.26	iGF_per= 28838.26 	GF_per= 36318.63[0m
[0;31m Prog= 95.44%	N_left=    51200	Time=  25.80	Time_left=   1.23	iGF= 76705.54	GF= 72660.22	iGF_per= 38352.77 	GF_per= 36330.11[0m
[0;31m Prog= 95.97%	N_left=    49152	Time=  25.99	Time_left=   1.09	iGF= 55238.59	GF= 72535.06	iGF_per= 27619.29 	GF_per= 36267.53[0m
[0;31m Prog= 96.45%	N_left=    47104	Time=  26.11	Time_left=   0.96	iGF= 75132.61	GF= 72547.62	iGF_per= 37566.31 	GF_per= 36273.81[0m
[0;31m Prog= 96.90%	N_left=    45056	Time=  26.28	Time_left=   0.84	iGF= 52235.50	GF= 72418.91	iGF_per= 26117.75 	GF_per= 36209.46[0m
[0;31m Prog= 97.30%	N_left=    43008	Time=  26.39	Time_left=   0.73	iGF= 71175.02	GF= 72413.65	iGF_per= 35587.51 	GF_per= 36206.83[0m
[0;31m Prog= 97.67%	N_left=    40960	Time=  26.54	Time_left=   0.63	iGF= 47441.92	GF= 72270.46	iGF_per= 23720.96 	GF_per= 36135.23[0m
[0;31m Prog= 98.00%	N_left=    38912	Time=  26.65	Time_left=   0.54	iGF= 63032.45	GF= 72234.53	iGF_per= 31516.23 	GF_per= 36117.26[0m
[0;31m Prog= 98.30%	N_left=    36864	Time=  26.78	Time_left=   0.46	iGF= 44127.20	GF= 72094.65	iGF_per= 22063.60 	GF_per= 36047.33[0m
[0;31m Prog= 98.57%	N_left=    34816	Time=  26.87	Time_left=   0.39	iGF= 57407.51	GF= 72044.55	iGF_per= 28703.76 	GF_per= 36022.27[0m
[0;31m Prog= 98.81%	N_left=    32768	Time=  26.99	Time_left=   0.33	iGF= 39917.17	GF= 71905.04	iGF_per= 19958.59 	GF_per= 35952.52[0m
[0;31m Prog= 99.02%	N_left=    30720	Time=  27.08	Time_left=   0.27	iGF= 48450.55	GF= 71831.21	iGF_per= 24225.27 	GF_per= 35915.61[0m
[0;31m Prog= 99.20%	N_left=    28672	Time=  27.18	Time_left=   0.22	iGF= 34732.79	GF= 71689.21	iGF_per= 17366.40 	GF_per= 35844.61[0m
[0;31m Prog= 99.36%	N_left=    26624	Time=  27.26	Time_left=   0.18	iGF= 39749.70	GF= 71596.88	iGF_per= 19874.85 	GF_per= 35798.44[0m
[0;31m Prog= 99.50%	N_left=    24576	Time=  27.35	Time_left=   0.14	iGF= 30035.00	GF= 71460.98	iGF_per= 15017.50 	GF_per= 35730.49[0m
[0;31m Prog= 99.61%	N_left=    22528	Time=  27.42	Time_left=   0.11	iGF= 31389.49	GF= 71355.14	iGF_per= 15694.74 	GF_per= 35677.57[0m
[0;31m Prog= 99.71%	N_left=    20480	Time=  27.50	Time_left=   0.08	iGF= 24171.31	GF= 71220.58	iGF_per= 12085.65 	GF_per= 35610.29[0m
[0;31m Prog= 99.79%	N_left=    18432	Time=  27.56	Time_left=   0.06	iGF= 24992.31	GF= 71116.43	iGF_per= 12496.15 	GF_per= 35558.21[0m
[0;31m Prog= 99.85%	N_left=    16384	Time=  27.63	Time_left=   0.04	iGF= 19044.86	GF= 70993.44	iGF_per=  9522.43 	GF_per= 35496.72[0m
[0;31m Prog= 99.90%	N_left=    14336	Time=  27.68	Time_left=   0.03	iGF= 18408.93	GF= 70893.57	iGF_per=  9204.47 	GF_per= 35446.78[0m
[0;31m Prog= 99.94%	N_left=    12288	Time=  27.73	Time_left=   0.02	iGF= 13029.88	GF= 70777.12	iGF_per=  6514.94 	GF_per= 35388.56[0m
[0;31m Prog= 99.96%	N_left=    10240	Time=  27.78	Time_left=   0.01	iGF= 10702.13	GF= 70671.83	iGF_per=  5351.07 	GF_per= 35335.91[0m
[0;31m Prog= 99.98%	N_left=     8192	Time=  27.83	Time_left=   0.01	iGF=  6930.71	GF= 70556.41	iGF_per=  3465.35 	GF_per= 35278.20[0m
[0;31m Prog= 99.99%	N_left=     6144	Time=  27.88	Time_left=   0.00	iGF=  4827.57	GF= 70452.92	iGF_per=  2413.78 	GF_per= 35226.46[0m
[0;31m Prog= 100.00%	N_left=     4096	Time=  27.92	Time_left=   0.00	iGF=  2457.80	GF= 70345.12	iGF_per=  1228.90 	GF_per= 35172.56[0m
================================================================================
T/V                N    NB     P     Q         Time          Gflops (   per GPU)
--------------------------------------------------------------------------------
WC0           143360  2048     1     2        28.07       6.997e+04 ( 3.499e+04)

HPL_pdgesv() start time Sun Oct  4 23:37:18 2026
HPL_pdgesv() end time   Sun Oct  4 23:37:46 2026

--------------------------------------------------------------------------------
||Ax-b||_oo/(eps*(||A||_oo*||x||_oo+||b||_oo)*N)=   0.001120337724 ...... PASSED
||Ax-b||_oo  . . . . . . . . . . . . . . . . . = 0.0000000059579456
||A||_oo . . . . . . . . . . . . . . . . . . . = 36080.6432988371016108
||x||_oo . . . . . . . . . . . . . . . . . . . = 9.2604998350081207
||b||_oo . . . . . . . . . . . . . . . . . . . = 0.4999993662445502
================================================================================

Finished      1 tests with the following results:
              1 tests completed and passed residual checks,
              0 tests completed and failed residual checks,
              0 tests skipped because of illegal input values.
--------------------------------------------------------------------------------

End of Tests.
================================================================================
base            69970 GFLOP/s   28.07 s
=== pfact0 ===

================================================================================
HPL-NVIDIA 26.2.1  -- NVIDIA accelerated HPL benchmark -- NVIDIA
================================================================================
HPLinpack 2.1  --  High-Performance Linpack benchmark  --   October 26, 2012
Written by A. Petitet and R. Clint Whaley,  Innovative Computing Laboratory, UTK
Modified by Piotr Luszczek, Innovative Computing Laboratory, UTK
Modified by Julien Langou, University of Colorado Denver
================================================================================

An explanation of the input/output parameters follows:
T/V    : Wall time / encoded variant.
N      : The order of the coefficient matrix A.
NB     : The partitioning blocking factor.
P      : The number of process rows.
Q      : The number of process columns.
Time   : Time in seconds to solve the linear system.
Gflops : Rate of execution for solving the linear system.

The following parameter values will be used:

N      :  143360 
NB     :    2048 
PMAP   : Column-major process mapping
P      :       1 
Q      :       2 
PFACT  :    Left 
NBMIN  :       2 
NDIV   :       2 
RFACT  :    Left 
BCAST  :  2ringM 
DEPTH  :       1 
SWAP   : Spread-roll (long)
L1     : no-transposed form
U      : transposed form
EQUIL  : no
ALIGN  : 8 double precision words

--------------------------------------------------------------------------------

- The matrix A is randomly generated for each test.
- The following scaled residual check will be computed:
      ||Ax-b||_oo / ( eps * ( || x ||_oo * || A ||_oo + || b ||_oo ) * N )
- The relative machine precision (eps) is taken to be               1.110223e-16
- Computational tests pass if scaled residuals are less than                16.0


HPL-NVIDIA ignores the following parameters from input file:
	* Broadcast parameters
	* Panel factorization parameters
	* Look-ahead value
	* L1 layout
	* U layout
	* Equilibration parameter
	* Memory alignment parameter

HPL-NVIDIA settings from environment variables:
	HPL_CUSOLVER_MP_TESTS from environment 0 
--- DEVICE INFO ---
  Peak clock frequency: 1785 MHz
  SM version          : 90
  Number of SMs       : 132
-------------------
[HPL TRACE] cuda_nvshmem_init: max=0.7854 (1) min=0.7854 (0)
[HPL TRACE] ncclCommInitRank: max=0.8957 (1) min=0.8957 (0)
[HPL TRACE] cugetrfs_mp_init: max=0.9344 (0) min=0.9343 (1)
--- MEMORY INFO ---
DEVICE
  System           =      5.40817 GiB (MIN)      5.40817 GiB (MAX)      5.40817 GiB (AVG)
  HPL buffers      =     85.60201 GiB (MIN)     85.60201 GiB (MAX)     85.60201 GiB (AVG)
  Used             =     91.01018 GiB (MIN)     91.01018 GiB (MAX)     91.01018 GiB (AVG)
  Total            =     93.58398 GiB (MIN)     93.58398 GiB (MAX)     93.58398 GiB (AVG)
HOST
  HPL buffers      =      0.00113 GiB (MIN)      0.00113 GiB (MAX)      0.00113 GiB (AVG)
-------------------
[HPL TRACE] HPL_pdmatgen_gpu: max=0.0267 (0) min=0.0267 (1)
[0;31m Prog= 4.22%	N_left=   141312	Time=   1.23	Time_left=  27.93	iGF= 67357.12	GF= 67357.12	iGF_per= 33678.56 	GF_per= 33678.56[0m
[0;31m Prog= 8.33%	N_left=   139264	Time=   2.36	Time_left=  25.93	iGF= 71702.67	GF= 69430.55	iGF_per= 35851.34 	GF_per= 34715.28[0m
[0;31m Prog= 12.31%	N_left=   137216	Time=   3.37	Time_left=  23.99	iGF= 77257.23	GF= 71784.03	iGF_per= 38628.62 	GF_per= 35892.02[0m
[0;31m Prog= 16.18%	N_left=   135168	Time=   4.43	Time_left=  22.93	iGF= 71811.28	GF= 71790.54	iGF_per= 35905.64 	GF_per= 35895.27[0m
[0;31m Prog= 19.93%	N_left=   133120	Time=   5.38	Time_left=  21.60	iGF= 77473.77	GF= 72795.76	iGF_per= 38736.89 	GF_per= 36397.88[0m
[0;31m Prog= 23.57%	N_left=   131072	Time=   6.38	Time_left=  20.68	iGF= 71563.68	GF= 72602.82	iGF_per= 35781.84 	GF_per= 36301.41[0m
[0;31m Prog= 27.10%	N_left=   129024	Time=   7.27	Time_left=  19.56	iGF= 77659.87	GF= 73223.35	iGF_per= 38829.94 	GF_per= 36611.67[0m
[0;31m Prog= 30.52%	N_left=   126976	Time=   8.21	Time_left=  18.69	iGF= 71314.58	GF= 73004.58	iGF_per= 35657.29 	GF_per= 36502.29[0m
[0;31m Prog= 33.82%	N_left=   124928	Time=   9.05	Time_left=  17.70	iGF= 77740.52	GF= 73442.16	iGF_per= 38870.26 	GF_per= 36721.08[0m
[0;31m Prog= 37.03%	N_left=   122880	Time=   9.93	Time_left=  16.89	iGF= 71004.34	GF= 73224.78	iGF_per= 35502.17 	GF_per= 36612.39[0m
[0;31m Prog= 40.12%	N_left=   120832	Time=  10.72	Time_left=  15.99	iGF= 77507.84	GF= 73538.40	iGF_per= 38753.92 	GF_per= 36769.20[0m
[0;31m Prog= 43.12%	N_left=   118784	Time=  11.55	Time_left=  15.24	iGF= 70766.36	GF= 73338.96	iGF_per= 35383.18 	GF_per= 36669.48[0m
[0;31m Prog= 46.01%	N_left=   116736	Time=  12.28	Time_left=  14.41	iGF= 77332.80	GF= 73577.80	iGF_per= 38666.40 	GF_per= 36788.90[0m
[0;31m Prog= 48.80%	N_left=   114688	Time=  13.06	Time_left=  13.70	iGF= 70603.47	GF= 73400.88	iGF_per= 35301.74 	GF_per= 36700.44[0m
[0;31m Prog= 51.49%	N_left=   112640	Time=  13.74	Time_left=  12.95	iGF= 77326.51	GF= 73596.36	iGF_per= 38663.25 	GF_per= 36798.18[0m
[0;31m Prog= 54.09%	N_left=   110592	Time=  14.47	Time_left=  12.28	iGF= 70441.15	GF= 73438.38	iGF_per= 35220.58 	GF_per= 36719.19[0m
[0;31m Prog= 56.60%	N_left=   108544	Time=  15.11	Time_left=  11.59	iGF= 76831.31	GF= 73582.11	iGF_per= 38415.65 	GF_per= 36791.06[0m
[0;31m Prog= 59.01%	N_left=   106496	Time=  15.78	Time_left=  10.97	iGF= 70098.19	GF= 73433.00	iGF_per= 35049.09 	GF_per= 36716.50[0m
[0;31m Prog= 61.33%	N_left=   104448	Time=  16.37	Time_left=  10.33	iGF= 77092.55	GF= 73565.10	iGF_per= 38546.27 	GF_per= 36782.55[0m
[0;31m Prog= 63.56%	N_left=   102400	Time=  17.00	Time_left=   9.75	iGF= 69540.83	GF= 73415.99	iGF_per= 34770.42 	GF_per= 36708.00[0m
[0;31m Prog= 65.70%	N_left=   100352	Time=  17.55	Time_left=   9.16	iGF= 76976.56	GF= 73526.93	iGF_per= 38488.28 	GF_per= 36763.47[0m
[0;31m Prog= 67.76%	N_left=    98304	Time=  18.13	Time_left=   8.63	iGF= 69429.61	GF= 73395.41	iGF_per= 34714.80 	GF_per= 36697.71[0m
[0;31m Prog= 69.73%	N_left=    96256	Time=  18.64	Time_left=   8.09	iGF= 77093.67	GF= 73495.19	iGF_per= 38546.84 	GF_per= 36747.60[0m
[0;31m Prog= 71.62%	N_left=    94208	Time=  19.18	Time_left=   7.60	iGF= 68696.56	GF= 73359.88	iGF_per= 34348.28 	GF_per= 36679.94[0m
[0;31m Prog= 73.43%	N_left=    92160	Time=  19.64	Time_left=   7.11	iGF= 76881.83	GF= 73442.84	iGF_per= 38440.91 	GF_per= 36721.42[0m
[0;31m Prog= 75.17%	N_left=    90112	Time=  20.14	Time_left=   6.65	iGF= 68437.52	GF= 73319.27	iGF_per= 34218.76 	GF_per= 36659.64[0m
[0;31m Prog= 76.82%	N_left=    88064	Time=  20.56	Time_left=   6.20	iGF= 76595.94	GF= 73386.91	iGF_per= 38297.97 	GF_per= 36693.46[0m
[0;31m Prog= 78.40%	N_left=    86016	Time=  21.02	Time_left=   5.79	iGF= 67862.62	GF= 73266.72	iGF_per= 33931.31 	GF_per= 36633.36[0m
[0;31m Prog= 79.91%	N_left=    83968	Time=  21.40	Time_left=   5.38	iGF= 76598.50	GF= 73326.85	iGF_per= 38299.25 	GF_per= 36663.43[0m
[0;31m Prog= 81.34%	N_left=    81920	Time=  21.82	Time_left=   5.01	iGF= 67412.93	GF= 73213.57	iGF_per= 33706.47 	GF_per= 36606.78[0m
[0;31m Prog= 82.71%	N_left=    79872	Time=  22.18	Time_left=   4.64	iGF= 76043.78	GF= 73258.56	iGF_per= 38021.89 	GF_per= 36629.28[0m
[0;31m Prog= 84.00%	N_left=    77824	Time=  22.55	Time_left=   4.29	iGF= 67665.88	GF= 73165.23	iGF_per= 33832.94 	GF_per= 36582.61[0m
[0;31m Prog= 85.23%	N_left=    75776	Time=  22.87	Time_left=   3.96	iGF= 75243.39	GF= 73194.40	iGF_per= 37621.69 	GF_per= 36597.20[0m
[0;31m Prog= 86.40%	N_left=    73728	Time=  23.21	Time_left=   3.65	iGF= 67187.19	GF= 73106.24	iGF_per= 33593.60 	GF_per= 36553.12[0m
[0;31m Prog= 87.50%	N_left=    71680	Time=  23.50	Time_left=   3.36	iGF= 75968.51	GF= 73140.96	iGF_per= 37984.26 	GF_per= 36570.48[0m
[0;31m Prog= 88.54%	N_left=    69632	Time=  23.81	Time_left=   3.08	iGF= 65290.32	GF= 73037.69	iGF_per= 32645.16 	GF_per= 36518.85[0m
[0;31m Prog= 89.52%	N_left=    67584	Time=  24.07	Time_left=   2.82	iGF= 75928.51	GF= 73068.19	iGF_per= 37964.25 	GF_per= 36534.10[0m
[0;31m Prog= 90.45%	N_left=    65536	Time=  24.35	Time_left=   2.57	iGF= 64919.52	GF= 72974.63	iGF_per= 32459.76 	GF_per= 36487.31[0m
[0;31m Prog= 91.31%	N_left=    63488	Time=  24.57	Time_left=   2.34	iGF= 77418.08	GF= 73014.46	iGF_per= 38709.04 	GF_per= 36507.23[0m
[0;31m Prog= 92.13%	N_left=    61440	Time=  24.82	Time_left=   2.12	iGF= 62493.69	GF= 72906.06	iGF_per= 31246.84 	GF_per= 36453.03[0m
[0;31m Prog= 92.89%	N_left=    59392	Time=  25.01	Time_left=   1.91	iGF= 77945.88	GF= 72944.71	iGF_per= 38972.94 	GF_per= 36472.35[0m
[0;31m Prog= 93.60%	N_left=    57344	Time=  25.25	Time_left=   1.73	iGF= 59106.78	GF= 72815.30	iGF_per= 29553.39 	GF_per= 36407.65[0m
[0;31m Prog= 94.26%	N_left=    55296	Time=  25.42	Time_left=   1.55	iGF= 77548.15	GF= 72846.51	iGF_per= 38774.08 	GF_per= 36423.25[0m
[0;31m Prog= 94.88%	N_left=    53248	Time=  25.63	Time_left=   1.38	iGF= 57062.27	GF= 72716.27	iGF_per= 28531.13 	GF_per= 36358.14[0m
[0;31m Prog= 95.44%	N_left=    51200	Time=  25.77	Time_left=   1.23	iGF= 76979.08	GF= 72740.28	iGF_per= 38489.54 	GF_per= 36370.14[0m
[0;31m Prog= 95.97%	N_left=    49152	Time=  25.96	Time_left=   1.09	iGF= 55623.78	GF= 72618.02	iGF_per= 27811.89 	GF_per= 36309.01[0m
[0;31m Prog= 96.45%	N_left=    47104	Time=  26.08	Time_left=   0.96	iGF= 75475.77	GF= 72631.79	iGF_per= 37737.89 	GF_per= 36315.90[0m
[0;31m Prog= 96.90%	N_left=    45056	Time=  26.26	Time_left=   0.84	iGF= 50800.20	GF= 72489.41	iGF_per= 25400.10 	GF_per= 36244.71[0m
[0;31m Prog= 97.30%	N_left=    43008	Time=  26.37	Time_left=   0.73	iGF= 70072.49	GF= 72479.02	iGF_per= 35036.24 	GF_per= 36239.51[0m
[0;31m Prog= 97.67%	N_left=    40960	Time=  26.52	Time_left=   0.63	iGF= 48239.17	GF= 72342.19	iGF_per= 24119.58 	GF_per= 36171.09[0m
[0;31m Prog= 98.00%	N_left=    38912	Time=  26.62	Time_left=   0.54	iGF= 62786.39	GF= 72304.83	iGF_per= 31393.20 	GF_per= 36152.42[0m
[0;31m Prog= 98.30%	N_left=    36864	Time=  26.75	Time_left=   0.46	iGF= 44483.78	GF= 72167.35	iGF_per= 22241.89 	GF_per= 36083.68[0m
[0;31m Prog= 98.57%	N_left=    34816	Time=  26.85	Time_left=   0.39	iGF= 56864.76	GF= 72114.60	iGF_per= 28432.38 	GF_per= 36057.30[0m
[0;31m Prog= 98.81%	N_left=    32768	Time=  26.97	Time_left=   0.33	iGF= 39743.66	GF= 71973.28	iGF_per= 19871.83 	GF_per= 35986.64[0m
[0;31m Prog= 99.02%	N_left=    30720	Time=  27.05	Time_left=   0.27	iGF= 47991.88	GF= 71897.01	iGF_per= 23995.94 	GF_per= 35948.51[0m
[0;31m Prog= 99.20%	N_left=    28672	Time=  27.15	Time_left=   0.22	iGF= 35221.44	GF= 71758.44	iGF_per= 17610.72 	GF_per= 35879.22[0m
[0;31m Prog= 99.36%	N_left=    26624	Time=  27.23	Time_left=   0.18	iGF= 40468.85	GF= 71669.50	iGF_per= 20234.42 	GF_per= 35834.75[0m
[0;31m Prog= 99.50%	N_left=    24576	Time=  27.32	Time_left=   0.14	iGF= 29798.10	GF= 71531.37	iGF_per= 14899.05 	GF_per= 35765.69[0m
[0;31m Prog= 99.61%	N_left=    22528	Time=  27.39	Time_left=   0.11	iGF= 31655.82	GF= 71426.83	iGF_per= 15827.91 	GF_per= 35713.41[0m
[0;31m Prog= 99.71%	N_left=    20480	Time=  27.47	Time_left=   0.08	iGF= 23601.71	GF= 71287.02	iGF_per= 11800.85 	GF_per= 35643.51[0m
[0;31m Prog= 99.79%	N_left=    18432	Time=  27.54	Time_left=   0.06	iGF= 24706.33	GF= 71180.76	iGF_per= 12353.17 	GF_per= 35590.38[0m
[0;31m Prog= 99.85%	N_left=    16384	Time=  27.60	Time_left=   0.04	iGF= 18448.47	GF= 71052.08	iGF_per=  9224.23 	GF_per= 35526.04[0m
[0;31m Prog= 99.90%	N_left=    14336	Time=  27.66	Time_left=   0.03	iGF= 18361.86	GF= 70951.67	iGF_per=  9180.93 	GF_per= 35475.83[0m
[0;31m Prog= 99.94%	N_left=    12288	Time=  27.71	Time_left=   0.02	iGF= 13024.87	GF= 70834.95	iGF_per=  6512.43 	GF_per= 35417.48[0m
[0;31m Prog= 99.96%	N_left=    10240	Time=  27.76	Time_left=   0.01	iGF= 10713.73	GF= 70729.61	iGF_per=  5356.87 	GF_per= 35364.81[0m
[0;31m Prog= 99.98%	N_left=     8192	Time=  27.81	Time_left=   0.01	iGF=  6901.82	GF= 70613.45	iGF_per=  3450.91 	GF_per= 35306.73[0m
[0;31m Prog= 99.99%	N_left=     6144	Time=  27.86	Time_left=   0.00	iGF=  4831.65	GF= 70509.89	iGF_per=  2415.83 	GF_per= 35254.95[0m
[0;31m Prog= 100.00%	N_left=     4096	Time=  27.90	Time_left=   0.00	iGF=  2450.56	GF= 70401.58	iGF_per=  1225.28 	GF_per= 35200.79[0m
================================================================================
T/V                N    NB     P     Q         Time          Gflops (   per GPU)
--------------------------------------------------------------------------------
WC0           143360  2048     1     2        28.05       7.002e+04 ( 3.501e+04)

HPL_pdgesv() start time Sun Oct  4 23:37:52 2026
HPL_pdgesv() end time   Sun Oct  4 23:38:20 2026

--------------------------------------------------------------------------------
||Ax-b||_oo/(eps*(||A||_oo*||x||_oo+||b||_oo)*N)=   0.001120337724 ...... PASSED
||Ax-b||_oo  . . . . . . . . . . . . . . . . . = 0.0000000059579456
||A||_oo . . . . . . . . . . . . . . . . . . . = 36080.6432988371016108
||x||_oo . . . . . . . . . . . . . . . . . . . = 9.2604998350081207
||b||_oo . . . . . . . . . . . . . . . . . . . = 0.4999993662445502
================================================================================

Finished      1 tests with the following results:
              1 tests completed and passed residual checks,
              0 tests completed and failed residual checks,
              0 tests skipped because of illegal input values.
--------------------------------------------------------------------------------

End of Tests.
================================================================================
pfact0          70020 GFLOP/s   28.05 s
=== pfact2 ===

================================================================================
HPL-NVIDIA 26.2.1  -- NVIDIA accelerated HPL benchmark -- NVIDIA
================================================================================
HPLinpack 2.1  --  High-Performance Linpack benchmark  --   October 26, 2012
Written by A. Petitet and R. Clint Whaley,  Innovative Computing Laboratory, UTK
Modified by Piotr Luszczek, Innovative Computing Laboratory, UTK
Modified by Julien Langou, University of Colorado Denver
================================================================================

An explanation of the input/output parameters follows:
T/V    : Wall time / encoded variant.
N      : The order of the coefficient matrix A.
NB     : The partitioning blocking factor.
P      : The number of process rows.
Q      : The number of process columns.
Time   : Time in seconds to solve the linear system.
Gflops : Rate of execution for solving the linear system.

The following parameter values will be used:

N      :  143360 
NB     :    2048 
PMAP   : Column-major process mapping
P      :       1 
Q      :       2 
PFACT  :   Right 
NBMIN  :       2 
NDIV   :       2 
RFACT  :    Left 
BCAST  :  2ringM 
DEPTH  :       1 
SWAP   : Spread-roll (long)
L1     : no-transposed form
U      : transposed form
EQUIL  : no
ALIGN  : 8 double precision words

--------------------------------------------------------------------------------

- The matrix A is randomly generated for each test.
- The following scaled residual check will be computed:
      ||Ax-b||_oo / ( eps * ( || x ||_oo * || A ||_oo + || b ||_oo ) * N )
- The relative machine precision (eps) is taken to be               1.110223e-16
- Computational tests pass if scaled residuals are less than                16.0


HPL-NVIDIA ignores the following parameters from input file:
	* Broadcast parameters
	* Panel factorization parameters
	* Look-ahead value
	* L1 layout
	* U layout
	* Equilibration parameter
	* Memory alignment parameter

HPL-NVIDIA settings from environment variables:
	HPL_CUSOLVER_MP_TESTS from environment 0 
--- DEVICE INFO ---
  Peak clock frequency: 1785 MHz
  SM version          : 90
  Number of SMs       : 132
-------------------
[HPL TRACE] cuda_nvshmem_init: max=0.7930 (1) min=0.7930 (0)
[HPL TRACE] ncclCommInitRank: max=0.8475 (0) min=0.8475 (1)
[HPL TRACE] cugetrfs_mp_init: max=0.8860 (1) min=0.8859 (0)
--- MEMORY INFO ---
DEVICE
  System           =      5.40817 GiB (MIN)      5.40817 GiB (MAX)      5.40817 GiB (AVG)
  HPL buffers      =     85.60201 GiB (MIN)     85.60201 GiB (MAX)     85.60201 GiB (AVG)
  Used             =     91.01018 GiB (MIN)     91.01018 GiB (MAX)     91.01018 GiB (AVG)
  Total            =     93.58398 GiB (MIN)     93.58398 GiB (MAX)     93.58398 GiB (AVG)
HOST
  HPL buffers      =      0.00113 GiB (MIN)      0.00113 GiB (MAX)      0.00113 GiB (AVG)
-------------------
[HPL TRACE] HPL_pdmatgen_gpu: max=0.0267 (0) min=0.0267 (1)
[0;31m Prog= 4.22%	N_left=   141312	Time=   1.24	Time_left=  28.03	iGF= 67108.74	GF= 67108.74	iGF_per= 33554.37 	GF_per= 33554.37[0m
[0;31m Prog= 8.33%	N_left=   139264	Time=   2.37	Time_left=  26.04	iGF= 71405.25	GF= 69159.27	iGF_per= 35702.63 	GF_per= 34579.64[0m
[0;31m Prog= 12.31%	N_left=   137216	Time=   3.38	Time_left=  24.04	iGF= 77449.73	GF= 71641.06	iGF_per= 38724.87 	GF_per= 35820.53[0m
[0;31m Prog= 16.18%	N_left=   135168	Time=   4.43	Time_left=  22.96	iGF= 71930.54	GF= 71710.04	iGF_per= 35965.27 	GF_per= 35855.02[0m
[0;31m Prog= 19.93%	N_left=   133120	Time=   5.38	Time_left=  21.62	iGF= 77472.30	GF= 72728.32	iGF_per= 38736.15 	GF_per= 36364.16[0m
[0;31m Prog= 23.57%	N_left=   131072	Time=   6.38	Time_left=  20.69	iGF= 71551.37	GF= 72544.12	iGF_per= 35775.68 	GF_per= 36272.06[0m
[0;31m Prog= 27.10%	N_left=   129024	Time=   7.27	Time_left=  19.56	iGF= 77832.59	GF= 73191.33	iGF_per= 38916.30 	GF_per= 36595.66[0m
[0;31m Prog= 30.52%	N_left=   126976	Time=   8.21	Time_left=  18.70	iGF= 71421.09	GF= 72988.78	iGF_per= 35710.54 	GF_per= 36494.39[0m
[0;31m Prog= 33.82%	N_left=   124928	Time=   9.05	Time_left=  17.70	iGF= 77685.61	GF= 73422.94	iGF_per= 38842.80 	GF_per= 36711.47[0m
[0;31m Prog= 37.03%	N_left=   122880	Time=   9.93	Time_left=  16.89	iGF= 71192.27	GF= 73224.56	iGF_per= 35596.13 	GF_per= 36612.28[0m
[0;31m Prog= 40.12%	N_left=   120832	Time=  10.72	Time_left=  15.99	iGF= 77604.71	GF= 73544.92	iGF_per= 38802.35 	GF_per= 36772.46[0m
[0;31m Prog= 43.12%	N_left=   118784	Time=  11.55	Time_left=  15.23	iGF= 70819.81	GF= 73348.97	iGF_per= 35409.90 	GF_per= 36674.49[0m
[0;31m Prog= 46.01%	N_left=   116736	Time=  12.28	Time_left=  14.41	iGF= 77359.33	GF= 73588.76	iGF_per= 38679.67 	GF_per= 36794.38[0m
[0;31m Prog= 48.80%	N_left=   114688	Time=  13.06	Time_left=  13.70	iGF= 70482.17	GF= 73403.64	iGF_per= 35241.08 	GF_per= 36701.82[0m
[0;31m Prog= 51.49%	N_left=   112640	Time=  13.74	Time_left=  12.94	iGF= 77531.29	GF= 73608.68	iGF_per= 38765.64 	GF_per= 36804.34[0m
[0;31m Prog= 54.09%	N_left=   110592	Time=  14.47	Time_left=  12.28	iGF= 70204.56	GF= 73437.65	iGF_per= 35102.28 	GF_per= 36718.83[0m
[0;31m Prog= 56.60%	N_left=   108544	Time=  15.10	Time_left=  11.58	iGF= 77256.61	GF= 73598.58	iGF_per= 38628.31 	GF_per= 36799.29[0m
[0;31m Prog= 59.01%	N_left=   106496	Time=  15.78	Time_left=  10.96	iGF= 70239.53	GF= 73455.06	iGF_per= 35119.76 	GF_per= 36727.53[0m
[0;31m Prog= 61.33%	N_left=   104448	Time=  16.37	Time_left=  10.32	iGF= 76914.26	GF= 73580.24	iGF_per= 38457.13 	GF_per= 36790.12[0m
[0;31m Prog= 63.56%	N_left=   102400	Time=  17.00	Time_left=   9.75	iGF= 69906.74	GF= 73444.79	iGF_per= 34953.37 	GF_per= 36722.40[0m
[0;31m Prog= 65.70%	N_left=   100352	Time=  17.54	Time_left=   9.16	iGF= 77056.64	GF= 73557.26	iGF_per= 38528.32 	GF_per= 36778.63[0m
[0;31m Prog= 67.76%	N_left=    98304	Time=  18.13	Time_left=   8.63	iGF= 69226.82	GF= 73417.81	iGF_per= 34613.41 	GF_per= 36708.90[0m
[0;31m Prog= 69.73%	N_left=    96256	Time=  18.63	Time_left=   8.09	iGF= 77130.82	GF= 73517.97	iGF_per= 38565.41 	GF_per= 36758.98[0m
[0;31m Prog= 71.62%	N_left=    94208	Time=  19.17	Time_left=   7.60	iGF= 68938.08	GF= 73389.22	iGF_per= 34469.04 	GF_per= 36694.61[0m
[0;31m Prog= 73.43%	N_left=    92160	Time=  19.63	Time_left=   7.10	iGF= 76738.63	GF= 73468.30	iGF_per= 38369.32 	GF_per= 36734.15[0m
[0;31m Prog= 75.17%	N_left=    90112	Time=  20.13	Time_left=   6.65	iGF= 68356.68	GF= 73341.92	iGF_per= 34178.34 	GF_per= 36670.96[0m
[0;31m Prog= 76.82%	N_left=    88064	Time=  20.55	Time_left=   6.20	iGF= 76691.22	GF= 73410.99	iGF_per= 38345.61 	GF_per= 36705.50[0m
[0;31m Prog= 78.40%	N_left=    86016	Time=  21.01	Time_left=   5.79	iGF= 67844.37	GF= 73289.81	iGF_per= 33922.18 	GF_per= 36644.91[0m
[0;31m Prog= 79.91%	N_left=    83968	Time=  21.40	Time_left=   5.38	iGF= 76652.37	GF= 73350.47	iGF_per= 38326.18 	GF_per= 36675.24[0m
[0;31m Prog= 81.34%	N_left=    81920	Time=  21.82	Time_left=   5.00	iGF= 67331.14	GF= 73234.99	iGF_per= 33665.57 	GF_per= 36617.50[0m
[0;31m Prog= 82.71%	N_left=    79872	Time=  22.17	Time_left=   4.64	iGF= 76387.02	GF= 73284.89	iGF_per= 38193.51 	GF_per= 36642.45[0m
[0;31m Prog= 84.00%	N_left=    77824	Time=  22.54	Time_left=   4.29	iGF= 67656.05	GF= 73190.91	iGF_per= 33828.03 	GF_per= 36595.46[0m
[0;31m Prog= 85.23%	N_left=    75776	Time=  22.86	Time_left=   3.96	iGF= 75476.61	GF= 73222.91	iGF_per= 37738.30 	GF_per= 36611.46[0m
[0;31m Prog= 86.40%	N_left=    73728	Time=  23.21	Time_left=   3.65	iGF= 66941.19	GF= 73130.35	iGF_per= 33470.60 	GF_per= 36565.18[0m
[0;31m Prog= 87.50%	N_left=    71680	Time=  23.49	Time_left=   3.36	iGF= 76079.04	GF= 73166.08	iGF_per= 38039.52 	GF_per= 36583.04[0m
[0;31m Prog= 88.54%	N_left=    69632	Time=  23.80	Time_left=   3.08	iGF= 65521.58	GF= 73065.84	iGF_per= 32760.79 	GF_per= 36532.92[0m
[0;31m Prog= 89.52%	N_left=    67584	Time=  24.06	Time_left=   2.82	iGF= 75602.88	GF= 73092.74	iGF_per= 37801.44 	GF_per= 36546.37[0m
[0;31m Prog= 90.45%	N_left=    65536	Time=  24.34	Time_left=   2.57	iGF= 65319.77	GF= 73003.99	iGF_per= 32659.88 	GF_per= 36502.00[0m
[0;31m Prog= 91.31%	N_left=    63488	Time=  24.56	Time_left=   2.34	iGF= 77124.62	GF= 73041.09	iGF_per= 38562.31 	GF_per= 36520.54[0m
[0;31m Prog= 92.13%	N_left=    61440	Time=  24.81	Time_left=   2.12	iGF= 62861.89	GF= 72936.77	iGF_per= 31430.95 	GF_per= 36468.39[0m
[0;31m Prog= 92.89%	N_left=    59392	Time=  25.00	Time_left=   1.91	iGF= 77301.29	GF= 72970.54	iGF_per= 38650.64 	GF_per= 36485.27[0m
[0;31m Prog= 93.60%	N_left=    57344	Time=  25.24	Time_left=   1.73	iGF= 59247.44	GF= 72842.46	iGF_per= 29623.72 	GF_per= 36421.23[0m
[0;31m Prog= 94.26%	N_left=    55296	Time=  25.41	Time_left=   1.55	iGF= 77420.00	GF= 72872.70	iGF_per= 38710.00 	GF_per= 36436.35[0m
[0;31m Prog= 94.88%	N_left=    53248	Time=  25.62	Time_left=   1.38	iGF= 57938.32	GF= 72751.29	iGF_per= 28969.16 	GF_per= 36375.64[0m
[0;31m Prog= 95.44%	N_left=    51200	Time=  25.76	Time_left=   1.23	iGF= 76484.02	GF= 72772.45	iGF_per= 38242.01 	GF_per= 36386.23[0m
[0;31m Prog= 95.97%	N_left=    49152	Time=  25.95	Time_left=   1.09	iGF= 54795.50	GF= 72642.06	iGF_per= 27397.75 	GF_per= 36321.03[0m
[0;31m Prog= 96.45%	N_left=    47104	Time=  26.08	Time_left=   0.96	iGF= 74593.90	GF= 72651.58	iGF_per= 37296.95 	GF_per= 36325.79[0m
[0;31m Prog= 96.90%	N_left=    45056	Time=  26.24	Time_left=   0.84	iGF= 52362.62	GF= 72523.15	iGF_per= 26181.31 	GF_per= 36261.57[0m
[0;31m Prog= 97.30%	N_left=    43008	Time=  26.36	Time_left=   0.73	iGF= 69867.83	GF= 72511.70	iGF_per= 34933.92 	GF_per= 36255.85[0m
[0;31m Prog= 97.67%	N_left=    40960	Time=  26.51	Time_left=   0.63	iGF= 48537.44	GF= 72377.13	iGF_per= 24268.72 	GF_per= 36188.56[0m
[0;31m Prog= 98.00%	N_left=    38912	Time=  26.61	Time_left=   0.54	iGF= 62955.35	GF= 72340.38	iGF_per= 31477.68 	GF_per= 36170.19[0m
[0;31m Prog= 98.30%	N_left=    36864	Time=  26.74	Time_left=   0.46	iGF= 44307.05	GF= 72201.23	iGF_per= 22153.53 	GF_per= 36100.62[0m
[0;31m Prog= 98.57%	N_left=    34816	Time=  26.83	Time_left=   0.39	iGF= 57801.59	GF= 72152.38	iGF_per= 28900.79 	GF_per= 36076.19[0m
[0;31m Prog= 98.81%	N_left=    32768	Time=  26.95	Time_left=   0.33	iGF= 39371.97	GF= 72007.85	iGF_per= 19685.98 	GF_per= 36003.92[0m
[0;31m Prog= 99.02%	N_left=    30720	Time=  27.04	Time_left=   0.27	iGF= 48927.13	GF= 71935.81	iGF_per= 24463.56 	GF_per= 35967.90[0m
[0;31m Prog= 99.20%	N_left=    28672	Time=  27.14	Time_left=   0.22	iGF= 34844.65	GF= 71794.08	iGF_per= 17422.33 	GF_per= 35897.04[0m
[0;31m Prog= 99.36%	N_left=    26624	Time=  27.22	Time_left=   0.18	iGF= 39860.35	GF= 71701.88	iGF_per= 19930.17 	GF_per= 35850.94[0m
[0;31m Prog= 99.50%	N_left=    24576	Time=  27.31	Time_left=   0.14	iGF= 29860.86	GF= 71564.08	iGF_per= 14930.43 	GF_per= 35782.04[0m
[0;31m Prog= 99.61%	N_left=    22528	Time=  27.38	Time_left=   0.11	iGF= 32232.61	GF= 71462.75	iGF_per= 16116.31 	GF_per= 35731.38[0m
[0;31m Prog= 99.71%	N_left=    20480	Time=  27.46	Time_left=   0.08	iGF= 24124.44	GF= 71327.29	iGF_per= 12062.22 	GF_per= 35663.65[0m
[0;31m Prog= 99.79%	N_left=    18432	Time=  27.52	Time_left=   0.06	iGF= 25495.92	GF= 71225.92	iGF_per= 12747.96 	GF_per= 35612.96[0m
[0;31m Prog= 99.85%	N_left=    16384	Time=  27.59	Time_left=   0.04	iGF= 18611.44	GF= 71098.57	iGF_per=  9305.72 	GF_per= 35549.28[0m
[0;31m Prog= 99.90%	N_left=    14336	Time=  27.64	Time_left=   0.03	iGF= 18076.51	GF= 70995.86	iGF_per=  9038.25 	GF_per= 35497.93[0m
[0;31m Prog= 99.94%	N_left=    12288	Time=  27.69	Time_left=   0.02	iGF= 13082.07	GF= 70879.61	iGF_per=  6541.03 	GF_per= 35439.80[0m
[0;31m Prog= 99.96%	N_left=    10240	Time=  27.74	Time_left=   0.01	iGF= 10708.57	GF= 70774.06	iGF_per=  5354.29 	GF_per= 35387.03[0m
[0;31m Prog= 99.98%	N_left=     8192	Time=  27.79	Time_left=   0.01	iGF=  6919.72	GF= 70658.08	iGF_per=  3459.86 	GF_per= 35329.04[0m
[0;31m Prog= 99.99%	N_left=     6144	Time=  27.84	Time_left=   0.00	iGF=  4826.07	GF= 70554.26	iGF_per=  2413.03 	GF_per= 35277.13[0m
[0;31m Prog= 100.00%	N_left=     4096	Time=  27.88	Time_left=   0.00	iGF=  2449.48	GF= 70445.76	iGF_per=  1224.74 	GF_per= 35222.88[0m
================================================================================
T/V                N    NB     P     Q         Time          Gflops (   per GPU)
--------------------------------------------------------------------------------
WC0           143360  2048     1     2        28.32       6.936e+04 ( 3.468e+04)

HPL_pdgesv() start time Sun Oct  4 23:38:27 2026
HPL_pdgesv() end time   Sun Oct  4 23:38:55 2026

--------------------------------------------------------------------------------
||Ax-b||_oo/(eps*(||A||_oo*||x||_oo+||b||_oo)*N)=   0.001120337724 ...... PASSED
||Ax-b||_oo  . . . . . . . . . . . . . . . . . = 0.0000000059579456
||A||_oo . . . . . . . . . . . . . . . . . . . = 36080.6432988371016108
||x||_oo . . . . . . . . . . . . . . . . . . . = 9.2604998350081207
||b||_oo . . . . . . . . . . . . . . . . . . . = 0.4999993662445502
================================================================================

Finished      1 tests with the following results:
              1 tests completed and passed residual checks,
              0 tests completed and failed residual checks,
              0 tests skipped because of illegal input values.
--------------------------------------------------------------------------------

End of Tests.
================================================================================
pfact2          69360 GFLOP/s   28.32 s
=== nbmin4 ===

================================================================================
HPL-NVIDIA 26.2.1  -- NVIDIA accelerated HPL benchmark -- NVIDIA
================================================================================
HPLinpack 2.1  --  High-Performance Linpack benchmark  --   October 26, 2012
Written by A. Petitet and R. Clint Whaley,  Innovative Computing Laboratory, UTK
Modified by Piotr Luszczek, Innovative Computing Laboratory, UTK
Modified by Julien Langou, University of Colorado Denver
================================================================================

An explanation of the input/output parameters follows:
T/V    : Wall time / encoded variant.
N      : The order of the coefficient matrix A.
NB     : The partitioning blocking factor.
P      : The number of process rows.
Q      : The number of process columns.
Time   : Time in seconds to solve the linear system.
Gflops : Rate of execution for solving the linear system.

The following parameter values will be used:

N      :  143360 
NB     :    2048 
PMAP   : Column-major process mapping
P      :       1 
Q      :       2 
PFACT  :   Crout 
NBMIN  :       4 
NDIV   :       2 
RFACT  :    Left 
BCAST  :  2ringM 
DEPTH  :       1 
SWAP   : Spread-roll (long)
L1     : no-transposed form
U      : transposed form
EQUIL  : no
ALIGN  : 8 double precision words

--------------------------------------------------------------------------------

- The matrix A is randomly generated for each test.
- The following scaled residual check will be computed:
      ||Ax-b||_oo / ( eps * ( || x ||_oo * || A ||_oo + || b ||_oo ) * N )
- The relative machine precision (eps) is taken to be               1.110223e-16
- Computational tests pass if scaled residuals are less than                16.0


HPL-NVIDIA ignores the following parameters from input file:
	* Broadcast parameters
	* Panel factorization parameters
	* Look-ahead value
	* L1 layout
	* U layout
	* Equilibration parameter
	* Memory alignment parameter

HPL-NVIDIA settings from environment variables:
	HPL_CUSOLVER_MP_TESTS from environment 0 
--- DEVICE INFO ---
  Peak clock frequency: 1785 MHz
  SM version          : 90
  Number of SMs       : 132
-------------------
[HPL TRACE] cuda_nvshmem_init: max=0.7846 (1) min=0.7846 (0)
[HPL TRACE] ncclCommInitRank: max=1.0411 (0) min=1.0411 (1)
[HPL TRACE] cugetrfs_mp_init: max=1.0832 (0) min=1.0832 (1)
--- MEMORY INFO ---
DEVICE
  System           =      5.40817 GiB (MIN)      5.40817 GiB (MAX)      5.40817 GiB (AVG)
  HPL buffers      =     85.60201 GiB (MIN)     85.60201 GiB (MAX)     85.60201 GiB (AVG)
  Used             =     91.01018 GiB (MIN)     91.01018 GiB (MAX)     91.01018 GiB (AVG)
  Total            =     93.58398 GiB (MIN)     93.58398 GiB (MAX)     93.58398 GiB (AVG)
HOST
  HPL buffers      =      0.00113 GiB (MIN)      0.00113 GiB (MAX)      0.00113 GiB (AVG)
-------------------
[HPL TRACE] HPL_pdmatgen_gpu: max=0.0267 (0) min=0.0267 (1)
[0;31m Prog= 4.22%	N_left=   141312	Time=   1.24	Time_left=  28.00	iGF= 67182.40	GF= 67182.40	iGF_per= 33591.20 	GF_per= 33591.20[0m
[0;31m Prog= 8.33%	N_left=   139264	Time=   2.37	Time_left=  26.09	iGF= 70985.31	GF= 69004.00	iGF_per= 35492.66 	GF_per= 34502.00[0m
[0;31m Prog= 12.31%	N_left=   137216	Time=   3.38	Time_left=  24.08	iGF= 77419.92	GF= 71520.06	iGF_per= 38709.96 	GF_per= 35760.03[0m
[0;31m Prog= 16.18%	N_left=   135168	Time=   4.44	Time_left=  23.00	iGF= 71735.86	GF= 71571.52	iGF_per= 35867.93 	GF_per= 35785.76[0m
[0;31m Prog= 19.93%	N_left=   133120	Time=   5.39	Time_left=  21.65	iGF= 77663.22	GF= 72644.12	iGF_per= 38831.61 	GF_per= 36322.06[0m
[0;31m Prog= 23.57%	N_left=   131072	Time=   6.39	Time_left=  20.71	iGF= 71637.62	GF= 72486.92	iGF_per= 35818.81 	GF_per= 36243.46[0m
[0;31m Prog= 27.10%	N_left=   129024	Time=   7.28	Time_left=  19.58	iGF= 77689.09	GF= 73124.15	iGF_per= 38844.54 	GF_per= 36562.08[0m
[0;31m Prog= 30.52%	N_left=   126976	Time=   8.22	Time_left=  18.71	iGF= 71397.53	GF= 72926.70	iGF_per= 35698.76 	GF_per= 36463.35[0m
[0;31m Prog= 33.82%	N_left=   124928	Time=   9.06	Time_left=  17.72	iGF= 77736.80	GF= 73370.72	iGF_per= 38868.40 	GF_per= 36685.36[0m
[0;31m Prog= 37.03%	N_left=   122880	Time=   9.94	Time_left=  16.90	iGF= 71211.72	GF= 73178.88	iGF_per= 35605.86 	GF_per= 36589.44[0m
[0;31m Prog= 40.12%	N_left=   120832	Time=  10.72	Time_left=  16.00	iGF= 77814.04	GF= 73516.85	iGF_per= 38907.02 	GF_per= 36758.43[0m
[0;31m Prog= 43.12%	N_left=   118784	Time=  11.55	Time_left=  15.24	iGF= 70786.33	GF= 73320.50	iGF_per= 35393.17 	GF_per= 36660.25[0m
[0;31m Prog= 46.01%	N_left=   116736	Time=  12.28	Time_left=  14.42	iGF= 77422.87	GF= 73565.51	iGF_per= 38711.43 	GF_per= 36782.75[0m
[0;31m Prog= 48.80%	N_left=   114688	Time=  13.06	Time_left=  13.70	iGF= 70724.84	GF= 73396.84	iGF_per= 35362.42 	GF_per= 36698.42[0m
[0;31m Prog= 51.49%	N_left=   112640	Time=  13.75	Time_left=  12.95	iGF= 77132.68	GF= 73583.30	iGF_per= 38566.34 	GF_per= 36791.65[0m
[0;31m Prog= 54.09%	N_left=   110592	Time=  14.47	Time_left=  12.28	iGF= 70398.16	GF= 73423.75	iGF_per= 35199.08 	GF_per= 36711.88[0m
[0;31m Prog= 56.60%	N_left=   108544	Time=  15.11	Time_left=  11.58	iGF= 77430.06	GF= 73592.19	iGF_per= 38715.03 	GF_per= 36796.09[0m
[0;31m Prog= 59.01%	N_left=   106496	Time=  15.78	Time_left=  10.97	iGF= 69845.36	GF= 73431.24	iGF_per= 34922.68 	GF_per= 36715.62[0m
[0;31m Prog= 61.33%	N_left=   104448	Time=  16.37	Time_left=  10.33	iGF= 77194.07	GF= 73566.89	iGF_per= 38597.03 	GF_per= 36783.45[0m
[0;31m Prog= 63.56%	N_left=   102400	Time=  17.00	Time_left=   9.75	iGF= 69808.85	GF= 73428.16	iGF_per= 34904.43 	GF_per= 36714.08[0m
[0;31m Prog= 65.70%	N_left=   100352	Time=  17.55	Time_left=   9.16	iGF= 76932.05	GF= 73537.42	iGF_per= 38466.02 	GF_per= 36768.71[0m
[0;31m Prog= 67.76%	N_left=    98304	Time=  18.13	Time_left=   8.63	iGF= 69365.14	GF= 73403.35	iGF_per= 34682.57 	GF_per= 36701.68[0m
[0;31m Prog= 69.73%	N_left=    96256	Time=  18.63	Time_left=   8.09	iGF= 77079.00	GF= 73502.55	iGF_per= 38539.50 	GF_per= 36751.28[0m
[0;31m Prog= 71.62%	N_left=    94208	Time=  19.17	Time_left=   7.60	iGF= 68811.88	GF= 73370.48	iGF_per= 34405.94 	GF_per= 36685.24[0m
[0;31m Prog= 73.43%	N_left=    92160	Time=  19.64	Time_left=   7.10	iGF= 76900.01	GF= 73453.62	iGF_per= 38450.00 	GF_per= 36726.81[0m
[0;31m Prog= 75.17%	N_left=    90112	Time=  20.13	Time_left=   6.65	iGF= 68389.96	GF= 73328.51	iGF_per= 34194.98 	GF_per= 36664.25[0m
[0;31m Prog= 76.82%	N_left=    88064	Time=  20.56	Time_left=   6.20	iGF= 76635.44	GF= 73396.74	iGF_per= 38317.72 	GF_per= 36698.37[0m
[0;31m Prog= 78.40%	N_left=    86016	Time=  21.01	Time_left=   5.79	iGF= 68061.46	GF= 73280.98	iGF_per= 34030.73 	GF_per= 36640.49[0m
[0;31m Prog= 79.91%	N_left=    83968	Time=  21.40	Time_left=   5.38	iGF= 76483.65	GF= 73338.88	iGF_per= 38241.82 	GF_per= 36669.44[0m
[0;31m Prog= 81.34%	N_left=    81920	Time=  21.82	Time_left=   5.00	iGF= 67735.42	GF= 73232.03	iGF_per= 33867.71 	GF_per= 36616.01[0m
[0;31m Prog= 82.71%	N_left=    79872	Time=  22.17	Time_left=   4.64	iGF= 75839.56	GF= 73273.60	iGF_per= 37919.78 	GF_per= 36636.80[0m
[0;31m Prog= 84.00%	N_left=    77824	Time=  22.55	Time_left=   4.29	iGF= 67721.41	GF= 73180.99	iGF_per= 33860.71 	GF_per= 36590.50[0m
[0;31m Prog= 85.23%	N_left=    75776	Time=  22.87	Time_left=   3.96	iGF= 75726.11	GF= 73216.51	iGF_per= 37863.06 	GF_per= 36608.25[0m
[0;31m Prog= 86.40%	N_left=    73728	Time=  23.21	Time_left=   3.65	iGF= 66701.92	GF= 73120.19	iGF_per= 33350.96 	GF_per= 36560.09[0m
[0;31m Prog= 87.50%	N_left=    71680	Time=  23.50	Time_left=   3.36	iGF= 75658.47	GF= 73151.10	iGF_per= 37829.24 	GF_per= 36575.55[0m
[0;31m Prog= 88.54%	N_left=    69632	Time=  23.81	Time_left=   3.08	iGF= 65807.79	GF= 73055.25	iGF_per= 32903.90 	GF_per= 36527.62[0m
[0;31m Prog= 89.52%	N_left=    67584	Time=  24.06	Time_left=   2.82	iGF= 75741.51	GF= 73083.67	iGF_per= 37870.75 	GF_per= 36541.83[0m
[0;31m Prog= 90.45%	N_left=    65536	Time=  24.34	Time_left=   2.57	iGF= 65037.67	GF= 72991.43	iGF_per= 32518.83 	GF_per= 36495.71[0m
[0;31m Prog= 91.31%	N_left=    63488	Time=  24.56	Time_left=   2.34	iGF= 76037.57	GF= 73019.23	iGF_per= 38018.78 	GF_per= 36509.62[0m
[0;31m Prog= 92.13%	N_left=    61440	Time=  24.81	Time_left=   2.12	iGF= 63971.50	GF= 72928.13	iGF_per= 31985.75 	GF_per= 36464.07[0m
[0;31m Prog= 92.89%	N_left=    59392	Time=  25.01	Time_left=   1.91	iGF= 77385.68	GF= 72962.57	iGF_per= 38692.84 	GF_per= 36481.29[0m
[0;31m Prog= 93.60%	N_left=    57344	Time=  25.24	Time_left=   1.73	iGF= 60413.10	GF= 72847.71	iGF_per= 30206.55 	GF_per= 36423.85[0m
[0;31m Prog= 94.26%	N_left=    55296	Time=  25.41	Time_left=   1.55	iGF= 76981.93	GF= 72875.17	iGF_per= 38490.96 	GF_per= 36437.59[0m
[0;31m Prog= 94.88%	N_left=    53248	Time=  25.61	Time_left=   1.38	iGF= 58132.41	GF= 72755.71	iGF_per= 29066.20 	GF_per= 36377.85[0m
[0;31m Prog= 95.44%	N_left=    51200	Time=  25.76	Time_left=   1.23	iGF= 76441.09	GF= 72776.62	iGF_per= 38220.54 	GF_per= 36388.31[0m
[0;31m Prog= 95.97%	N_left=    49152	Time=  25.95	Time_left=   1.09	iGF= 54378.50	GF= 72642.15	iGF_per= 27189.25 	GF_per= 36321.07[0m
[0;31m Prog= 96.45%	N_left=    47104	Time=  26.08	Time_left=   0.96	iGF= 75543.84	GF= 72656.13	iGF_per= 37771.92 	GF_per= 36328.06[0m
[0;31m Prog= 96.90%	N_left=    45056	Time=  26.24	Time_left=   0.84	iGF= 51577.94	GF= 72520.67	iGF_per= 25788.97 	GF_per= 36260.34[0m
[0;31m Prog= 97.30%	N_left=    43008	Time=  26.36	Time_left=   0.73	iGF= 69252.71	GF= 72506.45	iGF_per= 34626.36 	GF_per= 36253.23[0m
[0;31m Prog= 97.67%	N_left=    40960	Time=  26.51	Time_left=   0.63	iGF= 48646.01	GF= 72372.83	iGF_per= 24323.00 	GF_per= 36186.42[0m
[0;31m Prog= 98.00%	N_left=    38912	Time=  26.61	Time_left=   0.54	iGF= 62518.87	GF= 72334.13	iGF_per= 31259.44 	GF_per= 36167.07[0m
[0;31m Prog= 98.30%	N_left=    36864	Time=  26.74	Time_left=   0.46	iGF= 44780.14	GF= 72198.81	iGF_per= 22390.07 	GF_per= 36099.41[0m
[0;31m Prog= 98.57%	N_left=    34816	Time=  26.84	Time_left=   0.39	iGF= 57329.34	GF= 72147.95	iGF_per= 28664.67 	GF_per= 36073.97[0m
[0;31m Prog= 98.81%	N_left=    32768	Time=  26.95	Time_left=   0.33	iGF= 40464.01	GF= 72012.02	iGF_per= 20232.00 	GF_per= 36006.01[0m
[0;31m Prog= 99.02%	N_left=    30720	Time=  27.04	Time_left=   0.27	iGF= 48928.26	GF= 71939.96	iGF_per= 24464.13 	GF_per= 35969.98[0m
[0;31m Prog= 99.20%	N_left=    28672	Time=  27.14	Time_left=   0.22	iGF= 34641.74	GF= 71796.61	iGF_per= 17320.87 	GF_per= 35898.30[0m
[0;31m Prog= 99.36%	N_left=    26624	Time=  27.22	Time_left=   0.18	iGF= 39918.88	GF= 71704.70	iGF_per= 19959.44 	GF_per= 35852.35[0m
[0;31m Prog= 99.50%	N_left=    24576	Time=  27.31	Time_left=   0.14	iGF= 30035.00	GF= 71568.25	iGF_per= 15017.50 	GF_per= 35784.12[0m
[0;31m Prog= 99.61%	N_left=    22528	Time=  27.38	Time_left=   0.11	iGF= 32276.41	GF= 71467.16	iGF_per= 16138.20 	GF_per= 35733.58[0m
[0;31m Prog= 99.71%	N_left=    20480	Time=  27.46	Time_left=   0.08	iGF= 24408.40	GF= 71334.05	iGF_per= 12204.20 	GF_per= 35667.03[0m
[0;31m Prog= 99.79%	N_left=    18432	Time=  27.52	Time_left=   0.06	iGF= 24974.24	GF= 71229.36	iGF_per= 12487.12 	GF_per= 35614.68[0m
[0;31m Prog= 99.85%	N_left=    16384	Time=  27.58	Time_left=   0.04	iGF= 19183.25	GF= 71107.13	iGF_per=  9591.62 	GF_per= 35553.56[0m
[0;31m Prog= 99.90%	N_left=    14336	Time=  27.64	Time_left=   0.03	iGF= 18292.05	GF= 71006.01	iGF_per=  9146.02 	GF_per= 35503.01[0m
[0;31m Prog= 99.94%	N_left=    12288	Time=  27.69	Time_left=   0.02	iGF= 13074.26	GF= 70889.63	iGF_per=  6537.13 	GF_per= 35444.82[0m
[0;31m Prog= 99.96%	N_left=    10240	Time=  27.74	Time_left=   0.01	iGF= 10706.43	GF= 70784.03	iGF_per=  5353.21 	GF_per= 35392.02[0m
[0;31m Prog= 99.98%	N_left=     8192	Time=  27.79	Time_left=   0.01	iGF=  6930.17	GF= 70668.21	iGF_per=  3465.09 	GF_per= 35334.11[0m
[0;31m Prog= 99.99%	N_left=     6144	Time=  27.83	Time_left=   0.00	iGF=  4825.42	GF= 70564.34	iGF_per=  2412.71 	GF_per= 35282.17[0m
[0;31m Prog= 100.00%	N_left=     4096	Time=  27.88	Time_left=   0.00	iGF=  2462.04	GF= 70456.38	iGF_per=  1231.02 	GF_per= 35228.19[0m
================================================================================
T/V                N    NB     P     Q         Time          Gflops (   per GPU)
--------------------------------------------------------------------------------
WC0           143360  2048     1     2        28.03       7.008e+04 ( 3.504e+04)

HPL_pdgesv() start time Sun Oct  4 23:39:02 2026
HPL_pdgesv() end time   Sun Oct  4 23:39:30 2026

--------------------------------------------------------------------------------
||Ax-b||_oo/(eps*(||A||_oo*||x||_oo+||b||_oo)*N)=   0.001120337724 ...... PASSED
||Ax-b||_oo  . . . . . . . . . . . . . . . . . = 0.0000000059579456
||A||_oo . . . . . . . . . . . . . . . . . . . = 36080.6432988371016108
||x||_oo . . . . . . . . . . . . . . . . . . . = 9.2604998350081207
||b||_oo . . . . . . . . . . . . . . . . . . . = 0.4999993662445502
================================================================================

Finished      1 tests with the following results:
              1 tests completed and passed residual checks,
              0 tests completed and failed residual checks,
              0 tests skipped because of illegal input values.
--------------------------------------------------------------------------------

End of Tests.
================================================================================
nbmin4          70080 GFLOP/s   28.03 s
=== nbmin8 ===

================================================================================
HPL-NVIDIA 26.2.1  -- NVIDIA accelerated HPL benchmark -- NVIDIA
================================================================================
HPLinpack 2.1  --  High-Performance Linpack benchmark  --   October 26, 2012
Written by A. Petitet and R. Clint Whaley,  Innovative Computing Laboratory, UTK
Modified by Piotr Luszczek, Innovative Computing Laboratory, UTK
Modified by Julien Langou, University of Colorado Denver
================================================================================

An explanation of the input/output parameters follows:
T/V    : Wall time / encoded variant.
N      : The order of the coefficient matrix A.
NB     : The partitioning blocking factor.
P      : The number of process rows.
Q      : The number of process columns.
Time   : Time in seconds to solve the linear system.
Gflops : Rate of execution for solving the linear system.

The following parameter values will be used:

N      :  143360 
NB     :    2048 
PMAP   : Column-major process mapping
P      :       1 
Q      :       2 
PFACT  :   Crout 
NBMIN  :       8 
NDIV   :       2 
RFACT  :    Left 
BCAST  :  2ringM 
DEPTH  :       1 
SWAP   : Spread-roll (long)
L1     : no-transposed form
U      : transposed form
EQUIL  : no
ALIGN  : 8 double precision words

--------------------------------------------------------------------------------

- The matrix A is randomly generated for each test.
- The following scaled residual check will be computed:
      ||Ax-b||_oo / ( eps * ( || x ||_oo * || A ||_oo + || b ||_oo ) * N )
- The relative machine precision (eps) is taken to be               1.110223e-16
- Computational tests pass if scaled residuals are less than                16.0


HPL-NVIDIA ignores the following parameters from input file:
	* Broadcast parameters
	* Panel factorization parameters
	* Look-ahead value
	* L1 layout
	* U layout
	* Equilibration parameter
	* Memory alignment parameter

HPL-NVIDIA settings from environment variables:
	HPL_CUSOLVER_MP_TESTS from environment 0 
--- DEVICE INFO ---
  Peak clock frequency: 1785 MHz
  SM version          : 90
  Number of SMs       : 132
-------------------
[HPL TRACE] cuda_nvshmem_init: max=0.7887 (1) min=0.7887 (0)
[HPL TRACE] ncclCommInitRank: max=0.8134 (0) min=0.8134 (1)
[HPL TRACE] cugetrfs_mp_init: max=0.8520 (1) min=0.8520 (0)
--- MEMORY INFO ---
DEVICE
  System           =      5.40817 GiB (MIN)      5.40817 GiB (MAX)      5.40817 GiB (AVG)
  HPL buffers      =     85.60201 GiB (MIN)     85.60201 GiB (MAX)     85.60201 GiB (AVG)
  Used             =     91.01018 GiB (MIN)     91.01018 GiB (MAX)     91.01018 GiB (AVG)
  Total            =     93.58398 GiB (MIN)     93.58398 GiB (MAX)     93.58398 GiB (AVG)
HOST
  HPL buffers      =      0.00113 GiB (MIN)      0.00113 GiB (MAX)      0.00113 GiB (AVG)
-------------------
[HPL TRACE] HPL_pdmatgen_gpu: max=0.0266 (0) min=0.0266 (1)
[0;31m Prog= 4.22%	N_left=   141312	Time=   1.24	Time_left=  28.09	iGF= 66975.92	GF= 66975.92	iGF_per= 33487.96 	GF_per= 33487.96[0m
[0;31m Prog= 8.33%	N_left=   139264	Time=   2.38	Time_left=  26.15	iGF= 70919.22	GF= 68862.65	iGF_per= 35459.61 	GF_per= 34431.32[0m
[0;31m Prog= 12.31%	N_left=   137216	Time=   3.39	Time_left=  24.12	iGF= 77430.35	GF= 71420.16	iGF_per= 38715.18 	GF_per= 35710.08[0m
[0;31m Prog= 16.18%	N_left=   135168	Time=   4.44	Time_left=  23.02	iGF= 71869.31	GF= 71527.01	iGF_per= 35934.66 	GF_per= 35763.50[0m
[0;31m Prog= 19.93%	N_left=   133120	Time=   5.39	Time_left=  21.67	iGF= 77528.16	GF= 72584.64	iGF_per= 38764.08 	GF_per= 36292.32[0m
[0;31m Prog= 23.57%	N_left=   131072	Time=   6.39	Time_left=  20.73	iGF= 71517.74	GF= 72417.88	iGF_per= 35758.87 	GF_per= 36208.94[0m
[0;31m Prog= 27.10%	N_left=   129024	Time=   7.28	Time_left=  19.60	iGF= 77741.15	GF= 73069.02	iGF_per= 38870.58 	GF_per= 36534.51[0m
[0;31m Prog= 30.52%	N_left=   126976	Time=   8.23	Time_left=  18.73	iGF= 71313.21	GF= 72868.16	iGF_per= 35656.61 	GF_per= 36434.08[0m
[0;31m Prog= 33.82%	N_left=   124928	Time=   9.06	Time_left=  17.73	iGF= 77683.25	GF= 73312.59	iGF_per= 38841.63 	GF_per= 36656.30[0m
[0;31m Prog= 37.03%	N_left=   122880	Time=   9.95	Time_left=  16.92	iGF= 71178.03	GF= 73122.98	iGF_per= 35589.01 	GF_per= 36561.49[0m
[0;31m Prog= 40.12%	N_left=   120832	Time=  10.73	Time_left=  16.01	iGF= 77798.39	GF= 73463.71	iGF_per= 38899.20 	GF_per= 36731.85[0m
[0;31m Prog= 43.12%	N_left=   118784	Time=  11.56	Time_left=  15.25	iGF= 70731.36	GF= 73267.22	iGF_per= 35365.68 	GF_per= 36633.61[0m
[0;31m Prog= 46.01%	N_left=   116736	Time=  12.29	Time_left=  14.43	iGF= 77501.99	GF= 73519.72	iGF_per= 38751.00 	GF_per= 36759.86[0m
[0;31m Prog= 48.80%	N_left=   114688	Time=  13.07	Time_left=  13.71	iGF= 70555.84	GF= 73343.44	iGF_per= 35277.92 	GF_per= 36671.72[0m
[0;31m Prog= 51.49%	N_left=   112640	Time=  13.75	Time_left=  12.95	iGF= 77384.59	GF= 73544.38	iGF_per= 38692.29 	GF_per= 36772.19[0m
[0;31m Prog= 54.09%	N_left=   110592	Time=  14.48	Time_left=  12.29	iGF= 70310.83	GF= 73382.29	iGF_per= 35155.41 	GF_per= 36691.15[0m
[0;31m Prog= 56.60%	N_left=   108544	Time=  15.12	Time_left=  11.59	iGF= 76989.78	GF= 73534.71	iGF_per= 38494.89 	GF_per= 36767.35[0m
[0;31m Prog= 59.01%	N_left=   106496	Time=  15.79	Time_left=  10.97	iGF= 70320.41	GF= 73397.63	iGF_per= 35160.20 	GF_per= 36698.82[0m
[0;31m Prog= 61.33%	N_left=   104448	Time=  16.38	Time_left=  10.33	iGF= 77031.20	GF= 73528.83	iGF_per= 38515.60 	GF_per= 36764.42[0m
[0;31m Prog= 63.56%	N_left=   102400	Time=  17.01	Time_left=   9.76	iGF= 69439.23	GF= 73377.16	iGF_per= 34719.62 	GF_per= 36688.58[0m
[0;31m Prog= 65.70%	N_left=   100352	Time=  17.56	Time_left=   9.17	iGF= 77282.93	GF= 73498.33	iGF_per= 38641.47 	GF_per= 36749.17[0m
[0;31m Prog= 67.76%	N_left=    98304	Time=  18.14	Time_left=   8.63	iGF= 69147.01	GF= 73358.16	iGF_per= 34573.50 	GF_per= 36679.08[0m
[0;31m Prog= 69.73%	N_left=    96256	Time=  18.64	Time_left=   8.09	iGF= 77236.18	GF= 73462.55	iGF_per= 38618.09 	GF_per= 36731.27[0m
[0;31m Prog= 71.62%	N_left=    94208	Time=  19.19	Time_left=   7.60	iGF= 68579.15	GF= 73324.68	iGF_per= 34289.58 	GF_per= 36662.34[0m
[0;31m Prog= 73.43%	N_left=    92160	Time=  19.65	Time_left=   7.11	iGF= 76967.29	GF= 73410.35	iGF_per= 38483.64 	GF_per= 36705.17[0m
[0;31m Prog= 75.17%	N_left=    90112	Time=  20.15	Time_left=   6.66	iGF= 68158.49	GF= 73280.23	iGF_per= 34079.24 	GF_per= 36640.12[0m
[0;31m Prog= 76.82%	N_left=    88064	Time=  20.57	Time_left=   6.21	iGF= 76878.25	GF= 73354.20	iGF_per= 38439.12 	GF_per= 36677.10[0m
[0;31m Prog= 78.40%	N_left=    86016	Time=  21.03	Time_left=   5.79	iGF= 67961.32	GF= 73237.09	iGF_per= 33980.66 	GF_per= 36618.54[0m
[0;31m Prog= 79.91%	N_left=    83968	Time=  21.41	Time_left=   5.38	iGF= 77040.61	GF= 73305.32	iGF_per= 38520.30 	GF_per= 36652.66[0m
[0;31m Prog= 81.34%	N_left=    81920	Time=  21.83	Time_left=   5.01	iGF= 67381.14	GF= 73191.81	iGF_per= 33690.57 	GF_per= 36595.91[0m
[0;31m Prog= 82.71%	N_left=    79872	Time=  22.18	Time_left=   4.64	iGF= 75962.55	GF= 73235.89	iGF_per= 37981.27 	GF_per= 36617.95[0m
[0;31m Prog= 84.00%	N_left=    77824	Time=  22.56	Time_left=   4.30	iGF= 67904.81	GF= 73147.26	iGF_per= 33952.40 	GF_per= 36573.63[0m
[0;31m Prog= 85.23%	N_left=    75776	Time=  22.88	Time_left=   3.96	iGF= 75362.57	GF= 73178.30	iGF_per= 37681.29 	GF_per= 36589.15[0m
[0;31m Prog= 86.40%	N_left=    73728	Time=  23.22	Time_left=   3.66	iGF= 66752.45	GF= 73083.41	iGF_per= 33376.23 	GF_per= 36541.71[0m
[0;31m Prog= 87.50%	N_left=    71680	Time=  23.50	Time_left=   3.36	iGF= 76437.84	GF= 73123.84	iGF_per= 38218.92 	GF_per= 36561.92[0m
[0;31m Prog= 88.54%	N_left=    69632	Time=  23.82	Time_left=   3.08	iGF= 65554.81	GF= 73024.70	iGF_per= 32777.40 	GF_per= 36512.35[0m
[0;31m Prog= 89.52%	N_left=    67584	Time=  24.07	Time_left=   2.82	iGF= 75575.10	GF= 73051.73	iGF_per= 37787.55 	GF_per= 36525.87[0m
[0;31m Prog= 90.45%	N_left=    65536	Time=  24.35	Time_left=   2.57	iGF= 65043.13	GF= 72959.97	iGF_per= 32521.57 	GF_per= 36479.98[0m
[0;31m Prog= 91.31%	N_left=    63488	Time=  24.57	Time_left=   2.34	iGF= 76190.88	GF= 72989.38	iGF_per= 38095.44 	GF_per= 36494.69[0m
[0;31m Prog= 92.13%	N_left=    61440	Time=  24.82	Time_left=   2.12	iGF= 63675.33	GF= 72895.21	iGF_per= 31837.66 	GF_per= 36447.60[0m
[0;31m Prog= 92.89%	N_left=    59392	Time=  25.02	Time_left=   1.92	iGF= 77348.15	GF= 72929.62	iGF_per= 38674.07 	GF_per= 36464.81[0m
[0;31m Prog= 93.60%	N_left=    57344	Time=  25.25	Time_left=   1.73	iGF= 60527.22	GF= 72816.36	iGF_per= 30263.61 	GF_per= 36408.18[0m
[0;31m Prog= 94.26%	N_left=    55296	Time=  25.42	Time_left=   1.55	iGF= 76935.64	GF= 72843.73	iGF_per= 38467.82 	GF_per= 36421.86[0m
[0;31m Prog= 94.88%	N_left=    53248	Time=  25.63	Time_left=   1.38	iGF= 57775.77	GF= 72720.93	iGF_per= 28887.88 	GF_per= 36360.47[0m
[0;31m Prog= 95.44%	N_left=    51200	Time=  25.77	Time_left=   1.23	iGF= 76867.37	GF= 72744.32	iGF_per= 38433.68 	GF_per= 36372.16[0m
[0;31m Prog= 95.97%	N_left=    49152	Time=  25.96	Time_left=   1.09	iGF= 54757.43	GF= 72613.82	iGF_per= 27378.72 	GF_per= 36306.91[0m
[0;31m Prog= 96.45%	N_left=    47104	Time=  26.08	Time_left=   0.96	iGF= 76123.83	GF= 72630.59	iGF_per= 38061.92 	GF_per= 36315.29[0m
[0;31m Prog= 96.90%	N_left=    45056	Time=  26.25	Time_left=   0.84	iGF= 51570.77	GF= 72495.28	iGF_per= 25785.39 	GF_per= 36247.64[0m
[0;31m Prog= 97.30%	N_left=    43008	Time=  26.37	Time_left=   0.73	iGF= 68726.06	GF= 72478.76	iGF_per= 34363.03 	GF_per= 36239.38[0m
[0;31m Prog= 97.67%	N_left=    40960	Time=  26.52	Time_left=   0.63	iGF= 49278.16	GF= 72350.54	iGF_per= 24639.08 	GF_per= 36175.27[0m
[0;31m Prog= 98.00%	N_left=    38912	Time=  26.62	Time_left=   0.54	iGF= 60231.67	GF= 72301.16	iGF_per= 30115.83 	GF_per= 36150.58[0m
[0;31m Prog= 98.30%	N_left=    36864	Time=  26.75	Time_left=   0.46	iGF= 45251.88	GF= 72169.76	iGF_per= 22625.94 	GF_per= 36084.88[0m
[0;31m Prog= 98.57%	N_left=    34816	Time=  26.85	Time_left=   0.39	iGF= 57096.11	GF= 72118.01	iGF_per= 28548.05 	GF_per= 36059.00[0m
[0;31m Prog= 98.81%	N_left=    32768	Time=  26.97	Time_left=   0.33	iGF= 39122.48	GF= 71971.68	iGF_per= 19561.24 	GF_per= 35985.84[0m
[0;31m Prog= 99.02%	N_left=    30720	Time=  27.05	Time_left=   0.27	iGF= 48852.50	GF= 71899.44	iGF_per= 24426.25 	GF_per= 35949.72[0m
[0;31m Prog= 99.20%	N_left=    28672	Time=  27.15	Time_left=   0.22	iGF= 34787.65	GF= 71757.48	iGF_per= 17393.82 	GF_per= 35878.74[0m
[0;31m Prog= 99.36%	N_left=    26624	Time=  27.23	Time_left=   0.18	iGF= 39833.62	GF= 71665.29	iGF_per= 19916.81 	GF_per= 35832.65[0m
[0;31m Prog= 99.50%	N_left=    24576	Time=  27.32	Time_left=   0.14	iGF= 29875.13	GF= 71527.79	iGF_per= 14937.57 	GF_per= 35763.90[0m
[0;31m Prog= 99.61%	N_left=    22528	Time=  27.39	Time_left=   0.11	iGF= 32037.44	GF= 71425.49	iGF_per= 16018.72 	GF_per= 35712.75[0m
[0;31m Prog= 99.71%	N_left=    20480	Time=  27.47	Time_left=   0.08	iGF= 24616.42	GF= 71294.28	iGF_per= 12308.21 	GF_per= 35647.14[0m
[0;31m Prog= 99.79%	N_left=    18432	Time=  27.53	Time_left=   0.06	iGF= 24832.97	GF= 71188.83	iGF_per= 12416.48 	GF_per= 35594.41[0m
[0;31m Prog= 99.85%	N_left=    16384	Time=  27.60	Time_left=   0.04	iGF= 19199.45	GF= 71066.90	iGF_per=  9599.73 	GF_per= 35533.45[0m
[0;31m Prog= 99.90%	N_left=    14336	Time=  27.65	Time_left=   0.03	iGF= 18653.56	GF= 70968.55	iGF_per=  9326.78 	GF_per= 35484.27[0m
[0;31m Prog= 99.94%	N_left=    12288	Time=  27.71	Time_left=   0.02	iGF= 13039.92	GF= 70851.93	iGF_per=  6519.96 	GF_per= 35425.97[0m
[0;31m Prog= 99.96%	N_left=    10240	Time=  27.75	Time_left=   0.01	iGF= 10701.27	GF= 70746.39	iGF_per=  5350.64 	GF_per= 35373.20[0m
[0;31m Prog= 99.98%	N_left=     8192	Time=  27.80	Time_left=   0.01	iGF=  6922.39	GF= 70630.56	iGF_per=  3461.20 	GF_per= 35315.28[0m
[0;31m Prog= 99.99%	N_left=     6144	Time=  27.85	Time_left=   0.00	iGF=  4825.85	GF= 70526.81	iGF_per=  2412.93 	GF_per= 35263.41[0m
[0;31m Prog= 100.00%	N_left=     4096	Time=  27.89	Time_left=   0.00	iGF=  2460.95	GF= 70418.92	iGF_per=  1230.48 	GF_per= 35209.46[0m
================================================================================
T/V                N    NB     P     Q         Time          Gflops (   per GPU)
--------------------------------------------------------------------------------
WC0           143360  2048     1     2        28.31       6.938e+04 ( 3.469e+04)

HPL_pdgesv() start time Sun Oct  4 23:39:36 2026
HPL_pdgesv() end time   Sun Oct  4 23:40:04 2026

--------------------------------------------------------------------------------
||Ax-b||_oo/(eps*(||A||_oo*||x||_oo+||b||_oo)*N)=   0.001120337724 ...... PASSED
||Ax-b||_oo  . . . . . . . . . . . . . . . . . = 0.0000000059579456
||A||_oo . . . . . . . . . . . . . . . . . . . = 36080.6432988371016108
||x||_oo . . . . . . . . . . . . . . . . . . . = 9.2604998350081207
||b||_oo . . . . . . . . . . . . . . . . . . . = 0.4999993662445502
================================================================================

Finished      1 tests with the following results:
              1 tests completed and passed residual checks,
              0 tests completed and failed residual checks,
              0 tests skipped because of illegal input values.
--------------------------------------------------------------------------------

End of Tests.
================================================================================
nbmin8          69380 GFLOP/s   28.31 s
=== ndiv3 ===

================================================================================
HPL-NVIDIA 26.2.1  -- NVIDIA accelerated HPL benchmark -- NVIDIA
================================================================================
HPLinpack 2.1  --  High-Performance Linpack benchmark  --   October 26, 2012
Written by A. Petitet and R. Clint Whaley,  Innovative Computing Laboratory, UTK
Modified by Piotr Luszczek, Innovative Computing Laboratory, UTK
Modified by Julien Langou, University of Colorado Denver
================================================================================

An explanation of the input/output parameters follows:
T/V    : Wall time / encoded variant.
N      : The order of the coefficient matrix A.
NB     : The partitioning blocking factor.
P      : The number of process rows.
Q      : The number of process columns.
Time   : Time in seconds to solve the linear system.
Gflops : Rate of execution for solving the linear system.

The following parameter values will be used:

N      :  143360 
NB     :    2048 
PMAP   : Column-major process mapping
P      :       1 
Q      :       2 
PFACT  :   Crout 
NBMIN  :       2 
NDIV   :       3 
RFACT  :    Left 
BCAST  :  2ringM 
DEPTH  :       1 
SWAP   : Spread-roll (long)
L1     : no-transposed form
U      : transposed form
EQUIL  : no
ALIGN  : 8 double precision words

--------------------------------------------------------------------------------

- The matrix A is randomly generated for each test.
- The following scaled residual check will be computed:
      ||Ax-b||_oo / ( eps * ( || x ||_oo * || A ||_oo + || b ||_oo ) * N )
- The relative machine precision (eps) is taken to be               1.110223e-16
- Computational tests pass if scaled residuals are less than                16.0


HPL-NVIDIA ignores the following parameters from input file:
	* Broadcast parameters
	* Panel factorization parameters
	* Look-ahead value
	* L1 layout
	* U layout
	* Equilibration parameter
	* Memory alignment parameter

HPL-NVIDIA settings from environment variables:
	HPL_CUSOLVER_MP_TESTS from environment 0 
--- DEVICE INFO ---
  Peak clock frequency: 1785 MHz
  SM version          : 90
  Number of SMs       : 132
-------------------
[HPL TRACE] cuda_nvshmem_init: max=0.7928 (0) min=0.7928 (1)
[HPL TRACE] ncclCommInitRank: max=0.8886 (0) min=0.8886 (1)
[HPL TRACE] cugetrfs_mp_init: max=0.9271 (1) min=0.9271 (0)
--- MEMORY INFO ---
DEVICE
  System           =      5.40817 GiB (MIN)      5.40817 GiB (MAX)      5.40817 GiB (AVG)
  HPL buffers      =     85.60201 GiB (MIN)     85.60201 GiB (MAX)     85.60201 GiB (AVG)
  Used             =     91.01018 GiB (MIN)     91.01018 GiB (MAX)     91.01018 GiB (AVG)
  Total            =     93.58398 GiB (MIN)     93.58398 GiB (MAX)     93.58398 GiB (AVG)
HOST
  HPL buffers      =      0.00113 GiB (MIN)      0.00113 GiB (MAX)      0.00113 GiB (AVG)
-------------------
[HPL TRACE] HPL_pdmatgen_gpu: max=0.0266 (1) min=0.0266 (0)
[0;31m Prog= 4.22%	N_left=   141312	Time=   1.24	Time_left=  28.16	iGF= 66799.61	GF= 66799.61	iGF_per= 33399.81 	GF_per= 33399.81[0m
[0;31m Prog= 8.33%	N_left=   139264	Time=   2.38	Time_left=  26.18	iGF= 70956.24	GF= 68785.14	iGF_per= 35478.12 	GF_per= 34392.57[0m
[0;31m Prog= 12.31%	N_left=   137216	Time=   3.39	Time_left=  24.15	iGF= 77273.36	GF= 71320.53	iGF_per= 38636.68 	GF_per= 35660.27[0m
[0;31m Prog= 16.18%	N_left=   135168	Time=   4.45	Time_left=  23.05	iGF= 71812.26	GF= 71437.45	iGF_per= 35906.13 	GF_per= 35718.73[0m
[0;31m Prog= 19.93%	N_left=   133120	Time=   5.40	Time_left=  21.69	iGF= 77518.77	GF= 72508.22	iGF_per= 38759.38 	GF_per= 36254.11[0m
[0;31m Prog= 23.57%	N_left=   131072	Time=   6.40	Time_left=  20.75	iGF= 71562.00	GF= 72360.53	iGF_per= 35781.00 	GF_per= 36180.26[0m
[0;31m Prog= 27.10%	N_left=   129024	Time=   7.29	Time_left=  19.62	iGF= 77468.76	GF= 72986.86	iGF_per= 38734.38 	GF_per= 36493.43[0m
[0;31m Prog= 30.52%	N_left=   126976	Time=   8.23	Time_left=  18.75	iGF= 71298.34	GF= 72793.85	iGF_per= 35649.17 	GF_per= 36396.92[0m
[0;31m Prog= 33.82%	N_left=   124928	Time=   9.07	Time_left=  17.75	iGF= 77322.08	GF= 73213.19	iGF_per= 38661.04 	GF_per= 36606.59[0m
[0;31m Prog= 37.03%	N_left=   122880	Time=   9.96	Time_left=  16.94	iGF= 71238.42	GF= 73038.13	iGF_per= 35619.21 	GF_per= 36519.06[0m
[0;31m Prog= 40.12%	N_left=   120832	Time=  10.75	Time_left=  16.04	iGF= 77233.92	GF= 73345.64	iGF_per= 38616.96 	GF_per= 36672.82[0m
[0;31m Prog= 43.12%	N_left=   118784	Time=  11.57	Time_left=  15.27	iGF= 70917.24	GF= 73171.69	iGF_per= 35458.62 	GF_per= 36585.84[0m
[0;31m Prog= 46.01%	N_left=   116736	Time=  12.31	Time_left=  14.45	iGF= 76921.98	GF= 73396.61	iGF_per= 38460.99 	GF_per= 36698.30[0m
[0;31m Prog= 48.80%	N_left=   114688	Time=  13.09	Time_left=  13.73	iGF= 70637.40	GF= 73232.94	iGF_per= 35318.70 	GF_per= 36616.47[0m
[0;31m Prog= 51.49%	N_left=   112640	Time=  13.78	Time_left=  12.98	iGF= 76714.47	GF= 73407.24	iGF_per= 38357.23 	GF_per= 36703.62[0m
[0;31m Prog= 54.09%	N_left=   110592	Time=  14.50	Time_left=  12.31	iGF= 70483.72	GF= 73261.29	iGF_per= 35241.86 	GF_per= 36630.65[0m
[0;31m Prog= 56.60%	N_left=   108544	Time=  15.15	Time_left=  11.62	iGF= 76313.27	GF= 73391.13	iGF_per= 38156.63 	GF_per= 36695.56[0m
[0;31m Prog= 59.01%	N_left=   106496	Time=  15.82	Time_left=  10.99	iGF= 70363.57	GF= 73262.34	iGF_per= 35181.79 	GF_per= 36631.17[0m
[0;31m Prog= 61.33%	N_left=   104448	Time=  16.42	Time_left=  10.35	iGF= 76382.05	GF= 73375.70	iGF_per= 38191.02 	GF_per= 36687.85[0m
[0;31m Prog= 63.56%	N_left=   102400	Time=  17.05	Time_left=   9.77	iGF= 69492.80	GF= 73232.09	iGF_per= 34746.40 	GF_per= 36616.05[0m
[0;31m Prog= 65.70%	N_left=   100352	Time=  17.60	Time_left=   9.19	iGF= 76512.29	GF= 73334.65	iGF_per= 38256.15 	GF_per= 36667.33[0m
[0;31m Prog= 67.76%	N_left=    98304	Time=  18.18	Time_left=   8.65	iGF= 69437.07	GF= 73209.87	iGF_per= 34718.53 	GF_per= 36604.94[0m
[0;31m Prog= 69.73%	N_left=    96256	Time=  18.69	Time_left=   8.11	iGF= 76225.53	GF= 73291.93	iGF_per= 38112.77 	GF_per= 36645.97[0m
[0;31m Prog= 71.62%	N_left=    94208	Time=  19.23	Time_left=   7.62	iGF= 68882.40	GF= 73168.25	iGF_per= 34441.20 	GF_per= 36584.13[0m
[0;31m Prog= 73.43%	N_left=    92160	Time=  19.70	Time_left=   7.13	iGF= 75874.41	GF= 73232.66	iGF_per= 37937.20 	GF_per= 36616.33[0m
[0;31m Prog= 75.17%	N_left=    90112	Time=  20.19	Time_left=   6.67	iGF= 68375.46	GF= 73112.98	iGF_per= 34187.73 	GF_per= 36556.49[0m
[0;31m Prog= 76.82%	N_left=    88064	Time=  20.62	Time_left=   6.22	iGF= 75735.12	GF= 73167.56	iGF_per= 37867.56 	GF_per= 36583.78[0m
[0;31m Prog= 78.40%	N_left=    86016	Time=  21.08	Time_left=   5.81	iGF= 67789.66	GF= 73050.77	iGF_per= 33894.83 	GF_per= 36525.39[0m
[0;31m Prog= 79.91%	N_left=    83968	Time=  21.47	Time_left=   5.40	iGF= 75895.50	GF= 73102.43	iGF_per= 37947.75 	GF_per= 36551.21[0m
[0;31m Prog= 81.34%	N_left=    81920	Time=  21.89	Time_left=   5.02	iGF= 67563.51	GF= 72996.88	iGF_per= 33781.75 	GF_per= 36498.44[0m
[0;31m Prog= 82.71%	N_left=    79872	Time=  22.24	Time_left=   4.65	iGF= 75155.58	GF= 73031.49	iGF_per= 37577.79 	GF_per= 36515.75[0m
[0;31m Prog= 84.00%	N_left=    77824	Time=  22.62	Time_left=   4.31	iGF= 67537.95	GF= 72939.92	iGF_per= 33768.98 	GF_per= 36469.96[0m
[0;31m Prog= 85.23%	N_left=    75776	Time=  22.94	Time_left=   3.97	iGF= 75551.75	GF= 72976.33	iGF_per= 37775.87 	GF_per= 36488.16[0m
[0;31m Prog= 86.40%	N_left=    73728	Time=  23.29	Time_left=   3.67	iGF= 66178.36	GF= 72875.36	iGF_per= 33089.18 	GF_per= 36437.68[0m
[0;31m Prog= 87.50%	N_left=    71680	Time=  23.57	Time_left=   3.37	iGF= 76463.67	GF= 72918.47	iGF_per= 38231.84 	GF_per= 36459.24[0m
[0;31m Prog= 88.54%	N_left=    69632	Time=  23.89	Time_left=   3.09	iGF= 64938.83	GF= 72813.27	iGF_per= 32469.42 	GF_per= 36406.63[0m
[0;31m Prog= 89.52%	N_left=    67584	Time=  24.13	Time_left=   2.82	iGF= 77175.00	GF= 72858.42	iGF_per= 38587.50 	GF_per= 36429.21[0m
[0;31m Prog= 90.45%	N_left=    65536	Time=  24.43	Time_left=   2.58	iGF= 61924.64	GF= 72727.25	iGF_per= 30962.32 	GF_per= 36363.62[0m
[0;31m Prog= 91.31%	N_left=    63488	Time=  24.65	Time_left=   2.34	iGF= 77724.85	GF= 72771.72	iGF_per= 38862.43 	GF_per= 36385.86[0m
[0;31m Prog= 92.13%	N_left=    61440	Time=  24.91	Time_left=   2.13	iGF= 60250.61	GF= 72638.39	iGF_per= 30125.31 	GF_per= 36319.20[0m
[0;31m Prog= 92.89%	N_left=    59392	Time=  25.11	Time_left=   1.92	iGF= 77183.60	GF= 72673.46	iGF_per= 38591.80 	GF_per= 36336.73[0m
[0;31m Prog= 93.60%	N_left=    57344	Time=  25.35	Time_left=   1.73	iGF= 57895.60	GF= 72532.93	iGF_per= 28947.80 	GF_per= 36266.46[0m
[0;31m Prog= 94.26%	N_left=    55296	Time=  25.52	Time_left=   1.55	iGF= 77079.15	GF= 72562.96	iGF_per= 38539.57 	GF_per= 36281.48[0m
[0;31m Prog= 94.88%	N_left=    53248	Time=  25.73	Time_left=   1.39	iGF= 56681.65	GF= 72431.57	iGF_per= 28340.82 	GF_per= 36215.78[0m
[0;31m Prog= 95.44%	N_left=    51200	Time=  25.87	Time_left=   1.23	iGF= 77322.45	GF= 72458.88	iGF_per= 38661.23 	GF_per= 36229.44[0m
[0;31m Prog= 95.97%	N_left=    49152	Time=  26.07	Time_left=   1.09	iGF= 52841.28	GF= 72312.00	iGF_per= 26420.64 	GF_per= 36156.00[0m
[0;31m Prog= 96.45%	N_left=    47104	Time=  26.19	Time_left=   0.96	iGF= 75799.60	GF= 72328.67	iGF_per= 37899.80 	GF_per= 36164.33[0m
[0;31m Prog= 96.90%	N_left=    45056	Time=  26.36	Time_left=   0.84	iGF= 51871.08	GF= 72198.52	iGF_per= 25935.54 	GF_per= 36099.26[0m
[0;31m Prog= 97.30%	N_left=    43008	Time=  26.48	Time_left=   0.73	iGF= 69308.18	GF= 72186.01	iGF_per= 34654.09 	GF_per= 36093.01[0m
[0;31m Prog= 97.67%	N_left=    40960	Time=  26.63	Time_left=   0.64	iGF= 47909.75	GF= 72048.59	iGF_per= 23954.87 	GF_per= 36024.30[0m
[0;31m Prog= 98.00%	N_left=    38912	Time=  26.73	Time_left=   0.55	iGF= 63910.28	GF= 72017.46	iGF_per= 31955.14 	GF_per= 36008.73[0m
[0;31m Prog= 98.30%	N_left=    36864	Time=  26.86	Time_left=   0.46	iGF= 43813.87	GF= 71876.53	iGF_per= 21906.94 	GF_per= 35938.27[0m
[0;31m Prog= 98.57%	N_left=    34816	Time=  26.96	Time_left=   0.39	iGF= 56920.01	GF= 71825.23	iGF_per= 28460.01 	GF_per= 35912.62[0m
[0;31m Prog= 98.81%	N_left=    32768	Time=  27.07	Time_left=   0.33	iGF= 39797.80	GF= 71686.16	iGF_per= 19898.90 	GF_per= 35843.08[0m
[0;31m Prog= 99.02%	N_left=    30720	Time=  27.16	Time_left=   0.27	iGF= 47482.02	GF= 71608.67	iGF_per= 23741.01 	GF_per= 35804.33[0m
[0;31m Prog= 99.20%	N_left=    28672	Time=  27.26	Time_left=   0.22	iGF= 34988.30	GF= 71469.94	iGF_per= 17494.15 	GF_per= 35734.97[0m
[0;31m Prog= 99.36%	N_left=    26624	Time=  27.34	Time_left=   0.18	iGF= 39148.14	GF= 71375.36	iGF_per= 19574.07 	GF_per= 35687.68[0m
[0;31m Prog= 99.50%	N_left=    24576	Time=  27.43	Time_left=   0.14	iGF= 30116.57	GF= 71241.23	iGF_per= 15058.28 	GF_per= 35620.62[0m
[0;31m Prog= 99.61%	N_left=    22528	Time=  27.50	Time_left=   0.11	iGF= 31485.43	GF= 71136.86	iGF_per= 15742.71 	GF_per= 35568.43[0m
[0;31m Prog= 99.71%	N_left=    20480	Time=  27.58	Time_left=   0.08	iGF= 24049.72	GF= 71002.32	iGF_per= 12024.86 	GF_per= 35501.16[0m
[0;31m Prog= 99.79%	N_left=    18432	Time=  27.65	Time_left=   0.06	iGF= 25289.81	GF= 70900.85	iGF_per= 12644.90 	GF_per= 35450.42[0m
[0;31m Prog= 99.85%	N_left=    16384	Time=  27.71	Time_left=   0.04	iGF= 18761.26	GF= 70776.22	iGF_per=  9380.63 	GF_per= 35388.11[0m
[0;31m Prog= 99.90%	N_left=    14336	Time=  27.76	Time_left=   0.03	iGF= 18273.83	GF= 70676.07	iGF_per=  9136.92 	GF_per= 35338.04[0m
[0;31m Prog= 99.94%	N_left=    12288	Time=  27.82	Time_left=   0.02	iGF= 13075.64	GF= 70560.91	iGF_per=  6537.82 	GF_per= 35280.46[0m
[0;31m Prog= 99.96%	N_left=    10240	Time=  27.87	Time_left=   0.01	iGF= 10704.28	GF= 70456.35	iGF_per=  5352.14 	GF_per= 35228.17[0m
[0;31m Prog= 99.98%	N_left=     8192	Time=  27.92	Time_left=   0.01	iGF=  6924.27	GF= 70341.55	iGF_per=  3462.13 	GF_per= 35170.77[0m
[0;31m Prog= 99.99%	N_left=     6144	Time=  27.96	Time_left=   0.00	iGF=  4827.78	GF= 70238.72	iGF_per=  2413.89 	GF_per= 35119.36[0m
[0;31m Prog= 100.00%	N_left=     4096	Time=  28.01	Time_left=   0.00	iGF=  2449.70	GF= 70131.22	iGF_per=  1224.85 	GF_per= 35065.61[0m
================================================================================
T/V                N    NB     P     Q         Time          Gflops (   per GPU)
--------------------------------------------------------------------------------
WC0           143360  2048     1     2        28.16       6.976e+04 ( 3.488e+04)

HPL_pdgesv() start time Sun Oct  4 23:40:11 2026
HPL_pdgesv() end time   Sun Oct  4 23:40:39 2026

--------------------------------------------------------------------------------
||Ax-b||_oo/(eps*(||A||_oo*||x||_oo+||b||_oo)*N)=   0.001120337724 ...... PASSED
||Ax-b||_oo  . . . . . . . . . . . . . . . . . = 0.0000000059579456
||A||_oo . . . . . . . . . . . . . . . . . . . = 36080.6432988371016108
||x||_oo . . . . . . . . . . . . . . . . . . . = 9.2604998350081207
||b||_oo . . . . . . . . . . . . . . . . . . . = 0.4999993662445502
================================================================================

Finished      1 tests with the following results:
              1 tests completed and passed residual checks,
              0 tests completed and failed residual checks,
              0 tests skipped because of illegal input values.
--------------------------------------------------------------------------------

End of Tests.
================================================================================
ndiv3           69760 GFLOP/s   28.16 s
=== rfact1 ===

================================================================================
HPL-NVIDIA 26.2.1  -- NVIDIA accelerated HPL benchmark -- NVIDIA
================================================================================
HPLinpack 2.1  --  High-Performance Linpack benchmark  --   October 26, 2012
Written by A. Petitet and R. Clint Whaley,  Innovative Computing Laboratory, UTK
Modified by Piotr Luszczek, Innovative Computing Laboratory, UTK
Modified by Julien Langou, University of Colorado Denver
================================================================================

An explanation of the input/output parameters follows:
T/V    : Wall time / encoded variant.
N      : The order of the coefficient matrix A.
NB     : The partitioning blocking factor.
P      : The number of process rows.
Q      : The number of process columns.
Time   : Time in seconds to solve the linear system.
Gflops : Rate of execution for solving the linear system.

The following parameter values will be used:

N      :  143360 
NB     :    2048 
PMAP   : Column-major process mapping
P      :       1 
Q      :       2 
PFACT  :   Crout 
NBMIN  :       2 
NDIV   :       2 
RFACT  :   Crout 
BCAST  :  2ringM 
DEPTH  :       1 
SWAP   : Spread-roll (long)
L1     : no-transposed form
U      : transposed form
EQUIL  : no
ALIGN  : 8 double precision words

--------------------------------------------------------------------------------

- The matrix A is randomly generated for each test.
- The following scaled residual check will be computed:
      ||Ax-b||_oo / ( eps * ( || x ||_oo * || A ||_oo + || b ||_oo ) * N )
- The relative machine precision (eps) is taken to be               1.110223e-16
- Computational tests pass if scaled residuals are less than                16.0


HPL-NVIDIA ignores the following parameters from input file:
	* Broadcast parameters
	* Panel factorization parameters
	* Look-ahead value
	* L1 layout
	* U layout
	* Equilibration parameter
	* Memory alignment parameter

HPL-NVIDIA settings from environment variables:
	HPL_CUSOLVER_MP_TESTS from environment 0 
--- DEVICE INFO ---
  Peak clock frequency: 1785 MHz
  SM version          : 90
  Number of SMs       : 132
-------------------
[HPL TRACE] cuda_nvshmem_init: max=0.8800 (0) min=0.8800 (1)
[HPL TRACE] ncclCommInitRank: max=1.1520 (1) min=1.1519 (0)
[HPL TRACE] cugetrfs_mp_init: max=1.1941 (1) min=1.1940 (0)
--- MEMORY INFO ---
DEVICE
  System           =      5.40817 GiB (MIN)      5.40817 GiB (MAX)      5.40817 GiB (AVG)
  HPL buffers      =     85.60201 GiB (MIN)     85.60201 GiB (MAX)     85.60201 GiB (AVG)
  Used             =     91.01018 GiB (MIN)     91.01018 GiB (MAX)     91.01018 GiB (AVG)
  Total            =     93.58398 GiB (MIN)     93.58398 GiB (MAX)     93.58398 GiB (AVG)
HOST
  HPL buffers      =      0.00113 GiB (MIN)      0.00113 GiB (MAX)      0.00113 GiB (AVG)
-------------------
[HPL TRACE] HPL_pdmatgen_gpu: max=0.0269 (0) min=0.0269 (1)
[0;31m Prog= 4.22%	N_left=   141312	Time=   1.24	Time_left=  28.20	iGF= 66705.91	GF= 66705.91	iGF_per= 33352.96 	GF_per= 33352.96[0m
[0;31m Prog= 8.33%	N_left=   139264	Time=   2.38	Time_left=  26.19	iGF= 71001.14	GF= 68755.46	iGF_per= 35500.57 	GF_per= 34377.73[0m
[0;31m Prog= 12.31%	N_left=   137216	Time=   3.40	Time_left=  24.24	iGF= 76440.80	GF= 71067.82	iGF_per= 38220.40 	GF_per= 35533.91[0m
[0;31m Prog= 16.18%	N_left=   135168	Time=   4.47	Time_left=  23.16	iGF= 71107.07	GF= 71077.20	iGF_per= 35553.53 	GF_per= 35538.60[0m
[0;31m Prog= 19.93%	N_left=   133120	Time=   5.43	Time_left=  21.79	iGF= 77324.28	GF= 72174.84	iGF_per= 38662.14 	GF_per= 36087.42[0m
[0;31m Prog= 23.57%	N_left=   131072	Time=   6.42	Time_left=  20.82	iGF= 71639.65	GF= 72091.71	iGF_per= 35819.82 	GF_per= 36045.85[0m
[0;31m Prog= 27.10%	N_left=   129024	Time=   7.32	Time_left=  19.68	iGF= 77442.96	GF= 72745.89	iGF_per= 38721.48 	GF_per= 36372.94[0m
[0;31m Prog= 30.52%	N_left=   126976	Time=   8.25	Time_left=  18.79	iGF= 71638.34	GF= 72620.19	iGF_per= 35819.17 	GF_per= 36310.09[0m
[0;31m Prog= 33.82%	N_left=   124928	Time=   9.09	Time_left=  17.79	iGF= 77540.31	GF= 73073.67	iGF_per= 38770.16 	GF_per= 36536.83[0m
[0;31m Prog= 37.03%	N_left=   122880	Time=   9.97	Time_left=  16.96	iGF= 71354.31	GF= 72921.74	iGF_per= 35677.15 	GF_per= 36460.87[0m
[0;31m Prog= 40.12%	N_left=   120832	Time=  10.76	Time_left=  16.06	iGF= 77350.75	GF= 73245.41	iGF_per= 38675.37 	GF_per= 36622.71[0m
[0;31m Prog= 43.12%	N_left=   118784	Time=  11.59	Time_left=  15.29	iGF= 70938.88	GF= 73080.45	iGF_per= 35469.44 	GF_per= 36540.22[0m
[0;31m Prog= 46.01%	N_left=   116736	Time=  12.33	Time_left=  14.47	iGF= 77027.21	GF= 73316.57	iGF_per= 38513.60 	GF_per= 36658.29[0m
[0;31m Prog= 48.80%	N_left=   114688	Time=  13.10	Time_left=  13.75	iGF= 70649.04	GF= 73158.53	iGF_per= 35324.52 	GF_per= 36579.26[0m
[0;31m Prog= 51.49%	N_left=   112640	Time=  13.79	Time_left=  12.99	iGF= 77164.31	GF= 73357.77	iGF_per= 38582.16 	GF_per= 36678.88[0m
[0;31m Prog= 54.09%	N_left=   110592	Time=  14.51	Time_left=  12.32	iGF= 70544.24	GF= 73217.52	iGF_per= 35272.12 	GF_per= 36608.76[0m
[0;31m Prog= 56.60%	N_left=   108544	Time=  15.16	Time_left=  11.62	iGF= 76202.63	GF= 73344.61	iGF_per= 38101.32 	GF_per= 36672.31[0m
[0;31m Prog= 59.01%	N_left=   106496	Time=  15.83	Time_left=  11.00	iGF= 70566.83	GF= 73226.84	iGF_per= 35283.42 	GF_per= 36613.42[0m
[0;31m Prog= 61.33%	N_left=   104448	Time=  16.42	Time_left=  10.36	iGF= 76442.86	GF= 73343.57	iGF_per= 38221.43 	GF_per= 36671.78[0m
[0;31m Prog= 63.56%	N_left=   102400	Time=  17.05	Time_left=   9.78	iGF= 69615.50	GF= 73205.98	iGF_per= 34807.75 	GF_per= 36602.99[0m
[0;31m Prog= 65.70%	N_left=   100352	Time=  17.60	Time_left=   9.19	iGF= 76456.11	GF= 73307.63	iGF_per= 38228.06 	GF_per= 36653.82[0m
[0;31m Prog= 67.76%	N_left=    98304	Time=  18.19	Time_left=   8.65	iGF= 69226.59	GF= 73176.64	iGF_per= 34613.29 	GF_per= 36588.32[0m
[0;31m Prog= 69.73%	N_left=    96256	Time=  18.69	Time_left=   8.12	iGF= 76453.98	GF= 73265.53	iGF_per= 38226.99 	GF_per= 36632.76[0m
[0;31m Prog= 71.62%	N_left=    94208	Time=  19.23	Time_left=   7.62	iGF= 68775.55	GF= 73139.44	iGF_per= 34387.78 	GF_per= 36569.72[0m
[0;31m Prog= 73.43%	N_left=    92160	Time=  19.70	Time_left=   7.13	iGF= 76500.73	GF= 73218.77	iGF_per= 38250.36 	GF_per= 36609.39[0m
[0;31m Prog= 75.17%	N_left=    90112	Time=  20.20	Time_left=   6.67	iGF= 68274.70	GF= 73096.79	iGF_per= 34137.35 	GF_per= 36548.40[0m
[0;31m Prog= 76.82%	N_left=    88064	Time=  20.62	Time_left=   6.22	iGF= 76285.62	GF= 73162.69	iGF_per= 38142.81 	GF_per= 36581.34[0m
[0;31m Prog= 78.40%	N_left=    86016	Time=  21.08	Time_left=   5.81	iGF= 67821.20	GF= 73046.75	iGF_per= 33910.60 	GF_per= 36523.38[0m
[0;31m Prog= 79.91%	N_left=    83968	Time=  21.47	Time_left=   5.40	iGF= 76037.97	GF= 73100.97	iGF_per= 38018.98 	GF_per= 36550.48[0m
[0;31m Prog= 81.34%	N_left=    81920	Time=  21.89	Time_left=   5.02	iGF= 67835.73	GF= 73001.03	iGF_per= 33917.87 	GF_per= 36500.51[0m
[0;31m Prog= 82.71%	N_left=    79872	Time=  22.24	Time_left=   4.65	iGF= 75068.85	GF= 73034.22	iGF_per= 37534.42 	GF_per= 36517.11[0m
[0;31m Prog= 84.00%	N_left=    77824	Time=  22.62	Time_left=   4.31	iGF= 67801.35	GF= 72947.33	iGF_per= 33900.67 	GF_per= 36473.66[0m
[0;31m Prog= 85.23%	N_left=    75776	Time=  22.94	Time_left=   3.97	iGF= 75421.39	GF= 72981.88	iGF_per= 37710.69 	GF_per= 36490.94[0m
[0;31m Prog= 86.40%	N_left=    73728	Time=  23.28	Time_left=   3.67	iGF= 66431.58	GF= 72884.95	iGF_per= 33215.79 	GF_per= 36442.47[0m
[0;31m Prog= 87.50%	N_left=    71680	Time=  23.57	Time_left=   3.37	iGF= 76028.95	GF= 72922.94	iGF_per= 38014.47 	GF_per= 36461.47[0m
[0;31m Prog= 88.54%	N_left=    69632	Time=  23.88	Time_left=   3.09	iGF= 65604.51	GF= 72827.41	iGF_per= 32802.25 	GF_per= 36413.70[0m
[0;31m Prog= 89.52%	N_left=    67584	Time=  24.13	Time_left=   2.82	iGF= 77079.79	GF= 72871.49	iGF_per= 38539.90 	GF_per= 36435.75[0m
[0;31m Prog= 90.45%	N_left=    65536	Time=  24.42	Time_left=   2.58	iGF= 63444.72	GF= 72761.06	iGF_per= 31722.36 	GF_per= 36380.53[0m
[0;31m Prog= 91.31%	N_left=    63488	Time=  24.64	Time_left=   2.34	iGF= 77575.64	GF= 72804.00	iGF_per= 38787.82 	GF_per= 36402.00[0m
[0;31m Prog= 92.13%	N_left=    61440	Time=  24.90	Time_left=   2.13	iGF= 59784.91	GF= 72664.24	iGF_per= 29892.45 	GF_per= 36332.12[0m
[0;31m Prog= 92.89%	N_left=    59392	Time=  25.10	Time_left=   1.92	iGF= 77438.12	GF= 72700.97	iGF_per= 38719.06 	GF_per= 36350.49[0m
[0;31m Prog= 93.60%	N_left=    57344	Time=  25.34	Time_left=   1.73	iGF= 57794.45	GF= 72558.91	iGF_per= 28897.23 	GF_per= 36279.46[0m
[0;31m Prog= 94.26%	N_left=    55296	Time=  25.51	Time_left=   1.55	iGF= 77310.24	GF= 72590.22	iGF_per= 38655.12 	GF_per= 36295.11[0m
[0;31m Prog= 94.88%	N_left=    53248	Time=  25.72	Time_left=   1.39	iGF= 57018.55	GF= 72462.09	iGF_per= 28509.28 	GF_per= 36231.05[0m
[0;31m Prog= 95.44%	N_left=    51200	Time=  25.86	Time_left=   1.23	iGF= 77418.73	GF= 72489.75	iGF_per= 38709.36 	GF_per= 36244.88[0m
[0;31m Prog= 95.97%	N_left=    49152	Time=  26.06	Time_left=   1.09	iGF= 53519.29	GF= 72349.44	iGF_per= 26759.65 	GF_per= 36174.72[0m
[0;31m Prog= 96.45%	N_left=    47104	Time=  26.18	Time_left=   0.96	iGF= 77115.85	GF= 72371.85	iGF_per= 38557.92 	GF_per= 36185.92[0m
[0;31m Prog= 96.90%	N_left=    45056	Time=  26.35	Time_left=   0.84	iGF= 51921.28	GF= 72241.80	iGF_per= 25960.64 	GF_per= 36120.90[0m
[0;31m Prog= 97.30%	N_left=    43008	Time=  26.46	Time_left=   0.73	iGF= 69586.88	GF= 72230.35	iGF_per= 34793.44 	GF_per= 36115.17[0m
[0;31m Prog= 97.67%	N_left=    40960	Time=  26.61	Time_left=   0.64	iGF= 48146.83	GF= 72094.60	iGF_per= 24073.41 	GF_per= 36047.30[0m
[0;31m Prog= 98.00%	N_left=    38912	Time=  26.71	Time_left=   0.55	iGF= 62668.78	GF= 72057.81	iGF_per= 31334.39 	GF_per= 36028.91[0m
[0;31m Prog= 98.30%	N_left=    36864	Time=  26.85	Time_left=   0.46	iGF= 44770.82	GF= 71924.29	iGF_per= 22385.41 	GF_per= 35962.14[0m
[0;31m Prog= 98.57%	N_left=    34816	Time=  26.94	Time_left=   0.39	iGF= 57379.40	GF= 71874.76	iGF_per= 28689.70 	GF_per= 35937.38[0m
[0;31m Prog= 98.81%	N_left=    32768	Time=  27.05	Time_left=   0.33	iGF= 39863.37	GF= 71735.89	iGF_per= 19931.68 	GF_per= 35867.95[0m
[0;31m Prog= 99.02%	N_left=    30720	Time=  27.14	Time_left=   0.27	iGF= 48478.33	GF= 71662.90	iGF_per= 24239.16 	GF_per= 35831.45[0m
[0;31m Prog= 99.20%	N_left=    28672	Time=  27.24	Time_left=   0.22	iGF= 35087.84	GF= 71524.64	iGF_per= 17543.92 	GF_per= 35762.32[0m
[0;31m Prog= 99.36%	N_left=    26624	Time=  27.32	Time_left=   0.18	iGF= 40297.01	GF= 71435.79	iGF_per= 20148.50 	GF_per= 35717.89[0m
[0;31m Prog= 99.50%	N_left=    24576	Time=  27.41	Time_left=   0.14	iGF= 29684.24	GF= 71297.97	iGF_per= 14842.12 	GF_per= 35648.99[0m
[0;31m Prog= 99.61%	N_left=    22528	Time=  27.48	Time_left=   0.11	iGF= 31475.21	GF= 71193.31	iGF_per= 15737.61 	GF_per= 35596.66[0m
[0;31m Prog= 99.71%	N_left=    20480	Time=  27.56	Time_left=   0.08	iGF= 23696.22	GF= 71055.47	iGF_per= 11848.11 	GF_per= 35527.73[0m
[0;31m Prog= 99.79%	N_left=    18432	Time=  27.63	Time_left=   0.06	iGF= 25028.52	GF= 70952.16	iGF_per= 12514.26 	GF_per= 35476.08[0m
[0;31m Prog= 99.85%	N_left=    16384	Time=  27.69	Time_left=   0.04	iGF= 18639.79	GF= 70826.22	iGF_per=  9319.90 	GF_per= 35413.11[0m
[0;31m Prog= 99.90%	N_left=    14336	Time=  27.74	Time_left=   0.03	iGF= 18346.23	GF= 70726.43	iGF_per=  9173.11 	GF_per= 35363.22[0m
[0;31m Prog= 99.94%	N_left=    12288	Time=  27.80	Time_left=   0.02	iGF= 13082.53	GF= 70611.16	iGF_per=  6541.26 	GF_per= 35305.58[0m
[0;31m Prog= 99.96%	N_left=    10240	Time=  27.85	Time_left=   0.01	iGF= 10702.99	GF= 70506.42	iGF_per=  5351.49 	GF_per= 35253.21[0m
[0;31m Prog= 99.98%	N_left=     8192	Time=  27.90	Time_left=   0.01	iGF=  6930.44	GF= 70391.56	iGF_per=  3465.22 	GF_per= 35195.78[0m
[0;31m Prog= 99.99%	N_left=     6144	Time=  27.94	Time_left=   0.00	iGF=  4826.71	GF= 70288.56	iGF_per=  2413.36 	GF_per= 35144.28[0m
[0;31m Prog= 100.00%	N_left=     4096	Time=  27.99	Time_left=   0.00	iGF=  2450.24	GF= 70180.93	iGF_per=  1225.12 	GF_per= 35090.46[0m
================================================================================
T/V                N    NB     P     Q         Time          Gflops (   per GPU)
--------------------------------------------------------------------------------
WC0           143360  2048     1     2        28.50       6.891e+04 ( 3.446e+04)

HPL_pdgesv() start time Sun Oct  4 23:40:47 2026
HPL_pdgesv() end time   Sun Oct  4 23:41:15 2026

--------------------------------------------------------------------------------
||Ax-b||_oo/(eps*(||A||_oo*||x||_oo+||b||_oo)*N)=   0.001120337724 ...... PASSED
||Ax-b||_oo  . . . . . . . . . . . . . . . . . = 0.0000000059579456
||A||_oo . . . . . . . . . . . . . . . . . . . = 36080.6432988371016108
||x||_oo . . . . . . . . . . . . . . . . . . . = 9.2604998350081207
||b||_oo . . . . . . . . . . . . . . . . . . . = 0.4999993662445502
================================================================================

Finished      1 tests with the following results:
              1 tests completed and passed residual checks,
              0 tests completed and failed residual checks,
              0 tests skipped because of illegal input values.
--------------------------------------------------------------------------------

End of Tests.
================================================================================
rfact1          68910 GFLOP/s   28.50 s
=== rfact2 ===

================================================================================
HPL-NVIDIA 26.2.1  -- NVIDIA accelerated HPL benchmark -- NVIDIA
================================================================================
HPLinpack 2.1  --  High-Performance Linpack benchmark  --   October 26, 2012
Written by A. Petitet and R. Clint Whaley,  Innovative Computing Laboratory, UTK
Modified by Piotr Luszczek, Innovative Computing Laboratory, UTK
Modified by Julien Langou, University of Colorado Denver
================================================================================

An explanation of the input/output parameters follows:
T/V    : Wall time / encoded variant.
N      : The order of the coefficient matrix A.
NB     : The partitioning blocking factor.
P      : The number of process rows.
Q      : The number of process columns.
Time   : Time in seconds to solve the linear system.
Gflops : Rate of execution for solving the linear system.

The following parameter values will be used:

N      :  143360 
NB     :    2048 
PMAP   : Column-major process mapping
P      :       1 
Q      :       2 
PFACT  :   Crout 
NBMIN  :       2 
NDIV   :       2 
RFACT  :   Right 
BCAST  :  2ringM 
DEPTH  :       1 
SWAP   : Spread-roll (long)
L1     : no-transposed form
U      : transposed form
EQUIL  : no
ALIGN  : 8 double precision words

--------------------------------------------------------------------------------

- The matrix A is randomly generated for each test.
- The following scaled residual check will be computed:
      ||Ax-b||_oo / ( eps * ( || x ||_oo * || A ||_oo + || b ||_oo ) * N )
- The relative machine precision (eps) is taken to be               1.110223e-16
- Computational tests pass if scaled residuals are less than                16.0


HPL-NVIDIA ignores the following parameters from input file:
	* Broadcast parameters
	* Panel factorization parameters
	* Look-ahead value
	* L1 layout
	* U layout
	* Equilibration parameter
	* Memory alignment parameter

HPL-NVIDIA settings from environment variables:
	HPL_CUSOLVER_MP_TESTS from environment 0 
--- DEVICE INFO ---
  Peak clock frequency: 1785 MHz
  SM version          : 90
  Number of SMs       : 132
-------------------
[HPL TRACE] cuda_nvshmem_init: max=0.7891 (0) min=0.7891 (1)
[HPL TRACE] ncclCommInitRank: max=1.0216 (1) min=1.0216 (0)
[HPL TRACE] cugetrfs_mp_init: max=1.0602 (1) min=1.0602 (0)
--- MEMORY INFO ---
DEVICE
  System           =      5.40817 GiB (MIN)      5.40817 GiB (MAX)      5.40817 GiB (AVG)
  HPL buffers      =     85.60201 GiB (MIN)     85.60201 GiB (MAX)     85.60201 GiB (AVG)
  Used             =     91.01018 GiB (MIN)     91.01018 GiB (MAX)     91.01018 GiB (AVG)
  Total            =     93.58398 GiB (MIN)     93.58398 GiB (MAX)     93.58398 GiB (AVG)
HOST
  HPL buffers      =      0.00113 GiB (MIN)      0.00113 GiB (MAX)      0.00113 GiB (AVG)
-------------------
[HPL TRACE] HPL_pdmatgen_gpu: max=0.0265 (1) min=0.0265 (0)
[0;31m Prog= 4.22%	N_left=   141312	Time=   1.22	Time_left=  27.74	iGF= 67819.17	GF= 67819.17	iGF_per= 33909.58 	GF_per= 33909.58[0m
[0;31m Prog= 8.33%	N_left=   139264	Time=   2.35	Time_left=  25.86	iGF= 71613.42	GF= 69637.21	iGF_per= 35806.71 	GF_per= 34818.60[0m
[0;31m Prog= 12.31%	N_left=   137216	Time=   3.36	Time_left=  23.94	iGF= 77313.75	GF= 71949.16	iGF_per= 38656.88 	GF_per= 35974.58[0m
[0;31m Prog= 16.18%	N_left=   135168	Time=   4.42	Time_left=  22.89	iGF= 71810.30	GF= 71915.92	iGF_per= 35905.15 	GF_per= 35957.96[0m
[0;31m Prog= 19.93%	N_left=   133120	Time=   5.37	Time_left=  21.58	iGF= 77265.74	GF= 72865.63	iGF_per= 38632.87 	GF_per= 36432.81[0m
[0;31m Prog= 23.57%	N_left=   131072	Time=   6.37	Time_left=  20.66	iGF= 71546.93	GF= 72658.91	iGF_per= 35773.46 	GF_per= 36329.45[0m
[0;31m Prog= 27.10%	N_left=   129024	Time=   7.27	Time_left=  19.55	iGF= 77294.91	GF= 73230.52	iGF_per= 38647.45 	GF_per= 36615.26[0m
[0;31m Prog= 30.52%	N_left=   126976	Time=   8.21	Time_left=  18.69	iGF= 71574.81	GF= 73041.35	iGF_per= 35787.40 	GF_per= 36520.67[0m
[0;31m Prog= 33.82%	N_left=   124928	Time=   9.05	Time_left=  17.70	iGF= 77220.77	GF= 73430.04	iGF_per= 38610.38 	GF_per= 36715.02[0m
[0;31m Prog= 37.03%	N_left=   122880	Time=   9.93	Time_left=  16.89	iGF= 71382.46	GF= 73248.37	iGF_per= 35691.23 	GF_per= 36624.18[0m
[0;31m Prog= 40.12%	N_left=   120832	Time=  10.72	Time_left=  15.99	iGF= 77345.85	GF= 73549.07	iGF_per= 38672.92 	GF_per= 36774.54[0m
[0;31m Prog= 43.12%	N_left=   118784	Time=  11.55	Time_left=  15.23	iGF= 70805.73	GF= 73351.77	iGF_per= 35402.87 	GF_per= 36675.88[0m
[0;31m Prog= 46.01%	N_left=   116736	Time=  12.29	Time_left=  14.42	iGF= 76690.44	GF= 73553.04	iGF_per= 38345.22 	GF_per= 36776.52[0m
[0;31m Prog= 48.80%	N_left=   114688	Time=  13.06	Time_left=  13.70	iGF= 70879.17	GF= 73394.62	iGF_per= 35439.59 	GF_per= 36697.31[0m
[0;31m Prog= 51.49%	N_left=   112640	Time=  13.75	Time_left=  12.95	iGF= 76687.65	GF= 73559.89	iGF_per= 38343.83 	GF_per= 36779.94[0m
[0;31m Prog= 54.09%	N_left=   110592	Time=  14.47	Time_left=  12.28	iGF= 70443.91	GF= 73403.94	iGF_per= 35221.95 	GF_per= 36701.97[0m
[0;31m Prog= 56.60%	N_left=   108544	Time=  15.12	Time_left=  11.60	iGF= 76274.31	GF= 73526.34	iGF_per= 38137.16 	GF_per= 36763.17[0m
[0;31m Prog= 59.01%	N_left=   106496	Time=  15.79	Time_left=  10.97	iGF= 70452.41	GF= 73395.50	iGF_per= 35226.21 	GF_per= 36697.75[0m
[0;31m Prog= 61.33%	N_left=   104448	Time=  16.39	Time_left=  10.34	iGF= 76111.18	GF= 73494.70	iGF_per= 38055.59 	GF_per= 36747.35[0m
[0;31m Prog= 63.56%	N_left=   102400	Time=  17.02	Time_left=   9.76	iGF= 69967.69	GF= 73364.90	iGF_per= 34983.84 	GF_per= 36682.45[0m
[0;31m Prog= 65.70%	N_left=   100352	Time=  17.57	Time_left=   9.17	iGF= 76206.87	GF= 73454.26	iGF_per= 38103.43 	GF_per= 36727.13[0m
[0;31m Prog= 67.76%	N_left=    98304	Time=  18.15	Time_left=   8.64	iGF= 69434.27	GF= 73325.35	iGF_per= 34717.13 	GF_per= 36662.68[0m
[0;31m Prog= 69.73%	N_left=    96256	Time=  18.66	Time_left=   8.10	iGF= 76532.70	GF= 73412.42	iGF_per= 38266.35 	GF_per= 36706.21[0m
[0;31m Prog= 71.62%	N_left=    94208	Time=  19.20	Time_left=   7.61	iGF= 68689.61	GF= 73279.38	iGF_per= 34344.81 	GF_per= 36639.69[0m
[0;31m Prog= 73.43%	N_left=    92160	Time=  19.66	Time_left=   7.11	iGF= 76215.77	GF= 73349.07	iGF_per= 38107.89 	GF_per= 36674.53[0m
[0;31m Prog= 75.17%	N_left=    90112	Time=  20.16	Time_left=   6.66	iGF= 68183.56	GF= 73221.24	iGF_per= 34091.78 	GF_per= 36610.62[0m
[0;31m Prog= 76.82%	N_left=    88064	Time=  20.59	Time_left=   6.21	iGF= 76143.59	GF= 73281.84	iGF_per= 38071.79 	GF_per= 36640.92[0m
[0;31m Prog= 78.40%	N_left=    86016	Time=  21.05	Time_left=   5.80	iGF= 67900.62	GF= 73164.99	iGF_per= 33950.31 	GF_per= 36582.49[0m
[0;31m Prog= 79.91%	N_left=    83968	Time=  21.44	Time_left=   5.39	iGF= 75928.97	GF= 73215.23	iGF_per= 37964.49 	GF_per= 36607.62[0m
[0;31m Prog= 81.34%	N_left=    81920	Time=  21.85	Time_left=   5.01	iGF= 67683.94	GF= 73109.85	iGF_per= 33841.97 	GF_per= 36554.93[0m
[0;31m Prog= 82.71%	N_left=    79872	Time=  22.21	Time_left=   4.64	iGF= 75152.70	GF= 73142.66	iGF_per= 37576.35 	GF_per= 36571.33[0m
[0;31m Prog= 84.00%	N_left=    77824	Time=  22.59	Time_left=   4.30	iGF= 67796.77	GF= 73053.75	iGF_per= 33898.38 	GF_per= 36526.88[0m
[0;31m Prog= 85.23%	N_left=    75776	Time=  22.91	Time_left=   3.97	iGF= 75052.11	GF= 73081.83	iGF_per= 37526.05 	GF_per= 36540.92[0m
[0;31m Prog= 86.40%	N_left=    73728	Time=  23.25	Time_left=   3.66	iGF= 66457.95	GF= 72983.72	iGF_per= 33228.98 	GF_per= 36491.86[0m
[0;31m Prog= 87.50%	N_left=    71680	Time=  23.53	Time_left=   3.36	iGF= 77370.34	GF= 73035.89	iGF_per= 38685.17 	GF_per= 36517.94[0m
[0;31m Prog= 88.54%	N_left=    69632	Time=  23.85	Time_left=   3.09	iGF= 64171.09	GF= 72917.44	iGF_per= 32085.54 	GF_per= 36458.72[0m
[0;31m Prog= 89.52%	N_left=    67584	Time=  24.10	Time_left=   2.82	iGF= 77003.44	GF= 72959.89	iGF_per= 38501.72 	GF_per= 36479.95[0m
[0;31m Prog= 90.45%	N_left=    65536	Time=  24.39	Time_left=   2.58	iGF= 62701.05	GF= 72838.16	iGF_per= 31350.53 	GF_per= 36419.08[0m
[0;31m Prog= 91.31%	N_left=    63488	Time=  24.61	Time_left=   2.34	iGF= 77910.08	GF= 72883.26	iGF_per= 38955.04 	GF_per= 36441.63[0m
[0;31m Prog= 92.13%	N_left=    61440	Time=  24.88	Time_left=   2.13	iGF= 59041.71	GF= 72732.65	iGF_per= 29520.85 	GF_per= 36366.33[0m
[0;31m Prog= 92.89%	N_left=    59392	Time=  25.07	Time_left=   1.92	iGF= 77391.15	GF= 72768.55	iGF_per= 38695.58 	GF_per= 36384.28[0m
[0;31m Prog= 93.60%	N_left=    57344	Time=  25.31	Time_left=   1.73	iGF= 57845.92	GF= 72626.33	iGF_per= 28922.96 	GF_per= 36313.17[0m
[0;31m Prog= 94.26%	N_left=    55296	Time=  25.48	Time_left=   1.55	iGF= 77398.39	GF= 72657.77	iGF_per= 38699.19 	GF_per= 36328.89[0m
[0;31m Prog= 94.88%	N_left=    53248	Time=  25.70	Time_left=   1.39	iGF= 56498.66	GF= 72523.47	iGF_per= 28249.33 	GF_per= 36261.74[0m
[0;31m Prog= 95.44%	N_left=    51200	Time=  25.84	Time_left=   1.23	iGF= 78083.44	GF= 72554.26	iGF_per= 39041.72 	GF_per= 36277.13[0m
[0;31m Prog= 95.97%	N_left=    49152	Time=  26.03	Time_left=   1.09	iGF= 53974.98	GF= 72417.88	iGF_per= 26987.49 	GF_per= 36208.94[0m
[0;31m Prog= 96.45%	N_left=    47104	Time=  26.15	Time_left=   0.96	iGF= 76707.96	GF= 72438.17	iGF_per= 38353.98 	GF_per= 36219.08[0m
[0;31m Prog= 96.90%	N_left=    45056	Time=  26.32	Time_left=   0.84	iGF= 51404.11	GF= 72302.95	iGF_per= 25702.06 	GF_per= 36151.47[0m
[0;31m Prog= 97.30%	N_left=    43008	Time=  26.44	Time_left=   0.73	iGF= 69704.96	GF= 72291.75	iGF_per= 34852.48 	GF_per= 36145.87[0m
[0;31m Prog= 97.67%	N_left=    40960	Time=  26.59	Time_left=   0.63	iGF= 48645.37	GF= 72159.71	iGF_per= 24322.68 	GF_per= 36079.86[0m
[0;31m Prog= 98.00%	N_left=    38912	Time=  26.69	Time_left=   0.54	iGF= 63598.03	GF= 72126.76	iGF_per= 31799.02 	GF_per= 36063.38[0m
[0;31m Prog= 98.30%	N_left=    36864	Time=  26.82	Time_left=   0.46	iGF= 44083.27	GF= 71987.27	iGF_per= 22041.63 	GF_per= 35993.63[0m
[0;31m Prog= 98.57%	N_left=    34816	Time=  26.91	Time_left=   0.39	iGF= 56820.39	GF= 71935.07	iGF_per= 28410.19 	GF_per= 35967.54[0m
[0;31m Prog= 98.81%	N_left=    32768	Time=  27.03	Time_left=   0.33	iGF= 40180.30	GF= 71798.28	iGF_per= 20090.15 	GF_per= 35899.14[0m
[0;31m Prog= 99.02%	N_left=    30720	Time=  27.12	Time_left=   0.27	iGF= 47958.13	GF= 71722.59	iGF_per= 23979.06 	GF_per= 35861.30[0m
[0;31m Prog= 99.20%	N_left=    28672	Time=  27.22	Time_left=   0.22	iGF= 35714.37	GF= 71588.74	iGF_per= 17857.19 	GF_per= 35794.37[0m
[0;31m Prog= 99.36%	N_left=    26624	Time=  27.30	Time_left=   0.18	iGF= 39546.81	GF= 71495.76	iGF_per= 19773.41 	GF_per= 35747.88[0m
[0;31m Prog= 99.50%	N_left=    24576	Time=  27.39	Time_left=   0.14	iGF= 29785.83	GF= 71358.44	iGF_per= 14892.92 	GF_per= 35679.22[0m
[0;31m Prog= 99.61%	N_left=    22528	Time=  27.46	Time_left=   0.11	iGF= 31715.34	GF= 71254.95	iGF_per= 15857.67 	GF_per= 35627.48[0m
[0;31m Prog= 99.71%	N_left=    20480	Time=  27.54	Time_left=   0.08	iGF= 24525.59	GF= 71123.79	iGF_per= 12262.80 	GF_per= 35561.90[0m
[0;31m Prog= 99.79%	N_left=    18432	Time=  27.60	Time_left=   0.06	iGF= 24676.41	GF= 71017.96	iGF_per= 12338.21 	GF_per= 35508.98[0m
[0;31m Prog= 99.85%	N_left=    16384	Time=  27.67	Time_left=   0.04	iGF= 18194.71	GF= 70887.56	iGF_per=  9097.35 	GF_per= 35443.78[0m
[0;31m Prog= 99.90%	N_left=    14336	Time=  27.72	Time_left=   0.03	iGF= 18815.77	GF= 70790.94	iGF_per=  9407.88 	GF_per= 35395.47[0m
[0;31m Prog= 99.94%	N_left=    12288	Time=  27.78	Time_left=   0.02	iGF= 12966.81	GF= 70674.17	iGF_per=  6483.41 	GF_per= 35337.08[0m
[0;31m Prog= 99.96%	N_left=    10240	Time=  27.82	Time_left=   0.01	iGF= 10704.71	GF= 70569.24	iGF_per=  5352.35 	GF_per= 35284.62[0m
[0;31m Prog= 99.98%	N_left=     8192	Time=  27.87	Time_left=   0.01	iGF=  6923.47	GF= 70454.04	iGF_per=  3461.73 	GF_per= 35227.02[0m
[0;31m Prog= 99.99%	N_left=     6144	Time=  27.92	Time_left=   0.00	iGF=  4827.57	GF= 70350.87	iGF_per=  2413.78 	GF_per= 35175.43[0m
[0;31m Prog= 100.00%	N_left=     4096	Time=  27.96	Time_left=   0.00	iGF=  2450.45	GF= 70243.05	iGF_per=  1225.23 	GF_per= 35121.52[0m
================================================================================
T/V                N    NB     P     Q         Time          Gflops (   per GPU)
--------------------------------------------------------------------------------
WC0           143360  2048     1     2        28.11       6.987e+04 ( 3.494e+04)

HPL_pdgesv() start time Sun Oct  4 23:41:22 2026
HPL_pdgesv() end time   Sun Oct  4 23:41:51 2026

--------------------------------------------------------------------------------
||Ax-b||_oo/(eps*(||A||_oo*||x||_oo+||b||_oo)*N)=   0.001120337724 ...... PASSED
||Ax-b||_oo  . . . . . . . . . . . . . . . . . = 0.0000000059579456
||A||_oo . . . . . . . . . . . . . . . . . . . = 36080.6432988371016108
||x||_oo . . . . . . . . . . . . . . . . . . . = 9.2604998350081207
||b||_oo . . . . . . . . . . . . . . . . . . . = 0.4999993662445502
================================================================================

Finished      1 tests with the following results:
              1 tests completed and passed residual checks,
              0 tests completed and failed residual checks,
              0 tests skipped because of illegal input values.
--------------------------------------------------------------------------------

End of Tests.
================================================================================
rfact2          69870 GFLOP/s   28.11 s
=== bcast0 ===

================================================================================
HPL-NVIDIA 26.2.1  -- NVIDIA accelerated HPL benchmark -- NVIDIA
================================================================================
HPLinpack 2.1  --  High-Performance Linpack benchmark  --   October 26, 2012
Written by A. Petitet and R. Clint Whaley,  Innovative Computing Laboratory, UTK
Modified by Piotr Luszczek, Innovative Computing Laboratory, UTK
Modified by Julien Langou, University of Colorado Denver
================================================================================

An explanation of the input/output parameters follows:
T/V    : Wall time / encoded variant.
N      : The order of the coefficient matrix A.
NB     : The partitioning blocking factor.
P      : The number of process rows.
Q      : The number of process columns.
Time   : Time in seconds to solve the linear system.
Gflops : Rate of execution for solving the linear system.

The following parameter values will be used:

N      :  143360 
NB     :    2048 
PMAP   : Column-major process mapping
P      :       1 
Q      :       2 
PFACT  :   Crout 
NBMIN  :       2 
NDIV   :       2 
RFACT  :    Left 
BCAST  :   1ring 
DEPTH  :       1 
SWAP   : Spread-roll (long)
L1     : no-transposed form
U      : transposed form
EQUIL  : no
ALIGN  : 8 double precision words

--------------------------------------------------------------------------------

- The matrix A is randomly generated for each test.
- The following scaled residual check will be computed:
      ||Ax-b||_oo / ( eps * ( || x ||_oo * || A ||_oo + || b ||_oo ) * N )
- The relative machine precision (eps) is taken to be               1.110223e-16
- Computational tests pass if scaled residuals are less than                16.0


HPL-NVIDIA ignores the following parameters from input file:
	* Broadcast parameters
	* Panel factorization parameters
	* Look-ahead value
	* L1 layout
	* U layout
	* Equilibration parameter
	* Memory alignment parameter

HPL-NVIDIA settings from environment variables:
	HPL_CUSOLVER_MP_TESTS from environment 0 
--- DEVICE INFO ---
  Peak clock frequency: 1785 MHz
  SM version          : 90
  Number of SMs       : 132
-------------------
[HPL TRACE] cuda_nvshmem_init: max=0.7817 (1) min=0.7817 (0)
[HPL TRACE] ncclCommInitRank: max=0.8843 (0) min=0.8843 (1)
[HPL TRACE] cugetrfs_mp_init: max=0.9270 (1) min=0.9270 (0)
--- MEMORY INFO ---
DEVICE
  System           =      5.40817 GiB (MIN)      5.40817 GiB (MAX)      5.40817 GiB (AVG)
  HPL buffers      =     85.60201 GiB (MIN)     85.60201 GiB (MAX)     85.60201 GiB (AVG)
  Used             =     91.01018 GiB (MIN)     91.01018 GiB (MAX)     91.01018 GiB (AVG)
  Total            =     93.58398 GiB (MIN)     93.58398 GiB (MAX)     93.58398 GiB (AVG)
HOST
  HPL buffers      =      0.00113 GiB (MIN)      0.00113 GiB (MAX)      0.00113 GiB (AVG)
-------------------
[HPL TRACE] HPL_pdmatgen_gpu: max=0.0264 (0) min=0.0264 (1)
[0;31m Prog= 4.22%	N_left=   141312	Time=   1.22	Time_left=  27.77	iGF= 67753.85	GF= 67753.85	iGF_per= 33876.92 	GF_per= 33876.92[0m
[0;31m Prog= 8.33%	N_left=   139264	Time=   2.35	Time_left=  25.87	iGF= 71610.92	GF= 69601.09	iGF_per= 35805.46 	GF_per= 34800.55[0m
[0;31m Prog= 12.31%	N_left=   137216	Time=   3.36	Time_left=  23.95	iGF= 77316.60	GF= 71923.88	iGF_per= 38658.30 	GF_per= 35961.94[0m
[0;31m Prog= 16.18%	N_left=   135168	Time=   4.42	Time_left=  22.91	iGF= 71727.84	GF= 71876.92	iGF_per= 35863.92 	GF_per= 35938.46[0m
[0;31m Prog= 19.93%	N_left=   133120	Time=   5.37	Time_left=  21.59	iGF= 77388.06	GF= 72853.56	iGF_per= 38694.03 	GF_per= 36426.78[0m
[0;31m Prog= 23.57%	N_left=   131072	Time=   6.37	Time_left=  20.66	iGF= 71653.15	GF= 72665.64	iGF_per= 35826.58 	GF_per= 36332.82[0m
[0;31m Prog= 27.10%	N_left=   129024	Time=   7.26	Time_left=  19.54	iGF= 77595.87	GF= 73271.51	iGF_per= 38797.93 	GF_per= 36635.76[0m
[0;31m Prog= 30.52%	N_left=   126976	Time=   8.20	Time_left=  18.68	iGF= 71502.61	GF= 73069.13	iGF_per= 35751.30 	GF_per= 36534.56[0m
[0;31m Prog= 33.82%	N_left=   124928	Time=   9.04	Time_left=  17.69	iGF= 77254.92	GF= 73458.39	iGF_per= 38627.46 	GF_per= 36729.20[0m
[0;31m Prog= 37.03%	N_left=   122880	Time=   9.93	Time_left=  16.89	iGF= 71161.82	GF= 73253.98	iGF_per= 35580.91 	GF_per= 36626.99[0m
[0;31m Prog= 40.12%	N_left=   120832	Time=  10.72	Time_left=  16.00	iGF= 76946.99	GF= 73526.32	iGF_per= 38473.50 	GF_per= 36763.16[0m
[0;31m Prog= 43.12%	N_left=   118784	Time=  11.55	Time_left=  15.23	iGF= 70978.35	GF= 73343.54	iGF_per= 35489.18 	GF_per= 36671.77[0m
[0;31m Prog= 46.01%	N_left=   116736	Time=  12.29	Time_left=  14.42	iGF= 76903.47	GF= 73557.56	iGF_per= 38451.73 	GF_per= 36778.78[0m
[0;31m Prog= 48.80%	N_left=   114688	Time=  13.06	Time_left=  13.70	iGF= 70714.60	GF= 73388.75	iGF_per= 35357.30 	GF_per= 36694.37[0m
[0;31m Prog= 51.49%	N_left=   112640	Time=  13.75	Time_left=  12.95	iGF= 76624.87	GF= 73551.27	iGF_per= 38312.43 	GF_per= 36775.64[0m
[0;31m Prog= 54.09%	N_left=   110592	Time=  14.48	Time_left=  12.29	iGF= 70482.48	GF= 73397.79	iGF_per= 35241.24 	GF_per= 36698.89[0m
[0;31m Prog= 56.60%	N_left=   108544	Time=  15.12	Time_left=  11.60	iGF= 76365.12	GF= 73524.16	iGF_per= 38182.56 	GF_per= 36762.08[0m
[0;31m Prog= 59.01%	N_left=   106496	Time=  15.79	Time_left=  10.97	iGF= 70233.73	GF= 73383.70	iGF_per= 35116.86 	GF_per= 36691.85[0m
[0;31m Prog= 61.33%	N_left=   104448	Time=  16.39	Time_left=  10.34	iGF= 76193.58	GF= 73486.21	iGF_per= 38096.79 	GF_per= 36743.11[0m
[0;31m Prog= 63.56%	N_left=   102400	Time=  17.02	Time_left=   9.76	iGF= 69789.63	GF= 73349.86	iGF_per= 34894.81 	GF_per= 36674.93[0m
[0;31m Prog= 65.70%	N_left=   100352	Time=  17.57	Time_left=   9.17	iGF= 76200.67	GF= 73439.48	iGF_per= 38100.34 	GF_per= 36719.74[0m
[0;31m Prog= 67.76%	N_left=    98304	Time=  18.15	Time_left=   8.64	iGF= 69400.73	GF= 73309.94	iGF_per= 34700.37 	GF_per= 36654.97[0m
[0;31m Prog= 69.73%	N_left=    96256	Time=  18.66	Time_left=   8.10	iGF= 76344.58	GF= 73392.50	iGF_per= 38172.29 	GF_per= 36696.25[0m
[0;31m Prog= 71.62%	N_left=    94208	Time=  19.20	Time_left=   7.61	iGF= 68731.07	GF= 73261.30	iGF_per= 34365.53 	GF_per= 36630.65[0m
[0;31m Prog= 73.43%	N_left=    92160	Time=  19.67	Time_left=   7.12	iGF= 76190.58	GF= 73330.82	iGF_per= 38095.29 	GF_per= 36665.41[0m
[0;31m Prog= 75.17%	N_left=    90112	Time=  20.17	Time_left=   6.66	iGF= 68343.27	GF= 73207.71	iGF_per= 34171.64 	GF_per= 36603.85[0m
[0;31m Prog= 76.82%	N_left=    88064	Time=  20.60	Time_left=   6.21	iGF= 76023.95	GF= 73266.18	iGF_per= 38011.98 	GF_per= 36633.09[0m
[0;31m Prog= 78.40%	N_left=    86016	Time=  21.05	Time_left=   5.80	iGF= 68115.44	GF= 73154.71	iGF_per= 34057.72 	GF_per= 36577.36[0m
[0;31m Prog= 79.91%	N_left=    83968	Time=  21.44	Time_left=   5.39	iGF= 75570.67	GF= 73198.83	iGF_per= 37785.34 	GF_per= 36599.41[0m
[0;31m Prog= 81.34%	N_left=    81920	Time=  21.86	Time_left=   5.01	iGF= 67812.78	GF= 73096.43	iGF_per= 33906.39 	GF_per= 36548.21[0m
[0;31m Prog= 82.71%	N_left=    79872	Time=  22.21	Time_left=   4.64	iGF= 75491.66	GF= 73134.72	iGF_per= 37745.83 	GF_per= 36567.36[0m
[0;31m Prog= 84.00%	N_left=    77824	Time=  22.59	Time_left=   4.30	iGF= 67535.15	GF= 73041.25	iGF_per= 33767.58 	GF_per= 36520.62[0m
[0;31m Prog= 85.23%	N_left=    75776	Time=  22.91	Time_left=   3.97	iGF= 75387.83	GF= 73074.07	iGF_per= 37693.92 	GF_per= 36537.04[0m
[0;31m Prog= 86.40%	N_left=    73728	Time=  23.26	Time_left=   3.66	iGF= 66255.44	GF= 72972.78	iGF_per= 33127.72 	GF_per= 36486.39[0m
[0;31m Prog= 87.50%	N_left=    71680	Time=  23.54	Time_left=   3.36	iGF= 76042.51	GF= 73009.91	iGF_per= 38021.25 	GF_per= 36504.95[0m
[0;31m Prog= 88.54%	N_left=    69632	Time=  23.85	Time_left=   3.09	iGF= 65369.81	GF= 72909.71	iGF_per= 32684.91 	GF_per= 36454.86[0m
[0;31m Prog= 89.52%	N_left=    67584	Time=  24.10	Time_left=   2.82	iGF= 76826.66	GF= 72950.49	iGF_per= 38413.33 	GF_per= 36475.25[0m
[0;31m Prog= 90.45%	N_left=    65536	Time=  24.40	Time_left=   2.58	iGF= 62168.26	GF= 72821.48	iGF_per= 31084.13 	GF_per= 36410.74[0m
[0;31m Prog= 91.31%	N_left=    63488	Time=  24.62	Time_left=   2.34	iGF= 77681.27	GF= 72864.81	iGF_per= 38840.64 	GF_per= 36432.40[0m
[0;31m Prog= 92.13%	N_left=    61440	Time=  24.88	Time_left=   2.13	iGF= 60315.45	GF= 72731.15	iGF_per= 30157.72 	GF_per= 36365.58[0m
[0;31m Prog= 92.89%	N_left=    59392	Time=  25.07	Time_left=   1.92	iGF= 77178.16	GF= 72765.51	iGF_per= 38589.08 	GF_per= 36382.76[0m
[0;31m Prog= 93.60%	N_left=    57344	Time=  25.32	Time_left=   1.73	iGF= 57803.34	GF= 72622.82	iGF_per= 28901.67 	GF_per= 36311.41[0m
[0;31m Prog= 94.26%	N_left=    55296	Time=  25.48	Time_left=   1.55	iGF= 77287.79	GF= 72653.60	iGF_per= 38643.89 	GF_per= 36326.80[0m
[0;31m Prog= 94.88%	N_left=    53248	Time=  25.70	Time_left=   1.39	iGF= 57104.99	GF= 72525.74	iGF_per= 28552.50 	GF_per= 36262.87[0m
[0;31m Prog= 95.44%	N_left=    51200	Time=  25.84	Time_left=   1.23	iGF= 77170.16	GF= 72551.76	iGF_per= 38585.08 	GF_per= 36275.88[0m
[0;31m Prog= 95.97%	N_left=    49152	Time=  26.04	Time_left=   1.09	iGF= 52688.38	GF= 72402.42	iGF_per= 26344.19 	GF_per= 36201.21[0m
[0;31m Prog= 96.45%	N_left=    47104	Time=  26.16	Time_left=   0.96	iGF= 75918.05	GF= 72419.22	iGF_per= 37959.02 	GF_per= 36209.61[0m
[0;31m Prog= 96.90%	N_left=    45056	Time=  26.33	Time_left=   0.84	iGF= 52055.39	GF= 72289.97	iGF_per= 26027.70 	GF_per= 36144.98[0m
[0;31m Prog= 97.30%	N_left=    43008	Time=  26.44	Time_left=   0.73	iGF= 68955.63	GF= 72275.44	iGF_per= 34477.81 	GF_per= 36137.72[0m
[0;31m Prog= 97.67%	N_left=    40960	Time=  26.59	Time_left=   0.64	iGF= 48782.08	GF= 72144.66	iGF_per= 24391.04 	GF_per= 36072.33[0m
[0;31m Prog= 98.00%	N_left=    38912	Time=  26.69	Time_left=   0.54	iGF= 63000.40	GF= 72109.13	iGF_per= 31500.20 	GF_per= 36054.56[0m
[0;31m Prog= 98.30%	N_left=    36864	Time=  26.83	Time_left=   0.46	iGF= 43966.77	GF= 71968.81	iGF_per= 21983.38 	GF_per= 35984.41[0m
[0;31m Prog= 98.57%	N_left=    34816	Time=  26.92	Time_left=   0.39	iGF= 57186.99	GF= 71918.28	iGF_per= 28593.49 	GF_per= 35959.14[0m
[0;31m Prog= 98.81%	N_left=    32768	Time=  27.04	Time_left=   0.33	iGF= 39955.79	GF= 71779.86	iGF_per= 19977.89 	GF_per= 35889.93[0m
[0;31m Prog= 99.02%	N_left=    30720	Time=  27.13	Time_left=   0.27	iGF= 46585.30	GF= 71697.54	iGF_per= 23292.65 	GF_per= 35848.77[0m
[0;31m Prog= 99.20%	N_left=    28672	Time=  27.23	Time_left=   0.22	iGF= 36162.54	GF= 71567.13	iGF_per= 18081.27 	GF_per= 35783.56[0m
[0;31m Prog= 99.36%	N_left=    26624	Time=  27.30	Time_left=   0.18	iGF= 40138.67	GF= 71477.30	iGF_per= 20069.34 	GF_per= 35738.65[0m
[0;31m Prog= 99.50%	N_left=    24576	Time=  27.40	Time_left=   0.14	iGF= 29183.42	GF= 71335.22	iGF_per= 14591.71 	GF_per= 35667.61[0m
[0;31m Prog= 99.61%	N_left=    22528	Time=  27.47	Time_left=   0.11	iGF= 31746.48	GF= 71232.01	iGF_per= 15873.24 	GF_per= 35616.00[0m
[0;31m Prog= 99.71%	N_left=    20480	Time=  27.55	Time_left=   0.08	iGF= 23562.17	GF= 71092.80	iGF_per= 11781.09 	GF_per= 35546.40[0m
[0;31m Prog= 99.79%	N_left=    18432	Time=  27.61	Time_left=   0.06	iGF= 24165.34	GF= 70983.66	iGF_per= 12082.67 	GF_per= 35491.83[0m
[0;31m Prog= 99.85%	N_left=    16384	Time=  27.68	Time_left=   0.04	iGF= 18386.62	GF= 70855.24	iGF_per=  9193.31 	GF_per= 35427.62[0m
[0;31m Prog= 99.90%	N_left=    14336	Time=  27.73	Time_left=   0.03	iGF= 18359.14	GF= 70755.45	iGF_per=  9179.57 	GF_per= 35377.73[0m
[0;31m Prog= 99.94%	N_left=    12288	Time=  27.79	Time_left=   0.02	iGF= 13083.91	GF= 70640.09	iGF_per=  6541.95 	GF_per= 35320.05[0m
[0;31m Prog= 99.96%	N_left=    10240	Time=  27.84	Time_left=   0.01	iGF= 10717.18	GF= 70535.42	iGF_per=  5358.59 	GF_per= 35267.71[0m
[0;31m Prog= 99.98%	N_left=     8192	Time=  27.89	Time_left=   0.01	iGF=  6933.93	GF= 70420.53	iGF_per=  3466.97 	GF_per= 35210.26[0m
[0;31m Prog= 99.99%	N_left=     6144	Time=  27.93	Time_left=   0.00	iGF=  4832.09	GF= 70317.56	iGF_per=  2416.04 	GF_per= 35158.78[0m
[0;31m Prog= 100.00%	N_left=     4096	Time=  27.98	Time_left=   0.00	iGF=  2452.72	GF= 70209.95	iGF_per=  1226.36 	GF_per= 35104.97[0m
================================================================================
T/V                N    NB     P     Q         Time          Gflops (   per GPU)
--------------------------------------------------------------------------------
WC0           143360  2048     1     2        28.51       6.890e+04 ( 3.445e+04)

HPL_pdgesv() start time Sun Oct  4 23:41:57 2026
HPL_pdgesv() end time   Sun Oct  4 23:42:25 2026

--------------------------------------------------------------------------------
||Ax-b||_oo/(eps*(||A||_oo*||x||_oo+||b||_oo)*N)=   0.001120337724 ...... PASSED
||Ax-b||_oo  . . . . . . . . . . . . . . . . . = 0.0000000059579456
||A||_oo . . . . . . . . . . . . . . . . . . . = 36080.6432988371016108
||x||_oo . . . . . . . . . . . . . . . . . . . = 9.2604998350081207
||b||_oo . . . . . . . . . . . . . . . . . . . = 0.4999993662445502
================================================================================

Finished      1 tests with the following results:
              1 tests completed and passed residual checks,
              0 tests completed and failed residual checks,
              0 tests skipped because of illegal input values.
--------------------------------------------------------------------------------

End of Tests.
================================================================================
bcast0          68900 GFLOP/s   28.51 s
=== bcast1 ===

================================================================================
HPL-NVIDIA 26.2.1  -- NVIDIA accelerated HPL benchmark -- NVIDIA
================================================================================
HPLinpack 2.1  --  High-Performance Linpack benchmark  --   October 26, 2012
Written by A. Petitet and R. Clint Whaley,  Innovative Computing Laboratory, UTK
Modified by Piotr Luszczek, Innovative Computing Laboratory, UTK
Modified by Julien Langou, University of Colorado Denver
================================================================================

An explanation of the input/output parameters follows:
T/V    : Wall time / encoded variant.
N      : The order of the coefficient matrix A.
NB     : The partitioning blocking factor.
P      : The number of process rows.
Q      : The number of process columns.
Time   : Time in seconds to solve the linear system.
Gflops : Rate of execution for solving the linear system.

The following parameter values will be used:

N      :  143360 
NB     :    2048 
PMAP   : Column-major process mapping
P      :       1 
Q      :       2 
PFACT  :   Crout 
NBMIN  :       2 
NDIV   :       2 
RFACT  :    Left 
BCAST  :  1ringM 
DEPTH  :       1 
SWAP   : Spread-roll (long)
L1     : no-transposed form
U      : transposed form
EQUIL  : no
ALIGN  : 8 double precision words

--------------------------------------------------------------------------------

- The matrix A is randomly generated for each test.
- The following scaled residual check will be computed:
      ||Ax-b||_oo / ( eps * ( || x ||_oo * || A ||_oo + || b ||_oo ) * N )
- The relative machine precision (eps) is taken to be               1.110223e-16
- Computational tests pass if scaled residuals are less than                16.0


HPL-NVIDIA ignores the following parameters from input file:
	* Broadcast parameters
	* Panel factorization parameters
	* Look-ahead value
	* L1 layout
	* U layout
	* Equilibration parameter
	* Memory alignment parameter

HPL-NVIDIA settings from environment variables:
	HPL_CUSOLVER_MP_TESTS from environment 0 
--- DEVICE INFO ---
  Peak clock frequency: 1785 MHz
  SM version          : 90
  Number of SMs       : 132
-------------------
[HPL TRACE] cuda_nvshmem_init: max=0.7871 (1) min=0.7871 (0)
[HPL TRACE] ncclCommInitRank: max=0.8936 (0) min=0.8936 (1)
[HPL TRACE] cugetrfs_mp_init: max=0.9323 (1) min=0.9322 (0)
--- MEMORY INFO ---
DEVICE
  System           =      5.40817 GiB (MIN)      5.40817 GiB (MAX)      5.40817 GiB (AVG)
  HPL buffers      =     85.60201 GiB (MIN)     85.60201 GiB (MAX)     85.60201 GiB (AVG)
  Used             =     91.01018 GiB (MIN)     91.01018 GiB (MAX)     91.01018 GiB (AVG)
  Total            =     93.58398 GiB (MIN)     93.58398 GiB (MAX)     93.58398 GiB (AVG)
HOST
  HPL buffers      =      0.00113 GiB (MIN)      0.00113 GiB (MAX)      0.00113 GiB (AVG)
-------------------
[HPL TRACE] HPL_pdmatgen_gpu: max=0.0265 (0) min=0.0265 (1)
[0;31m Prog= 4.22%	N_left=   141312	Time=   1.23	Time_left=  27.78	iGF= 67729.84	GF= 67729.84	iGF_per= 33864.92 	GF_per= 33864.92[0m
[0;31m Prog= 8.33%	N_left=   139264	Time=   2.35	Time_left=  25.88	iGF= 71565.22	GF= 69566.97	iGF_per= 35782.61 	GF_per= 34783.48[0m
[0;31m Prog= 12.31%	N_left=   137216	Time=   3.37	Time_left=  23.97	iGF= 77204.71	GF= 71867.88	iGF_per= 38602.36 	GF_per= 35933.94[0m
[0;31m Prog= 16.18%	N_left=   135168	Time=   4.43	Time_left=  22.92	iGF= 71698.61	GF= 71827.35	iGF_per= 35849.30 	GF_per= 35913.67[0m
[0;31m Prog= 19.93%	N_left=   133120	Time=   5.38	Time_left=  21.60	iGF= 77354.11	GF= 72806.55	iGF_per= 38677.06 	GF_per= 36403.27[0m
[0;31m Prog= 23.57%	N_left=   131072	Time=   6.38	Time_left=  20.68	iGF= 71441.30	GF= 72592.41	iGF_per= 35720.65 	GF_per= 36296.21[0m
[0;31m Prog= 27.10%	N_left=   129024	Time=   7.27	Time_left=  19.57	iGF= 77410.89	GF= 73185.26	iGF_per= 38705.44 	GF_per= 36592.63[0m
[0;31m Prog= 30.52%	N_left=   126976	Time=   8.21	Time_left=  18.70	iGF= 71583.79	GF= 73002.41	iGF_per= 35791.90 	GF_per= 36501.21[0m
[0;31m Prog= 33.82%	N_left=   124928	Time=   9.05	Time_left=  17.71	iGF= 77296.92	GF= 73401.26	iGF_per= 38648.46 	GF_per= 36700.63[0m
[0;31m Prog= 37.03%	N_left=   122880	Time=   9.94	Time_left=  16.90	iGF= 71145.55	GF= 73200.59	iGF_per= 35572.77 	GF_per= 36600.29[0m
[0;31m Prog= 40.12%	N_left=   120832	Time=  10.72	Time_left=  16.00	iGF= 77097.77	GF= 73487.27	iGF_per= 38548.89 	GF_per= 36743.63[0m
[0;31m Prog= 43.12%	N_left=   118784	Time=  11.55	Time_left=  15.24	iGF= 70932.03	GF= 73303.94	iGF_per= 35466.01 	GF_per= 36651.97[0m
[0;31m Prog= 46.01%	N_left=   116736	Time=  12.29	Time_left=  14.42	iGF= 77005.08	GF= 73526.07	iGF_per= 38502.54 	GF_per= 36763.03[0m
[0;31m Prog= 48.80%	N_left=   114688	Time=  13.07	Time_left=  13.71	iGF= 70632.16	GF= 73354.11	iGF_per= 35316.08 	GF_per= 36677.05[0m
[0;31m Prog= 51.49%	N_left=   112640	Time=  13.76	Time_left=  12.96	iGF= 76710.13	GF= 73522.40	iGF_per= 38355.06 	GF_per= 36761.20[0m
[0;31m Prog= 54.09%	N_left=   110592	Time=  14.48	Time_left=  12.29	iGF= 70484.39	GF= 73370.51	iGF_per= 35242.19 	GF_per= 36685.26[0m
[0;31m Prog= 56.60%	N_left=   108544	Time=  15.12	Time_left=  11.60	iGF= 76421.56	GF= 73500.32	iGF_per= 38210.78 	GF_per= 36750.16[0m
[0;31m Prog= 59.01%	N_left=   106496	Time=  15.80	Time_left=  10.98	iGF= 70185.95	GF= 73358.78	iGF_per= 35092.98 	GF_per= 36679.39[0m
[0;31m Prog= 61.33%	N_left=   104448	Time=  16.40	Time_left=  10.34	iGF= 76287.14	GF= 73465.46	iGF_per= 38143.57 	GF_per= 36732.73[0m
[0;31m Prog= 63.56%	N_left=   102400	Time=  17.02	Time_left=   9.76	iGF= 69808.74	GF= 73330.65	iGF_per= 34904.37 	GF_per= 36665.32[0m
[0;31m Prog= 65.70%	N_left=   100352	Time=  17.58	Time_left=   9.18	iGF= 76166.74	GF= 73419.82	iGF_per= 38083.37 	GF_per= 36709.91[0m
[0;31m Prog= 67.76%	N_left=    98304	Time=  18.16	Time_left=   8.64	iGF= 69402.83	GF= 73291.01	iGF_per= 34701.41 	GF_per= 36645.51[0m
[0;31m Prog= 69.73%	N_left=    96256	Time=  18.67	Time_left=   8.10	iGF= 76135.47	GF= 73368.59	iGF_per= 38067.73 	GF_per= 36684.30[0m
[0;31m Prog= 71.62%	N_left=    94208	Time=  19.21	Time_left=   7.61	iGF= 68806.15	GF= 73240.35	iGF_per= 34403.08 	GF_per= 36620.18[0m
[0;31m Prog= 73.43%	N_left=    92160	Time=  19.68	Time_left=   7.12	iGF= 76207.48	GF= 73310.74	iGF_per= 38103.74 	GF_per= 36655.37[0m
[0;31m Prog= 75.17%	N_left=    90112	Time=  20.17	Time_left=   6.67	iGF= 68227.36	GF= 73185.09	iGF_per= 34113.68 	GF_per= 36592.54[0m
[0;31m Prog= 76.82%	N_left=    88064	Time=  20.60	Time_left=   6.22	iGF= 76217.50	GF= 73247.87	iGF_per= 38108.75 	GF_per= 36623.94[0m
[0;31m Prog= 78.40%	N_left=    86016	Time=  21.06	Time_left=   5.80	iGF= 68141.73	GF= 73137.43	iGF_per= 34070.87 	GF_per= 36568.72[0m
[0;31m Prog= 79.91%	N_left=    83968	Time=  21.45	Time_left=   5.39	iGF= 75601.22	GF= 73182.40	iGF_per= 37800.61 	GF_per= 36591.20[0m
[0;31m Prog= 81.34%	N_left=    81920	Time=  21.86	Time_left=   5.02	iGF= 67803.54	GF= 73080.14	iGF_per= 33901.77 	GF_per= 36540.07[0m
[0;31m Prog= 82.71%	N_left=    79872	Time=  22.22	Time_left=   4.65	iGF= 75514.92	GF= 73119.04	iGF_per= 37757.46 	GF_per= 36559.52[0m
[0;31m Prog= 84.00%	N_left=    77824	Time=  22.59	Time_left=   4.30	iGF= 67638.50	GF= 73027.71	iGF_per= 33819.25 	GF_per= 36513.86[0m
[0;31m Prog= 85.23%	N_left=    75776	Time=  22.92	Time_left=   3.97	iGF= 75305.68	GF= 73059.61	iGF_per= 37652.84 	GF_per= 36529.80[0m
[0;31m Prog= 86.40%	N_left=    73728	Time=  23.26	Time_left=   3.66	iGF= 66049.31	GF= 72955.17	iGF_per= 33024.66 	GF_per= 36477.58[0m
[0;31m Prog= 87.50%	N_left=    71680	Time=  23.55	Time_left=   3.36	iGF= 76284.78	GF= 72995.31	iGF_per= 38142.39 	GF_per= 36497.65[0m
[0;31m Prog= 88.54%	N_left=    69632	Time=  23.86	Time_left=   3.09	iGF= 65373.08	GF= 72895.37	iGF_per= 32686.54 	GF_per= 36447.68[0m
[0;31m Prog= 89.52%	N_left=    67584	Time=  24.11	Time_left=   2.82	iGF= 76828.45	GF= 72936.31	iGF_per= 38414.22 	GF_per= 36468.16[0m
[0;31m Prog= 90.45%	N_left=    65536	Time=  24.40	Time_left=   2.58	iGF= 62404.17	GF= 72810.78	iGF_per= 31202.08 	GF_per= 36405.39[0m
[0;31m Prog= 91.31%	N_left=    63488	Time=  24.62	Time_left=   2.34	iGF= 77817.01	GF= 72855.33	iGF_per= 38908.51 	GF_per= 36427.67[0m
[0;31m Prog= 92.13%	N_left=    61440	Time=  24.88	Time_left=   2.13	iGF= 60136.38	GF= 72719.49	iGF_per= 30068.19 	GF_per= 36359.75[0m
[0;31m Prog= 92.89%	N_left=    59392	Time=  25.08	Time_left=   1.92	iGF= 77627.36	GF= 72757.19	iGF_per= 38813.68 	GF_per= 36378.59[0m
[0;31m Prog= 93.60%	N_left=    57344	Time=  25.32	Time_left=   1.73	iGF= 57927.52	GF= 72616.08	iGF_per= 28963.76 	GF_per= 36308.04[0m
[0;31m Prog= 94.26%	N_left=    55296	Time=  25.49	Time_left=   1.55	iGF= 77559.00	GF= 72648.57	iGF_per= 38779.50 	GF_per= 36324.28[0m
[0;31m Prog= 94.88%	N_left=    53248	Time=  25.70	Time_left=   1.39	iGF= 56886.25	GF= 72518.47	iGF_per= 28443.12 	GF_per= 36259.23[0m
[0;31m Prog= 95.44%	N_left=    51200	Time=  25.84	Time_left=   1.23	iGF= 77401.97	GF= 72545.75	iGF_per= 38700.98 	GF_per= 36272.87[0m
[0;31m Prog= 95.97%	N_left=    49152	Time=  26.04	Time_left=   1.09	iGF= 53053.11	GF= 72400.20	iGF_per= 26526.55 	GF_per= 36200.10[0m
[0;31m Prog= 96.45%	N_left=    47104	Time=  26.16	Time_left=   0.96	iGF= 75567.34	GF= 72415.41	iGF_per= 37783.67 	GF_per= 36207.70[0m
[0;31m Prog= 96.90%	N_left=    45056	Time=  26.33	Time_left=   0.84	iGF= 52532.47	GF= 72290.35	iGF_per= 26266.23 	GF_per= 36145.18[0m
[0;31m Prog= 97.30%	N_left=    43008	Time=  26.44	Time_left=   0.73	iGF= 68780.69	GF= 72275.03	iGF_per= 34390.34 	GF_per= 36137.51[0m
[0;31m Prog= 97.67%	N_left=    40960	Time=  26.59	Time_left=   0.63	iGF= 49573.50	GF= 72150.66	iGF_per= 24786.75 	GF_per= 36075.33[0m
[0;31m Prog= 98.00%	N_left=    38912	Time=  26.69	Time_left=   0.54	iGF= 62857.17	GF= 72114.46	iGF_per= 31428.59 	GF_per= 36057.23[0m
[0;31m Prog= 98.30%	N_left=    36864	Time=  26.83	Time_left=   0.46	iGF= 43978.97	GF= 71974.21	iGF_per= 21989.48 	GF_per= 35987.11[0m
[0;31m Prog= 98.57%	N_left=    34816	Time=  26.92	Time_left=   0.39	iGF= 57119.10	GF= 71923.37	iGF_per= 28559.55 	GF_per= 35961.68[0m
[0;31m Prog= 98.81%	N_left=    32768	Time=  27.03	Time_left=   0.33	iGF= 41317.58	GF= 71795.16	iGF_per= 20658.79 	GF_per= 35897.58[0m
[0;31m Prog= 99.02%	N_left=    30720	Time=  27.12	Time_left=   0.27	iGF= 49089.60	GF= 71724.73	iGF_per= 24544.80 	GF_per= 35862.37[0m
[0;31m Prog= 99.20%	N_left=    28672	Time=  27.22	Time_left=   0.22	iGF= 35078.53	GF= 71586.04	iGF_per= 17539.26 	GF_per= 35793.02[0m
[0;31m Prog= 99.36%	N_left=    26624	Time=  27.30	Time_left=   0.18	iGF= 39611.28	GF= 71493.42	iGF_per= 19805.64 	GF_per= 35746.71[0m
[0;31m Prog= 99.50%	N_left=    24576	Time=  27.39	Time_left=   0.14	iGF= 30038.28	GF= 71358.08	iGF_per= 15019.14 	GF_per= 35679.04[0m
[0;31m Prog= 99.61%	N_left=    22528	Time=  27.46	Time_left=   0.11	iGF= 31125.10	GF= 71251.06	iGF_per= 15562.55 	GF_per= 35625.53[0m
[0;31m Prog= 99.71%	N_left=    20480	Time=  27.54	Time_left=   0.08	iGF= 23942.33	GF= 71115.06	iGF_per= 11971.16 	GF_per= 35557.53[0m
[0;31m Prog= 99.79%	N_left=    18432	Time=  27.60	Time_left=   0.06	iGF= 25256.04	GF= 71012.97	iGF_per= 12628.02 	GF_per= 35506.49[0m
[0;31m Prog= 99.85%	N_left=    16384	Time=  27.67	Time_left=   0.04	iGF= 18695.11	GF= 70887.28	iGF_per=  9347.56 	GF_per= 35443.64[0m
[0;31m Prog= 99.90%	N_left=    14336	Time=  27.72	Time_left=   0.03	iGF= 18328.58	GF= 70787.16	iGF_per=  9164.29 	GF_per= 35393.58[0m
[0;31m Prog= 99.94%	N_left=    12288	Time=  27.78	Time_left=   0.02	iGF= 13050.89	GF= 70671.33	iGF_per=  6525.44 	GF_per= 35335.67[0m
[0;31m Prog= 99.96%	N_left=    10240	Time=  27.83	Time_left=   0.01	iGF= 10698.27	GF= 70566.34	iGF_per=  5349.13 	GF_per= 35283.17[0m
[0;31m Prog= 99.98%	N_left=     8192	Time=  27.88	Time_left=   0.01	iGF=  6924.27	GF= 70451.16	iGF_per=  3462.13 	GF_per= 35225.58[0m
[0;31m Prog= 99.99%	N_left=     6144	Time=  27.92	Time_left=   0.00	iGF=  4828.21	GF= 70348.01	iGF_per=  2414.11 	GF_per= 35174.01[0m
[0;31m Prog= 100.00%	N_left=     4096	Time=  27.96	Time_left=   0.00	iGF=  2452.29	GF= 70240.29	iGF_per=  1226.14 	GF_per= 35120.14[0m
================================================================================
T/V                N    NB     P     Q         Time          Gflops (   per GPU)
--------------------------------------------------------------------------------
WC0           143360  2048     1     2        28.11       6.988e+04 ( 3.494e+04)

HPL_pdgesv() start time Sun Oct  4 23:42:32 2026
HPL_pdgesv() end time   Sun Oct  4 23:43:00 2026

--------------------------------------------------------------------------------
||Ax-b||_oo/(eps*(||A||_oo*||x||_oo+||b||_oo)*N)=   0.001120337724 ...... PASSED
||Ax-b||_oo  . . . . . . . . . . . . . . . . . = 0.0000000059579456
||A||_oo . . . . . . . . . . . . . . . . . . . = 36080.6432988371016108
||x||_oo . . . . . . . . . . . . . . . . . . . = 9.2604998350081207
||b||_oo . . . . . . . . . . . . . . . . . . . = 0.4999993662445502
================================================================================

Finished      1 tests with the following results:
              1 tests completed and passed residual checks,
              0 tests completed and failed residual checks,
              0 tests skipped because of illegal input values.
--------------------------------------------------------------------------------

End of Tests.
================================================================================
bcast1          69880 GFLOP/s   28.11 s
=== bcast4 ===

================================================================================
HPL-NVIDIA 26.2.1  -- NVIDIA accelerated HPL benchmark -- NVIDIA
================================================================================
HPLinpack 2.1  --  High-Performance Linpack benchmark  --   October 26, 2012
Written by A. Petitet and R. Clint Whaley,  Innovative Computing Laboratory, UTK
Modified by Piotr Luszczek, Innovative Computing Laboratory, UTK
Modified by Julien Langou, University of Colorado Denver
================================================================================

An explanation of the input/output parameters follows:
T/V    : Wall time / encoded variant.
N      : The order of the coefficient matrix A.
NB     : The partitioning blocking factor.
P      : The number of process rows.
Q      : The number of process columns.
Time   : Time in seconds to solve the linear system.
Gflops : Rate of execution for solving the linear system.

The following parameter values will be used:

N      :  143360 
NB     :    2048 
PMAP   : Column-major process mapping
P      :       1 
Q      :       2 
PFACT  :   Crout 
NBMIN  :       2 
NDIV   :       2 
RFACT  :    Left 
BCAST  :   Blong 
DEPTH  :       1 
SWAP   : Spread-roll (long)
L1     : no-transposed form
U      : transposed form
EQUIL  : no
ALIGN  : 8 double precision words

--------------------------------------------------------------------------------

- The matrix A is randomly generated for each test.
- The following scaled residual check will be computed:
      ||Ax-b||_oo / ( eps * ( || x ||_oo * || A ||_oo + || b ||_oo ) * N )
- The relative machine precision (eps) is taken to be               1.110223e-16
- Computational tests pass if scaled residuals are less than                16.0


HPL-NVIDIA ignores the following parameters from input file:
	* Broadcast parameters
	* Panel factorization parameters
	* Look-ahead value
	* L1 layout
	* U layout
	* Equilibration parameter
	* Memory alignment parameter

HPL-NVIDIA settings from environment variables:
	HPL_CUSOLVER_MP_TESTS from environment 0 
--- DEVICE INFO ---
  Peak clock frequency: 1785 MHz
  SM version          : 90
  Number of SMs       : 132
-------------------
[HPL TRACE] cuda_nvshmem_init: max=0.7904 (1) min=0.7904 (0)
[HPL TRACE] ncclCommInitRank: max=0.9456 (1) min=0.9456 (0)
[HPL TRACE] cugetrfs_mp_init: max=0.9842 (0) min=0.9842 (1)
--- MEMORY INFO ---
DEVICE
  System           =      5.40817 GiB (MIN)      5.40817 GiB (MAX)      5.40817 GiB (AVG)
  HPL buffers      =     85.60201 GiB (MIN)     85.60201 GiB (MAX)     85.60201 GiB (AVG)
  Used             =     91.01018 GiB (MIN)     91.01018 GiB (MAX)     91.01018 GiB (AVG)
  Total            =     93.58398 GiB (MIN)     93.58398 GiB (MAX)     93.58398 GiB (AVG)
HOST
  HPL buffers      =      0.00113 GiB (MIN)      0.00113 GiB (MAX)      0.00113 GiB (AVG)
-------------------
[HPL TRACE] HPL_pdmatgen_gpu: max=0.0263 (1) min=0.0263 (0)
[0;31m Prog= 4.22%	N_left=   141312	Time=   1.22	Time_left=  27.70	iGF= 67925.52	GF= 67925.52	iGF_per= 33962.76 	GF_per= 33962.76[0m
[0;31m Prog= 8.33%	N_left=   139264	Time=   2.35	Time_left=  25.84	iGF= 71571.99	GF= 69674.70	iGF_per= 35785.99 	GF_per= 34837.35[0m
[0;31m Prog= 12.31%	N_left=   137216	Time=   3.36	Time_left=  23.94	iGF= 77249.97	GF= 71958.32	iGF_per= 38624.99 	GF_per= 35979.16[0m
[0;31m Prog= 16.18%	N_left=   135168	Time=   4.42	Time_left=  22.89	iGF= 71773.70	GF= 71914.11	iGF_per= 35886.85 	GF_per= 35957.05[0m
[0;31m Prog= 19.93%	N_left=   133120	Time=   5.37	Time_left=  21.58	iGF= 77349.20	GF= 72878.08	iGF_per= 38674.60 	GF_per= 36439.04[0m
[0;31m Prog= 23.57%	N_left=   131072	Time=   6.37	Time_left=  20.66	iGF= 71461.46	GF= 72655.75	iGF_per= 35730.73 	GF_per= 36327.88[0m
[0;31m Prog= 27.10%	N_left=   129024	Time=   7.27	Time_left=  19.55	iGF= 77505.66	GF= 73252.29	iGF_per= 38752.83 	GF_per= 36626.14[0m
[0;31m Prog= 30.52%	N_left=   126976	Time=   8.20	Time_left=  18.68	iGF= 71583.09	GF= 73061.54	iGF_per= 35791.54 	GF_per= 36530.77[0m
[0;31m Prog= 33.82%	N_left=   124928	Time=   9.04	Time_left=  17.70	iGF= 77315.97	GF= 73456.87	iGF_per= 38657.98 	GF_per= 36728.43[0m
[0;31m Prog= 37.03%	N_left=   122880	Time=   9.93	Time_left=  16.89	iGF= 71209.12	GF= 73256.93	iGF_per= 35604.56 	GF_per= 36628.46[0m
[0;31m Prog= 40.12%	N_left=   120832	Time=  10.72	Time_left=  15.99	iGF= 77010.64	GF= 73533.54	iGF_per= 38505.32 	GF_per= 36766.77[0m
[0;31m Prog= 43.12%	N_left=   118784	Time=  11.55	Time_left=  15.23	iGF= 70847.56	GF= 73340.51	iGF_per= 35423.78 	GF_per= 36670.26[0m
[0;31m Prog= 46.01%	N_left=   116736	Time=  12.29	Time_left=  14.42	iGF= 76892.69	GF= 73554.09	iGF_per= 38446.35 	GF_per= 36777.04[0m
[0;31m Prog= 48.80%	N_left=   114688	Time=  13.06	Time_left=  13.70	iGF= 70895.28	GF= 73396.60	iGF_per= 35447.64 	GF_per= 36698.30[0m
[0;31m Prog= 51.49%	N_left=   112640	Time=  13.75	Time_left=  12.95	iGF= 76650.34	GF= 73559.97	iGF_per= 38325.17 	GF_per= 36779.98[0m
[0;31m Prog= 54.09%	N_left=   110592	Time=  14.47	Time_left=  12.28	iGF= 70498.65	GF= 73406.87	iGF_per= 35249.32 	GF_per= 36703.44[0m
[0;31m Prog= 56.60%	N_left=   108544	Time=  15.12	Time_left=  11.59	iGF= 76455.44	GF= 73536.58	iGF_per= 38227.72 	GF_per= 36768.29[0m
[0;31m Prog= 59.01%	N_left=   106496	Time=  15.79	Time_left=  10.97	iGF= 70436.55	GF= 73404.58	iGF_per= 35218.27 	GF_per= 36702.29[0m
[0;31m Prog= 61.33%	N_left=   104448	Time=  16.39	Time_left=  10.33	iGF= 76366.67	GF= 73512.45	iGF_per= 38183.34 	GF_per= 36756.22[0m
[0;31m Prog= 63.56%	N_left=   102400	Time=  17.01	Time_left=   9.76	iGF= 69756.86	GF= 73373.80	iGF_per= 34878.43 	GF_per= 36686.90[0m
[0;31m Prog= 65.70%	N_left=   100352	Time=  17.57	Time_left=   9.17	iGF= 76316.42	GF= 73466.21	iGF_per= 38158.21 	GF_per= 36733.10[0m
[0;31m Prog= 67.76%	N_left=    98304	Time=  18.15	Time_left=   8.64	iGF= 69429.14	GF= 73336.72	iGF_per= 34714.57 	GF_per= 36668.36[0m
[0;31m Prog= 69.73%	N_left=    96256	Time=  18.66	Time_left=   8.10	iGF= 76217.04	GF= 73415.24	iGF_per= 38108.52 	GF_per= 36707.62[0m
[0;31m Prog= 71.62%	N_left=    94208	Time=  19.20	Time_left=   7.61	iGF= 68850.99	GF= 73286.96	iGF_per= 34425.49 	GF_per= 36643.48[0m
[0;31m Prog= 73.43%	N_left=    92160	Time=  19.66	Time_left=   7.11	iGF= 76080.45	GF= 73353.37	iGF_per= 38040.22 	GF_per= 36676.69[0m
[0;31m Prog= 75.17%	N_left=    90112	Time=  20.16	Time_left=   6.66	iGF= 68455.27	GF= 73232.62	iGF_per= 34227.63 	GF_per= 36616.31[0m
[0;31m Prog= 76.82%	N_left=    88064	Time=  20.59	Time_left=   6.21	iGF= 76128.61	GF= 73292.69	iGF_per= 38064.31 	GF_per= 36646.35[0m
[0;31m Prog= 78.40%	N_left=    86016	Time=  21.05	Time_left=   5.80	iGF= 67721.47	GF= 73171.39	iGF_per= 33860.74 	GF_per= 36585.70[0m
[0;31m Prog= 79.91%	N_left=    83968	Time=  21.44	Time_left=   5.39	iGF= 75747.13	GF= 73218.33	iGF_per= 37873.56 	GF_per= 36609.16[0m
[0;31m Prog= 81.34%	N_left=    81920	Time=  21.85	Time_left=   5.01	iGF= 67839.88	GF= 73116.09	iGF_per= 33919.94 	GF_per= 36558.04[0m
[0;31m Prog= 82.71%	N_left=    79872	Time=  22.21	Time_left=   4.64	iGF= 75151.88	GF= 73148.78	iGF_per= 37575.94 	GF_per= 36574.39[0m
[0;31m Prog= 84.00%	N_left=    77824	Time=  22.59	Time_left=   4.30	iGF= 67543.55	GF= 73055.21	iGF_per= 33771.77 	GF_per= 36527.61[0m
[0;31m Prog= 85.23%	N_left=    75776	Time=  22.91	Time_left=   3.97	iGF= 75411.27	GF= 73088.16	iGF_per= 37705.64 	GF_per= 36544.08[0m
[0;31m Prog= 86.40%	N_left=    73728	Time=  23.25	Time_left=   3.66	iGF= 66240.08	GF= 72986.39	iGF_per= 33120.04 	GF_per= 36493.20[0m
[0;31m Prog= 87.50%	N_left=    71680	Time=  23.53	Time_left=   3.36	iGF= 76555.55	GF= 73029.29	iGF_per= 38277.78 	GF_per= 36514.64[0m
[0;31m Prog= 88.54%	N_left=    69632	Time=  23.85	Time_left=   3.09	iGF= 64982.76	GF= 72923.11	iGF_per= 32491.38 	GF_per= 36461.56[0m
[0;31m Prog= 89.52%	N_left=    67584	Time=  24.10	Time_left=   2.82	iGF= 76823.67	GF= 72963.73	iGF_per= 38411.83 	GF_per= 36481.87[0m
[0;31m Prog= 90.45%	N_left=    65536	Time=  24.39	Time_left=   2.58	iGF= 62010.19	GF= 72832.31	iGF_per= 31005.09 	GF_per= 36416.16[0m
[0;31m Prog= 91.31%	N_left=    63488	Time=  24.61	Time_left=   2.34	iGF= 77635.67	GF= 72875.17	iGF_per= 38817.84 	GF_per= 36437.59[0m
[0;31m Prog= 92.13%	N_left=    61440	Time=  24.88	Time_left=   2.13	iGF= 59683.31	GF= 72733.18	iGF_per= 29841.66 	GF_per= 36366.59[0m
[0;31m Prog= 92.89%	N_left=    59392	Time=  25.07	Time_left=   1.92	iGF= 77220.20	GF= 72767.83	iGF_per= 38610.10 	GF_per= 36383.92[0m
[0;31m Prog= 93.60%	N_left=    57344	Time=  25.31	Time_left=   1.73	iGF= 58028.19	GF= 72627.80	iGF_per= 29014.10 	GF_per= 36313.90[0m
[0;31m Prog= 94.26%	N_left=    55296	Time=  25.48	Time_left=   1.55	iGF= 77660.40	GF= 72660.84	iGF_per= 38830.20 	GF_per= 36330.42[0m
[0;31m Prog= 94.88%	N_left=    53248	Time=  25.69	Time_left=   1.39	iGF= 56778.54	GF= 72529.48	iGF_per= 28389.27 	GF_per= 36264.74[0m
[0;31m Prog= 95.44%	N_left=    51200	Time=  25.84	Time_left=   1.23	iGF= 77453.32	GF= 72556.97	iGF_per= 38726.66 	GF_per= 36278.49[0m
[0;31m Prog= 95.97%	N_left=    49152	Time=  26.03	Time_left=   1.09	iGF= 52789.51	GF= 72408.62	iGF_per= 26394.76 	GF_per= 36204.31[0m
[0;31m Prog= 96.45%	N_left=    47104	Time=  26.16	Time_left=   0.96	iGF= 75634.40	GF= 72424.09	iGF_per= 37817.20 	GF_per= 36212.05[0m
[0;31m Prog= 96.90%	N_left=    45056	Time=  26.32	Time_left=   0.84	iGF= 52856.03	GF= 72301.76	iGF_per= 26428.02 	GF_per= 36150.88[0m
[0;31m Prog= 97.30%	N_left=    43008	Time=  26.44	Time_left=   0.73	iGF= 69749.20	GF= 72290.76	iGF_per= 34874.60 	GF_per= 36145.38[0m
[0;31m Prog= 97.67%	N_left=    40960	Time=  26.59	Time_left=   0.63	iGF= 48594.22	GF= 72158.31	iGF_per= 24297.11 	GF_per= 36079.15[0m
[0;31m Prog= 98.00%	N_left=    38912	Time=  26.69	Time_left=   0.54	iGF= 63458.10	GF= 72124.74	iGF_per= 31729.05 	GF_per= 36062.37[0m
[0;31m Prog= 98.30%	N_left=    36864	Time=  26.82	Time_left=   0.46	iGF= 43646.21	GF= 71981.68	iGF_per= 21823.11 	GF_per= 35990.84[0m
[0;31m Prog= 98.57%	N_left=    34816	Time=  26.92	Time_left=   0.39	iGF= 53371.95	GF= 71913.53	iGF_per= 26685.98 	GF_per= 35956.76[0m
[0;31m Prog= 98.81%	N_left=    32768	Time=  27.04	Time_left=   0.33	iGF= 41576.46	GF= 71787.25	iGF_per= 20788.23 	GF_per= 35893.63[0m
[0;31m Prog= 99.02%	N_left=    30720	Time=  27.12	Time_left=   0.27	iGF= 48195.39	GF= 71712.73	iGF_per= 24097.69 	GF_per= 35856.36[0m
[0;31m Prog= 99.20%	N_left=    28672	Time=  27.22	Time_left=   0.22	iGF= 34728.88	GF= 71571.38	iGF_per= 17364.44 	GF_per= 35785.69[0m
[0;31m Prog= 99.36%	N_left=    26624	Time=  27.30	Time_left=   0.18	iGF= 39148.14	GF= 71476.37	iGF_per= 19574.07 	GF_per= 35738.18[0m
[0;31m Prog= 99.50%	N_left=    24576	Time=  27.39	Time_left=   0.14	iGF= 29851.79	GF= 71339.66	iGF_per= 14925.89 	GF_per= 35669.83[0m
[0;31m Prog= 99.61%	N_left=    22528	Time=  27.47	Time_left=   0.11	iGF= 31662.71	GF= 71235.94	iGF_per= 15831.36 	GF_per= 35617.97[0m
[0;31m Prog= 99.71%	N_left=    20480	Time=  27.54	Time_left=   0.08	iGF= 24618.92	GF= 71105.63	iGF_per= 12309.46 	GF_per= 35552.81[0m
[0;31m Prog= 99.79%	N_left=    18432	Time=  27.61	Time_left=   0.06	iGF= 24389.34	GF= 70997.95	iGF_per= 12194.67 	GF_per= 35498.98[0m
[0;31m Prog= 99.85%	N_left=    16384	Time=  27.68	Time_left=   0.04	iGF= 18337.34	GF= 70869.00	iGF_per=  9168.67 	GF_per= 35434.50[0m
[0;31m Prog= 99.90%	N_left=    14336	Time=  27.73	Time_left=   0.03	iGF= 18815.05	GF= 70772.43	iGF_per=  9407.53 	GF_per= 35386.22[0m
[0;31m Prog= 99.94%	N_left=    12288	Time=  27.78	Time_left=   0.02	iGF= 12928.54	GF= 70655.31	iGF_per=  6464.27 	GF_per= 35327.66[0m
[0;31m Prog= 99.96%	N_left=    10240	Time=  27.83	Time_left=   0.01	iGF= 10708.57	GF= 70550.49	iGF_per=  5354.29 	GF_per= 35275.25[0m
[0;31m Prog= 99.98%	N_left=     8192	Time=  27.88	Time_left=   0.01	iGF=  6919.98	GF= 70435.29	iGF_per=  3459.99 	GF_per= 35217.65[0m
[0;31m Prog= 99.99%	N_left=     6144	Time=  27.93	Time_left=   0.00	iGF=  4824.13	GF= 70332.10	iGF_per=  2412.07 	GF_per= 35166.05[0m
[0;31m Prog= 100.00%	N_left=     4096	Time=  27.97	Time_left=   0.00	iGF=  2451.42	GF= 70224.38	iGF_per=  1225.71 	GF_per= 35112.19[0m
================================================================================
T/V                N    NB     P     Q         Time          Gflops (   per GPU)
--------------------------------------------------------------------------------
WC0           143360  2048     1     2        28.12       6.985e+04 ( 3.492e+04)

HPL_pdgesv() start time Sun Oct  4 23:43:07 2026
HPL_pdgesv() end time   Sun Oct  4 23:43:35 2026

--------------------------------------------------------------------------------
||Ax-b||_oo/(eps*(||A||_oo*||x||_oo+||b||_oo)*N)=   0.001120337724 ...... PASSED
||Ax-b||_oo  . . . . . . . . . . . . . . . . . = 0.0000000059579456
||A||_oo . . . . . . . . . . . . . . . . . . . = 36080.6432988371016108
||x||_oo . . . . . . . . . . . . . . . . . . . = 9.2604998350081207
||b||_oo . . . . . . . . . . . . . . . . . . . = 0.4999993662445502
================================================================================

Finished      1 tests with the following results:
              1 tests completed and passed residual checks,
              0 tests completed and failed residual checks,
              0 tests skipped because of illegal input values.
--------------------------------------------------------------------------------

End of Tests.
================================================================================
bcast4          69850 GFLOP/s   28.12 s
=== bcast5 ===

================================================================================
HPL-NVIDIA 26.2.1  -- NVIDIA accelerated HPL benchmark -- NVIDIA
================================================================================
HPLinpack 2.1  --  High-Performance Linpack benchmark  --   October 26, 2012
Written by A. Petitet and R. Clint Whaley,  Innovative Computing Laboratory, UTK
Modified by Piotr Luszczek, Innovative Computing Laboratory, UTK
Modified by Julien Langou, University of Colorado Denver
================================================================================

An explanation of the input/output parameters follows:
T/V    : Wall time / encoded variant.
N      : The order of the coefficient matrix A.
NB     : The partitioning blocking factor.
P      : The number of process rows.
Q      : The number of process columns.
Time   : Time in seconds to solve the linear system.
Gflops : Rate of execution for solving the linear system.

The following parameter values will be used:

N      :  143360 
NB     :    2048 
PMAP   : Column-major process mapping
P      :       1 
Q      :       2 
PFACT  :   Crout 
NBMIN  :       2 
NDIV   :       2 
RFACT  :    Left 
BCAST  :  BlongM 
DEPTH  :       1 
SWAP   : Spread-roll (long)
L1     : no-transposed form
U      : transposed form
EQUIL  : no
ALIGN  : 8 double precision words

--------------------------------------------------------------------------------

- The matrix A is randomly generated for each test.
- The following scaled residual check will be computed:
      ||Ax-b||_oo / ( eps * ( || x ||_oo * || A ||_oo + || b ||_oo ) * N )
- The relative machine precision (eps) is taken to be               1.110223e-16
- Computational tests pass if scaled residuals are less than                16.0


HPL-NVIDIA ignores the following parameters from input file:
	* Broadcast parameters
	* Panel factorization parameters
	* Look-ahead value
	* L1 layout
	* U layout
	* Equilibration parameter
	* Memory alignment parameter

HPL-NVIDIA settings from environment variables:
	HPL_CUSOLVER_MP_TESTS from environment 0 
--- DEVICE INFO ---
  Peak clock frequency: 1785 MHz
  SM version          : 90
  Number of SMs       : 132
-------------------
[HPL TRACE] cuda_nvshmem_init: max=0.7948 (1) min=0.7948 (0)
[HPL TRACE] ncclCommInitRank: max=1.0450 (1) min=1.0450 (0)
[HPL TRACE] cugetrfs_mp_init: max=1.0835 (1) min=1.0835 (0)
--- MEMORY INFO ---
DEVICE
  System           =      5.40817 GiB (MIN)      5.40817 GiB (MAX)      5.40817 GiB (AVG)
  HPL buffers      =     85.60201 GiB (MIN)     85.60201 GiB (MAX)     85.60201 GiB (AVG)
  Used             =     91.01018 GiB (MIN)     91.01018 GiB (MAX)     91.01018 GiB (AVG)
  Total            =     93.58398 GiB (MIN)     93.58398 GiB (MAX)     93.58398 GiB (AVG)
HOST
  HPL buffers      =      0.00113 GiB (MIN)      0.00113 GiB (MAX)      0.00113 GiB (AVG)
-------------------
[HPL TRACE] HPL_pdmatgen_gpu: max=0.0271 (0) min=0.0271 (1)
[0;31m Prog= 4.22%	N_left=   141312	Time=   1.22	Time_left=  27.74	iGF= 67810.88	GF= 67810.88	iGF_per= 33905.44 	GF_per= 33905.44[0m
[0;31m Prog= 8.33%	N_left=   139264	Time=   2.35	Time_left=  25.86	iGF= 71617.01	GF= 69634.44	iGF_per= 35808.50 	GF_per= 34817.22[0m
[0;31m Prog= 12.31%	N_left=   137216	Time=   3.36	Time_left=  23.94	iGF= 77275.39	GF= 71936.40	iGF_per= 38637.69 	GF_per= 35968.20[0m
[0;31m Prog= 16.18%	N_left=   135168	Time=   4.42	Time_left=  22.91	iGF= 71692.99	GF= 71878.07	iGF_per= 35846.50 	GF_per= 35939.04[0m
[0;31m Prog= 19.93%	N_left=   133120	Time=   5.38	Time_left=  21.59	iGF= 77244.11	GF= 72830.47	iGF_per= 38622.06 	GF_per= 36415.23[0m
[0;31m Prog= 23.57%	N_left=   131072	Time=   6.38	Time_left=  20.67	iGF= 71553.22	GF= 72630.34	iGF_per= 35776.61 	GF_per= 36315.17[0m
[0;31m Prog= 27.10%	N_left=   129024	Time=   7.27	Time_left=  19.56	iGF= 77246.51	GF= 73199.62	iGF_per= 38623.26 	GF_per= 36599.81[0m
[0;31m Prog= 30.52%	N_left=   126976	Time=   8.21	Time_left=  18.69	iGF= 71547.35	GF= 73010.85	iGF_per= 35773.67 	GF_per= 36505.43[0m
[0;31m Prog= 33.82%	N_left=   124928	Time=   9.05	Time_left=  17.71	iGF= 77306.44	GF= 73409.80	iGF_per= 38653.22 	GF_per= 36704.90[0m
[0;31m Prog= 37.03%	N_left=   122880	Time=   9.93	Time_left=  16.90	iGF= 71122.05	GF= 73206.19	iGF_per= 35561.03 	GF_per= 36603.10[0m
[0;31m Prog= 40.12%	N_left=   120832	Time=  10.72	Time_left=  16.00	iGF= 77178.89	GF= 73498.16	iGF_per= 38589.44 	GF_per= 36749.08[0m
[0;31m Prog= 43.12%	N_left=   118784	Time=  11.55	Time_left=  15.24	iGF= 70965.30	GF= 73316.50	iGF_per= 35482.65 	GF_per= 36658.25[0m
[0;31m Prog= 46.01%	N_left=   116736	Time=  12.29	Time_left=  14.42	iGF= 76868.41	GF= 73530.06	iGF_per= 38434.20 	GF_per= 36765.03[0m
[0;31m Prog= 48.80%	N_left=   114688	Time=  13.07	Time_left=  13.71	iGF= 70696.62	GF= 73361.83	iGF_per= 35348.31 	GF_per= 36680.91[0m
[0;31m Prog= 51.49%	N_left=   112640	Time=  13.76	Time_left=  12.96	iGF= 76633.75	GF= 73526.07	iGF_per= 38316.88 	GF_per= 36763.04[0m
[0;31m Prog= 54.09%	N_left=   110592	Time=  14.48	Time_left=  12.29	iGF= 70587.88	GF= 73379.38	iGF_per= 35293.94 	GF_per= 36689.69[0m
[0;31m Prog= 56.60%	N_left=   108544	Time=  15.13	Time_left=  11.60	iGF= 76100.71	GF= 73495.63	iGF_per= 38050.36 	GF_per= 36747.82[0m
[0;31m Prog= 59.01%	N_left=   106496	Time=  15.80	Time_left=  10.97	iGF= 70533.17	GF= 73369.73	iGF_per= 35266.58 	GF_per= 36684.86[0m
[0;31m Prog= 61.33%	N_left=   104448	Time=  16.39	Time_left=  10.34	iGF= 76230.06	GF= 73474.02	iGF_per= 38115.03 	GF_per= 36737.01[0m
[0;31m Prog= 63.56%	N_left=   102400	Time=  17.02	Time_left=   9.76	iGF= 69595.42	GF= 73330.59	iGF_per= 34797.71 	GF_per= 36665.29[0m
[0;31m Prog= 65.70%	N_left=   100352	Time=  17.57	Time_left=   9.18	iGF= 76500.34	GF= 73429.83	iGF_per= 38250.17 	GF_per= 36714.92[0m
[0;31m Prog= 67.76%	N_left=    98304	Time=  18.16	Time_left=   8.64	iGF= 69133.61	GF= 73291.54	iGF_per= 34566.80 	GF_per= 36645.77[0m
[0;31m Prog= 69.73%	N_left=    96256	Time=  18.67	Time_left=   8.10	iGF= 76286.18	GF= 73373.05	iGF_per= 38143.09 	GF_per= 36686.53[0m
[0;31m Prog= 71.62%	N_left=    94208	Time=  19.21	Time_left=   7.61	iGF= 68839.52	GF= 73245.68	iGF_per= 34419.76 	GF_per= 36622.84[0m
[0;31m Prog= 73.43%	N_left=    92160	Time=  19.67	Time_left=   7.12	iGF= 76093.17	GF= 73313.33	iGF_per= 38046.58 	GF_per= 36656.66[0m
[0;31m Prog= 75.17%	N_left=    90112	Time=  20.17	Time_left=   6.67	iGF= 68338.44	GF= 73190.55	iGF_per= 34169.22 	GF_per= 36595.27[0m
[0;31m Prog= 76.82%	N_left=    88064	Time=  20.60	Time_left=   6.22	iGF= 76043.75	GF= 73249.76	iGF_per= 38021.87 	GF_per= 36624.88[0m
[0;31m Prog= 78.40%	N_left=    86016	Time=  21.06	Time_left=   5.80	iGF= 67929.06	GF= 73134.33	iGF_per= 33964.53 	GF_per= 36567.16[0m
[0;31m Prog= 79.91%	N_left=    83968	Time=  21.45	Time_left=   5.39	iGF= 76128.90	GF= 73188.60	iGF_per= 38064.45 	GF_per= 36594.30[0m
[0;31m Prog= 81.34%	N_left=    81920	Time=  21.86	Time_left=   5.01	iGF= 67664.58	GF= 73083.37	iGF_per= 33832.29 	GF_per= 36541.68[0m
[0;31m Prog= 82.71%	N_left=    79872	Time=  22.22	Time_left=   4.65	iGF= 75216.95	GF= 73117.59	iGF_per= 37608.48 	GF_per= 36558.79[0m
[0;31m Prog= 84.00%	N_left=    77824	Time=  22.60	Time_left=   4.30	iGF= 67531.66	GF= 73024.36	iGF_per= 33765.83 	GF_per= 36512.18[0m
[0;31m Prog= 85.23%	N_left=    75776	Time=  22.92	Time_left=   3.97	iGF= 75184.85	GF= 73054.66	iGF_per= 37592.43 	GF_per= 36527.33[0m
[0;31m Prog= 86.40%	N_left=    73728	Time=  23.26	Time_left=   3.66	iGF= 66396.95	GF= 72955.99	iGF_per= 33198.48 	GF_per= 36478.00[0m
[0;31m Prog= 87.50%	N_left=    71680	Time=  23.55	Time_left=   3.36	iGF= 76257.49	GF= 72995.80	iGF_per= 38128.75 	GF_per= 36497.90[0m
[0;31m Prog= 88.54%	N_left=    69632	Time=  23.86	Time_left=   3.09	iGF= 65106.01	GF= 72891.94	iGF_per= 32553.00 	GF_per= 36445.97[0m
[0;31m Prog= 89.52%	N_left=    67584	Time=  24.11	Time_left=   2.82	iGF= 76903.86	GF= 72933.66	iGF_per= 38451.93 	GF_per= 36466.83[0m
[0;31m Prog= 90.45%	N_left=    65536	Time=  24.40	Time_left=   2.58	iGF= 62172.42	GF= 72804.93	iGF_per= 31086.21 	GF_per= 36402.47[0m
[0;31m Prog= 91.31%	N_left=    63488	Time=  24.62	Time_left=   2.34	iGF= 77785.11	GF= 72849.27	iGF_per= 38892.56 	GF_per= 36424.63[0m
[0;31m Prog= 92.13%	N_left=    61440	Time=  24.89	Time_left=   2.13	iGF= 59746.93	GF= 72708.44	iGF_per= 29873.47 	GF_per= 36354.22[0m
[0;31m Prog= 92.89%	N_left=    59392	Time=  25.08	Time_left=   1.92	iGF= 77161.82	GF= 72742.84	iGF_per= 38580.91 	GF_per= 36371.42[0m
[0;31m Prog= 93.60%	N_left=    57344	Time=  25.32	Time_left=   1.73	iGF= 58156.18	GF= 72604.61	iGF_per= 29078.09 	GF_per= 36302.31[0m
[0;31m Prog= 94.26%	N_left=    55296	Time=  25.49	Time_left=   1.55	iGF= 77934.24	GF= 72639.47	iGF_per= 38967.12 	GF_per= 36319.74[0m
[0;31m Prog= 94.88%	N_left=    53248	Time=  25.70	Time_left=   1.39	iGF= 56597.52	GF= 72506.41	iGF_per= 28298.76 	GF_per= 36253.21[0m
[0;31m Prog= 95.44%	N_left=    51200	Time=  25.85	Time_left=   1.23	iGF= 77352.78	GF= 72533.49	iGF_per= 38676.39 	GF_per= 36266.75[0m
[0;31m Prog= 95.97%	N_left=    49152	Time=  26.04	Time_left=   1.09	iGF= 52402.38	GF= 72381.36	iGF_per= 26201.19 	GF_per= 36190.68[0m
[0;31m Prog= 96.45%	N_left=    47104	Time=  26.17	Time_left=   0.96	iGF= 74299.58	GF= 72390.72	iGF_per= 37149.79 	GF_per= 36195.36[0m
[0;31m Prog= 96.90%	N_left=    45056	Time=  26.33	Time_left=   0.84	iGF= 53354.36	GF= 72272.86	iGF_per= 26677.18 	GF_per= 36136.43[0m
[0;31m Prog= 97.30%	N_left=    43008	Time=  26.45	Time_left=   0.73	iGF= 69753.98	GF= 72262.02	iGF_per= 34876.99 	GF_per= 36131.01[0m
[0;31m Prog= 97.67%	N_left=    40960	Time=  26.60	Time_left=   0.64	iGF= 48618.50	GF= 72129.98	iGF_per= 24309.25 	GF_per= 36064.99[0m
[0;31m Prog= 98.00%	N_left=    38912	Time=  26.70	Time_left=   0.54	iGF= 63090.70	GF= 72094.92	iGF_per= 31545.35 	GF_per= 36047.46[0m
[0;31m Prog= 98.30%	N_left=    36864	Time=  26.83	Time_left=   0.46	iGF= 44116.85	GF= 71955.92	iGF_per= 22058.43 	GF_per= 35977.96[0m
[0;31m Prog= 98.57%	N_left=    34816	Time=  26.93	Time_left=   0.39	iGF= 56528.34	GF= 71902.58	iGF_per= 28264.17 	GF_per= 35951.29[0m
[0;31m Prog= 98.81%	N_left=    32768	Time=  27.04	Time_left=   0.33	iGF= 39852.09	GF= 71763.45	iGF_per= 19926.05 	GF_per= 35881.72[0m
[0;31m Prog= 99.02%	N_left=    30720	Time=  27.13	Time_left=   0.27	iGF= 48080.29	GF= 71688.48	iGF_per= 24040.15 	GF_per= 35844.24[0m
[0;31m Prog= 99.20%	N_left=    28672	Time=  27.23	Time_left=   0.22	iGF= 35139.15	GF= 71550.47	iGF_per= 17569.58 	GF_per= 35775.23[0m
[0;31m Prog= 99.36%	N_left=    26624	Time=  27.31	Time_left=   0.18	iGF= 39993.54	GF= 71459.97	iGF_per= 19996.77 	GF_per= 35729.98[0m
[0;31m Prog= 99.50%	N_left=    24576	Time=  27.40	Time_left=   0.14	iGF= 29350.35	GF= 71319.35	iGF_per= 14675.17 	GF_per= 35659.67[0m
[0;31m Prog= 99.61%	N_left=    22528	Time=  27.47	Time_left=   0.11	iGF= 31726.57	GF= 71216.08	iGF_per= 15863.29 	GF_per= 35608.04[0m
[0;31m Prog= 99.71%	N_left=    20480	Time=  27.55	Time_left=   0.08	iGF= 23549.02	GF= 71076.84	iGF_per= 11774.51 	GF_per= 35538.42[0m
[0;31m Prog= 99.79%	N_left=    18432	Time=  27.62	Time_left=   0.06	iGF= 24027.23	GF= 70966.81	iGF_per= 12013.61 	GF_per= 35483.41[0m
[0;31m Prog= 99.85%	N_left=    16384	Time=  27.69	Time_left=   0.04	iGF= 18403.64	GF= 70838.62	iGF_per=  9201.82 	GF_per= 35419.31[0m
[0;31m Prog= 99.90%	N_left=    14336	Time=  27.74	Time_left=   0.03	iGF= 18281.92	GF= 70738.32	iGF_per=  9140.96 	GF_per= 35369.16[0m
[0;31m Prog= 99.94%	N_left=    12288	Time=  27.80	Time_left=   0.02	iGF= 13057.29	GF= 70622.73	iGF_per=  6528.65 	GF_per= 35311.37[0m
[0;31m Prog= 99.96%	N_left=    10240	Time=  27.84	Time_left=   0.01	iGF= 10709.43	GF= 70518.03	iGF_per=  5354.72 	GF_per= 35259.02[0m
[0;31m Prog= 99.98%	N_left=     8192	Time=  27.89	Time_left=   0.01	iGF=  6926.68	GF= 70403.06	iGF_per=  3463.34 	GF_per= 35201.53[0m
[0;31m Prog= 99.99%	N_left=     6144	Time=  27.94	Time_left=   0.00	iGF=  4824.78	GF= 70299.98	iGF_per=  2412.39 	GF_per= 35149.99[0m
[0;31m Prog= 100.00%	N_left=     4096	Time=  27.98	Time_left=   0.00	iGF=  2449.59	GF= 70192.28	iGF_per=  1224.80 	GF_per= 35096.14[0m
================================================================================
T/V                N    NB     P     Q         Time          Gflops (   per GPU)
--------------------------------------------------------------------------------
WC0           143360  2048     1     2        28.12       6.985e+04 ( 3.493e+04)

HPL_pdgesv() start time Sun Oct  4 23:43:42 2026
HPL_pdgesv() end time   Sun Oct  4 23:44:10 2026

--------------------------------------------------------------------------------
||Ax-b||_oo/(eps*(||A||_oo*||x||_oo+||b||_oo)*N)=   0.001120337724 ...... PASSED
||Ax-b||_oo  . . . . . . . . . . . . . . . . . = 0.0000000059579456
||A||_oo . . . . . . . . . . . . . . . . . . . = 36080.6432988371016108
||x||_oo . . . . . . . . . . . . . . . . . . . = 9.2604998350081207
||b||_oo . . . . . . . . . . . . . . . . . . . = 0.4999993662445502
================================================================================

Finished      1 tests with the following results:
              1 tests completed and passed residual checks,
              0 tests completed and failed residual checks,
              0 tests skipped because of illegal input values.
--------------------------------------------------------------------------------

End of Tests.
================================================================================
bcast5          69850 GFLOP/s   28.12 s
=== depth0 ===

================================================================================
HPL-NVIDIA 26.2.1  -- NVIDIA accelerated HPL benchmark -- NVIDIA
================================================================================
HPLinpack 2.1  --  High-Performance Linpack benchmark  --   October 26, 2012
Written by A. Petitet and R. Clint Whaley,  Innovative Computing Laboratory, UTK
Modified by Piotr Luszczek, Innovative Computing Laboratory, UTK
Modified by Julien Langou, University of Colorado Denver
================================================================================

An explanation of the input/output parameters follows:
T/V    : Wall time / encoded variant.
N      : The order of the coefficient matrix A.
NB     : The partitioning blocking factor.
P      : The number of process rows.
Q      : The number of process columns.
Time   : Time in seconds to solve the linear system.
Gflops : Rate of execution for solving the linear system.

The following parameter values will be used:

N      :  143360 
NB     :    2048 
PMAP   : Column-major process mapping
P      :       1 
Q      :       2 
PFACT  :   Crout 
NBMIN  :       2 
NDIV   :       2 
RFACT  :    Left 
BCAST  :  2ringM 
DEPTH  :       0 
SWAP   : Spread-roll (long)
L1     : no-transposed form
U      : transposed form
EQUIL  : no
ALIGN  : 8 double precision words

--------------------------------------------------------------------------------

- The matrix A is randomly generated for each test.
- The following scaled residual check will be computed:
      ||Ax-b||_oo / ( eps * ( || x ||_oo * || A ||_oo + || b ||_oo ) * N )
- The relative machine precision (eps) is taken to be               1.110223e-16
- Computational tests pass if scaled residuals are less than                16.0


HPL-NVIDIA ignores the following parameters from input file:
	* Broadcast parameters
	* Panel factorization parameters
	* Look-ahead value
	* L1 layout
	* U layout
	* Equilibration parameter
	* Memory alignment parameter

HPL-NVIDIA settings from environment variables:
	HPL_CUSOLVER_MP_TESTS from environment 0 
--- DEVICE INFO ---
  Peak clock frequency: 1785 MHz
  SM version          : 90
  Number of SMs       : 132
-------------------
[HPL TRACE] cuda_nvshmem_init: max=0.7987 (1) min=0.7987 (0)
[HPL TRACE] ncclCommInitRank: max=0.9600 (0) min=0.9600 (1)
[HPL TRACE] cugetrfs_mp_init: max=0.9986 (1) min=0.9986 (0)
--- MEMORY INFO ---
DEVICE
  System           =      5.40817 GiB (MIN)      5.40817 GiB (MAX)      5.40817 GiB (AVG)
  HPL buffers      =     85.60201 GiB (MIN)     85.60201 GiB (MAX)     85.60201 GiB (AVG)
  Used             =     91.01018 GiB (MIN)     91.01018 GiB (MAX)     91.01018 GiB (AVG)
  Total            =     93.58398 GiB (MIN)     93.58398 GiB (MAX)     93.58398 GiB (AVG)
HOST
  HPL buffers      =      0.00113 GiB (MIN)      0.00113 GiB (MAX)      0.00113 GiB (AVG)
-------------------
[HPL TRACE] HPL_pdmatgen_gpu: max=0.0264 (1) min=0.0264 (0)
[0;31m Prog= 4.22%	N_left=   141312	Time=   1.23	Time_left=  27.80	iGF= 67669.65	GF= 67669.65	iGF_per= 33834.83 	GF_per= 33834.83[0m
[0;31m Prog= 8.33%	N_left=   139264	Time=   2.35	Time_left=  25.88	iGF= 71679.33	GF= 69587.79	iGF_per= 35839.67 	GF_per= 34793.89[0m
[0;31m Prog= 12.31%	N_left=   137216	Time=   3.36	Time_left=  23.95	iGF= 77303.57	GF= 71910.62	iGF_per= 38651.79 	GF_per= 35955.31[0m
[0;31m Prog= 16.18%	N_left=   135168	Time=   4.42	Time_left=  22.90	iGF= 71882.92	GF= 71903.99	iGF_per= 35941.46 	GF_per= 35952.00[0m
[0;31m Prog= 19.93%	N_left=   133120	Time=   5.37	Time_left=  21.58	iGF= 77303.49	GF= 72862.00	iGF_per= 38651.74 	GF_per= 36431.00[0m
[0;31m Prog= 23.57%	N_left=   131072	Time=   6.37	Time_left=  20.67	iGF= 71464.63	GF= 72642.75	iGF_per= 35732.32 	GF_per= 36321.37[0m
[0;31m Prog= 27.10%	N_left=   129024	Time=   7.27	Time_left=  19.56	iGF= 77217.76	GF= 73207.22	iGF_per= 38608.88 	GF_per= 36603.61[0m
[0;31m Prog= 30.52%	N_left=   126976	Time=   8.21	Time_left=  18.70	iGF= 71352.05	GF= 72994.74	iGF_per= 35676.02 	GF_per= 36497.37[0m
[0;31m Prog= 33.82%	N_left=   124928	Time=   9.05	Time_left=  17.71	iGF= 77212.16	GF= 73386.78	iGF_per= 38606.08 	GF_per= 36693.39[0m
[0;31m Prog= 37.03%	N_left=   122880	Time=   9.94	Time_left=  16.90	iGF= 71315.11	GF= 73202.91	iGF_per= 35657.55 	GF_per= 36601.45[0m
[0;31m Prog= 40.12%	N_left=   120832	Time=  10.72	Time_left=  16.01	iGF= 77025.02	GF= 73484.32	iGF_per= 38512.51 	GF_per= 36742.16[0m
[0;31m Prog= 43.12%	N_left=   118784	Time=  11.55	Time_left=  15.24	iGF= 71133.58	GF= 73316.12	iGF_per= 35566.79 	GF_per= 36658.06[0m
[0;31m Prog= 46.01%	N_left=   116736	Time=  12.29	Time_left=  14.42	iGF= 76966.15	GF= 73535.32	iGF_per= 38483.08 	GF_per= 36767.66[0m
[0;31m Prog= 48.80%	N_left=   114688	Time=  13.06	Time_left=  13.71	iGF= 70763.34	GF= 73370.87	iGF_per= 35381.67 	GF_per= 36685.44[0m
[0;31m Prog= 51.49%	N_left=   112640	Time=  13.75	Time_left=  12.96	iGF= 76650.34	GF= 73535.48	iGF_per= 38325.17 	GF_per= 36767.74[0m
[0;31m Prog= 54.09%	N_left=   110592	Time=  14.48	Time_left=  12.29	iGF= 70595.99	GF= 73388.72	iGF_per= 35297.99 	GF_per= 36694.36[0m
[0;31m Prog= 56.60%	N_left=   108544	Time=  15.12	Time_left=  11.60	iGF= 76452.31	GF= 73519.03	iGF_per= 38226.15 	GF_per= 36759.52[0m
[0;31m Prog= 59.01%	N_left=   106496	Time=  15.79	Time_left=  10.97	iGF= 70289.72	GF= 73381.29	iGF_per= 35144.86 	GF_per= 36690.65[0m
[0;31m Prog= 61.33%	N_left=   104448	Time=  16.39	Time_left=  10.34	iGF= 76399.68	GF= 73491.12	iGF_per= 38199.84 	GF_per= 36745.56[0m
[0;31m Prog= 63.56%	N_left=   102400	Time=  17.02	Time_left=   9.76	iGF= 69609.45	GF= 73347.58	iGF_per= 34804.73 	GF_per= 36673.79[0m
[0;31m Prog= 65.70%	N_left=   100352	Time=  17.57	Time_left=   9.17	iGF= 76308.32	GF= 73440.53	iGF_per= 38154.16 	GF_per= 36720.26[0m
[0;31m Prog= 67.76%	N_left=    98304	Time=  18.15	Time_left=   8.64	iGF= 69567.80	GF= 73316.60	iGF_per= 34783.90 	GF_per= 36658.30[0m
[0;31m Prog= 69.73%	N_left=    96256	Time=  18.66	Time_left=   8.10	iGF= 76051.74	GF= 73391.30	iGF_per= 38025.87 	GF_per= 36695.65[0m
[0;31m Prog= 71.62%	N_left=    94208	Time=  19.20	Time_left=   7.61	iGF= 69055.47	GF= 73269.82	iGF_per= 34527.73 	GF_per= 36634.91[0m
[0;31m Prog= 73.43%	N_left=    92160	Time=  19.67	Time_left=   7.12	iGF= 75823.86	GF= 73330.73	iGF_per= 37911.93 	GF_per= 36665.36[0m
[0;31m Prog= 75.17%	N_left=    90112	Time=  20.17	Time_left=   6.66	iGF= 68459.30	GF= 73210.68	iGF_per= 34229.65 	GF_per= 36605.34[0m
[0;31m Prog= 76.82%	N_left=    88064	Time=  20.59	Time_left=   6.21	iGF= 76146.02	GF= 73271.54	iGF_per= 38073.01 	GF_per= 36635.77[0m
[0;31m Prog= 78.40%	N_left=    86016	Time=  21.05	Time_left=   5.80	iGF= 67598.44	GF= 73147.83	iGF_per= 33799.22 	GF_per= 36573.91[0m
[0;31m Prog= 79.91%	N_left=    83968	Time=  21.44	Time_left=   5.39	iGF= 76018.89	GF= 73199.95	iGF_per= 38009.44 	GF_per= 36599.97[0m
[0;31m Prog= 81.34%	N_left=    81920	Time=  21.86	Time_left=   5.01	iGF= 67346.85	GF= 73087.91	iGF_per= 33673.43 	GF_per= 36543.95[0m
[0;31m Prog= 82.71%	N_left=    79872	Time=  22.22	Time_left=   4.65	iGF= 75085.27	GF= 73120.01	iGF_per= 37542.64 	GF_per= 36560.00[0m
[0;31m Prog= 84.00%	N_left=    77824	Time=  22.59	Time_left=   4.30	iGF= 67527.46	GF= 73026.66	iGF_per= 33763.73 	GF_per= 36513.33[0m
[0;31m Prog= 85.23%	N_left=    75776	Time=  22.92	Time_left=   3.97	iGF= 74610.30	GF= 73049.04	iGF_per= 37305.15 	GF_per= 36524.52[0m
[0;31m Prog= 86.40%	N_left=    73728	Time=  23.26	Time_left=   3.66	iGF= 66639.72	GF= 72954.40	iGF_per= 33319.86 	GF_per= 36477.20[0m
[0;31m Prog= 87.50%	N_left=    71680	Time=  23.54	Time_left=   3.36	iGF= 77563.05	GF= 73009.05	iGF_per= 38781.53 	GF_per= 36504.52[0m
[0;31m Prog= 88.54%	N_left=    69632	Time=  23.86	Time_left=   3.09	iGF= 63431.27	GF= 72879.65	iGF_per= 31715.64 	GF_per= 36439.83[0m
[0;31m Prog= 89.52%	N_left=    67584	Time=  24.11	Time_left=   2.82	iGF= 77024.46	GF= 72922.68	iGF_per= 38512.23 	GF_per= 36461.34[0m
[0;31m Prog= 90.45%	N_left=    65536	Time=  24.41	Time_left=   2.58	iGF= 61058.29	GF= 72778.23	iGF_per= 30529.14 	GF_per= 36389.11[0m
[0;31m Prog= 91.31%	N_left=    63488	Time=  24.63	Time_left=   2.34	iGF= 77907.30	GF= 72823.80	iGF_per= 38953.65 	GF_per= 36411.90[0m
[0;31m Prog= 92.13%	N_left=    61440	Time=  24.90	Time_left=   2.13	iGF= 58995.31	GF= 72673.34	iGF_per= 29497.66 	GF_per= 36336.67[0m
[0;31m Prog= 92.89%	N_left=    59392	Time=  25.10	Time_left=   1.92	iGF= 76855.06	GF= 72705.76	iGF_per= 38427.53 	GF_per= 36352.88[0m
[0;31m Prog= 93.60%	N_left=    57344	Time=  25.34	Time_left=   1.73	iGF= 57660.14	GF= 72562.04	iGF_per= 28830.07 	GF_per= 36281.02[0m
[0;31m Prog= 94.26%	N_left=    55296	Time=  25.51	Time_left=   1.55	iGF= 77425.41	GF= 72594.04	iGF_per= 38712.71 	GF_per= 36297.02[0m
[0;31m Prog= 94.88%	N_left=    53248	Time=  25.72	Time_left=   1.39	iGF= 56614.64	GF= 72461.62	iGF_per= 28307.32 	GF_per= 36230.81[0m
[0;31m Prog= 95.44%	N_left=    51200	Time=  25.86	Time_left=   1.23	iGF= 77153.51	GF= 72487.89	iGF_per= 38576.75 	GF_per= 36243.94[0m
[0;31m Prog= 95.97%	N_left=    49152	Time=  26.06	Time_left=   1.09	iGF= 52991.35	GF= 72342.26	iGF_per= 26495.67 	GF_per= 36171.13[0m
[0;31m Prog= 96.45%	N_left=    47104	Time=  26.18	Time_left=   0.96	iGF= 76035.67	GF= 72359.87	iGF_per= 38017.84 	GF_per= 36179.93[0m
[0;31m Prog= 96.90%	N_left=    45056	Time=  26.35	Time_left=   0.84	iGF= 52068.78	GF= 72231.22	iGF_per= 26034.39 	GF_per= 36115.61[0m
[0;31m Prog= 97.30%	N_left=    43008	Time=  26.46	Time_left=   0.73	iGF= 69798.28	GF= 72220.76	iGF_per= 34899.14 	GF_per= 36110.38[0m
[0;31m Prog= 97.67%	N_left=    40960	Time=  26.61	Time_left=   0.64	iGF= 48736.42	GF= 72090.00	iGF_per= 24368.21 	GF_per= 36045.00[0m
[0;31m Prog= 98.00%	N_left=    38912	Time=  26.72	Time_left=   0.55	iGF= 60912.70	GF= 72045.12	iGF_per= 30456.35 	GF_per= 36022.56[0m
[0;31m Prog= 98.30%	N_left=    36864	Time=  26.85	Time_left=   0.46	iGF= 45332.95	GF= 71916.05	iGF_per= 22666.47 	GF_per= 35958.02[0m
[0;31m Prog= 98.57%	N_left=    34816	Time=  26.94	Time_left=   0.39	iGF= 58316.99	GF= 71870.49	iGF_per= 29158.49 	GF_per= 35935.24[0m
[0;31m Prog= 98.81%	N_left=    32768	Time=  27.06	Time_left=   0.33	iGF= 39410.19	GF= 71728.07	iGF_per= 19705.09 	GF_per= 35864.03[0m
[0;31m Prog= 99.02%	N_left=    30720	Time=  27.14	Time_left=   0.27	iGF= 48092.33	GF= 71653.31	iGF_per= 24046.16 	GF_per= 35826.65[0m
[0;31m Prog= 99.20%	N_left=    28672	Time=  27.25	Time_left=   0.22	iGF= 35024.73	GF= 71514.61	iGF_per= 17512.37 	GF_per= 35757.31[0m
[0;31m Prog= 99.36%	N_left=    26624	Time=  27.32	Time_left=   0.18	iGF= 40785.82	GF= 71428.24	iGF_per= 20392.91 	GF_per= 35714.12[0m
[0;31m Prog= 99.50%	N_left=    24576	Time=  27.41	Time_left=   0.14	iGF= 29867.35	GF= 71291.90	iGF_per= 14933.67 	GF_per= 35645.95[0m
[0;31m Prog= 99.61%	N_left=    22528	Time=  27.49	Time_left=   0.11	iGF= 31617.13	GF= 71188.11	iGF_per= 15808.57 	GF_per= 35594.05[0m
[0;31m Prog= 99.71%	N_left=    20480	Time=  27.56	Time_left=   0.08	iGF= 24014.61	GF= 71053.02	iGF_per= 12007.30 	GF_per= 35526.51[0m
[0;31m Prog= 99.79%	N_left=    18432	Time=  27.62	Time_left=   0.06	iGF= 25463.24	GF= 70952.44	iGF_per= 12731.62 	GF_per= 35476.22[0m
[0;31m Prog= 99.85%	N_left=    16384	Time=  27.69	Time_left=   0.04	iGF= 18585.89	GF= 70826.00	iGF_per=  9292.94 	GF_per= 35413.00[0m
[0;31m Prog= 99.90%	N_left=    14336	Time=  27.75	Time_left=   0.03	iGF= 18049.51	GF= 70724.01	iGF_per=  9024.76 	GF_per= 35362.00[0m
[0;31m Prog= 99.94%	N_left=    12288	Time=  27.80	Time_left=   0.02	iGF= 13056.84	GF= 70608.47	iGF_per=  6528.42 	GF_per= 35304.23[0m
[0;31m Prog= 99.96%	N_left=    10240	Time=  27.85	Time_left=   0.01	iGF= 10704.71	GF= 70503.76	iGF_per=  5352.35 	GF_per= 35251.88[0m
[0;31m Prog= 99.98%	N_left=     8192	Time=  27.90	Time_left=   0.01	iGF=  6922.13	GF= 70388.75	iGF_per=  3461.06 	GF_per= 35194.38[0m
[0;31m Prog= 99.99%	N_left=     6144	Time=  27.94	Time_left=   0.00	iGF=  4826.93	GF= 70285.77	iGF_per=  2413.46 	GF_per= 35142.88[0m
[0;31m Prog= 100.00%	N_left=     4096	Time=  27.99	Time_left=   0.00	iGF=  2449.81	GF= 70178.12	iGF_per=  1224.90 	GF_per= 35089.06[0m
================================================================================
T/V                N    NB     P     Q         Time          Gflops (   per GPU)
--------------------------------------------------------------------------------
WC0           143360  2048     1     2        28.49       6.893e+04 ( 3.447e+04)

HPL_pdgesv() start time Sun Oct  4 23:44:17 2026
HPL_pdgesv() end time   Sun Oct  4 23:44:45 2026

--------------------------------------------------------------------------------
||Ax-b||_oo/(eps*(||A||_oo*||x||_oo+||b||_oo)*N)=   0.001120337724 ...... PASSED
||Ax-b||_oo  . . . . . . . . . . . . . . . . . = 0.0000000059579456
||A||_oo . . . . . . . . . . . . . . . . . . . = 36080.6432988371016108
||x||_oo . . . . . . . . . . . . . . . . . . . = 9.2604998350081207
||b||_oo . . . . . . . . . . . . . . . . . . . = 0.4999993662445502
================================================================================

Finished      1 tests with the following results:
              1 tests completed and passed residual checks,
              0 tests completed and failed residual checks,
              0 tests skipped because of illegal input values.
--------------------------------------------------------------------------------

End of Tests.
================================================================================
depth0          68930 GFLOP/s   28.49 s
=== depth2 ===

================================================================================
HPL-NVIDIA 26.2.1  -- NVIDIA accelerated HPL benchmark -- NVIDIA
================================================================================
HPLinpack 2.1  --  High-Performance Linpack benchmark  --   October 26, 2012
Written by A. Petitet and R. Clint Whaley,  Innovative Computing Laboratory, UTK
Modified by Piotr Luszczek, Innovative Computing Laboratory, UTK
Modified by Julien Langou, University of Colorado Denver
================================================================================

An explanation of the input/output parameters follows:
T/V    : Wall time / encoded variant.
N      : The order of the coefficient matrix A.
NB     : The partitioning blocking factor.
P      : The number of process rows.
Q      : The number of process columns.
Time   : Time in seconds to solve the linear system.
Gflops : Rate of execution for solving the linear system.

The following parameter values will be used:

N      :  143360 
NB     :    2048 
PMAP   : Column-major process mapping
P      :       1 
Q      :       2 
PFACT  :   Crout 
NBMIN  :       2 
NDIV   :       2 
RFACT  :    Left 
BCAST  :  2ringM 
DEPTH  :       2 
SWAP   : Spread-roll (long)
L1     : no-transposed form
U      : transposed form
EQUIL  : no
ALIGN  : 8 double precision words

--------------------------------------------------------------------------------

- The matrix A is randomly generated for each test.
- The following scaled residual check will be computed:
      ||Ax-b||_oo / ( eps * ( || x ||_oo * || A ||_oo + || b ||_oo ) * N )
- The relative machine precision (eps) is taken to be               1.110223e-16
- Computational tests pass if scaled residuals are less than                16.0


HPL-NVIDIA ignores the following parameters from input file:
	* Broadcast parameters
	* Panel factorization parameters
	* Look-ahead value
	* L1 layout
	* U layout
	* Equilibration parameter
	* Memory alignment parameter

HPL-NVIDIA settings from environment variables:
	HPL_CUSOLVER_MP_TESTS from environment 0 
--- DEVICE INFO ---
  Peak clock frequency: 1785 MHz
  SM version          : 90
  Number of SMs       : 132
-------------------
[HPL TRACE] cuda_nvshmem_init: max=0.7875 (1) min=0.7875 (0)
[HPL TRACE] ncclCommInitRank: max=1.0416 (1) min=1.0416 (0)
[HPL TRACE] cugetrfs_mp_init: max=1.0802 (0) min=1.0801 (1)
--- MEMORY INFO ---
DEVICE
  System           =      5.40817 GiB (MIN)      5.40817 GiB (MAX)      5.40817 GiB (AVG)
  HPL buffers      =     85.60201 GiB (MIN)     85.60201 GiB (MAX)     85.60201 GiB (AVG)
  Used             =     91.01018 GiB (MIN)     91.01018 GiB (MAX)     91.01018 GiB (AVG)
  Total            =     93.58398 GiB (MIN)     93.58398 GiB (MAX)     93.58398 GiB (AVG)
HOST
  HPL buffers      =      0.00113 GiB (MIN)      0.00113 GiB (MAX)      0.00113 GiB (AVG)
-------------------
[HPL TRACE] HPL_pdmatgen_gpu: max=0.0264 (0) min=0.0264 (1)
[0;31m Prog= 4.22%	N_left=   141312	Time=   1.22	Time_left=  27.69	iGF= 67928.35	GF= 67928.35	iGF_per= 33964.17 	GF_per= 33964.17[0m
[0;31m Prog= 8.33%	N_left=   139264	Time=   2.35	Time_left=  25.81	iGF= 71739.39	GF= 69754.29	iGF_per= 35869.70 	GF_per= 34877.15[0m
[0;31m Prog= 12.31%	N_left=   137216	Time=   3.36	Time_left=  23.91	iGF= 77349.81	GF= 72043.78	iGF_per= 38674.90 	GF_per= 36021.89[0m
[0;31m Prog= 16.18%	N_left=   135168	Time=   4.42	Time_left=  22.87	iGF= 71799.15	GF= 71985.15	iGF_per= 35899.58 	GF_per= 35992.58[0m
[0;31m Prog= 19.93%	N_left=   133120	Time=   5.37	Time_left=  21.56	iGF= 77352.77	GF= 72937.89	iGF_per= 38676.38 	GF_per= 36468.95[0m
[0;31m Prog= 23.57%	N_left=   131072	Time=   6.37	Time_left=  20.64	iGF= 71544.65	GF= 72719.30	iGF_per= 35772.33 	GF_per= 36359.65[0m
[0;31m Prog= 27.10%	N_left=   129024	Time=   7.27	Time_left=  19.55	iGF= 77037.80	GF= 73253.71	iGF_per= 38518.90 	GF_per= 36626.85[0m
[0;31m Prog= 30.52%	N_left=   126976	Time=   8.21	Time_left=  18.69	iGF= 71360.20	GF= 73036.73	iGF_per= 35680.10 	GF_per= 36518.37[0m
[0;31m Prog= 33.82%	N_left=   124928	Time=   9.05	Time_left=  17.70	iGF= 77167.75	GF= 73421.14	iGF_per= 38583.87 	GF_per= 36710.57[0m
[0;31m Prog= 37.03%	N_left=   122880	Time=   9.93	Time_left=  16.89	iGF= 71394.57	GF= 73241.38	iGF_per= 35697.29 	GF_per= 36620.69[0m
[0;31m Prog= 40.12%	N_left=   120832	Time=  10.72	Time_left=  16.00	iGF= 77081.93	GF= 73524.10	iGF_per= 38540.97 	GF_per= 36762.05[0m
[0;31m Prog= 43.12%	N_left=   118784	Time=  11.55	Time_left=  15.23	iGF= 71004.14	GF= 73343.39	iGF_per= 35502.07 	GF_per= 36671.69[0m
[0;31m Prog= 46.01%	N_left=   116736	Time=  12.29	Time_left=  14.42	iGF= 76883.04	GF= 73556.25	iGF_per= 38441.52 	GF_per= 36778.12[0m
[0;31m Prog= 48.80%	N_left=   114688	Time=  13.06	Time_left=  13.70	iGF= 70735.53	GF= 73388.80	iGF_per= 35367.77 	GF_per= 36694.40[0m
[0;31m Prog= 51.49%	N_left=   112640	Time=  13.75	Time_left=  12.95	iGF= 76729.57	GF= 73556.36	iGF_per= 38364.78 	GF_per= 36778.18[0m
[0;31m Prog= 54.09%	N_left=   110592	Time=  14.47	Time_left=  12.28	iGF= 70522.44	GF= 73404.69	iGF_per= 35261.22 	GF_per= 36702.35[0m
[0;31m Prog= 56.60%	N_left=   108544	Time=  15.12	Time_left=  11.59	iGF= 76446.97	GF= 73534.14	iGF_per= 38223.48 	GF_per= 36767.07[0m
[0;31m Prog= 59.01%	N_left=   106496	Time=  15.79	Time_left=  10.97	iGF= 70188.69	GF= 73391.22	iGF_per= 35094.35 	GF_per= 36695.61[0m
[0;31m Prog= 61.33%	N_left=   104448	Time=  16.39	Time_left=  10.33	iGF= 76449.75	GF= 73502.46	iGF_per= 38224.88 	GF_per= 36751.23[0m
[0;31m Prog= 63.56%	N_left=   102400	Time=  17.02	Time_left=   9.76	iGF= 69654.19	GF= 73360.21	iGF_per= 34827.10 	GF_per= 36680.11[0m
[0;31m Prog= 65.70%	N_left=   100352	Time=  17.57	Time_left=   9.17	iGF= 76104.35	GF= 73446.60	iGF_per= 38052.17 	GF_per= 36723.30[0m
[0;31m Prog= 67.76%	N_left=    98304	Time=  18.15	Time_left=   8.64	iGF= 69375.37	GF= 73315.96	iGF_per= 34687.68 	GF_per= 36657.98[0m
[0;31m Prog= 69.73%	N_left=    96256	Time=  18.66	Time_left=   8.10	iGF= 76160.30	GF= 73393.53	iGF_per= 38080.15 	GF_per= 36696.77[0m
[0;31m Prog= 71.62%	N_left=    94208	Time=  19.20	Time_left=   7.61	iGF= 69002.10	GF= 73270.40	iGF_per= 34501.05 	GF_per= 36635.20[0m
[0;31m Prog= 73.43%	N_left=    92160	Time=  19.67	Time_left=   7.12	iGF= 75989.97	GF= 73335.12	iGF_per= 37994.99 	GF_per= 36667.56[0m
[0;31m Prog= 75.17%	N_left=    90112	Time=  20.17	Time_left=   6.66	iGF= 68459.84	GF= 73214.97	iGF_per= 34229.92 	GF_per= 36607.49[0m
[0;31m Prog= 76.82%	N_left=    88064	Time=  20.59	Time_left=   6.21	iGF= 75756.83	GF= 73267.94	iGF_per= 37878.42 	GF_per= 36633.97[0m
[0;31m Prog= 78.40%	N_left=    86016	Time=  21.05	Time_left=   5.80	iGF= 67978.76	GF= 73153.24	iGF_per= 33989.38 	GF_per= 36576.62[0m
[0;31m Prog= 79.91%	N_left=    83968	Time=  21.44	Time_left=   5.39	iGF= 75756.22	GF= 73200.65	iGF_per= 37878.11 	GF_per= 36600.33[0m
[0;31m Prog= 81.34%	N_left=    81920	Time=  21.86	Time_left=   5.01	iGF= 67578.38	GF= 73093.40	iGF_per= 33789.19 	GF_per= 36546.70[0m
[0;31m Prog= 82.71%	N_left=    79872	Time=  22.22	Time_left=   4.65	iGF= 75001.16	GF= 73124.09	iGF_per= 37500.58 	GF_per= 36562.04[0m
[0;31m Prog= 84.00%	N_left=    77824	Time=  22.59	Time_left=   4.30	iGF= 67476.09	GF= 73029.74	iGF_per= 33738.04 	GF_per= 36514.87[0m
[0;31m Prog= 85.23%	N_left=    75776	Time=  22.91	Time_left=   3.97	iGF= 75473.39	GF= 73063.88	iGF_per= 37736.69 	GF_per= 36531.94[0m
[0;31m Prog= 86.40%	N_left=    73728	Time=  23.26	Time_left=   3.66	iGF= 66051.92	GF= 72959.41	iGF_per= 33025.96 	GF_per= 36479.71[0m
[0;31m Prog= 87.50%	N_left=    71680	Time=  23.54	Time_left=   3.36	iGF= 77519.66	GF= 73013.53	iGF_per= 38759.83 	GF_per= 36506.76[0m
[0;31m Prog= 88.54%	N_left=    69632	Time=  23.86	Time_left=   3.09	iGF= 63038.68	GF= 72877.93	iGF_per= 31519.34 	GF_per= 36438.97[0m
[0;31m Prog= 89.52%	N_left=    67584	Time=  24.11	Time_left=   2.82	iGF= 76794.98	GF= 72918.71	iGF_per= 38397.49 	GF_per= 36459.36[0m
[0;31m Prog= 90.45%	N_left=    65536	Time=  24.41	Time_left=   2.58	iGF= 61033.02	GF= 72773.95	iGF_per= 30516.51 	GF_per= 36386.97[0m
[0;31m Prog= 91.31%	N_left=    63488	Time=  24.63	Time_left=   2.34	iGF= 77968.54	GF= 72820.06	iGF_per= 38984.27 	GF_per= 36410.03[0m
[0;31m Prog= 92.13%	N_left=    61440	Time=  24.90	Time_left=   2.13	iGF= 59493.26	GF= 72676.27	iGF_per= 29746.63 	GF_per= 36338.14[0m
[0;31m Prog= 92.89%	N_left=    59392	Time=  25.10	Time_left=   1.92	iGF= 76394.14	GF= 72705.27	iGF_per= 38197.07 	GF_per= 36352.63[0m
[0;31m Prog= 93.60%	N_left=    57344	Time=  25.34	Time_left=   1.73	iGF= 57909.21	GF= 72564.53	iGF_per= 28954.61 	GF_per= 36282.27[0m
[0;31m Prog= 94.26%	N_left=    55296	Time=  25.50	Time_left=   1.55	iGF= 77716.65	GF= 72598.31	iGF_per= 38858.32 	GF_per= 36299.15[0m
[0;31m Prog= 94.88%	N_left=    53248	Time=  25.72	Time_left=   1.39	iGF= 56396.02	GF= 72463.51	iGF_per= 28198.01 	GF_per= 36231.76[0m
[0;31m Prog= 95.44%	N_left=    51200	Time=  25.86	Time_left=   1.23	iGF= 78009.96	GF= 72494.23	iGF_per= 39004.98 	GF_per= 36247.12[0m
[0;31m Prog= 95.97%	N_left=    49152	Time=  26.06	Time_left=   1.09	iGF= 52681.02	GF= 72345.37	iGF_per= 26340.51 	GF_per= 36172.68[0m
[0;31m Prog= 96.45%	N_left=    47104	Time=  26.18	Time_left=   0.96	iGF= 74799.47	GF= 72357.26	iGF_per= 37399.74 	GF_per= 36178.63[0m
[0;31m Prog= 96.90%	N_left=    45056	Time=  26.35	Time_left=   0.84	iGF= 52185.31	GF= 72229.65	iGF_per= 26092.65 	GF_per= 36114.82[0m
[0;31m Prog= 97.30%	N_left=    43008	Time=  26.47	Time_left=   0.73	iGF= 69088.00	GF= 72216.00	iGF_per= 34544.00 	GF_per= 36108.00[0m
[0;31m Prog= 97.67%	N_left=    40960	Time=  26.61	Time_left=   0.64	iGF= 48528.52	GF= 72083.56	iGF_per= 24264.26 	GF_per= 36041.78[0m
[0;31m Prog= 98.00%	N_left=    38912	Time=  26.72	Time_left=   0.55	iGF= 63075.23	GF= 72048.63	iGF_per= 31537.62 	GF_per= 36024.32[0m
[0;31m Prog= 98.30%	N_left=    36864	Time=  26.85	Time_left=   0.46	iGF= 43888.59	GF= 71908.10	iGF_per= 21944.29 	GF_per= 35954.05[0m
[0;31m Prog= 98.57%	N_left=    34816	Time=  26.94	Time_left=   0.39	iGF= 57323.25	GF= 71858.40	iGF_per= 28661.62 	GF_per= 35929.20[0m
[0;31m Prog= 98.81%	N_left=    32768	Time=  27.06	Time_left=   0.33	iGF= 39681.77	GF= 71718.21	iGF_per= 19840.88 	GF_per= 35859.10[0m
[0;31m Prog= 99.02%	N_left=    30720	Time=  27.15	Time_left=   0.27	iGF= 48012.59	GF= 71643.11	iGF_per= 24006.30 	GF_per= 35821.56[0m
[0;31m Prog= 99.20%	N_left=    28672	Time=  27.25	Time_left=   0.22	iGF= 35199.32	GF= 71505.82	iGF_per= 17599.66 	GF_per= 35752.91[0m
[0;31m Prog= 99.36%	N_left=    26624	Time=  27.33	Time_left=   0.18	iGF= 39545.84	GF= 71413.18	iGF_per= 19772.92 	GF_per= 35706.59[0m
[0;31m Prog= 99.50%	N_left=    24576	Time=  27.42	Time_left=   0.14	iGF= 30029.76	GF= 71278.19	iGF_per= 15014.88 	GF_per= 35639.10[0m
[0;31m Prog= 99.61%	N_left=    22528	Time=  27.49	Time_left=   0.11	iGF= 31898.72	GF= 71176.09	iGF_per= 15949.36 	GF_per= 35588.05[0m
[0;31m Prog= 99.71%	N_left=    20480	Time=  27.57	Time_left=   0.08	iGF= 23977.23	GF= 71040.75	iGF_per= 11988.61 	GF_per= 35520.37[0m
[0;31m Prog= 99.79%	N_left=    18432	Time=  27.63	Time_left=   0.06	iGF= 24935.05	GF= 70936.90	iGF_per= 12467.53 	GF_per= 35468.45[0m
[0;31m Prog= 99.85%	N_left=    16384	Time=  27.70	Time_left=   0.04	iGF= 18550.12	GF= 70810.20	iGF_per=  9275.06 	GF_per= 35405.10[0m
[0;31m Prog= 99.90%	N_left=    14336	Time=  27.75	Time_left=   0.03	iGF= 18643.74	GF= 70712.61	iGF_per=  9321.87 	GF_per= 35356.31[0m
[0;31m Prog= 99.94%	N_left=    12288	Time=  27.81	Time_left=   0.02	iGF= 13074.26	GF= 70597.30	iGF_per=  6537.13 	GF_per= 35298.65[0m
[0;31m Prog= 99.96%	N_left=    10240	Time=  27.85	Time_left=   0.01	iGF= 10714.59	GF= 70492.74	iGF_per=  5357.30 	GF_per= 35246.37[0m
[0;31m Prog= 99.98%	N_left=     8192	Time=  27.90	Time_left=   0.01	iGF=  6927.22	GF= 70377.87	iGF_per=  3463.61 	GF_per= 35188.93[0m
[0;31m Prog= 99.99%	N_left=     6144	Time=  27.95	Time_left=   0.00	iGF=  4830.79	GF= 70275.00	iGF_per=  2415.40 	GF_per= 35137.50[0m
[0;31m Prog= 100.00%	N_left=     4096	Time=  27.99	Time_left=   0.00	iGF=  2450.13	GF= 70167.40	iGF_per=  1225.06 	GF_per= 35083.70[0m
================================================================================
T/V                N    NB     P     Q         Time          Gflops (   per GPU)
--------------------------------------------------------------------------------
WC0           143360  2048     1     2        28.14       6.979e+04 ( 3.490e+04)

HPL_pdgesv() start time Sun Oct  4 23:44:52 2026
HPL_pdgesv() end time   Sun Oct  4 23:45:21 2026

--------------------------------------------------------------------------------
||Ax-b||_oo/(eps*(||A||_oo*||x||_oo+||b||_oo)*N)=   0.001120337724 ...... PASSED
||Ax-b||_oo  . . . . . . . . . . . . . . . . . = 0.0000000059579456
||A||_oo . . . . . . . . . . . . . . . . . . . = 36080.6432988371016108
||x||_oo . . . . . . . . . . . . . . . . . . . = 9.2604998350081207
||b||_oo . . . . . . . . . . . . . . . . . . . = 0.4999993662445502
================================================================================

Finished      1 tests with the following results:
              1 tests completed and passed residual checks,
              0 tests completed and failed residual checks,
              0 tests skipped because of illegal input values.
--------------------------------------------------------------------------------

End of Tests.
================================================================================
depth2          69790 GFLOP/s   28.14 s
=== swap0 ===

================================================================================
HPL-NVIDIA 26.2.1  -- NVIDIA accelerated HPL benchmark -- NVIDIA
================================================================================
HPLinpack 2.1  --  High-Performance Linpack benchmark  --   October 26, 2012
Written by A. Petitet and R. Clint Whaley,  Innovative Computing Laboratory, UTK
Modified by Piotr Luszczek, Innovative Computing Laboratory, UTK
Modified by Julien Langou, University of Colorado Denver
================================================================================

An explanation of the input/output parameters follows:
T/V    : Wall time / encoded variant.
N      : The order of the coefficient matrix A.
NB     : The partitioning blocking factor.
P      : The number of process rows.
Q      : The number of process columns.
Time   : Time in seconds to solve the linear system.
Gflops : Rate of execution for solving the linear system.

The following parameter values will be used:

N      :  143360 
NB     :    2048 
PMAP   : Column-major process mapping
P      :       1 
Q      :       2 
PFACT  :   Crout 
NBMIN  :       2 
NDIV   :       2 
RFACT  :    Left 
BCAST  :  2ringM 
DEPTH  :       1 
SWAP   : Binary-exchange
L1     : no-transposed form
U      : transposed form
EQUIL  : no
ALIGN  : 8 double precision words

--------------------------------------------------------------------------------

- The matrix A is randomly generated for each test.
- The following scaled residual check will be computed:
      ||Ax-b||_oo / ( eps * ( || x ||_oo * || A ||_oo + || b ||_oo ) * N )
- The relative machine precision (eps) is taken to be               1.110223e-16
- Computational tests pass if scaled residuals are less than                16.0


HPL-NVIDIA ignores the following parameters from input file:
	* Broadcast parameters
	* Panel factorization parameters
	* Look-ahead value
	* L1 layout
	* U layout
	* Equilibration parameter
	* Memory alignment parameter

HPL-NVIDIA settings from environment variables:
	HPL_CUSOLVER_MP_TESTS from environment 0 
--- DEVICE INFO ---
  Peak clock frequency: 1785 MHz
  SM version          : 90
  Number of SMs       : 132
-------------------
[HPL TRACE] cuda_nvshmem_init: max=0.7887 (1) min=0.7887 (0)
[HPL TRACE] ncclCommInitRank: max=0.7954 (1) min=0.7954 (0)
[HPL TRACE] cugetrfs_mp_init: max=0.8341 (0) min=0.8341 (1)
--- MEMORY INFO ---
DEVICE
  System           =      5.40817 GiB (MIN)      5.40817 GiB (MAX)      5.40817 GiB (AVG)
  HPL buffers      =     85.60201 GiB (MIN)     85.60201 GiB (MAX)     85.60201 GiB (AVG)
  Used             =     91.01018 GiB (MIN)     91.01018 GiB (MAX)     91.01018 GiB (AVG)
  Total            =     93.58398 GiB (MIN)     93.58398 GiB (MAX)     93.58398 GiB (AVG)
HOST
  HPL buffers      =      0.00113 GiB (MIN)      0.00113 GiB (MAX)      0.00113 GiB (AVG)
-------------------
[HPL TRACE] HPL_pdmatgen_gpu: max=0.0264 (1) min=0.0264 (0)
[0;31m Prog= 4.22%	N_left=   141312	Time=   1.22	Time_left=  27.73	iGF= 67849.99	GF= 67849.99	iGF_per= 33924.99 	GF_per= 33924.99[0m
[0;31m Prog= 8.33%	N_left=   139264	Time=   2.35	Time_left=  25.85	iGF= 71633.65	GF= 69663.12	iGF_per= 35816.83 	GF_per= 34831.56[0m
[0;31m Prog= 12.31%	N_left=   137216	Time=   3.36	Time_left=  23.92	iGF= 77417.66	GF= 71996.97	iGF_per= 38708.83 	GF_per= 35998.49[0m
[0;31m Prog= 16.18%	N_left=   135168	Time=   4.42	Time_left=  22.88	iGF= 71830.34	GF= 71957.07	iGF_per= 35915.17 	GF_per= 35978.54[0m
[0;31m Prog= 19.93%	N_left=   133120	Time=   5.37	Time_left=  21.58	iGF= 77167.70	GF= 72883.47	iGF_per= 38583.85 	GF_per= 36441.74[0m
[0;31m Prog= 23.57%	N_left=   131072	Time=   6.37	Time_left=  20.66	iGF= 71508.76	GF= 72667.83	iGF_per= 35754.38 	GF_per= 36333.92[0m
[0;31m Prog= 27.10%	N_left=   129024	Time=   7.27	Time_left=  19.56	iGF= 77096.66	GF= 73215.19	iGF_per= 38548.33 	GF_per= 36607.59[0m
[0;31m Prog= 30.52%	N_left=   126976	Time=   8.21	Time_left=  18.69	iGF= 71404.02	GF= 73007.85	iGF_per= 35702.01 	GF_per= 36503.93[0m
[0;31m Prog= 33.82%	N_left=   124928	Time=   9.05	Time_left=  17.71	iGF= 77354.08	GF= 73411.26	iGF_per= 38677.04 	GF_per= 36705.63[0m
[0;31m Prog= 37.03%	N_left=   122880	Time=   9.93	Time_left=  16.89	iGF= 71412.23	GF= 73234.01	iGF_per= 35706.12 	GF_per= 36617.00[0m
[0;31m Prog= 40.12%	N_left=   120832	Time=  10.72	Time_left=  16.00	iGF= 77277.61	GF= 73530.95	iGF_per= 38638.81 	GF_per= 36765.47[0m
[0;31m Prog= 43.12%	N_left=   118784	Time=  11.55	Time_left=  15.24	iGF= 70774.60	GF= 73332.67	iGF_per= 35387.30 	GF_per= 36666.34[0m
[0;31m Prog= 46.01%	N_left=   116736	Time=  12.29	Time_left=  14.42	iGF= 76588.24	GF= 73529.13	iGF_per= 38294.12 	GF_per= 36764.56[0m
[0;31m Prog= 48.80%	N_left=   114688	Time=  13.07	Time_left=  13.71	iGF= 70769.76	GF= 73365.46	iGF_per= 35384.88 	GF_per= 36682.73[0m
[0;31m Prog= 51.49%	N_left=   112640	Time=  13.76	Time_left=  12.96	iGF= 76614.58	GF= 73528.60	iGF_per= 38307.29 	GF_per= 36764.30[0m
[0;31m Prog= 54.09%	N_left=   110592	Time=  14.48	Time_left=  12.29	iGF= 70595.42	GF= 73382.17	iGF_per= 35297.71 	GF_per= 36691.08[0m
[0;31m Prog= 56.60%	N_left=   108544	Time=  15.13	Time_left=  11.60	iGF= 76103.13	GF= 73498.41	iGF_per= 38051.56 	GF_per= 36749.20[0m
[0;31m Prog= 59.01%	N_left=   106496	Time=  15.80	Time_left=  10.97	iGF= 70531.52	GF= 73372.31	iGF_per= 35265.76 	GF_per= 36686.16[0m
[0;31m Prog= 61.33%	N_left=   104448	Time=  16.39	Time_left=  10.34	iGF= 76243.38	GF= 73476.98	iGF_per= 38121.69 	GF_per= 36738.49[0m
[0;31m Prog= 63.56%	N_left=   102400	Time=  17.02	Time_left=   9.76	iGF= 69573.62	GF= 73332.58	iGF_per= 34786.81 	GF_per= 36666.29[0m
[0;31m Prog= 65.70%	N_left=   100352	Time=  17.57	Time_left=   9.17	iGF= 76482.70	GF= 73431.24	iGF_per= 38241.35 	GF_per= 36715.62[0m
[0;31m Prog= 67.76%	N_left=    98304	Time=  18.16	Time_left=   8.64	iGF= 69218.95	GF= 73295.80	iGF_per= 34609.47 	GF_per= 36647.90[0m
[0;31m Prog= 69.73%	N_left=    96256	Time=  18.67	Time_left=   8.10	iGF= 76204.17	GF= 73375.05	iGF_per= 38102.08 	GF_per= 36687.53[0m
[0;31m Prog= 71.62%	N_left=    94208	Time=  19.21	Time_left=   7.61	iGF= 68834.04	GF= 73247.46	iGF_per= 34417.02 	GF_per= 36623.73[0m
[0;31m Prog= 73.43%	N_left=    92160	Time=  19.67	Time_left=   7.12	iGF= 76178.47	GF= 73317.02	iGF_per= 38089.24 	GF_per= 36658.51[0m
[0;31m Prog= 75.17%	N_left=    90112	Time=  20.17	Time_left=   6.66	iGF= 68458.50	GF= 73197.31	iGF_per= 34229.25 	GF_per= 36598.66[0m
[0;31m Prog= 76.82%	N_left=    88064	Time=  20.60	Time_left=   6.22	iGF= 75943.13	GF= 73254.37	iGF_per= 37971.57 	GF_per= 36627.19[0m
[0;31m Prog= 78.40%	N_left=    86016	Time=  21.06	Time_left=   5.80	iGF= 67832.49	GF= 73136.57	iGF_per= 33916.25 	GF_per= 36568.29[0m
[0;31m Prog= 79.91%	N_left=    83968	Time=  21.45	Time_left=   5.39	iGF= 75797.53	GF= 73185.01	iGF_per= 37898.77 	GF_per= 36592.50[0m
[0;31m Prog= 81.34%	N_left=    81920	Time=  21.86	Time_left=   5.01	iGF= 67798.44	GF= 73082.59	iGF_per= 33899.22 	GF_per= 36541.30[0m
[0;31m Prog= 82.71%	N_left=    79872	Time=  22.22	Time_left=   4.65	iGF= 75256.96	GF= 73117.45	iGF_per= 37628.48 	GF_per= 36558.73[0m
[0;31m Prog= 84.00%	N_left=    77824	Time=  22.59	Time_left=   4.30	iGF= 67616.41	GF= 73025.76	iGF_per= 33808.20 	GF_per= 36512.88[0m
[0;31m Prog= 85.23%	N_left=    75776	Time=  22.92	Time_left=   3.97	iGF= 75349.72	GF= 73058.28	iGF_per= 37674.86 	GF_per= 36529.14[0m
[0;31m Prog= 86.40%	N_left=    73728	Time=  23.26	Time_left=   3.66	iGF= 66316.17	GF= 72958.23	iGF_per= 33158.09 	GF_per= 36479.12[0m
[0;31m Prog= 87.50%	N_left=    71680	Time=  23.55	Time_left=   3.36	iGF= 75978.93	GF= 72994.79	iGF_per= 37989.46 	GF_per= 36497.40[0m
[0;31m Prog= 88.54%	N_left=    69632	Time=  23.86	Time_left=   3.09	iGF= 65148.54	GF= 72891.57	iGF_per= 32574.27 	GF_per= 36445.78[0m
[0;31m Prog= 89.52%	N_left=    67584	Time=  24.11	Time_left=   2.82	iGF= 77088.82	GF= 72935.11	iGF_per= 38544.41 	GF_per= 36467.56[0m
[0;31m Prog= 90.45%	N_left=    65536	Time=  24.40	Time_left=   2.58	iGF= 62835.89	GF= 72815.56	iGF_per= 31417.95 	GF_per= 36407.78[0m
[0;31m Prog= 91.31%	N_left=    63488	Time=  24.62	Time_left=   2.34	iGF= 77592.19	GF= 72858.20	iGF_per= 38796.10 	GF_per= 36429.10[0m
[0;31m Prog= 92.13%	N_left=    61440	Time=  24.88	Time_left=   2.13	iGF= 60353.71	GF= 72725.11	iGF_per= 30176.85 	GF_per= 36362.56[0m
[0;31m Prog= 92.89%	N_left=    59392	Time=  25.08	Time_left=   1.92	iGF= 77363.78	GF= 72760.87	iGF_per= 38681.89 	GF_per= 36380.43[0m
[0;31m Prog= 93.60%	N_left=    57344	Time=  25.32	Time_left=   1.73	iGF= 57971.70	GF= 72620.24	iGF_per= 28985.85 	GF_per= 36310.12[0m
[0;31m Prog= 94.26%	N_left=    55296	Time=  25.49	Time_left=   1.55	iGF= 77130.09	GF= 72650.05	iGF_per= 38565.04 	GF_per= 36325.02[0m
[0;31m Prog= 94.88%	N_left=    53248	Time=  25.70	Time_left=   1.39	iGF= 56624.50	GF= 72517.17	iGF_per= 28312.25 	GF_per= 36258.58[0m
[0;31m Prog= 95.44%	N_left=    51200	Time=  25.84	Time_left=   1.23	iGF= 77185.78	GF= 72543.32	iGF_per= 38592.89 	GF_per= 36271.66[0m
[0;31m Prog= 95.97%	N_left=    49152	Time=  26.04	Time_left=   1.09	iGF= 53066.43	GF= 72397.93	iGF_per= 26533.22 	GF_per= 36198.97[0m
[0;31m Prog= 96.45%	N_left=    47104	Time=  26.16	Time_left=   0.96	iGF= 76255.26	GF= 72416.28	iGF_per= 38127.63 	GF_per= 36208.14[0m
[0;31m Prog= 96.90%	N_left=    45056	Time=  26.33	Time_left=   0.84	iGF= 52057.82	GF= 72287.08	iGF_per= 26028.91 	GF_per= 36143.54[0m
[0;31m Prog= 97.30%	N_left=    43008	Time=  26.44	Time_left=   0.73	iGF= 68753.94	GF= 72271.64	iGF_per= 34376.97 	GF_per= 36135.82[0m
[0;31m Prog= 97.67%	N_left=    40960	Time=  26.59	Time_left=   0.64	iGF= 49368.31	GF= 72145.65	iGF_per= 24684.15 	GF_per= 36072.83[0m
[0;31m Prog= 98.00%	N_left=    38912	Time=  26.70	Time_left=   0.54	iGF= 62707.54	GF= 72108.81	iGF_per= 31353.77 	GF_per= 36054.41[0m
[0;31m Prog= 98.30%	N_left=    36864	Time=  26.83	Time_left=   0.46	iGF= 44432.58	GF= 71972.26	iGF_per= 22216.29 	GF_per= 35986.13[0m
[0;31m Prog= 98.57%	N_left=    34816	Time=  26.92	Time_left=   0.39	iGF= 57494.48	GF= 71923.03	iGF_per= 28747.24 	GF_per= 35961.52[0m
[0;31m Prog= 98.81%	N_left=    32768	Time=  27.04	Time_left=   0.33	iGF= 39482.29	GF= 71780.85	iGF_per= 19741.14 	GF_per= 35890.43[0m
[0;31m Prog= 99.02%	N_left=    30720	Time=  27.12	Time_left=   0.27	iGF= 48790.49	GF= 71709.12	iGF_per= 24395.25 	GF_per= 35854.56[0m
[0;31m Prog= 99.20%	N_left=    28672	Time=  27.23	Time_left=   0.22	iGF= 34857.78	GF= 71568.80	iGF_per= 17428.89 	GF_per= 35784.40[0m
[0;31m Prog= 99.36%	N_left=    26624	Time=  27.30	Time_left=   0.18	iGF= 40565.06	GF= 71481.12	iGF_per= 20282.53 	GF_per= 35740.56[0m
[0;31m Prog= 99.50%	N_left=    24576	Time=  27.39	Time_left=   0.14	iGF= 30008.78	GF= 71345.61	iGF_per= 15004.39 	GF_per= 35672.81[0m
[0;31m Prog= 99.61%	N_left=    22528	Time=  27.46	Time_left=   0.11	iGF= 31949.50	GF= 71243.54	iGF_per= 15974.75 	GF_per= 35621.77[0m
[0;31m Prog= 99.71%	N_left=    20480	Time=  27.54	Time_left=   0.08	iGF= 24156.87	GF= 71109.39	iGF_per= 12078.44 	GF_per= 35554.69[0m
[0;31m Prog= 99.79%	N_left=    18432	Time=  27.60	Time_left=   0.06	iGF= 25489.38	GF= 71008.76	iGF_per= 12744.69 	GF_per= 35504.38[0m
[0;31m Prog= 99.85%	N_left=    16384	Time=  27.67	Time_left=   0.04	iGF= 19061.41	GF= 70886.36	iGF_per=  9530.70 	GF_per= 35443.18[0m
[0;31m Prog= 99.90%	N_left=    14336	Time=  27.72	Time_left=   0.03	iGF= 18174.63	GF= 70785.11	iGF_per=  9087.32 	GF_per= 35392.55[0m
[0;31m Prog= 99.94%	N_left=    12288	Time=  27.78	Time_left=   0.02	iGF= 13054.09	GF= 70669.32	iGF_per=  6527.05 	GF_per= 35334.66[0m
[0;31m Prog= 99.96%	N_left=    10240	Time=  27.83	Time_left=   0.01	iGF= 10703.85	GF= 70564.40	iGF_per=  5351.92 	GF_per= 35282.20[0m
[0;31m Prog= 99.98%	N_left=     8192	Time=  27.88	Time_left=   0.01	iGF=  6922.13	GF= 70449.19	iGF_per=  3461.06 	GF_per= 35224.59[0m
[0;31m Prog= 99.99%	N_left=     6144	Time=  27.92	Time_left=   0.00	iGF=  4823.71	GF= 70345.94	iGF_per=  2411.85 	GF_per= 35172.97[0m
[0;31m Prog= 100.00%	N_left=     4096	Time=  27.96	Time_left=   0.00	iGF=  2456.72	GF= 70238.42	iGF_per=  1228.36 	GF_per= 35119.21[0m
================================================================================
T/V                N    NB     P     Q         Time          Gflops (   per GPU)
--------------------------------------------------------------------------------
WC0           143360  2048     1     2        28.41       6.913e+04 ( 3.456e+04)

HPL_pdgesv() start time Sun Oct  4 23:45:27 2026
HPL_pdgesv() end time   Sun Oct  4 23:45:55 2026

--------------------------------------------------------------------------------
||Ax-b||_oo/(eps*(||A||_oo*||x||_oo+||b||_oo)*N)=   0.001120337724 ...... PASSED
||Ax-b||_oo  . . . . . . . . . . . . . . . . . = 0.0000000059579456
||A||_oo . . . . . . . . . . . . . . . . . . . = 36080.6432988371016108
||x||_oo . . . . . . . . . . . . . . . . . . . = 9.2604998350081207
||b||_oo . . . . . . . . . . . . . . . . . . . = 0.4999993662445502
================================================================================

Finished      1 tests with the following results:
              1 tests completed and passed residual checks,
              0 tests completed and failed residual checks,
              0 tests skipped because of illegal input values.
--------------------------------------------------------------------------------

End of Tests.
================================================================================
swap0           69130 GFLOP/s   28.41 s
=== swap2 ===

================================================================================
HPL-NVIDIA 26.2.1  -- NVIDIA accelerated HPL benchmark -- NVIDIA
================================================================================
HPLinpack 2.1  --  High-Performance Linpack benchmark  --   October 26, 2012
Written by A. Petitet and R. Clint Whaley,  Innovative Computing Laboratory, UTK
Modified by Piotr Luszczek, Innovative Computing Laboratory, UTK
Modified by Julien Langou, University of Colorado Denver
================================================================================

An explanation of the input/output parameters follows:
T/V    : Wall time / encoded variant.
N      : The order of the coefficient matrix A.
NB     : The partitioning blocking factor.
P      : The number of process rows.
Q      : The number of process columns.
Time   : Time in seconds to solve the linear system.
Gflops : Rate of execution for solving the linear system.

The following parameter values will be used:

N      :  143360 
NB     :    2048 
PMAP   : Column-major process mapping
P      :       1 
Q      :       2 
PFACT  :   Crout 
NBMIN  :       2 
NDIV   :       2 
RFACT  :    Left 
BCAST  :  2ringM 
DEPTH  :       1 
SWAP   : Mix (threshold = 2048)
L1     : no-transposed form
U      : transposed form
EQUIL  : no
ALIGN  : 8 double precision words

--------------------------------------------------------------------------------

- The matrix A is randomly generated for each test.
- The following scaled residual check will be computed:
      ||Ax-b||_oo / ( eps * ( || x ||_oo * || A ||_oo + || b ||_oo ) * N )
- The relative machine precision (eps) is taken to be               1.110223e-16
- Computational tests pass if scaled residuals are less than                16.0


HPL-NVIDIA ignores the following parameters from input file:
	* Broadcast parameters
	* Panel factorization parameters
	* Look-ahead value
	* L1 layout
	* U layout
	* Equilibration parameter
	* Memory alignment parameter

HPL-NVIDIA settings from environment variables:
	HPL_CUSOLVER_MP_TESTS from environment 0 
--- DEVICE INFO ---
  Peak clock frequency: 1785 MHz
  SM version          : 90
  Number of SMs       : 132
-------------------
[HPL TRACE] cuda_nvshmem_init: max=0.7909 (1) min=0.7909 (0)
[HPL TRACE] ncclCommInitRank: max=0.8266 (1) min=0.8266 (0)
[HPL TRACE] cugetrfs_mp_init: max=0.8655 (0) min=0.8655 (1)
--- MEMORY INFO ---
DEVICE
  System           =      5.40817 GiB (MIN)      5.40817 GiB (MAX)      5.40817 GiB (AVG)
  HPL buffers      =     85.60201 GiB (MIN)     85.60201 GiB (MAX)     85.60201 GiB (AVG)
  Used             =     91.01018 GiB (MIN)     91.01018 GiB (MAX)     91.01018 GiB (AVG)
  Total            =     93.58398 GiB (MIN)     93.58398 GiB (MAX)     93.58398 GiB (AVG)
HOST
  HPL buffers      =      0.00113 GiB (MIN)      0.00113 GiB (MAX)      0.00113 GiB (AVG)
-------------------
[HPL TRACE] HPL_pdmatgen_gpu: max=0.0264 (0) min=0.0264 (1)
[0;31m Prog= 4.22%	N_left=   141312	Time=   1.22	Time_left=  27.68	iGF= 67966.26	GF= 67966.26	iGF_per= 33983.13 	GF_per= 33983.13[0m
[0;31m Prog= 8.33%	N_left=   139264	Time=   2.35	Time_left=  25.83	iGF= 71612.49	GF= 69715.36	iGF_per= 35806.25 	GF_per= 34857.68[0m
[0;31m Prog= 12.31%	N_left=   137216	Time=   3.36	Time_left=  23.93	iGF= 77174.24	GF= 71966.35	iGF_per= 38587.12 	GF_per= 35983.18[0m
[0;31m Prog= 16.18%	N_left=   135168	Time=   4.42	Time_left=  22.89	iGF= 71814.38	GF= 71929.97	iGF_per= 35907.19 	GF_per= 35964.98[0m
[0;31m Prog= 19.93%	N_left=   133120	Time=   5.37	Time_left=  21.59	iGF= 77129.69	GF= 72854.52	iGF_per= 38564.85 	GF_per= 36427.26[0m
[0;31m Prog= 23.57%	N_left=   131072	Time=   6.37	Time_left=  20.67	iGF= 71456.47	GF= 72635.15	iGF_per= 35728.23 	GF_per= 36317.58[0m
[0;31m Prog= 27.10%	N_left=   129024	Time=   7.27	Time_left=  19.56	iGF= 77200.19	GF= 73198.46	iGF_per= 38600.10 	GF_per= 36599.23[0m
[0;31m Prog= 30.52%	N_left=   126976	Time=   8.21	Time_left=  18.70	iGF= 71459.67	GF= 72999.59	iGF_per= 35729.84 	GF_per= 36499.79[0m
[0;31m Prog= 33.82%	N_left=   124928	Time=   9.05	Time_left=  17.71	iGF= 77248.11	GF= 73394.38	iGF_per= 38624.05 	GF_per= 36697.19[0m
[0;31m Prog= 37.03%	N_left=   122880	Time=   9.93	Time_left=  16.89	iGF= 71377.80	GF= 73215.53	iGF_per= 35688.90 	GF_per= 36607.76[0m
[0;31m Prog= 40.12%	N_left=   120832	Time=  10.72	Time_left=  16.00	iGF= 76954.79	GF= 73491.12	iGF_per= 38477.39 	GF_per= 36745.56[0m
[0;31m Prog= 43.12%	N_left=   118784	Time=  11.55	Time_left=  15.24	iGF= 70886.18	GF= 73304.10	iGF_per= 35443.09 	GF_per= 36652.05[0m
[0;31m Prog= 46.01%	N_left=   116736	Time=  12.29	Time_left=  14.42	iGF= 76968.09	GF= 73524.10	iGF_per= 38484.04 	GF_per= 36762.05[0m
[0;31m Prog= 48.80%	N_left=   114688	Time=  13.07	Time_left=  13.71	iGF= 70782.78	GF= 73361.54	iGF_per= 35391.39 	GF_per= 36680.77[0m
[0;31m Prog= 51.49%	N_left=   112640	Time=  13.76	Time_left=  12.96	iGF= 76564.89	GF= 73522.48	iGF_per= 38282.45 	GF_per= 36761.24[0m
[0;31m Prog= 54.09%	N_left=   110592	Time=  14.48	Time_left=  12.29	iGF= 70489.42	GF= 73370.85	iGF_per= 35244.71 	GF_per= 36685.42[0m
[0;31m Prog= 56.60%	N_left=   108544	Time=  15.13	Time_left=  11.60	iGF= 76339.18	GF= 73497.27	iGF_per= 38169.59 	GF_per= 36748.63[0m
[0;31m Prog= 59.01%	N_left=   106496	Time=  15.80	Time_left=  10.97	iGF= 70461.63	GF= 73368.12	iGF_per= 35230.81 	GF_per= 36684.06[0m
[0;31m Prog= 61.33%	N_left=   104448	Time=  16.40	Time_left=  10.34	iGF= 76173.31	GF= 73470.47	iGF_per= 38086.65 	GF_per= 36735.24[0m
[0;31m Prog= 63.56%	N_left=   102400	Time=  17.02	Time_left=   9.76	iGF= 69788.76	GF= 73334.69	iGF_per= 34894.38 	GF_per= 36667.35[0m
[0;31m Prog= 65.70%	N_left=   100352	Time=  17.57	Time_left=   9.18	iGF= 76377.54	GF= 73430.12	iGF_per= 38188.77 	GF_per= 36715.06[0m
[0;31m Prog= 67.76%	N_left=    98304	Time=  18.16	Time_left=   8.64	iGF= 69256.25	GF= 73295.99	iGF_per= 34628.12 	GF_per= 36647.99[0m
[0;31m Prog= 69.73%	N_left=    96256	Time=  18.66	Time_left=   8.10	iGF= 76473.13	GF= 73382.27	iGF_per= 38236.56 	GF_per= 36691.14[0m
[0;31m Prog= 71.62%	N_left=    94208	Time=  19.21	Time_left=   7.61	iGF= 68678.70	GF= 73249.80	iGF_per= 34339.35 	GF_per= 36624.90[0m
[0;31m Prog= 73.43%	N_left=    92160	Time=  19.67	Time_left=   7.12	iGF= 76527.73	GF= 73327.25	iGF_per= 38263.86 	GF_per= 36663.63[0m
[0;31m Prog= 75.17%	N_left=    90112	Time=  20.17	Time_left=   6.66	iGF= 68186.77	GF= 73200.09	iGF_per= 34093.38 	GF_per= 36600.04[0m
[0;31m Prog= 76.82%	N_left=    88064	Time=  20.60	Time_left=   6.21	iGF= 76367.17	GF= 73265.55	iGF_per= 38183.58 	GF_per= 36632.78[0m
[0;31m Prog= 78.40%	N_left=    86016	Time=  21.05	Time_left=   5.80	iGF= 67949.40	GF= 73150.22	iGF_per= 33974.70 	GF_per= 36575.11[0m
[0;31m Prog= 79.91%	N_left=    83968	Time=  21.44	Time_left=   5.39	iGF= 75768.72	GF= 73197.91	iGF_per= 37884.36 	GF_per= 36598.96[0m
[0;31m Prog= 81.34%	N_left=    81920	Time=  21.86	Time_left=   5.01	iGF= 67756.09	GF= 73094.37	iGF_per= 33878.05 	GF_per= 36547.18[0m
[0;31m Prog= 82.71%	N_left=    79872	Time=  22.21	Time_left=   4.65	iGF= 75291.64	GF= 73129.58	iGF_per= 37645.82 	GF_per= 36564.79[0m
[0;31m Prog= 84.00%	N_left=    77824	Time=  22.59	Time_left=   4.30	iGF= 67659.56	GF= 73038.45	iGF_per= 33829.78 	GF_per= 36519.22[0m
[0;31m Prog= 85.23%	N_left=    75776	Time=  22.91	Time_left=   3.97	iGF= 75193.53	GF= 73068.67	iGF_per= 37596.77 	GF_per= 36534.34[0m
[0;31m Prog= 86.40%	N_left=    73728	Time=  23.26	Time_left=   3.66	iGF= 66485.47	GF= 72971.22	iGF_per= 33242.74 	GF_per= 36485.61[0m
[0;31m Prog= 87.50%	N_left=    71680	Time=  23.54	Time_left=   3.36	iGF= 75995.07	GF= 73007.81	iGF_per= 37997.54 	GF_per= 36503.91[0m
[0;31m Prog= 88.54%	N_left=    69632	Time=  23.85	Time_left=   3.09	iGF= 65250.86	GF= 72905.90	iGF_per= 32625.43 	GF_per= 36452.95[0m
[0;31m Prog= 89.52%	N_left=    67584	Time=  24.11	Time_left=   2.82	iGF= 76582.90	GF= 72944.31	iGF_per= 38291.45 	GF_per= 36472.15[0m
[0;31m Prog= 90.45%	N_left=    65536	Time=  24.39	Time_left=   2.58	iGF= 63701.35	GF= 72836.35	iGF_per= 31850.67 	GF_per= 36418.18[0m
[0;31m Prog= 91.31%	N_left=    63488	Time=  24.61	Time_left=   2.34	iGF= 77919.13	GF= 72881.54	iGF_per= 38959.56 	GF_per= 36440.77[0m
[0;31m Prog= 92.13%	N_left=    61440	Time=  24.87	Time_left=   2.13	iGF= 60587.41	GF= 72751.15	iGF_per= 30293.70 	GF_per= 36375.58[0m
[0;31m Prog= 92.89%	N_left=    59392	Time=  25.07	Time_left=   1.92	iGF= 77101.21	GF= 72784.81	iGF_per= 38550.60 	GF_per= 36392.40[0m
[0;31m Prog= 93.60%	N_left=    57344	Time=  25.31	Time_left=   1.73	iGF= 57595.07	GF= 72639.39	iGF_per= 28797.53 	GF_per= 36319.69[0m
[0;31m Prog= 94.26%	N_left=    55296	Time=  25.48	Time_left=   1.55	iGF= 77800.26	GF= 72673.22	iGF_per= 38900.13 	GF_per= 36336.61[0m
[0;31m Prog= 94.88%	N_left=    53248	Time=  25.69	Time_left=   1.39	iGF= 56835.48	GF= 72542.34	iGF_per= 28417.74 	GF_per= 36271.17[0m
[0;31m Prog= 95.44%	N_left=    51200	Time=  25.83	Time_left=   1.23	iGF= 77675.23	GF= 72570.92	iGF_per= 38837.62 	GF_per= 36285.46[0m
[0;31m Prog= 95.97%	N_left=    49152	Time=  26.03	Time_left=   1.09	iGF= 52946.19	GF= 72424.04	iGF_per= 26473.09 	GF_per= 36212.02[0m
[0;31m Prog= 96.45%	N_left=    47104	Time=  26.15	Time_left=   0.96	iGF= 76059.48	GF= 72441.39	iGF_per= 38029.74 	GF_per= 36220.69[0m
[0;31m Prog= 96.90%	N_left=    45056	Time=  26.32	Time_left=   0.84	iGF= 53113.21	GF= 72321.10	iGF_per= 26556.60 	GF_per= 36160.55[0m
[0;31m Prog= 97.30%	N_left=    43008	Time=  26.43	Time_left=   0.73	iGF= 69246.82	GF= 72307.76	iGF_per= 34623.41 	GF_per= 36153.88[0m
[0;31m Prog= 97.67%	N_left=    40960	Time=  26.58	Time_left=   0.63	iGF= 48654.33	GF= 72175.68	iGF_per= 24327.16 	GF_per= 36087.84[0m
[0;31m Prog= 98.00%	N_left=    38912	Time=  26.68	Time_left=   0.54	iGF= 62500.18	GF= 72137.77	iGF_per= 31250.09 	GF_per= 36068.89[0m
[0;31m Prog= 98.30%	N_left=    36864	Time=  26.82	Time_left=   0.46	iGF= 44445.04	GF= 72001.12	iGF_per= 22222.52 	GF_per= 36000.56[0m
[0;31m Prog= 98.57%	N_left=    34816	Time=  26.91	Time_left=   0.39	iGF= 57071.92	GF= 71949.96	iGF_per= 28535.96 	GF_per= 35974.98[0m
[0;31m Prog= 98.81%	N_left=    32768	Time=  27.03	Time_left=   0.33	iGF= 39775.99	GF= 71809.94	iGF_per= 19888.00 	GF_per= 35904.97[0m
[0;31m Prog= 99.02%	N_left=    30720	Time=  27.11	Time_left=   0.27	iGF= 49155.80	GF= 71739.75	iGF_per= 24577.90 	GF_per= 35869.87[0m
[0;31m Prog= 99.20%	N_left=    28672	Time=  27.21	Time_left=   0.22	iGF= 34623.59	GF= 71597.41	iGF_per= 17311.80 	GF_per= 35798.71[0m
[0;31m Prog= 99.36%	N_left=    26624	Time=  27.29	Time_left=   0.18	iGF= 39810.88	GF= 71505.78	iGF_per= 19905.44 	GF_per= 35752.89[0m
[0;31m Prog= 99.50%	N_left=    24576	Time=  27.38	Time_left=   0.14	iGF= 30067.84	GF= 71370.60	iGF_per= 15033.92 	GF_per= 35685.30[0m
[0;31m Prog= 99.61%	N_left=    22528	Time=  27.46	Time_left=   0.11	iGF= 31199.34	GF= 71263.99	iGF_per= 15599.67 	GF_per= 35631.99[0m
[0;31m Prog= 99.71%	N_left=    20480	Time=  27.53	Time_left=   0.08	iGF= 23947.05	GF= 71127.97	iGF_per= 11973.53 	GF_per= 35563.98[0m
[0;31m Prog= 99.79%	N_left=    18432	Time=  27.60	Time_left=   0.06	iGF= 25067.21	GF= 71024.63	iGF_per= 12533.60 	GF_per= 35512.32[0m
[0;31m Prog= 99.85%	N_left=    16384	Time=  27.66	Time_left=   0.04	iGF= 19163.02	GF= 70903.06	iGF_per=  9581.51 	GF_per= 35451.53[0m
[0;31m Prog= 99.90%	N_left=    14336	Time=  27.71	Time_left=   0.03	iGF= 18603.14	GF= 70804.88	iGF_per=  9301.57 	GF_per= 35402.44[0m
[0;31m Prog= 99.94%	N_left=    12288	Time=  27.77	Time_left=   0.02	iGF= 13074.26	GF= 70689.23	iGF_per=  6537.13 	GF_per= 35344.62[0m
[0;31m Prog= 99.96%	N_left=    10240	Time=  27.82	Time_left=   0.01	iGF= 10717.18	GF= 70584.41	iGF_per=  5358.59 	GF_per= 35292.20[0m
[0;31m Prog= 99.98%	N_left=     8192	Time=  27.87	Time_left=   0.01	iGF=  6944.97	GF= 70469.54	iGF_per=  3472.49 	GF_per= 35234.77[0m
[0;31m Prog= 99.99%	N_left=     6144	Time=  27.91	Time_left=   0.00	iGF=  4834.02	GF= 70366.47	iGF_per=  2417.01 	GF_per= 35183.24[0m
[0;31m Prog= 100.00%	N_left=     4096	Time=  27.96	Time_left=   0.00	iGF=  2465.20	GF= 70259.27	iGF_per=  1232.60 	GF_per= 35129.64[0m
================================================================================
T/V                N    NB     P     Q         Time          Gflops (   per GPU)
--------------------------------------------------------------------------------
WC0           143360  2048     1     2        28.13       6.982e+04 ( 3.491e+04)

HPL_pdgesv() start time Sun Oct  4 23:46:02 2026
HPL_pdgesv() end time   Sun Oct  4 23:46:30 2026

--------------------------------------------------------------------------------
||Ax-b||_oo/(eps*(||A||_oo*||x||_oo+||b||_oo)*N)=   0.001120337724 ...... PASSED
||Ax-b||_oo  . . . . . . . . . . . . . . . . . = 0.0000000059579456
||A||_oo . . . . . . . . . . . . . . . . . . . = 36080.6432988371016108
||x||_oo . . . . . . . . . . . . . . . . . . . = 9.2604998350081207
||b||_oo . . . . . . . . . . . . . . . . . . . = 0.4999993662445502
================================================================================

Finished      1 tests with the following results:
              1 tests completed and passed residual checks,
              0 tests completed and failed residual checks,
              0 tests skipped because of illegal input values.
--------------------------------------------------------------------------------

End of Tests.
================================================================================
swap2           69820 GFLOP/s   28.13 s
=== l1-0 ===

================================================================================
HPL-NVIDIA 26.2.1  -- NVIDIA accelerated HPL benchmark -- NVIDIA
================================================================================
HPLinpack 2.1  --  High-Performance Linpack benchmark  --   October 26, 2012
Written by A. Petitet and R. Clint Whaley,  Innovative Computing Laboratory, UTK
Modified by Piotr Luszczek, Innovative Computing Laboratory, UTK
Modified by Julien Langou, University of Colorado Denver
================================================================================

An explanation of the input/output parameters follows:
T/V    : Wall time / encoded variant.
N      : The order of the coefficient matrix A.
NB     : The partitioning blocking factor.
P      : The number of process rows.
Q      : The number of process columns.
Time   : Time in seconds to solve the linear system.
Gflops : Rate of execution for solving the linear system.

The following parameter values will be used:

N      :  143360 
NB     :    2048 
PMAP   : Column-major process mapping
P      :       1 
Q      :       2 
PFACT  :   Crout 
NBMIN  :       2 
NDIV   :       2 
RFACT  :    Left 
BCAST  :  2ringM 
DEPTH  :       1 
SWAP   : Spread-roll (long)
L1     : transposed form
U      : transposed form
EQUIL  : no
ALIGN  : 8 double precision words

--------------------------------------------------------------------------------

- The matrix A is randomly generated for each test.
- The following scaled residual check will be computed:
      ||Ax-b||_oo / ( eps * ( || x ||_oo * || A ||_oo + || b ||_oo ) * N )
- The relative machine precision (eps) is taken to be               1.110223e-16
- Computational tests pass if scaled residuals are less than                16.0


HPL-NVIDIA ignores the following parameters from input file:
	* Broadcast parameters
	* Panel factorization parameters
	* Look-ahead value
	* L1 layout
	* U layout
	* Equilibration parameter
	* Memory alignment parameter

HPL-NVIDIA settings from environment variables:
	HPL_CUSOLVER_MP_TESTS from environment 0 
--- DEVICE INFO ---
  Peak clock frequency: 1785 MHz
  SM version          : 90
  Number of SMs       : 132
-------------------
[HPL TRACE] cuda_nvshmem_init: max=0.7901 (0) min=0.7901 (1)
[HPL TRACE] ncclCommInitRank: max=0.9646 (1) min=0.9646 (0)
[HPL TRACE] cugetrfs_mp_init: max=1.0068 (0) min=1.0067 (1)
--- MEMORY INFO ---
DEVICE
  System           =      5.40817 GiB (MIN)      5.40817 GiB (MAX)      5.40817 GiB (AVG)
  HPL buffers      =     85.60201 GiB (MIN)     85.60201 GiB (MAX)     85.60201 GiB (AVG)
  Used             =     91.01018 GiB (MIN)     91.01018 GiB (MAX)     91.01018 GiB (AVG)
  Total            =     93.58398 GiB (MIN)     93.58398 GiB (MAX)     93.58398 GiB (AVG)
HOST
  HPL buffers      =      0.00113 GiB (MIN)      0.00113 GiB (MAX)      0.00113 GiB (AVG)
-------------------
[HPL TRACE] HPL_pdmatgen_gpu: max=0.0266 (0) min=0.0266 (1)
[0;31m Prog= 4.22%	N_left=   141312	Time=   1.23	Time_left=  27.81	iGF= 67652.76	GF= 67652.76	iGF_per= 33826.38 	GF_per= 33826.38[0m
[0;31m Prog= 8.33%	N_left=   139264	Time=   2.35	Time_left=  25.90	iGF= 71581.58	GF= 69533.31	iGF_per= 35790.79 	GF_per= 34766.65[0m
[0;31m Prog= 12.31%	N_left=   137216	Time=   3.37	Time_left=  23.98	iGF= 77188.52	GF= 71839.04	iGF_per= 38594.26 	GF_per= 35919.52[0m
[0;31m Prog= 16.18%	N_left=   135168	Time=   4.43	Time_left=  22.92	iGF= 71789.68	GF= 71827.23	iGF_per= 35894.84 	GF_per= 35913.62[0m
[0;31m Prog= 19.93%	N_left=   133120	Time=   5.38	Time_left=  21.60	iGF= 77339.85	GF= 72804.08	iGF_per= 38669.92 	GF_per= 36402.04[0m
[0;31m Prog= 23.57%	N_left=   131072	Time=   6.38	Time_left=  20.68	iGF= 71478.07	GF= 72596.19	iGF_per= 35739.03 	GF_per= 36298.10[0m
[0;31m Prog= 27.10%	N_left=   129024	Time=   7.28	Time_left=  19.58	iGF= 77053.23	GF= 73146.83	iGF_per= 38526.62 	GF_per= 36573.41[0m
[0;31m Prog= 30.52%	N_left=   126976	Time=   8.22	Time_left=  18.71	iGF= 71310.40	GF= 72936.53	iGF_per= 35655.20 	GF_per= 36468.27[0m
[0;31m Prog= 33.82%	N_left=   124928	Time=   9.06	Time_left=  17.72	iGF= 77402.49	GF= 73350.45	iGF_per= 38701.24 	GF_per= 36675.23[0m
[0;31m Prog= 37.03%	N_left=   122880	Time=   9.94	Time_left=  16.90	iGF= 71392.04	GF= 73176.89	iGF_per= 35696.02 	GF_per= 36588.44[0m
[0;31m Prog= 40.12%	N_left=   120832	Time=  10.73	Time_left=  16.01	iGF= 77219.36	GF= 73473.73	iGF_per= 38609.68 	GF_per= 36736.87[0m
[0;31m Prog= 43.12%	N_left=   118784	Time=  11.56	Time_left=  15.25	iGF= 70829.22	GF= 73283.78	iGF_per= 35414.61 	GF_per= 36641.89[0m
[0;31m Prog= 46.01%	N_left=   116736	Time=  12.30	Time_left=  14.43	iGF= 76470.74	GF= 73476.25	iGF_per= 38235.37 	GF_per= 36738.13[0m
[0;31m Prog= 48.80%	N_left=   114688	Time=  13.07	Time_left=  13.71	iGF= 71011.19	GF= 73330.60	iGF_per= 35505.59 	GF_per= 36665.30[0m
[0;31m Prog= 51.49%	N_left=   112640	Time=  13.76	Time_left=  12.96	iGF= 76718.27	GF= 73500.41	iGF_per= 38359.14 	GF_per= 36750.21[0m
[0;31m Prog= 54.09%	N_left=   110592	Time=  14.49	Time_left=  12.29	iGF= 70353.33	GF= 73342.84	iGF_per= 35176.67 	GF_per= 36671.42[0m
[0;31m Prog= 56.60%	N_left=   108544	Time=  15.13	Time_left=  11.60	iGF= 76398.60	GF= 73472.83	iGF_per= 38199.30 	GF_per= 36736.42[0m
[0;31m Prog= 59.01%	N_left=   106496	Time=  15.80	Time_left=  10.98	iGF= 70286.26	GF= 73336.99	iGF_per= 35143.13 	GF_per= 36668.50[0m
[0;31m Prog= 61.33%	N_left=   104448	Time=  16.40	Time_left=  10.34	iGF= 76368.92	GF= 73447.30	iGF_per= 38184.46 	GF_per= 36723.65[0m
[0;31m Prog= 63.56%	N_left=   102400	Time=  17.03	Time_left=   9.76	iGF= 69640.79	GF= 73306.67	iGF_per= 34820.39 	GF_per= 36653.33[0m
[0;31m Prog= 65.70%	N_left=   100352	Time=  17.58	Time_left=   9.18	iGF= 76340.75	GF= 73401.83	iGF_per= 38170.37 	GF_per= 36700.92[0m
[0;31m Prog= 67.76%	N_left=    98304	Time=  18.17	Time_left=   8.64	iGF= 69186.77	GF= 73266.29	iGF_per= 34593.39 	GF_per= 36633.15[0m
[0;31m Prog= 69.73%	N_left=    96256	Time=  18.67	Time_left=   8.11	iGF= 76432.78	GF= 73352.30	iGF_per= 38216.39 	GF_per= 36676.15[0m
[0;31m Prog= 71.62%	N_left=    94208	Time=  19.21	Time_left=   7.61	iGF= 68798.19	GF= 73224.31	iGF_per= 34399.09 	GF_per= 36612.15[0m
[0;31m Prog= 73.43%	N_left=    92160	Time=  19.68	Time_left=   7.12	iGF= 76559.26	GF= 73303.05	iGF_per= 38279.63 	GF_per= 36651.52[0m
[0;31m Prog= 75.17%	N_left=    90112	Time=  20.17	Time_left=   6.67	iGF= 68402.58	GF= 73182.23	iGF_per= 34201.29 	GF_per= 36591.12[0m
[0;31m Prog= 76.82%	N_left=    88064	Time=  20.60	Time_left=   6.22	iGF= 76151.60	GF= 73243.76	iGF_per= 38075.80 	GF_per= 36621.88[0m
[0;31m Prog= 78.40%	N_left=    86016	Time=  21.06	Time_left=   5.80	iGF= 68136.77	GF= 73133.30	iGF_per= 34068.38 	GF_per= 36566.65[0m
[0;31m Prog= 79.91%	N_left=    83968	Time=  21.45	Time_left=   5.39	iGF= 75919.84	GF= 73183.94	iGF_per= 37959.92 	GF_per= 36591.97[0m
[0;31m Prog= 81.34%	N_left=    81920	Time=  21.86	Time_left=   5.02	iGF= 67678.55	GF= 73079.09	iGF_per= 33839.27 	GF_per= 36539.54[0m
[0;31m Prog= 82.71%	N_left=    79872	Time=  22.22	Time_left=   4.65	iGF= 75385.51	GF= 73116.00	iGF_per= 37692.76 	GF_per= 36558.00[0m
[0;31m Prog= 84.00%	N_left=    77824	Time=  22.60	Time_left=   4.30	iGF= 67535.50	GF= 73022.87	iGF_per= 33767.75 	GF_per= 36511.44[0m
[0;31m Prog= 85.23%	N_left=    75776	Time=  22.92	Time_left=   3.97	iGF= 75440.25	GF= 73056.66	iGF_per= 37720.12 	GF_per= 36528.33[0m
[0;31m Prog= 86.40%	N_left=    73728	Time=  23.26	Time_left=   3.66	iGF= 66494.53	GF= 72959.54	iGF_per= 33247.26 	GF_per= 36479.77[0m
[0;31m Prog= 87.50%	N_left=    71680	Time=  23.54	Time_left=   3.36	iGF= 76051.90	GF= 72996.94	iGF_per= 38025.95 	GF_per= 36498.47[0m
[0;31m Prog= 88.54%	N_left=    69632	Time=  23.86	Time_left=   3.09	iGF= 65573.28	GF= 72899.89	iGF_per= 32786.64 	GF_per= 36449.95[0m
[0;31m Prog= 89.52%	N_left=    67584	Time=  24.11	Time_left=   2.82	iGF= 75882.40	GF= 72931.32	iGF_per= 37941.20 	GF_per= 36465.66[0m
[0;31m Prog= 90.45%	N_left=    65536	Time=  24.39	Time_left=   2.58	iGF= 64586.49	GF= 72835.20	iGF_per= 32293.25 	GF_per= 36417.60[0m
[0;31m Prog= 91.31%	N_left=    63488	Time=  24.61	Time_left=   2.34	iGF= 77582.54	GF= 72877.58	iGF_per= 38791.27 	GF_per= 36438.79[0m
[0;31m Prog= 92.13%	N_left=    61440	Time=  24.87	Time_left=   2.13	iGF= 61444.48	GF= 72758.01	iGF_per= 30722.24 	GF_per= 36379.00[0m
[0;31m Prog= 92.89%	N_left=    59392	Time=  25.07	Time_left=   1.92	iGF= 77063.95	GF= 72791.34	iGF_per= 38531.98 	GF_per= 36395.67[0m
[0;31m Prog= 93.60%	N_left=    57344	Time=  25.30	Time_left=   1.73	iGF= 58342.32	GF= 72654.75	iGF_per= 29171.16 	GF_per= 36327.38[0m
[0;31m Prog= 94.26%	N_left=    55296	Time=  25.47	Time_left=   1.55	iGF= 77510.20	GF= 72686.71	iGF_per= 38755.10 	GF_per= 36343.35[0m
[0;31m Prog= 94.88%	N_left=    53248	Time=  25.68	Time_left=   1.39	iGF= 57436.82	GF= 72561.97	iGF_per= 28718.41 	GF_per= 36280.98[0m
[0;31m Prog= 95.44%	N_left=    51200	Time=  25.83	Time_left=   1.23	iGF= 77488.99	GF= 72589.48	iGF_per= 38744.50 	GF_per= 36294.74[0m
[0;31m Prog= 95.97%	N_left=    49152	Time=  26.02	Time_left=   1.09	iGF= 53715.82	GF= 72450.20	iGF_per= 26857.91 	GF_per= 36225.10[0m
[0;31m Prog= 96.45%	N_left=    47104	Time=  26.15	Time_left=   0.96	iGF= 74988.82	GF= 72462.49	iGF_per= 37494.41 	GF_per= 36231.24[0m
[0;31m Prog= 96.90%	N_left=    45056	Time=  26.31	Time_left=   0.84	iGF= 52250.82	GF= 72334.60	iGF_per= 26125.41 	GF_per= 36167.30[0m
[0;31m Prog= 97.30%	N_left=    43008	Time=  26.43	Time_left=   0.73	iGF= 68577.71	GF= 72318.14	iGF_per= 34288.86 	GF_per= 36159.07[0m
[0;31m Prog= 97.67%	N_left=    40960	Time=  26.57	Time_left=   0.63	iGF= 49217.81	GF= 72190.60	iGF_per= 24608.90 	GF_per= 36095.30[0m
[0;31m Prog= 98.00%	N_left=    38912	Time=  26.68	Time_left=   0.54	iGF= 63137.14	GF= 72155.48	iGF_per= 31568.57 	GF_per= 36077.74[0m
[0;31m Prog= 98.30%	N_left=    36864	Time=  26.81	Time_left=   0.46	iGF= 43608.92	GF= 72011.89	iGF_per= 21804.46 	GF_per= 36005.95[0m
[0;31m Prog= 98.57%	N_left=    34816	Time=  26.91	Time_left=   0.39	iGF= 56705.60	GF= 71959.09	iGF_per= 28352.80 	GF_per= 35979.55[0m
[0;31m Prog= 98.81%	N_left=    32768	Time=  27.02	Time_left=   0.33	iGF= 39535.07	GF= 71817.10	iGF_per= 19767.53 	GF_per= 35908.55[0m
[0;31m Prog= 99.02%	N_left=    30720	Time=  27.11	Time_left=   0.27	iGF= 48130.65	GF= 71742.15	iGF_per= 24065.32 	GF_per= 35871.08[0m
[0;31m Prog= 99.20%	N_left=    28672	Time=  27.21	Time_left=   0.22	iGF= 34586.05	GF= 71599.50	iGF_per= 17293.02 	GF_per= 35799.75[0m
[0;31m Prog= 99.36%	N_left=    26624	Time=  27.29	Time_left=   0.18	iGF= 39038.56	GF= 71503.78	iGF_per= 19519.28 	GF_per= 35751.89[0m
[0;31m Prog= 99.50%	N_left=    24576	Time=  27.39	Time_left=   0.14	iGF= 29566.17	GF= 71364.67	iGF_per= 14783.08 	GF_per= 35682.33[0m
[0;31m Prog= 99.61%	N_left=    22528	Time=  27.46	Time_left=   0.11	iGF= 31326.97	GF= 71258.85	iGF_per= 15663.49 	GF_per= 35629.42[0m
[0;31m Prog= 99.71%	N_left=    20480	Time=  27.53	Time_left=   0.08	iGF= 24785.53	GF= 71129.77	iGF_per= 12392.77 	GF_per= 35564.88[0m
[0;31m Prog= 99.79%	N_left=    18432	Time=  27.60	Time_left=   0.06	iGF= 25098.09	GF= 71026.63	iGF_per= 12549.04 	GF_per= 35513.31[0m
[0;31m Prog= 99.85%	N_left=    16384	Time=  27.66	Time_left=   0.04	iGF= 18941.67	GF= 70903.10	iGF_per=  9470.84 	GF_per= 35451.55[0m
[0;31m Prog= 99.90%	N_left=    14336	Time=  27.71	Time_left=   0.03	iGF= 18720.51	GF= 70805.75	iGF_per=  9360.26 	GF_per= 35402.88[0m
[0;31m Prog= 99.94%	N_left=    12288	Time=  27.77	Time_left=   0.02	iGF= 13053.63	GF= 70689.88	iGF_per=  6526.82 	GF_per= 35344.94[0m
[0;31m Prog= 99.96%	N_left=    10240	Time=  27.82	Time_left=   0.01	iGF= 10725.79	GF= 70585.15	iGF_per=  5362.90 	GF_per= 35292.57[0m
[0;31m Prog= 99.98%	N_left=     8192	Time=  27.87	Time_left=   0.01	iGF=  6929.37	GF= 70470.00	iGF_per=  3464.68 	GF_per= 35235.00[0m
[0;31m Prog= 99.99%	N_left=     6144	Time=  27.91	Time_left=   0.00	iGF=  4825.42	GF= 70366.73	iGF_per=  2412.71 	GF_per= 35183.36[0m
[0;31m Prog= 100.00%	N_left=     4096	Time=  27.96	Time_left=   0.00	iGF=  2451.85	GF= 70258.92	iGF_per=  1225.93 	GF_per= 35129.46[0m
================================================================================
T/V                N    NB     P     Q         Time          Gflops (   per GPU)
--------------------------------------------------------------------------------
WC0           143360  2048     1     2        28.11       6.989e+04 ( 3.494e+04)

HPL_pdgesv() start time Sun Oct  4 23:46:36 2026
HPL_pdgesv() end time   Sun Oct  4 23:47:04 2026

--------------------------------------------------------------------------------
||Ax-b||_oo/(eps*(||A||_oo*||x||_oo+||b||_oo)*N)=   0.001120337724 ...... PASSED
||Ax-b||_oo  . . . . . . . . . . . . . . . . . = 0.0000000059579456
||A||_oo . . . . . . . . . . . . . . . . . . . = 36080.6432988371016108
||x||_oo . . . . . . . . . . . . . . . . . . . = 9.2604998350081207
||b||_oo . . . . . . . . . . . . . . . . . . . = 0.4999993662445502
================================================================================

Finished      1 tests with the following results:
              1 tests completed and passed residual checks,
              0 tests completed and failed residual checks,
              0 tests skipped because of illegal input values.
--------------------------------------------------------------------------------

End of Tests.
================================================================================
l1-0            69890 GFLOP/s   28.11 s
=== u1 ===

================================================================================
HPL-NVIDIA 26.2.1  -- NVIDIA accelerated HPL benchmark -- NVIDIA
================================================================================
HPLinpack 2.1  --  High-Performance Linpack benchmark  --   October 26, 2012
Written by A. Petitet and R. Clint Whaley,  Innovative Computing Laboratory, UTK
Modified by Piotr Luszczek, Innovative Computing Laboratory, UTK
Modified by Julien Langou, University of Colorado Denver
================================================================================

An explanation of the input/output parameters follows:
T/V    : Wall time / encoded variant.
N      : The order of the coefficient matrix A.
NB     : The partitioning blocking factor.
P      : The number of process rows.
Q      : The number of process columns.
Time   : Time in seconds to solve the linear system.
Gflops : Rate of execution for solving the linear system.

The following parameter values will be used:

N      :  143360 
NB     :    2048 
PMAP   : Column-major process mapping
P      :       1 
Q      :       2 
PFACT  :   Crout 
NBMIN  :       2 
NDIV   :       2 
RFACT  :    Left 
BCAST  :  2ringM 
DEPTH  :       1 
SWAP   : Spread-roll (long)
L1     : no-transposed form
U      : no-transposed form
EQUIL  : no
ALIGN  : 8 double precision words

--------------------------------------------------------------------------------

- The matrix A is randomly generated for each test.
- The following scaled residual check will be computed:
      ||Ax-b||_oo / ( eps * ( || x ||_oo * || A ||_oo + || b ||_oo ) * N )
- The relative machine precision (eps) is taken to be               1.110223e-16
- Computational tests pass if scaled residuals are less than                16.0


HPL-NVIDIA ignores the following parameters from input file:
	* Broadcast parameters
	* Panel factorization parameters
	* Look-ahead value
	* L1 layout
	* U layout
	* Equilibration parameter
	* Memory alignment parameter

HPL-NVIDIA settings from environment variables:
	HPL_CUSOLVER_MP_TESTS from environment 0 
--- DEVICE INFO ---
  Peak clock frequency: 1785 MHz
  SM version          : 90
  Number of SMs       : 132
-------------------
[HPL TRACE] cuda_nvshmem_init: max=0.7973 (0) min=0.7972 (1)
[HPL TRACE] ncclCommInitRank: max=0.8806 (1) min=0.8806 (0)
[HPL TRACE] cugetrfs_mp_init: max=0.9193 (1) min=0.9193 (0)
--- MEMORY INFO ---
DEVICE
  System           =      5.40817 GiB (MIN)      5.40817 GiB (MAX)      5.40817 GiB (AVG)
  HPL buffers      =     85.60201 GiB (MIN)     85.60201 GiB (MAX)     85.60201 GiB (AVG)
  Used             =     91.01018 GiB (MIN)     91.01018 GiB (MAX)     91.01018 GiB (AVG)
  Total            =     93.58398 GiB (MIN)     93.58398 GiB (MAX)     93.58398 GiB (AVG)
HOST
  HPL buffers      =      0.00113 GiB (MIN)      0.00113 GiB (MAX)      0.00113 GiB (AVG)
-------------------
[HPL TRACE] HPL_pdmatgen_gpu: max=0.0268 (0) min=0.0268 (1)
[0;31m Prog= 4.22%	N_left=   141312	Time=   1.23	Time_left=  27.81	iGF= 67635.16	GF= 67635.16	iGF_per= 33817.58 	GF_per= 33817.58[0m
[0;31m Prog= 8.33%	N_left=   139264	Time=   2.35	Time_left=  25.90	iGF= 71604.39	GF= 69534.47	iGF_per= 35802.19 	GF_per= 34767.24[0m
[0;31m Prog= 12.31%	N_left=   137216	Time=   3.37	Time_left=  23.97	iGF= 77236.42	GF= 71853.30	iGF_per= 38618.21 	GF_per= 35926.65[0m
[0;31m Prog= 16.18%	N_left=   135168	Time=   4.42	Time_left=  22.92	iGF= 71778.75	GF= 71835.47	iGF_per= 35889.37 	GF_per= 35917.73[0m
[0;31m Prog= 19.93%	N_left=   133120	Time=   5.38	Time_left=  21.60	iGF= 77281.36	GF= 72801.18	iGF_per= 38640.68 	GF_per= 36400.59[0m
[0;31m Prog= 23.57%	N_left=   131072	Time=   6.38	Time_left=  20.68	iGF= 71453.33	GF= 72589.82	iGF_per= 35726.66 	GF_per= 36294.91[0m
[0;31m Prog= 27.10%	N_left=   129024	Time=   7.27	Time_left=  19.57	iGF= 77308.77	GF= 73171.08	iGF_per= 38654.38 	GF_per= 36585.54[0m
[0;31m Prog= 30.52%	N_left=   126976	Time=   8.21	Time_left=  18.70	iGF= 71503.95	GF= 72980.57	iGF_per= 35751.97 	GF_per= 36490.29[0m
[0;31m Prog= 33.82%	N_left=   124928	Time=   9.05	Time_left=  17.71	iGF= 77240.13	GF= 73376.33	iGF_per= 38620.06 	GF_per= 36688.16[0m
[0;31m Prog= 37.03%	N_left=   122880	Time=   9.94	Time_left=  16.90	iGF= 71278.17	GF= 73190.05	iGF_per= 35639.08 	GF_per= 36595.02[0m
[0;31m Prog= 40.12%	N_left=   120832	Time=  10.73	Time_left=  16.01	iGF= 77089.38	GF= 73476.88	iGF_per= 38544.69 	GF_per= 36738.44[0m
[0;31m Prog= 43.12%	N_left=   118784	Time=  11.55	Time_left=  15.24	iGF= 70927.43	GF= 73293.98	iGF_per= 35463.72 	GF_per= 36646.99[0m
[0;31m Prog= 46.01%	N_left=   116736	Time=  12.29	Time_left=  14.43	iGF= 76956.48	GF= 73513.89	iGF_per= 38478.24 	GF_per= 36756.94[0m
[0;31m Prog= 48.80%	N_left=   114688	Time=  13.07	Time_left=  13.71	iGF= 70766.64	GF= 73350.96	iGF_per= 35383.32 	GF_per= 36675.48[0m
[0;31m Prog= 51.49%	N_left=   112640	Time=  13.76	Time_left=  12.96	iGF= 76454.17	GF= 73507.06	iGF_per= 38227.08 	GF_per= 36753.53[0m
[0;31m Prog= 54.09%	N_left=   110592	Time=  14.48	Time_left=  12.29	iGF= 70545.29	GF= 73359.14	iGF_per= 35272.64 	GF_per= 36679.57[0m
[0;31m Prog= 56.60%	N_left=   108544	Time=  15.13	Time_left=  11.60	iGF= 76435.48	GF= 73489.98	iGF_per= 38217.74 	GF_per= 36744.99[0m
[0;31m Prog= 59.01%	N_left=   106496	Time=  15.80	Time_left=  10.98	iGF= 70280.35	GF= 73353.11	iGF_per= 35140.18 	GF_per= 36676.56[0m
[0;31m Prog= 61.33%	N_left=   104448	Time=  16.40	Time_left=  10.34	iGF= 76247.12	GF= 73458.58	iGF_per= 38123.56 	GF_per= 36729.29[0m
[0;31m Prog= 63.56%	N_left=   102400	Time=  17.03	Time_left=   9.76	iGF= 69703.76	GF= 73319.96	iGF_per= 34851.88 	GF_per= 36659.98[0m
[0;31m Prog= 65.70%	N_left=   100352	Time=  17.58	Time_left=   9.18	iGF= 76448.79	GF= 73417.98	iGF_per= 38224.39 	GF_per= 36708.99[0m
[0;31m Prog= 67.76%	N_left=    98304	Time=  18.16	Time_left=   8.64	iGF= 69123.68	GF= 73279.74	iGF_per= 34561.84 	GF_per= 36639.87[0m
[0;31m Prog= 69.73%	N_left=    96256	Time=  18.67	Time_left=   8.10	iGF= 76322.26	GF= 73362.51	iGF_per= 38161.13 	GF_per= 36681.26[0m
[0;31m Prog= 71.62%	N_left=    94208	Time=  19.21	Time_left=   7.61	iGF= 68791.72	GF= 73234.02	iGF_per= 34395.86 	GF_per= 36617.01[0m
[0;31m Prog= 73.43%	N_left=    92160	Time=  19.68	Time_left=   7.12	iGF= 76371.43	GF= 73308.28	iGF_per= 38185.72 	GF_per= 36654.14[0m
[0;31m Prog= 75.17%	N_left=    90112	Time=  20.17	Time_left=   6.67	iGF= 68280.85	GF= 73184.12	iGF_per= 34140.43 	GF_per= 36592.06[0m
[0;31m Prog= 76.82%	N_left=    88064	Time=  20.60	Time_left=   6.22	iGF= 76268.84	GF= 73247.94	iGF_per= 38134.42 	GF_per= 36623.97[0m
[0;31m Prog= 78.40%	N_left=    86016	Time=  21.06	Time_left=   5.80	iGF= 67987.49	GF= 73133.91	iGF_per= 33993.74 	GF_per= 36566.96[0m
[0;31m Prog= 79.91%	N_left=    83968	Time=  21.45	Time_left=   5.39	iGF= 76047.13	GF= 73186.77	iGF_per= 38023.56 	GF_per= 36593.38[0m
[0;31m Prog= 81.34%	N_left=    81920	Time=  21.86	Time_left=   5.01	iGF= 67682.36	GF= 73081.94	iGF_per= 33841.18 	GF_per= 36540.97[0m
[0;31m Prog= 82.71%	N_left=    79872	Time=  22.22	Time_left=   4.65	iGF= 75337.51	GF= 73118.06	iGF_per= 37668.76 	GF_per= 36559.03[0m
[0;31m Prog= 84.00%	N_left=    77824	Time=  22.59	Time_left=   4.30	iGF= 67634.99	GF= 73026.69	iGF_per= 33817.50 	GF_per= 36513.34[0m
[0;31m Prog= 85.23%	N_left=    75776	Time=  22.92	Time_left=   3.97	iGF= 75150.59	GF= 73056.48	iGF_per= 37575.30 	GF_per= 36528.24[0m
[0;31m Prog= 86.40%	N_left=    73728	Time=  23.26	Time_left=   3.66	iGF= 66694.33	GF= 72962.61	iGF_per= 33347.17 	GF_per= 36481.30[0m
[0;31m Prog= 87.50%	N_left=    71680	Time=  23.54	Time_left=   3.36	iGF= 75797.11	GF= 72997.00	iGF_per= 37898.55 	GF_per= 36498.50[0m
[0;31m Prog= 88.54%	N_left=    69632	Time=  23.86	Time_left=   3.09	iGF= 65228.09	GF= 72894.91	iGF_per= 32614.05 	GF_per= 36447.45[0m
[0;31m Prog= 89.52%	N_left=    67584	Time=  24.11	Time_left=   2.82	iGF= 75906.90	GF= 72926.64	iGF_per= 37953.45 	GF_per= 36463.32[0m
[0;31m Prog= 90.45%	N_left=    65536	Time=  24.39	Time_left=   2.58	iGF= 64674.15	GF= 72831.71	iGF_per= 32337.08 	GF_per= 36415.85[0m
[0;31m Prog= 91.31%	N_left=    63488	Time=  24.61	Time_left=   2.34	iGF= 77690.26	GF= 72875.03	iGF_per= 38845.13 	GF_per= 36437.51[0m
[0;31m Prog= 92.13%	N_left=    61440	Time=  24.87	Time_left=   2.13	iGF= 61076.68	GF= 72750.90	iGF_per= 30538.34 	GF_per= 36375.45[0m
[0;31m Prog= 92.89%	N_left=    59392	Time=  25.07	Time_left=   1.92	iGF= 77180.49	GF= 72785.13	iGF_per= 38590.25 	GF_per= 36392.57[0m
[0;31m Prog= 93.60%	N_left=    57344	Time=  25.31	Time_left=   1.73	iGF= 58836.18	GF= 72654.38	iGF_per= 29418.09 	GF_per= 36327.19[0m
[0;31m Prog= 94.26%	N_left=    55296	Time=  25.47	Time_left=   1.55	iGF= 77358.79	GF= 72685.40	iGF_per= 38679.39 	GF_per= 36342.70[0m
[0;31m Prog= 94.88%	N_left=    53248	Time=  25.68	Time_left=   1.39	iGF= 56950.75	GF= 72555.61	iGF_per= 28475.37 	GF_per= 36277.81[0m
[0;31m Prog= 95.44%	N_left=    51200	Time=  25.83	Time_left=   1.23	iGF= 77199.32	GF= 72581.63	iGF_per= 38599.66 	GF_per= 36290.82[0m
[0;31m Prog= 95.97%	N_left=    49152	Time=  26.02	Time_left=   1.09	iGF= 53182.95	GF= 72437.07	iGF_per= 26591.47 	GF_per= 36218.54[0m
[0;31m Prog= 96.45%	N_left=    47104	Time=  26.15	Time_left=   0.96	iGF= 76044.00	GF= 72454.29	iGF_per= 38022.00 	GF_per= 36227.14[0m
[0;31m Prog= 96.90%	N_left=    45056	Time=  26.31	Time_left=   0.84	iGF= 52279.03	GF= 72326.72	iGF_per= 26139.51 	GF_per= 36163.36[0m
[0;31m Prog= 97.30%	N_left=    43008	Time=  26.43	Time_left=   0.73	iGF= 68680.79	GF= 72310.76	iGF_per= 34340.40 	GF_per= 36155.38[0m
[0;31m Prog= 97.67%	N_left=    40960	Time=  26.58	Time_left=   0.63	iGF= 49587.47	GF= 72186.25	iGF_per= 24793.73 	GF_per= 36093.12[0m
[0;31m Prog= 98.00%	N_left=    38912	Time=  26.68	Time_left=   0.54	iGF= 64921.06	GF= 72158.84	iGF_per= 32460.53 	GF_per= 36079.42[0m
[0;31m Prog= 98.30%	N_left=    36864	Time=  26.81	Time_left=   0.46	iGF= 42547.84	GF= 72006.20	iGF_per= 21273.92 	GF_per= 36003.10[0m
[0;31m Prog= 98.57%	N_left=    34816	Time=  26.91	Time_left=   0.39	iGF= 57093.69	GF= 71955.11	iGF_per= 28546.84 	GF_per= 35977.55[0m
[0;31m Prog= 98.81%	N_left=    32768	Time=  27.02	Time_left=   0.33	iGF= 39731.79	GF= 71814.70	iGF_per= 19865.89 	GF_per= 35907.35[0m
[0;31m Prog= 99.02%	N_left=    30720	Time=  27.11	Time_left=   0.27	iGF= 48308.83	GF= 71740.60	iGF_per= 24154.41 	GF_per= 35870.30[0m
[0;31m Prog= 99.20%	N_left=    28672	Time=  27.21	Time_left=   0.22	iGF= 34571.19	GF= 71597.84	iGF_per= 17285.59 	GF_per= 35798.92[0m
[0;31m Prog= 99.36%	N_left=    26624	Time=  27.29	Time_left=   0.18	iGF= 39174.91	GF= 71502.86	iGF_per= 19587.46 	GF_per= 35751.43[0m
[0;31m Prog= 99.50%	N_left=    24576	Time=  27.39	Time_left=   0.14	iGF= 29713.11	GF= 71364.92	iGF_per= 14856.55 	GF_per= 35682.46[0m
[0;31m Prog= 99.61%	N_left=    22528	Time=  27.46	Time_left=   0.11	iGF= 31902.22	GF= 71262.49	iGF_per= 15951.11 	GF_per= 35631.25[0m
[0;31m Prog= 99.71%	N_left=    20480	Time=  27.53	Time_left=   0.08	iGF= 24841.36	GF= 71133.84	iGF_per= 12420.68 	GF_per= 35566.92[0m
[0;31m Prog= 99.79%	N_left=    18432	Time=  27.59	Time_left=   0.06	iGF= 25215.97	GF= 71031.43	iGF_per= 12607.98 	GF_per= 35515.71[0m
[0;31m Prog= 99.85%	N_left=    16384	Time=  27.66	Time_left=   0.04	iGF= 19055.70	GF= 70908.88	iGF_per=  9527.85 	GF_per= 35454.44[0m
[0;31m Prog= 99.90%	N_left=    14336	Time=  27.71	Time_left=   0.03	iGF= 18478.96	GF= 70809.79	iGF_per=  9239.48 	GF_per= 35404.90[0m
[0;31m Prog= 99.94%	N_left=    12288	Time=  27.77	Time_left=   0.02	iGF= 13026.69	GF= 70693.62	iGF_per=  6513.35 	GF_per= 35346.81[0m
[0;31m Prog= 99.96%	N_left=    10240	Time=  27.82	Time_left=   0.01	iGF= 10697.84	GF= 70588.55	iGF_per=  5348.92 	GF_per= 35294.27[0m
[0;31m Prog= 99.98%	N_left=     8192	Time=  27.87	Time_left=   0.01	iGF=  6923.47	GF= 70473.28	iGF_per=  3461.73 	GF_per= 35236.64[0m
[0;31m Prog= 99.99%	N_left=     6144	Time=  27.91	Time_left=   0.00	iGF=  4825.42	GF= 70370.00	iGF_per=  2412.71 	GF_per= 35185.00[0m
[0;31m Prog= 100.00%	N_left=     4096	Time=  27.96	Time_left=   0.00	iGF=  2453.47	GF= 70262.26	iGF_per=  1226.74 	GF_per= 35131.13[0m
================================================================================
T/V                N    NB     P     Q         Time          Gflops (   per GPU)
--------------------------------------------------------------------------------
WC0           143360  2048     1     2        28.11       6.989e+04 ( 3.494e+04)

HPL_pdgesv() start time Sun Oct  4 23:47:11 2026
HPL_pdgesv() end time   Sun Oct  4 23:47:39 2026

--------------------------------------------------------------------------------
||Ax-b||_oo/(eps*(||A||_oo*||x||_oo+||b||_oo)*N)=   0.001120337724 ...... PASSED
||Ax-b||_oo  . . . . . . . . . . . . . . . . . = 0.0000000059579456
||A||_oo . . . . . . . . . . . . . . . . . . . = 36080.6432988371016108
||x||_oo . . . . . . . . . . . . . . . . . . . = 9.2604998350081207
||b||_oo . . . . . . . . . . . . . . . . . . . = 0.4999993662445502
================================================================================

Finished      1 tests with the following results:
              1 tests completed and passed residual checks,
              0 tests completed and failed residual checks,
              0 tests skipped because of illegal input values.
--------------------------------------------------------------------------------

End of Tests.
================================================================================
u1              69890 GFLOP/s   28.11 s
=== equil1 ===

================================================================================
HPL-NVIDIA 26.2.1  -- NVIDIA accelerated HPL benchmark -- NVIDIA
================================================================================
HPLinpack 2.1  --  High-Performance Linpack benchmark  --   October 26, 2012
Written by A. Petitet and R. Clint Whaley,  Innovative Computing Laboratory, UTK
Modified by Piotr Luszczek, Innovative Computing Laboratory, UTK
Modified by Julien Langou, University of Colorado Denver
================================================================================

An explanation of the input/output parameters follows:
T/V    : Wall time / encoded variant.
N      : The order of the coefficient matrix A.
NB     : The partitioning blocking factor.
P      : The number of process rows.
Q      : The number of process columns.
Time   : Time in seconds to solve the linear system.
Gflops : Rate of execution for solving the linear system.

The following parameter values will be used:

N      :  143360 
NB     :    2048 
PMAP   : Column-major process mapping
P      :       1 
Q      :       2 
PFACT  :   Crout 
NBMIN  :       2 
NDIV   :       2 
RFACT  :    Left 
BCAST  :  2ringM 
DEPTH  :       1 
SWAP   : Spread-roll (long)
L1     : no-transposed form
U      : transposed form
EQUIL  : yes
ALIGN  : 8 double precision words

--------------------------------------------------------------------------------

- The matrix A is randomly generated for each test.
- The following scaled residual check will be computed:
      ||Ax-b||_oo / ( eps * ( || x ||_oo * || A ||_oo + || b ||_oo ) * N )
- The relative machine precision (eps) is taken to be               1.110223e-16
- Computational tests pass if scaled residuals are less than                16.0


HPL-NVIDIA ignores the following parameters from input file:
	* Broadcast parameters
	* Panel factorization parameters
	* Look-ahead value
	* L1 layout
	* U layout
	* Equilibration parameter
	* Memory alignment parameter

HPL-NVIDIA settings from environment variables:
	HPL_CUSOLVER_MP_TESTS from environment 0 
--- DEVICE INFO ---
  Peak clock frequency: 1785 MHz
  SM version          : 90
  Number of SMs       : 132
-------------------
[HPL TRACE] cuda_nvshmem_init: max=0.7840 (1) min=0.7840 (0)
[HPL TRACE] ncclCommInitRank: max=0.7698 (1) min=0.7698 (0)
[HPL TRACE] cugetrfs_mp_init: max=0.8086 (0) min=0.8085 (1)
--- MEMORY INFO ---
DEVICE
  System           =      5.40817 GiB (MIN)      5.40817 GiB (MAX)      5.40817 GiB (AVG)
  HPL buffers      =     85.60201 GiB (MIN)     85.60201 GiB (MAX)     85.60201 GiB (AVG)
  Used             =     91.01018 GiB (MIN)     91.01018 GiB (MAX)     91.01018 GiB (AVG)
  Total            =     93.58398 GiB (MIN)     93.58398 GiB (MAX)     93.58398 GiB (AVG)
HOST
  HPL buffers      =      0.00113 GiB (MIN)      0.00113 GiB (MAX)      0.00113 GiB (AVG)
-------------------
[HPL TRACE] HPL_pdmatgen_gpu: max=0.0270 (1) min=0.0270 (0)
[0;31m Prog= 4.22%	N_left=   141312	Time=   1.23	Time_left=  27.82	iGF= 67633.37	GF= 67633.37	iGF_per= 33816.69 	GF_per= 33816.69[0m
[0;31m Prog= 8.33%	N_left=   139264	Time=   2.35	Time_left=  25.91	iGF= 71514.35	GF= 69491.65	iGF_per= 35757.17 	GF_per= 34745.82[0m
[0;31m Prog= 12.31%	N_left=   137216	Time=   3.37	Time_left=  23.98	iGF= 77269.07	GF= 71831.50	iGF_per= 38634.54 	GF_per= 35915.75[0m
[0;31m Prog= 16.18%	N_left=   135168	Time=   4.43	Time_left=  22.93	iGF= 71733.20	GF= 71807.98	iGF_per= 35866.60 	GF_per= 35903.99[0m
[0;31m Prog= 19.93%	N_left=   133120	Time=   5.38	Time_left=  21.61	iGF= 77288.33	GF= 72779.42	iGF_per= 38644.16 	GF_per= 36389.71[0m
[0;31m Prog= 23.57%	N_left=   131072	Time=   6.38	Time_left=  20.69	iGF= 71383.57	GF= 72560.41	iGF_per= 35691.78 	GF_per= 36280.20[0m
[0;31m Prog= 27.10%	N_left=   129024	Time=   7.28	Time_left=  19.58	iGF= 77325.58	GF= 73147.04	iGF_per= 38662.79 	GF_per= 36573.52[0m
[0;31m Prog= 30.52%	N_left=   126976	Time=   8.22	Time_left=  18.71	iGF= 71430.37	GF= 72950.75	iGF_per= 35715.18 	GF_per= 36475.38[0m
[0;31m Prog= 33.82%	N_left=   124928	Time=   9.06	Time_left=  17.72	iGF= 77201.14	GF= 73345.69	iGF_per= 38600.57 	GF_per= 36672.85[0m
[0;31m Prog= 37.03%	N_left=   122880	Time=   9.94	Time_left=  16.91	iGF= 71225.34	GF= 73157.38	iGF_per= 35612.67 	GF_per= 36578.69[0m
[0;31m Prog= 40.12%	N_left=   120832	Time=  10.73	Time_left=  16.01	iGF= 76997.31	GF= 73440.04	iGF_per= 38498.66 	GF_per= 36720.02[0m
[0;31m Prog= 43.12%	N_left=   118784	Time=  11.56	Time_left=  15.25	iGF= 70736.27	GF= 73245.68	iGF_per= 35368.13 	GF_per= 36622.84[0m
[0;31m Prog= 46.01%	N_left=   116736	Time=  12.30	Time_left=  14.43	iGF= 77039.24	GF= 73473.08	iGF_per= 38519.62 	GF_per= 36736.54[0m
[0;31m Prog= 48.80%	N_left=   114688	Time=  13.08	Time_left=  13.72	iGF= 70638.20	GF= 73304.76	iGF_per= 35319.10 	GF_per= 36652.38[0m
[0;31m Prog= 51.49%	N_left=   112640	Time=  13.77	Time_left=  12.97	iGF= 76681.14	GF= 73474.02	iGF_per= 38340.57 	GF_per= 36737.01[0m
[0;31m Prog= 54.09%	N_left=   110592	Time=  14.49	Time_left=  12.30	iGF= 70495.13	GF= 73325.21	iGF_per= 35247.57 	GF_per= 36662.60[0m
[0;31m Prog= 56.60%	N_left=   108544	Time=  15.13	Time_left=  11.61	iGF= 76412.63	GF= 73456.50	iGF_per= 38206.31 	GF_per= 36728.25[0m
[0;31m Prog= 59.01%	N_left=   106496	Time=  15.81	Time_left=  10.98	iGF= 70322.96	GF= 73323.01	iGF_per= 35161.48 	GF_per= 36661.51[0m
[0;31m Prog= 61.33%	N_left=   104448	Time=  16.41	Time_left=  10.35	iGF= 76077.06	GF= 73423.56	iGF_per= 38038.53 	GF_per= 36711.78[0m
[0;31m Prog= 63.56%	N_left=   102400	Time=  17.03	Time_left=   9.77	iGF= 69850.26	GF= 73291.97	iGF_per= 34925.13 	GF_per= 36645.98[0m
[0;31m Prog= 65.70%	N_left=   100352	Time=  17.59	Time_left=   9.18	iGF= 76219.80	GF= 73383.92	iGF_per= 38109.90 	GF_per= 36691.96[0m
[0;31m Prog= 67.76%	N_left=    98304	Time=  18.17	Time_left=   8.65	iGF= 69387.70	GF= 73255.81	iGF_per= 34693.85 	GF_per= 36627.91[0m
[0;31m Prog= 69.73%	N_left=    96256	Time=  18.68	Time_left=   8.11	iGF= 76429.54	GF= 73342.00	iGF_per= 38214.77 	GF_per= 36671.00[0m
[0;31m Prog= 71.62%	N_left=    94208	Time=  19.22	Time_left=   7.61	iGF= 68689.36	GF= 73211.06	iGF_per= 34344.68 	GF_per= 36605.53[0m
[0;31m Prog= 73.43%	N_left=    92160	Time=  19.68	Time_left=   7.12	iGF= 76302.63	GF= 73284.28	iGF_per= 38151.32 	GF_per= 36642.14[0m
[0;31m Prog= 75.17%	N_left=    90112	Time=  20.18	Time_left=   6.67	iGF= 68119.31	GF= 73156.46	iGF_per= 34059.65 	GF_per= 36578.23[0m
[0;31m Prog= 76.82%	N_left=    88064	Time=  20.61	Time_left=   6.22	iGF= 76675.68	GF= 73228.87	iGF_per= 38337.84 	GF_per= 36614.44[0m
[0;31m Prog= 78.40%	N_left=    86016	Time=  21.07	Time_left=   5.80	iGF= 67386.00	GF= 73101.14	iGF_per= 33693.00 	GF_per= 36550.57[0m
[0;31m Prog= 79.91%	N_left=    83968	Time=  21.45	Time_left=   5.39	iGF= 76216.61	GF= 73157.52	iGF_per= 38108.30 	GF_per= 36578.76[0m
[0;31m Prog= 81.34%	N_left=    81920	Time=  21.87	Time_left=   5.02	iGF= 67510.71	GF= 73049.75	iGF_per= 33755.36 	GF_per= 36524.87[0m
[0;31m Prog= 82.71%	N_left=    79872	Time=  22.23	Time_left=   4.65	iGF= 75091.85	GF= 73082.54	iGF_per= 37545.92 	GF_per= 36541.27[0m
[0;31m Prog= 84.00%	N_left=    77824	Time=  22.60	Time_left=   4.30	iGF= 67931.34	GF= 72997.11	iGF_per= 33965.67 	GF_per= 36498.56[0m
[0;31m Prog= 85.23%	N_left=    75776	Time=  22.93	Time_left=   3.97	iGF= 75123.67	GF= 73026.94	iGF_per= 37561.83 	GF_per= 36513.47[0m
[0;31m Prog= 86.40%	N_left=    73728	Time=  23.27	Time_left=   3.66	iGF= 66250.19	GF= 72926.33	iGF_per= 33125.10 	GF_per= 36463.16[0m
[0;31m Prog= 87.50%	N_left=    71680	Time=  23.55	Time_left=   3.36	iGF= 76559.25	GF= 72969.95	iGF_per= 38279.63 	GF_per= 36484.98[0m
[0;31m Prog= 88.54%	N_left=    69632	Time=  23.87	Time_left=   3.09	iGF= 65013.03	GF= 72865.09	iGF_per= 32506.51 	GF_per= 36432.55[0m
[0;31m Prog= 89.52%	N_left=    67584	Time=  24.12	Time_left=   2.82	iGF= 77048.51	GF= 72908.50	iGF_per= 38524.25 	GF_per= 36454.25[0m
[0;31m Prog= 90.45%	N_left=    65536	Time=  24.41	Time_left=   2.58	iGF= 62919.72	GF= 72790.46	iGF_per= 31459.86 	GF_per= 36395.23[0m
[0;31m Prog= 91.31%	N_left=    63488	Time=  24.63	Time_left=   2.34	iGF= 77802.45	GF= 72835.05	iGF_per= 38901.22 	GF_per= 36417.53[0m
[0;31m Prog= 92.13%	N_left=    61440	Time=  24.90	Time_left=   2.13	iGF= 58350.85	GF= 72675.72	iGF_per= 29175.43 	GF_per= 36337.86[0m
[0;31m Prog= 92.89%	N_left=    59392	Time=  25.09	Time_left=   1.92	iGF= 76974.07	GF= 72708.99	iGF_per= 38487.03 	GF_per= 36354.50[0m
[0;31m Prog= 93.60%	N_left=    57344	Time=  25.33	Time_left=   1.73	iGF= 58673.36	GF= 72577.20	iGF_per= 29336.68 	GF_per= 36288.60[0m
[0;31m Prog= 94.26%	N_left=    55296	Time=  25.50	Time_left=   1.55	iGF= 77879.50	GF= 72611.90	iGF_per= 38939.75 	GF_per= 36305.95[0m
[0;31m Prog= 94.88%	N_left=    53248	Time=  25.71	Time_left=   1.39	iGF= 57494.01	GF= 72488.49	iGF_per= 28747.01 	GF_per= 36244.24[0m
[0;31m Prog= 95.44%	N_left=    51200	Time=  25.85	Time_left=   1.23	iGF= 76732.29	GF= 72512.39	iGF_per= 38366.15 	GF_per= 36256.19[0m
[0;31m Prog= 95.97%	N_left=    49152	Time=  26.05	Time_left=   1.09	iGF= 53798.46	GF= 72374.64	iGF_per= 26899.23 	GF_per= 36187.32[0m
[0;31m Prog= 96.45%	N_left=    47104	Time=  26.17	Time_left=   0.96	iGF= 75634.40	GF= 72390.27	iGF_per= 37817.20 	GF_per= 36195.14[0m
[0;31m Prog= 96.90%	N_left=    45056	Time=  26.34	Time_left=   0.84	iGF= 51734.31	GF= 72258.41	iGF_per= 25867.16 	GF_per= 36129.21[0m
[0;31m Prog= 97.30%	N_left=    43008	Time=  26.45	Time_left=   0.73	iGF= 70099.06	GF= 72249.16	iGF_per= 35049.53 	GF_per= 36124.58[0m
[0;31m Prog= 97.67%	N_left=    40960	Time=  26.60	Time_left=   0.64	iGF= 47682.37	GF= 72109.31	iGF_per= 23841.19 	GF_per= 36054.66[0m
[0;31m Prog= 98.00%	N_left=    38912	Time=  26.71	Time_left=   0.54	iGF= 63217.07	GF= 72074.90	iGF_per= 31608.54 	GF_per= 36037.45[0m
[0;31m Prog= 98.30%	N_left=    36864	Time=  26.84	Time_left=   0.46	iGF= 44339.02	GF= 71937.83	iGF_per= 22169.51 	GF_per= 35968.92[0m
[0;31m Prog= 98.57%	N_left=    34816	Time=  26.93	Time_left=   0.39	iGF= 57184.56	GF= 71887.42	iGF_per= 28592.28 	GF_per= 35943.71[0m
[0;31m Prog= 98.81%	N_left=    32768	Time=  27.05	Time_left=   0.33	iGF= 39997.82	GF= 71749.51	iGF_per= 19998.91 	GF_per= 35874.76[0m
[0;31m Prog= 99.02%	N_left=    30720	Time=  27.14	Time_left=   0.27	iGF= 47759.85	GF= 71673.09	iGF_per= 23879.93 	GF_per= 35836.54[0m
[0;31m Prog= 99.20%	N_left=    28672	Time=  27.24	Time_left=   0.22	iGF= 34858.44	GF= 71532.99	iGF_per= 17429.22 	GF_per= 35766.49[0m
[0;31m Prog= 99.36%	N_left=    26624	Time=  27.32	Time_left=   0.18	iGF= 40043.47	GF= 71442.81	iGF_per= 20021.73 	GF_per= 35721.41[0m
[0;31m Prog= 99.50%	N_left=    24576	Time=  27.41	Time_left=   0.14	iGF= 29942.14	GF= 71306.99	iGF_per= 14971.07 	GF_per= 35653.49[0m
[0;31m Prog= 99.61%	N_left=    22528	Time=  27.48	Time_left=   0.11	iGF= 31394.57	GF= 71201.81	iGF_per= 15697.28 	GF_per= 35600.90[0m
[0;31m Prog= 99.71%	N_left=    20480	Time=  27.56	Time_left=   0.08	iGF= 23660.98	GF= 71063.62	iGF_per= 11830.49 	GF_per= 35531.81[0m
[0;31m Prog= 99.79%	N_left=    18432	Time=  27.62	Time_left=   0.06	iGF= 25227.98	GF= 70961.54	iGF_per= 12613.99 	GF_per= 35480.77[0m
[0;31m Prog= 99.85%	N_left=    16384	Time=  27.69	Time_left=   0.04	iGF= 18560.41	GF= 70834.83	iGF_per=  9280.20 	GF_per= 35417.41[0m
[0;31m Prog= 99.90%	N_left=    14336	Time=  27.74	Time_left=   0.03	iGF= 18198.00	GF= 70733.92	iGF_per=  9099.00 	GF_per= 35366.96[0m
[0;31m Prog= 99.94%	N_left=    12288	Time=  27.80	Time_left=   0.02	iGF= 13064.62	GF= 70618.43	iGF_per=  6532.31 	GF_per= 35309.21[0m
[0;31m Prog= 99.96%	N_left=    10240	Time=  27.85	Time_left=   0.01	iGF= 10707.71	GF= 70513.72	iGF_per=  5353.86 	GF_per= 35256.86[0m
[0;31m Prog= 99.98%	N_left=     8192	Time=  27.90	Time_left=   0.01	iGF=  6927.49	GF= 70398.78	iGF_per=  3463.74 	GF_per= 35199.39[0m
[0;31m Prog= 99.99%	N_left=     6144	Time=  27.94	Time_left=   0.00	iGF=  4827.57	GF= 70295.77	iGF_per=  2413.78 	GF_per= 35147.89[0m
[0;31m Prog= 100.00%	N_left=     4096	Time=  27.98	Time_left=   0.00	iGF=  2453.26	GF= 70188.25	iGF_per=  1226.63 	GF_per= 35094.13[0m
================================================================================
T/V                N    NB     P     Q         Time          Gflops (   per GPU)
--------------------------------------------------------------------------------
WC0           143360  2048     1     2        28.48       6.896e+04 ( 3.448e+04)

HPL_pdgesv() start time Sun Oct  4 23:47:45 2026
HPL_pdgesv() end time   Sun Oct  4 23:48:13 2026

--------------------------------------------------------------------------------
||Ax-b||_oo/(eps*(||A||_oo*||x||_oo+||b||_oo)*N)=   0.001120337724 ...... PASSED
||Ax-b||_oo  . . . . . . . . . . . . . . . . . = 0.0000000059579456
||A||_oo . . . . . . . . . . . . . . . . . . . = 36080.6432988371016108
||x||_oo . . . . . . . . . . . . . . . . . . . = 9.2604998350081207
||b||_oo . . . . . . . . . . . . . . . . . . . = 0.4999993662445502
================================================================================

Finished      1 tests with the following results:
              1 tests completed and passed residual checks,
              0 tests completed and failed residual checks,
              0 tests skipped because of illegal input values.
--------------------------------------------------------------------------------

End of Tests.
================================================================================
equil1          68960 GFLOP/s   28.48 s
=== align16 ===

================================================================================
HPL-NVIDIA 26.2.1  -- NVIDIA accelerated HPL benchmark -- NVIDIA
================================================================================
HPLinpack 2.1  --  High-Performance Linpack benchmark  --   October 26, 2012
Written by A. Petitet and R. Clint Whaley,  Innovative Computing Laboratory, UTK
Modified by Piotr Luszczek, Innovative Computing Laboratory, UTK
Modified by Julien Langou, University of Colorado Denver
================================================================================

An explanation of the input/output parameters follows:
T/V    : Wall time / encoded variant.
N      : The order of the coefficient matrix A.
NB     : The partitioning blocking factor.
P      : The number of process rows.
Q      : The number of process columns.
Time   : Time in seconds to solve the linear system.
Gflops : Rate of execution for solving the linear system.

The following parameter values will be used:

N      :  143360 
NB     :    2048 
PMAP   : Column-major process mapping
P      :       1 
Q      :       2 
PFACT  :   Crout 
NBMIN  :       2 
NDIV   :       2 
RFACT  :    Left 
BCAST  :  2ringM 
DEPTH  :       1 
SWAP   : Spread-roll (long)
L1     : no-transposed form
U      : transposed form
EQUIL  : no
ALIGN  : 16 double precision words

--------------------------------------------------------------------------------

- The matrix A is randomly generated for each test.
- The following scaled residual check will be computed:
      ||Ax-b||_oo / ( eps * ( || x ||_oo * || A ||_oo + || b ||_oo ) * N )
- The relative machine precision (eps) is taken to be               1.110223e-16
- Computational tests pass if scaled residuals are less than                16.0


HPL-NVIDIA ignores the following parameters from input file:
	* Broadcast parameters
	* Panel factorization parameters
	* Look-ahead value
	* L1 layout
	* U layout
	* Equilibration parameter
	* Memory alignment parameter

HPL-NVIDIA settings from environment variables:
	HPL_CUSOLVER_MP_TESTS from environment 0 
--- DEVICE INFO ---
  Peak clock frequency: 1785 MHz
  SM version          : 90
  Number of SMs       : 132
-------------------
[HPL TRACE] cuda_nvshmem_init: max=0.7862 (1) min=0.7862 (0)
[HPL TRACE] ncclCommInitRank: max=0.9718 (0) min=0.9718 (1)
[HPL TRACE] cugetrfs_mp_init: max=1.0105 (0) min=1.0105 (1)
--- MEMORY INFO ---
DEVICE
  System           =      5.40817 GiB (MIN)      5.40817 GiB (MAX)      5.40817 GiB (AVG)
  HPL buffers      =     85.60201 GiB (MIN)     85.60201 GiB (MAX)     85.60201 GiB (AVG)
  Used             =     91.01018 GiB (MIN)     91.01018 GiB (MAX)     91.01018 GiB (AVG)
  Total            =     93.58398 GiB (MIN)     93.58398 GiB (MAX)     93.58398 GiB (AVG)
HOST
  HPL buffers      =      0.00113 GiB (MIN)      0.00113 GiB (MAX)      0.00113 GiB (AVG)
-------------------
[HPL TRACE] HPL_pdmatgen_gpu: max=0.0264 (1) min=0.0264 (0)
[0;31m Prog= 4.22%	N_left=   141312	Time=   1.22	Time_left=  27.73	iGF= 67833.49	GF= 67833.49	iGF_per= 33916.74 	GF_per= 33916.74[0m
[0;31m Prog= 8.33%	N_left=   139264	Time=   2.35	Time_left=  25.85	iGF= 71612.31	GF= 69644.35	iGF_per= 35806.16 	GF_per= 34822.18[0m
[0;31m Prog= 12.31%	N_left=   137216	Time=   3.36	Time_left=  23.93	iGF= 77355.37	GF= 71965.98	iGF_per= 38677.68 	GF_per= 35982.99[0m
[0;31m Prog= 16.18%	N_left=   135168	Time=   4.42	Time_left=  22.90	iGF= 71724.40	GF= 71908.09	iGF_per= 35862.20 	GF_per= 35954.04[0m
[0;31m Prog= 19.93%	N_left=   133120	Time=   5.37	Time_left=  21.57	iGF= 77487.93	GF= 72896.20	iGF_per= 38743.96 	GF_per= 36448.10[0m
[0;31m Prog= 23.57%	N_left=   131072	Time=   6.37	Time_left=  20.66	iGF= 71473.74	GF= 72672.94	iGF_per= 35736.87 	GF_per= 36336.47[0m
[0;31m Prog= 27.10%	N_left=   129024	Time=   7.26	Time_left=  19.53	iGF= 77830.37	GF= 73305.11	iGF_per= 38915.19 	GF_per= 36652.56[0m
[0;31m Prog= 30.52%	N_left=   126976	Time=   8.20	Time_left=  18.67	iGF= 71449.23	GF= 73092.55	iGF_per= 35724.62 	GF_per= 36546.28[0m
[0;31m Prog= 33.82%	N_left=   124928	Time=   9.04	Time_left=  17.68	iGF= 77810.61	GF= 73528.60	iGF_per= 38905.31 	GF_per= 36764.30[0m
[0;31m Prog= 37.03%	N_left=   122880	Time=   9.92	Time_left=  16.87	iGF= 71109.48	GF= 73312.95	iGF_per= 35554.74 	GF_per= 36656.47[0m
[0;31m Prog= 40.12%	N_left=   120832	Time=  10.70	Time_left=  15.97	iGF= 77552.14	GF= 73623.54	iGF_per= 38776.07 	GF_per= 36811.77[0m
[0;31m Prog= 43.12%	N_left=   118784	Time=  11.53	Time_left=  15.22	iGF= 70914.57	GF= 73428.80	iGF_per= 35457.28 	GF_per= 36714.40[0m
[0;31m Prog= 46.01%	N_left=   116736	Time=  12.26	Time_left=  14.39	iGF= 77820.32	GF= 73690.18	iGF_per= 38910.16 	GF_per= 36845.09[0m
[0;31m Prog= 48.80%	N_left=   114688	Time=  13.04	Time_left=  13.68	iGF= 70405.47	GF= 73494.00	iGF_per= 35202.74 	GF_per= 36747.00[0m
[0;31m Prog= 51.49%	N_left=   112640	Time=  13.73	Time_left=  12.93	iGF= 77313.93	GF= 73684.48	iGF_per= 38656.96 	GF_per= 36842.24[0m
[0;31m Prog= 54.09%	N_left=   110592	Time=  14.45	Time_left=  12.26	iGF= 70438.31	GF= 73521.74	iGF_per= 35219.15 	GF_per= 36760.87[0m
[0;31m Prog= 56.60%	N_left=   108544	Time=  15.09	Time_left=  11.57	iGF= 77103.77	GF= 73673.14	iGF_per= 38551.89 	GF_per= 36836.57[0m
[0;31m Prog= 59.01%	N_left=   106496	Time=  15.76	Time_left=  10.95	iGF= 70348.77	GF= 73531.18	iGF_per= 35174.38 	GF_per= 36765.59[0m
[0;31m Prog= 61.33%	N_left=   104448	Time=  16.35	Time_left=  10.31	iGF= 76982.78	GF= 73656.10	iGF_per= 38491.39 	GF_per= 36828.05[0m
[0;31m Prog= 63.56%	N_left=   102400	Time=  16.98	Time_left=   9.74	iGF= 69661.77	GF= 73508.17	iGF_per= 34830.88 	GF_per= 36754.09[0m
[0;31m Prog= 65.70%	N_left=   100352	Time=  17.53	Time_left=   9.15	iGF= 76935.62	GF= 73615.15	iGF_per= 38467.81 	GF_per= 36807.58[0m
[0;31m Prog= 67.76%	N_left=    98304	Time=  18.11	Time_left=   8.62	iGF= 69295.45	GF= 73476.07	iGF_per= 34647.72 	GF_per= 36738.04[0m
[0;31m Prog= 69.73%	N_left=    96256	Time=  18.62	Time_left=   8.08	iGF= 76943.63	GF= 73569.91	iGF_per= 38471.82 	GF_per= 36784.95[0m
[0;31m Prog= 71.62%	N_left=    94208	Time=  19.16	Time_left=   7.59	iGF= 68918.10	GF= 73439.01	iGF_per= 34459.05 	GF_per= 36719.51[0m
[0;31m Prog= 73.43%	N_left=    92160	Time=  19.62	Time_left=   7.10	iGF= 77016.76	GF= 73523.23	iGF_per= 38508.38 	GF_per= 36761.62[0m
[0;31m Prog= 75.17%	N_left=    90112	Time=  20.12	Time_left=   6.65	iGF= 68418.43	GF= 73397.04	iGF_per= 34209.22 	GF_per= 36698.52[0m
[0;31m Prog= 76.82%	N_left=    88064	Time=  20.54	Time_left=   6.20	iGF= 76724.45	GF= 73465.69	iGF_per= 38362.23 	GF_per= 36732.84[0m
[0;31m Prog= 78.40%	N_left=    86016	Time=  20.99	Time_left=   5.78	iGF= 68085.09	GF= 73348.88	iGF_per= 34042.54 	GF_per= 36674.44[0m
[0;31m Prog= 79.91%	N_left=    83968	Time=  21.38	Time_left=   5.38	iGF= 76492.14	GF= 73405.74	iGF_per= 38246.07 	GF_per= 36702.87[0m
[0;31m Prog= 81.34%	N_left=    81920	Time=  21.80	Time_left=   5.00	iGF= 67849.13	GF= 73299.86	iGF_per= 33924.56 	GF_per= 36649.93[0m
[0;31m Prog= 82.71%	N_left=    79872	Time=  22.15	Time_left=   4.63	iGF= 75835.79	GF= 73340.33	iGF_per= 37917.90 	GF_per= 36670.17[0m
[0;31m Prog= 84.00%	N_left=    77824	Time=  22.53	Time_left=   4.29	iGF= 67698.56	GF= 73246.12	iGF_per= 33849.28 	GF_per= 36623.06[0m
[0;31m Prog= 85.23%	N_left=    75776	Time=  22.85	Time_left=   3.96	iGF= 75790.60	GF= 73281.62	iGF_per= 37895.30 	GF_per= 36640.81[0m
[0;31m Prog= 86.40%	N_left=    73728	Time=  23.19	Time_left=   3.65	iGF= 66678.39	GF= 73183.87	iGF_per= 33339.20 	GF_per= 36591.94[0m
[0;31m Prog= 87.50%	N_left=    71680	Time=  23.47	Time_left=   3.35	iGF= 76172.09	GF= 73220.06	iGF_per= 38086.04 	GF_per= 36610.03[0m
[0;31m Prog= 88.54%	N_left=    69632	Time=  23.78	Time_left=   3.08	iGF= 65606.15	GF= 73120.28	iGF_per= 32803.08 	GF_per= 36560.14[0m
[0;31m Prog= 89.52%	N_left=    67584	Time=  24.04	Time_left=   2.81	iGF= 75514.98	GF= 73145.71	iGF_per= 37757.49 	GF_per= 36572.86[0m
[0;31m Prog= 90.45%	N_left=    65536	Time=  24.32	Time_left=   2.57	iGF= 65199.22	GF= 73054.76	iGF_per= 32599.61 	GF_per= 36527.38[0m
[0;31m Prog= 91.31%	N_left=    63488	Time=  24.54	Time_left=   2.33	iGF= 77254.32	GF= 73092.52	iGF_per= 38627.16 	GF_per= 36546.26[0m
[0;31m Prog= 92.13%	N_left=    61440	Time=  24.79	Time_left=   2.12	iGF= 62938.77	GF= 72988.52	iGF_per= 31469.38 	GF_per= 36494.26[0m
[0;31m Prog= 92.89%	N_left=    59392	Time=  24.99	Time_left=   1.91	iGF= 76822.67	GF= 73018.39	iGF_per= 38411.34 	GF_per= 36509.19[0m
[0;31m Prog= 93.60%	N_left=    57344	Time=  25.22	Time_left=   1.72	iGF= 60194.77	GF= 72900.50	iGF_per= 30097.38 	GF_per= 36450.25[0m
[0;31m Prog= 94.26%	N_left=    55296	Time=  25.39	Time_left=   1.55	iGF= 77612.38	GF= 72931.57	iGF_per= 38806.19 	GF_per= 36465.79[0m
[0;31m Prog= 94.88%	N_left=    53248	Time=  25.60	Time_left=   1.38	iGF= 57686.75	GF= 72807.00	iGF_per= 28843.37 	GF_per= 36403.50[0m
[0;31m Prog= 95.44%	N_left=    51200	Time=  25.74	Time_left=   1.23	iGF= 77278.58	GF= 72832.11	iGF_per= 38639.29 	GF_per= 36416.06[0m
[0;31m Prog= 95.97%	N_left=    49152	Time=  25.93	Time_left=   1.09	iGF= 54127.68	GF= 72694.67	iGF_per= 27063.84 	GF_per= 36347.34[0m
[0;31m Prog= 96.45%	N_left=    47104	Time=  26.06	Time_left=   0.96	iGF= 75505.10	GF= 72708.23	iGF_per= 37752.55 	GF_per= 36354.11[0m
[0;31m Prog= 96.90%	N_left=    45056	Time=  26.23	Time_left=   0.84	iGF= 51714.49	GF= 72573.58	iGF_per= 25857.24 	GF_per= 36286.79[0m
[0;31m Prog= 97.30%	N_left=    43008	Time=  26.34	Time_left=   0.73	iGF= 69959.18	GF= 72562.31	iGF_per= 34979.59 	GF_per= 36281.15[0m
[0;31m Prog= 97.67%	N_left=    40960	Time=  26.49	Time_left=   0.63	iGF= 48151.84	GF= 72424.10	iGF_per= 24075.92 	GF_per= 36212.05[0m
[0;31m Prog= 98.00%	N_left=    38912	Time=  26.59	Time_left=   0.54	iGF= 62678.17	GF= 72385.90	iGF_per= 31339.09 	GF_per= 36192.95[0m
[0;31m Prog= 98.30%	N_left=    36864	Time=  26.73	Time_left=   0.46	iGF= 43907.14	GF= 72243.17	iGF_per= 21953.57 	GF_per= 36121.59[0m
[0;31m Prog= 98.57%	N_left=    34816	Time=  26.82	Time_left=   0.39	iGF= 56915.20	GF= 72190.32	iGF_per= 28457.60 	GF_per= 36095.16[0m
[0;31m Prog= 98.81%	N_left=    32768	Time=  26.94	Time_left=   0.33	iGF= 39930.48	GF= 72050.00	iGF_per= 19965.24 	GF_per= 36025.00[0m
[0;31m Prog= 99.02%	N_left=    30720	Time=  27.02	Time_left=   0.27	iGF= 48095.61	GF= 71973.90	iGF_per= 24047.80 	GF_per= 35986.95[0m
[0;31m Prog= 99.20%	N_left=    28672	Time=  27.13	Time_left=   0.22	iGF= 35173.22	GF= 71834.52	iGF_per= 17586.61 	GF_per= 35917.26[0m
[0;31m Prog= 99.36%	N_left=    26624	Time=  27.20	Time_left=   0.18	iGF= 39559.49	GF= 71740.57	iGF_per= 19779.75 	GF_per= 35870.29[0m
[0;31m Prog= 99.50%	N_left=    24576	Time=  27.30	Time_left=   0.14	iGF= 29362.26	GF= 71598.56	iGF_per= 14681.13 	GF_per= 35799.28[0m
[0;31m Prog= 99.61%	N_left=    22528	Time=  27.37	Time_left=   0.11	iGF= 31839.39	GF= 71494.82	iGF_per= 15919.70 	GF_per= 35747.41[0m
[0;31m Prog= 99.71%	N_left=    20480	Time=  27.45	Time_left=   0.08	iGF= 23583.93	GF= 71354.53	iGF_per= 11791.96 	GF_per= 35677.26[0m
[0;31m Prog= 99.79%	N_left=    18432	Time=  27.51	Time_left=   0.06	iGF= 24130.11	GF= 71244.13	iGF_per= 12065.06 	GF_per= 35622.07[0m
[0;31m Prog= 99.85%	N_left=    16384	Time=  27.58	Time_left=   0.04	iGF= 18394.60	GF= 71114.68	iGF_per=  9197.30 	GF_per= 35557.34[0m
[0;31m Prog= 99.90%	N_left=    14336	Time=  27.63	Time_left=   0.03	iGF= 18235.50	GF= 71013.11	iGF_per=  9117.75 	GF_per= 35506.56[0m
[0;31m Prog= 99.94%	N_left=    12288	Time=  27.69	Time_left=   0.02	iGF= 13090.80	GF= 70896.89	iGF_per=  6545.40 	GF_per= 35448.45[0m
[0;31m Prog= 99.96%	N_left=    10240	Time=  27.74	Time_left=   0.01	iGF= 10712.44	GF= 70791.33	iGF_per=  5356.22 	GF_per= 35395.67[0m
[0;31m Prog= 99.98%	N_left=     8192	Time=  27.79	Time_left=   0.01	iGF=  6926.42	GF= 70675.42	iGF_per=  3463.21 	GF_per= 35337.71[0m
[0;31m Prog= 99.99%	N_left=     6144	Time=  27.83	Time_left=   0.00	iGF=  4825.64	GF= 70571.53	iGF_per=  2412.82 	GF_per= 35285.77[0m
[0;31m Prog= 100.00%	N_left=     4096	Time=  27.88	Time_left=   0.00	iGF=  2449.91	GF= 70463.00	iGF_per=  1224.96 	GF_per= 35231.50[0m
================================================================================
T/V                N    NB     P     Q         Time          Gflops (   per GPU)
--------------------------------------------------------------------------------
WC0           143360  2048     1     2        28.37       6.924e+04 ( 3.462e+04)

HPL_pdgesv() start time Sun Oct  4 23:48:20 2026
HPL_pdgesv() end time   Sun Oct  4 23:48:48 2026

--------------------------------------------------------------------------------
||Ax-b||_oo/(eps*(||A||_oo*||x||_oo+||b||_oo)*N)=   0.001120337724 ...... PASSED
||Ax-b||_oo  . . . . . . . . . . . . . . . . . = 0.0000000059579456
||A||_oo . . . . . . . . . . . . . . . . . . . = 36080.6432988371016108
||x||_oo . . . . . . . . . . . . . . . . . . . = 9.2604998350081207
||b||_oo . . . . . . . . . . . . . . . . . . . = 0.4999993662445502
================================================================================

Finished      1 tests with the following results:
              1 tests completed and passed residual checks,
              0 tests completed and failed residual checks,
              0 tests skipped because of illegal input values.
--------------------------------------------------------------------------------

End of Tests.
================================================================================
align16         69240 GFLOP/s   28.37 s
=== pmap0 ===

================================================================================
HPL-NVIDIA 26.2.1  -- NVIDIA accelerated HPL benchmark -- NVIDIA
================================================================================
HPLinpack 2.1  --  High-Performance Linpack benchmark  --   October 26, 2012
Written by A. Petitet and R. Clint Whaley,  Innovative Computing Laboratory, UTK
Modified by Piotr Luszczek, Innovative Computing Laboratory, UTK
Modified by Julien Langou, University of Colorado Denver
================================================================================

An explanation of the input/output parameters follows:
T/V    : Wall time / encoded variant.
N      : The order of the coefficient matrix A.
NB     : The partitioning blocking factor.
P      : The number of process rows.
Q      : The number of process columns.
Time   : Time in seconds to solve the linear system.
Gflops : Rate of execution for solving the linear system.

The following parameter values will be used:

N      :  143360 
NB     :    2048 
PMAP   : Row-major process mapping
P      :       1 
Q      :       2 
PFACT  :   Crout 
NBMIN  :       2 
NDIV   :       2 
RFACT  :    Left 
BCAST  :  2ringM 
DEPTH  :       1 
SWAP   : Spread-roll (long)
L1     : no-transposed form
U      : transposed form
EQUIL  : no
ALIGN  : 8 double precision words

--------------------------------------------------------------------------------

- The matrix A is randomly generated for each test.
- The following scaled residual check will be computed:
      ||Ax-b||_oo / ( eps * ( || x ||_oo * || A ||_oo + || b ||_oo ) * N )
- The relative machine precision (eps) is taken to be               1.110223e-16
- Computational tests pass if scaled residuals are less than                16.0


HPL-NVIDIA ignores the following parameters from input file:
	* Broadcast parameters
	* Panel factorization parameters
	* Look-ahead value
	* L1 layout
	* U layout
	* Equilibration parameter
	* Memory alignment parameter

HPL-NVIDIA settings from environment variables:
	HPL_CUSOLVER_MP_TESTS from environment 0 
[WARNING]: HPL_FCT_COMM_POLICY=1 (host MPI) will be used with row-major process mapping
--- DEVICE INFO ---
  Peak clock frequency: 1785 MHz
  SM version          : 90
  Number of SMs       : 132
-------------------
[HPL TRACE] cuda_nvshmem_init: max=0.7986 (0) min=0.7986 (1)
[HPL TRACE] ncclCommInitRank: max=0.9522 (1) min=0.9522 (0)
[HPL TRACE] cugetrfs_mp_init: max=0.9984 (0) min=0.9983 (1)
--- MEMORY INFO ---
DEVICE
  System           =      5.40817 GiB (MIN)      5.40817 GiB (MAX)      5.40817 GiB (AVG)
  HPL buffers      =     85.60201 GiB (MIN)     85.60201 GiB (MAX)     85.60201 GiB (AVG)
  Used             =     91.01018 GiB (MIN)     91.01018 GiB (MAX)     91.01018 GiB (AVG)
  Total            =     93.58398 GiB (MIN)     93.58398 GiB (MAX)     93.58398 GiB (AVG)
HOST
  HPL buffers      =      0.00113 GiB (MIN)      0.00113 GiB (MAX)      0.00113 GiB (AVG)
-------------------
[HPL TRACE] HPL_pdmatgen_gpu: max=0.0265 (1) min=0.0265 (0)
[0;31m Prog= 4.22%	N_left=   141312	Time=   1.24	Time_left=  28.06	iGF= 67042.70	GF= 67042.70	iGF_per= 33521.35 	GF_per= 33521.35[0m
[0;31m Prog= 8.33%	N_left=   139264	Time=   2.36	Time_left=  26.02	iGF= 71582.63	GF= 69205.48	iGF_per= 35791.32 	GF_per= 34602.74[0m
[0;31m Prog= 12.31%	N_left=   137216	Time=   3.38	Time_left=  24.04	iGF= 77358.24	GF= 71649.21	iGF_per= 38679.12 	GF_per= 35824.60[0m
[0;31m Prog= 16.18%	N_left=   135168	Time=   4.43	Time_left=  22.97	iGF= 71751.48	GF= 71673.63	iGF_per= 35875.74 	GF_per= 35836.81[0m
[0;31m Prog= 19.93%	N_left=   133120	Time=   5.39	Time_left=  21.63	iGF= 77497.68	GF= 72702.11	iGF_per= 38748.84 	GF_per= 36351.06[0m
[0;31m Prog= 23.57%	N_left=   131072	Time=   6.39	Time_left=  20.70	iGF= 71478.59	GF= 72510.52	iGF_per= 35739.29 	GF_per= 36255.26[0m
[0;31m Prog= 27.10%	N_left=   129024	Time=   7.28	Time_left=  19.58	iGF= 77619.21	GF= 73136.98	iGF_per= 38809.61 	GF_per= 36568.49[0m
[0;31m Prog= 30.52%	N_left=   126976	Time=   8.22	Time_left=  18.71	iGF= 71445.29	GF= 72943.61	iGF_per= 35722.65 	GF_per= 36471.80[0m
[0;31m Prog= 33.82%	N_left=   124928	Time=   9.05	Time_left=  17.71	iGF= 77642.55	GF= 73377.94	iGF_per= 38821.28 	GF_per= 36688.97[0m
[0;31m Prog= 37.03%	N_left=   122880	Time=   9.94	Time_left=  16.90	iGF= 71169.06	GF= 73181.55	iGF_per= 35584.53 	GF_per= 36590.77[0m
[0;31m Prog= 40.12%	N_left=   120832	Time=  10.72	Time_left=  16.00	iGF= 77425.85	GF= 73492.46	iGF_per= 38712.92 	GF_per= 36746.23[0m
[0;31m Prog= 43.12%	N_left=   118784	Time=  11.55	Time_left=  15.24	iGF= 70909.64	GF= 73307.09	iGF_per= 35454.82 	GF_per= 36653.54[0m
[0;31m Prog= 46.01%	N_left=   116736	Time=  12.29	Time_left=  14.42	iGF= 77371.78	GF= 73549.96	iGF_per= 38685.89 	GF_per= 36774.98[0m
[0;31m Prog= 48.80%	N_left=   114688	Time=  13.06	Time_left=  13.70	iGF= 70727.16	GF= 73382.38	iGF_per= 35363.58 	GF_per= 36691.19[0m
[0;31m Prog= 51.49%	N_left=   112640	Time=  13.75	Time_left=  12.95	iGF= 77398.30	GF= 73582.14	iGF_per= 38699.15 	GF_per= 36791.07[0m
[0;31m Prog= 54.09%	N_left=   110592	Time=  14.47	Time_left=  12.28	iGF= 70362.43	GF= 73420.78	iGF_per= 35181.21 	GF_per= 36710.39[0m
[0;31m Prog= 56.60%	N_left=   108544	Time=  15.11	Time_left=  11.59	iGF= 77229.36	GF= 73581.29	iGF_per= 38614.68 	GF_per= 36790.65[0m
[0;31m Prog= 59.01%	N_left=   106496	Time=  15.78	Time_left=  10.96	iGF= 70325.30	GF= 73442.37	iGF_per= 35162.65 	GF_per= 36721.18[0m
[0;31m Prog= 61.33%	N_left=   104448	Time=  16.38	Time_left=  10.33	iGF= 76739.82	GF= 73561.94	iGF_per= 38369.91 	GF_per= 36780.97[0m
[0;31m Prog= 63.56%	N_left=   102400	Time=  17.00	Time_left=   9.75	iGF= 69940.96	GF= 73428.52	iGF_per= 34970.48 	GF_per= 36714.26[0m
[0;31m Prog= 65.70%	N_left=   100352	Time=  17.55	Time_left=   9.16	iGF= 76737.03	GF= 73531.93	iGF_per= 38368.52 	GF_per= 36765.97[0m
[0;31m Prog= 67.76%	N_left=    98304	Time=  18.13	Time_left=   8.63	iGF= 69372.58	GF= 73398.31	iGF_per= 34686.29 	GF_per= 36699.15[0m
[0;31m Prog= 69.73%	N_left=    96256	Time=  18.64	Time_left=   8.09	iGF= 76987.51	GF= 73495.28	iGF_per= 38493.75 	GF_per= 36747.64[0m
[0;31m Prog= 71.62%	N_left=    94208	Time=  19.18	Time_left=   7.60	iGF= 68898.87	GF= 73366.04	iGF_per= 34449.44 	GF_per= 36683.02[0m
[0;31m Prog= 73.43%	N_left=    92160	Time=  19.64	Time_left=   7.10	iGF= 76932.49	GF= 73450.00	iGF_per= 38466.25 	GF_per= 36725.00[0m
[0;31m Prog= 75.17%	N_left=    90112	Time=  20.13	Time_left=   6.65	iGF= 68543.35	GF= 73329.04	iGF_per= 34271.68 	GF_per= 36664.52[0m
[0;31m Prog= 76.82%	N_left=    88064	Time=  20.56	Time_left=   6.20	iGF= 76224.13	GF= 73389.10	iGF_per= 38112.07 	GF_per= 36694.55[0m
[0;31m Prog= 78.40%	N_left=    86016	Time=  21.01	Time_left=   5.79	iGF= 68318.41	GF= 73279.49	iGF_per= 34159.21 	GF_per= 36639.75[0m
[0;31m Prog= 79.91%	N_left=    83968	Time=  21.40	Time_left=   5.38	iGF= 76171.39	GF= 73331.98	iGF_per= 38085.70 	GF_per= 36665.99[0m
[0;31m Prog= 81.34%	N_left=    81920	Time=  21.82	Time_left=   5.01	iGF= 67703.95	GF= 73224.62	iGF_per= 33851.98 	GF_per= 36612.31[0m
[0;31m Prog= 82.71%	N_left=    79872	Time=  22.17	Time_left=   4.64	iGF= 75742.88	GF= 73264.81	iGF_per= 37871.44 	GF_per= 36632.41[0m
[0;31m Prog= 84.00%	N_left=    77824	Time=  22.55	Time_left=   4.29	iGF= 67564.90	GF= 73169.54	iGF_per= 33782.45 	GF_per= 36584.77[0m
[0;31m Prog= 85.23%	N_left=    75776	Time=  22.87	Time_left=   3.96	iGF= 75675.62	GF= 73204.53	iGF_per= 37837.81 	GF_per= 36602.26[0m
[0;31m Prog= 86.40%	N_left=    73728	Time=  23.21	Time_left=   3.65	iGF= 66459.08	GF= 73104.45	iGF_per= 33229.54 	GF_per= 36552.22[0m
[0;31m Prog= 87.50%	N_left=    71680	Time=  23.50	Time_left=   3.36	iGF= 76235.47	GF= 73142.29	iGF_per= 38117.73 	GF_per= 36571.15[0m
[0;31m Prog= 88.54%	N_left=    69632	Time=  23.81	Time_left=   3.08	iGF= 65470.77	GF= 73041.66	iGF_per= 32735.39 	GF_per= 36520.83[0m
[0;31m Prog= 89.52%	N_left=    67584	Time=  24.07	Time_left=   2.82	iGF= 75538.09	GF= 73068.14	iGF_per= 37769.04 	GF_per= 36534.07[0m
[0;31m Prog= 90.45%	N_left=    65536	Time=  24.34	Time_left=   2.57	iGF= 65125.65	GF= 72977.22	iGF_per= 32562.82 	GF_per= 36488.61[0m
[0;31m Prog= 91.31%	N_left=    63488	Time=  24.56	Time_left=   2.34	iGF= 77844.08	GF= 73020.61	iGF_per= 38922.04 	GF_per= 36510.31[0m
[0;31m Prog= 92.13%	N_left=    61440	Time=  24.82	Time_left=   2.12	iGF= 61365.69	GF= 72898.33	iGF_per= 30682.84 	GF_per= 36449.16[0m
[0;31m Prog= 92.89%	N_left=    59392	Time=  25.02	Time_left=   1.92	iGF= 77255.26	GF= 72932.04	iGF_per= 38627.63 	GF_per= 36466.02[0m
[0;31m Prog= 93.60%	N_left=    57344	Time=  25.25	Time_left=   1.73	iGF= 59842.88	GF= 72811.15	iGF_per= 29921.44 	GF_per= 36405.57[0m
[0;31m Prog= 94.26%	N_left=    55296	Time=  25.42	Time_left=   1.55	iGF= 77161.40	GF= 72839.97	iGF_per= 38580.70 	GF_per= 36419.98[0m
[0;31m Prog= 94.88%	N_left=    53248	Time=  25.63	Time_left=   1.38	iGF= 56733.18	GF= 72706.32	iGF_per= 28366.59 	GF_per= 36353.16[0m
[0;31m Prog= 95.44%	N_left=    51200	Time=  25.78	Time_left=   1.23	iGF= 76564.89	GF= 72728.16	iGF_per= 38282.44 	GF_per= 36364.08[0m
[0;31m Prog= 95.97%	N_left=    49152	Time=  25.97	Time_left=   1.09	iGF= 52656.33	GF= 72576.80	iGF_per= 26328.17 	GF_per= 36288.40[0m
[0;31m Prog= 96.45%	N_left=    47104	Time=  26.10	Time_left=   0.96	iGF= 73667.56	GF= 72582.18	iGF_per= 36833.78 	GF_per= 36291.09[0m
[0;31m Prog= 96.90%	N_left=    45056	Time=  26.27	Time_left=   0.84	iGF= 52236.72	GF= 72453.21	iGF_per= 26118.36 	GF_per= 36226.60[0m
[0;31m Prog= 97.30%	N_left=    43008	Time=  26.39	Time_left=   0.73	iGF= 66643.62	GF= 72426.97	iGF_per= 33321.81 	GF_per= 36213.48[0m
[0;31m Prog= 97.67%	N_left=    40960	Time=  26.54	Time_left=   0.63	iGF= 48821.37	GF= 72295.39	iGF_per= 24410.68 	GF_per= 36147.69[0m
[0;31m Prog= 98.00%	N_left=    38912	Time=  26.64	Time_left=   0.54	iGF= 59929.55	GF= 72244.79	iGF_per= 29964.78 	GF_per= 36122.39[0m
[0;31m Prog= 98.30%	N_left=    36864	Time=  26.78	Time_left=   0.46	iGF= 42718.66	GF= 72093.01	iGF_per= 21359.33 	GF_per= 36046.51[0m
[0;31m Prog= 98.57%	N_left=    34816	Time=  26.88	Time_left=   0.39	iGF= 54228.03	GF= 72028.51	iGF_per= 27114.01 	GF_per= 36014.26[0m
[0;31m Prog= 98.81%	N_left=    32768	Time=  27.01	Time_left=   0.33	iGF= 37180.56	GF= 71866.13	iGF_per= 18590.28 	GF_per= 35933.07[0m
[0;31m Prog= 99.02%	N_left=    30720	Time=  27.10	Time_left=   0.27	iGF= 44435.92	GF= 71772.07	iGF_per= 22217.96 	GF_per= 35886.04[0m
[0;31m Prog= 99.20%	N_left=    28672	Time=  27.21	Time_left=   0.22	iGF= 33128.81	GF= 71617.15	iGF_per= 16564.41 	GF_per= 35808.58[0m
[0;31m Prog= 99.36%	N_left=    26624	Time=  27.30	Time_left=   0.18	iGF= 35627.80	GF= 71501.23	iGF_per= 17813.90 	GF_per= 35750.61[0m
[0;31m Prog= 99.50%	N_left=    24576	Time=  27.40	Time_left=   0.14	iGF= 26898.31	GF= 71338.66	iGF_per= 13449.16 	GF_per= 35669.33[0m
[0;31m Prog= 99.61%	N_left=    22528	Time=  27.48	Time_left=   0.11	iGF= 28004.72	GF= 71210.63	iGF_per= 14002.36 	GF_per= 35605.31[0m
[0;31m Prog= 99.71%	N_left=    20480	Time=  27.56	Time_left=   0.08	iGF= 22183.92	GF= 71058.64	iGF_per= 11091.96 	GF_per= 35529.32[0m
[0;31m Prog= 99.79%	N_left=    18432	Time=  27.63	Time_left=   0.06	iGF= 21504.21	GF= 70929.22	iGF_per= 10752.10 	GF_per= 35464.61[0m
[0;31m Prog= 99.85%	N_left=    16384	Time=  27.71	Time_left=   0.04	iGF= 16540.60	GF= 70781.76	iGF_per=  8270.30 	GF_per= 35390.88[0m
[0;31m Prog= 99.90%	N_left=    14336	Time=  27.77	Time_left=   0.03	iGF= 15717.11	GF= 70659.66	iGF_per=  7858.55 	GF_per= 35329.83[0m
[0;31m Prog= 99.94%	N_left=    12288	Time=  27.84	Time_left=   0.02	iGF= 10893.37	GF= 70516.32	iGF_per=  5446.68 	GF_per= 35258.16[0m
[0;31m Prog= 99.96%	N_left=    10240	Time=  27.90	Time_left=   0.01	iGF=  8831.71	GF= 70385.85	iGF_per=  4415.86 	GF_per= 35192.92[0m
[0;31m Prog= 99.98%	N_left=     8192	Time=  27.96	Time_left=   0.01	iGF=  5594.25	GF= 70241.14	iGF_per=  2797.13 	GF_per= 35120.57[0m
[0;31m Prog= 99.99%	N_left=     6144	Time=  28.01	Time_left=   0.00	iGF=  3908.67	GF= 70112.78	iGF_per=  1954.34 	GF_per= 35056.39[0m
[0;31m Prog= 100.00%	N_left=     4096	Time=  28.07	Time_left=   0.00	iGF=  1937.49	GF= 69976.38	iGF_per=   968.74 	GF_per= 34988.19[0m
================================================================================
T/V                N    NB     P     Q         Time          Gflops (   per GPU)
--------------------------------------------------------------------------------
WR0           143360  2048     1     2        28.24       6.955e+04 ( 3.478e+04)

HPL_pdgesv() start time Sun Oct  4 23:48:55 2026
HPL_pdgesv() end time   Sun Oct  4 23:49:23 2026

--------------------------------------------------------------------------------
||Ax-b||_oo/(eps*(||A||_oo*||x||_oo+||b||_oo)*N)=   0.001120337724 ...... PASSED
||Ax-b||_oo  . . . . . . . . . . . . . . . . . = 0.0000000059579456
||A||_oo . . . . . . . . . . . . . . . . . . . = 36080.6432988371016108
||x||_oo . . . . . . . . . . . . . . . . . . . = 9.2604998350081207
||b||_oo . . . . . . . . . . . . . . . . . . . = 0.4999993662445502
================================================================================

Finished      1 tests with the following results:
              1 tests completed and passed residual checks,
              0 tests completed and failed residual checks,
              0 tests skipped because of illegal input values.
--------------------------------------------------------------------------------

End of Tests.
================================================================================
pmap0           69550 GFLOP/s   28.24 s
=== netlib ===

================================================================================
HPL-NVIDIA 26.2.1  -- NVIDIA accelerated HPL benchmark -- NVIDIA
================================================================================
HPLinpack 2.1  --  High-Performance Linpack benchmark  --   October 26, 2012
Written by A. Petitet and R. Clint Whaley,  Innovative Computing Laboratory, UTK
Modified by Piotr Luszczek, Innovative Computing Laboratory, UTK
Modified by Julien Langou, University of Colorado Denver
================================================================================

An explanation of the input/output parameters follows:
T/V    : Wall time / encoded variant.
N      : The order of the coefficient matrix A.
NB     : The partitioning blocking factor.
P      : The number of process rows.
Q      : The number of process columns.
Time   : Time in seconds to solve the linear system.
Gflops : Rate of execution for solving the linear system.

The following parameter values will be used:

N      :  143360 
NB     :    2048 
PMAP   : Column-major process mapping
P      :       1 
Q      :       2 
PFACT  :   Crout 
NBMIN  :       4 
NDIV   :       2 
RFACT  :   Right 
BCAST  :  2ringM 
DEPTH  :       1 
SWAP   : Spread-roll (long)
L1     : transposed form
U      : transposed form
EQUIL  : yes
ALIGN  : 8 double precision words

--------------------------------------------------------------------------------

- The matrix A is randomly generated for each test.
- The following scaled residual check will be computed:
      ||Ax-b||_oo / ( eps * ( || x ||_oo * || A ||_oo + || b ||_oo ) * N )
- The relative machine precision (eps) is taken to be               1.110223e-16
- Computational tests pass if scaled residuals are less than                16.0


HPL-NVIDIA ignores the following parameters from input file:
	* Broadcast parameters
	* Panel factorization parameters
	* Look-ahead value
	* L1 layout
	* U layout
	* Equilibration parameter
	* Memory alignment parameter

HPL-NVIDIA settings from environment variables:
	HPL_CUSOLVER_MP_TESTS from environment 0 
--- DEVICE INFO ---
  Peak clock frequency: 1785 MHz
  SM version          : 90
  Number of SMs       : 132
-------------------
[HPL TRACE] cuda_nvshmem_init: max=0.7904 (1) min=0.7904 (0)
[HPL TRACE] ncclCommInitRank: max=0.8506 (1) min=0.8506 (0)
[HPL TRACE] cugetrfs_mp_init: max=0.8933 (0) min=0.8932 (1)
--- MEMORY INFO ---
DEVICE
  System           =      5.40817 GiB (MIN)      5.40817 GiB (MAX)      5.40817 GiB (AVG)
  HPL buffers      =     85.60201 GiB (MIN)     85.60201 GiB (MAX)     85.60201 GiB (AVG)
  Used             =     91.01018 GiB (MIN)     91.01018 GiB (MAX)     91.01018 GiB (AVG)
  Total            =     93.58398 GiB (MIN)     93.58398 GiB (MAX)     93.58398 GiB (AVG)
HOST
  HPL buffers      =      0.00113 GiB (MIN)      0.00113 GiB (MAX)      0.00113 GiB (AVG)
-------------------
[HPL TRACE] HPL_pdmatgen_gpu: max=0.0265 (0) min=0.0265 (1)
[0;31m Prog= 4.22%	N_left=   141312	Time=   1.22	Time_left=  27.68	iGF= 67955.73	GF= 67955.73	iGF_per= 33977.86 	GF_per= 33977.86[0m
[0;31m Prog= 8.33%	N_left=   139264	Time=   2.35	Time_left=  25.82	iGF= 71650.88	GF= 69727.65	iGF_per= 35825.44 	GF_per= 34863.83[0m
[0;31m Prog= 12.31%	N_left=   137216	Time=   3.36	Time_left=  23.92	iGF= 77307.88	GF= 72012.79	iGF_per= 38653.94 	GF_per= 36006.39[0m
[0;31m Prog= 16.18%	N_left=   135168	Time=   4.42	Time_left=  22.88	iGF= 71786.20	GF= 71958.50	iGF_per= 35893.10 	GF_per= 35979.25[0m
[0;31m Prog= 19.93%	N_left=   133120	Time=   5.37	Time_left=  21.56	iGF= 77532.62	GF= 72945.70	iGF_per= 38766.31 	GF_per= 36472.85[0m
[0;31m Prog= 23.57%	N_left=   131072	Time=   6.37	Time_left=  20.65	iGF= 71391.02	GF= 72701.31	iGF_per= 35695.51 	GF_per= 36350.66[0m
[0;31m Prog= 27.10%	N_left=   129024	Time=   7.26	Time_left=  19.54	iGF= 77460.68	GF= 73287.33	iGF_per= 38730.34 	GF_per= 36643.67[0m
[0;31m Prog= 30.52%	N_left=   126976	Time=   8.20	Time_left=  18.67	iGF= 71546.46	GF= 73088.22	iGF_per= 35773.23 	GF_per= 36544.11[0m
[0;31m Prog= 33.82%	N_left=   124928	Time=   9.04	Time_left=  17.68	iGF= 77746.24	GF= 73519.02	iGF_per= 38873.12 	GF_per= 36759.51[0m
[0;31m Prog= 37.03%	N_left=   122880	Time=   9.92	Time_left=  16.87	iGF= 71253.08	GF= 73317.42	iGF_per= 35626.54 	GF_per= 36658.71[0m
[0;31m Prog= 40.12%	N_left=   120832	Time=  10.70	Time_left=  15.97	iGF= 77540.17	GF= 73626.87	iGF_per= 38770.08 	GF_per= 36813.43[0m
[0;31m Prog= 43.12%	N_left=   118784	Time=  11.53	Time_left=  15.22	iGF= 70843.89	GF= 73426.62	iGF_per= 35421.94 	GF_per= 36713.31[0m
[0;31m Prog= 46.01%	N_left=   116736	Time=  12.27	Time_left=  14.40	iGF= 77460.29	GF= 73667.74	iGF_per= 38730.15 	GF_per= 36833.87[0m
[0;31m Prog= 48.80%	N_left=   114688	Time=  13.04	Time_left=  13.68	iGF= 70697.06	GF= 73491.06	iGF_per= 35348.53 	GF_per= 36745.53[0m
[0;31m Prog= 51.49%	N_left=   112640	Time=  13.73	Time_left=  12.93	iGF= 77241.53	GF= 73678.23	iGF_per= 38620.76 	GF_per= 36839.11[0m
[0;31m Prog= 54.09%	N_left=   110592	Time=  14.45	Time_left=  12.27	iGF= 70339.32	GF= 73510.64	iGF_per= 35169.66 	GF_per= 36755.32[0m
[0;31m Prog= 56.60%	N_left=   108544	Time=  15.09	Time_left=  11.57	iGF= 77142.75	GF= 73664.06	iGF_per= 38571.38 	GF_per= 36832.03[0m
[0;31m Prog= 59.01%	N_left=   106496	Time=  15.76	Time_left=  10.95	iGF= 70367.55	GF= 73523.33	iGF_per= 35183.78 	GF_per= 36761.67[0m
[0;31m Prog= 61.33%	N_left=   104448	Time=  16.36	Time_left=  10.31	iGF= 76897.14	GF= 73645.56	iGF_per= 38448.57 	GF_per= 36822.78[0m
[0;31m Prog= 63.56%	N_left=   102400	Time=  16.98	Time_left=   9.74	iGF= 69857.76	GF= 73505.68	iGF_per= 34928.88 	GF_per= 36752.84[0m
[0;31m Prog= 65.70%	N_left=   100352	Time=  17.53	Time_left=   9.15	iGF= 76761.35	GF= 73607.52	iGF_per= 38380.68 	GF_per= 36803.76[0m
[0;31m Prog= 67.76%	N_left=    98304	Time=  18.11	Time_left=   8.62	iGF= 69500.97	GF= 73475.69	iGF_per= 34750.49 	GF_per= 36737.85[0m
[0;31m Prog= 69.73%	N_left=    96256	Time=  18.62	Time_left=   8.08	iGF= 77081.99	GF= 73573.11	iGF_per= 38541.00 	GF_per= 36786.55[0m
[0;31m Prog= 71.62%	N_left=    94208	Time=  19.16	Time_left=   7.59	iGF= 68766.35	GF= 73437.56	iGF_per= 34383.18 	GF_per= 36718.78[0m
[0;31m Prog= 73.43%	N_left=    92160	Time=  19.62	Time_left=   7.10	iGF= 76930.87	GF= 73519.88	iGF_per= 38465.43 	GF_per= 36759.94[0m
[0;31m Prog= 75.17%	N_left=    90112	Time=  20.12	Time_left=   6.65	iGF= 68442.90	GF= 73394.43	iGF_per= 34221.45 	GF_per= 36697.21[0m
[0;31m Prog= 76.82%	N_left=    88064	Time=  20.54	Time_left=   6.20	iGF= 76718.44	GF= 73463.00	iGF_per= 38359.22 	GF_per= 36731.50[0m
[0;31m Prog= 78.40%	N_left=    86016	Time=  20.99	Time_left=   5.78	iGF= 68366.91	GF= 73352.82	iGF_per= 34183.46 	GF_per= 36676.41[0m
[0;31m Prog= 79.91%	N_left=    83968	Time=  21.38	Time_left=   5.38	iGF= 75982.67	GF= 73400.71	iGF_per= 37991.33 	GF_per= 36700.36[0m
[0;31m Prog= 81.34%	N_left=    81920	Time=  21.80	Time_left=   5.00	iGF= 67894.47	GF= 73295.87	iGF_per= 33947.23 	GF_per= 36647.93[0m
[0;31m Prog= 82.71%	N_left=    79872	Time=  22.15	Time_left=   4.63	iGF= 75910.45	GF= 73337.55	iGF_per= 37955.23 	GF_per= 36668.77[0m
[0;31m Prog= 84.00%	N_left=    77824	Time=  22.53	Time_left=   4.29	iGF= 67424.45	GF= 73238.42	iGF_per= 33712.22 	GF_per= 36619.21[0m
[0;31m Prog= 85.23%	N_left=    75776	Time=  22.85	Time_left=   3.96	iGF= 76033.31	GF= 73277.29	iGF_per= 38016.65 	GF_per= 36638.64[0m
[0;31m Prog= 86.40%	N_left=    73728	Time=  23.19	Time_left=   3.65	iGF= 66870.53	GF= 73182.72	iGF_per= 33435.27 	GF_per= 36591.36[0m
[0;31m Prog= 87.50%	N_left=    71680	Time=  23.48	Time_left=   3.35	iGF= 75625.44	GF= 73212.51	iGF_per= 37812.72 	GF_per= 36606.26[0m
[0;31m Prog= 88.54%	N_left=    69632	Time=  23.79	Time_left=   3.08	iGF= 66021.08	GF= 73118.86	iGF_per= 33010.54 	GF_per= 36559.43[0m
[0;31m Prog= 89.52%	N_left=    67584	Time=  24.04	Time_left=   2.81	iGF= 75803.74	GF= 73147.27	iGF_per= 37901.87 	GF_per= 36573.63[0m
[0;31m Prog= 90.45%	N_left=    65536	Time=  24.32	Time_left=   2.57	iGF= 64491.01	GF= 73047.11	iGF_per= 32245.50 	GF_per= 36523.56[0m
[0;31m Prog= 91.31%	N_left=    63488	Time=  24.54	Time_left=   2.33	iGF= 77149.16	GF= 73084.05	iGF_per= 38574.58 	GF_per= 36542.02[0m
[0;31m Prog= 92.13%	N_left=    61440	Time=  24.79	Time_left=   2.12	iGF= 63358.33	GF= 72985.10	iGF_per= 31679.16 	GF_per= 36492.55[0m
[0;31m Prog= 92.89%	N_left=    59392	Time=  24.99	Time_left=   1.91	iGF= 77672.26	GF= 73021.21	iGF_per= 38836.13 	GF_per= 36510.60[0m
[0;31m Prog= 93.60%	N_left=    57344	Time=  25.22	Time_left=   1.72	iGF= 59081.37	GF= 72890.66	iGF_per= 29540.68 	GF_per= 36445.33[0m
[0;31m Prog= 94.26%	N_left=    55296	Time=  25.39	Time_left=   1.55	iGF= 77118.46	GF= 72918.72	iGF_per= 38559.23 	GF_per= 36459.36[0m
[0;31m Prog= 94.88%	N_left=    53248	Time=  25.60	Time_left=   1.38	iGF= 58255.20	GF= 72800.07	iGF_per= 29127.60 	GF_per= 36400.04[0m
[0;31m Prog= 95.44%	N_left=    51200	Time=  25.74	Time_left=   1.23	iGF= 77456.47	GF= 72826.16	iGF_per= 38728.23 	GF_per= 36413.08[0m
[0;31m Prog= 95.97%	N_left=    49152	Time=  25.93	Time_left=   1.09	iGF= 53885.20	GF= 72686.37	iGF_per= 26942.60 	GF_per= 36343.19[0m
[0;31m Prog= 96.45%	N_left=    47104	Time=  26.06	Time_left=   0.96	iGF= 76509.85	GF= 72704.57	iGF_per= 38254.92 	GF_per= 36352.29[0m
[0;31m Prog= 96.90%	N_left=    45056	Time=  26.23	Time_left=   0.84	iGF= 51390.47	GF= 72567.01	iGF_per= 25695.24 	GF_per= 36283.51[0m
[0;31m Prog= 97.30%	N_left=    43008	Time=  26.34	Time_left=   0.73	iGF= 69776.72	GF= 72554.96	iGF_per= 34888.36 	GF_per= 36277.48[0m
[0;31m Prog= 97.67%	N_left=    40960	Time=  26.49	Time_left=   0.63	iGF= 48438.88	GF= 72419.24	iGF_per= 24219.44 	GF_per= 36209.62[0m
[0;31m Prog= 98.00%	N_left=    38912	Time=  26.60	Time_left=   0.54	iGF= 61707.04	GF= 72376.59	iGF_per= 30853.52 	GF_per= 36188.29[0m
[0;31m Prog= 98.30%	N_left=    36864	Time=  26.73	Time_left=   0.46	iGF= 44203.64	GF= 72236.36	iGF_per= 22101.82 	GF_per= 36118.18[0m
[0;31m Prog= 98.57%	N_left=    34816	Time=  26.82	Time_left=   0.39	iGF= 57869.86	GF= 72187.64	iGF_per= 28934.93 	GF_per= 36093.82[0m
[0;31m Prog= 98.81%	N_left=    32768	Time=  26.94	Time_left=   0.33	iGF= 39777.97	GF= 72046.13	iGF_per= 19888.99 	GF_per= 36023.07[0m
[0;31m Prog= 99.02%	N_left=    30720	Time=  27.02	Time_left=   0.27	iGF= 48555.16	GF= 71972.21	iGF_per= 24277.58 	GF_per= 35986.11[0m
[0;31m Prog= 99.20%	N_left=    28672	Time=  27.13	Time_left=   0.22	iGF= 35181.25	GF= 71832.90	iGF_per= 17590.62 	GF_per= 35916.45[0m
[0;31m Prog= 99.36%	N_left=    26624	Time=  27.20	Time_left=   0.18	iGF= 40036.47	GF= 71741.45	iGF_per= 20018.24 	GF_per= 35870.73[0m
[0;31m Prog= 99.50%	N_left=    24576	Time=  27.29	Time_left=   0.14	iGF= 29722.74	GF= 71602.35	iGF_per= 14861.37 	GF_per= 35801.17[0m
[0;31m Prog= 99.61%	N_left=    22528	Time=  27.37	Time_left=   0.11	iGF= 31674.78	GF= 71497.62	iGF_per= 15837.39 	GF_per= 35748.81[0m
[0;31m Prog= 99.71%	N_left=    20480	Time=  27.45	Time_left=   0.08	iGF= 23941.15	GF= 71360.43	iGF_per= 11970.57 	GF_per= 35680.22[0m
[0;31m Prog= 99.79%	N_left=    18432	Time=  27.51	Time_left=   0.06	iGF= 24641.97	GF= 71253.47	iGF_per= 12320.99 	GF_per= 35626.74[0m
[0;31m Prog= 99.85%	N_left=    16384	Time=  27.58	Time_left=   0.04	iGF= 18567.99	GF= 71125.61	iGF_per=  9283.99 	GF_per= 35562.80[0m
[0;31m Prog= 99.90%	N_left=    14336	Time=  27.63	Time_left=   0.03	iGF= 18496.20	GF= 71025.93	iGF_per=  9248.10 	GF_per= 35512.96[0m
[0;31m Prog= 99.94%	N_left=    12288	Time=  27.68	Time_left=   0.02	iGF= 13054.09	GF= 70909.26	iGF_per=  6527.05 	GF_per= 35454.63[0m
[0;31m Prog= 99.96%	N_left=    10240	Time=  27.73	Time_left=   0.01	iGF= 10702.99	GF= 70803.55	iGF_per=  5351.49 	GF_per= 35401.78[0m
[0;31m Prog= 99.98%	N_left=     8192	Time=  27.78	Time_left=   0.01	iGF=  6926.42	GF= 70687.60	iGF_per=  3463.21 	GF_per= 35343.80[0m
[0;31m Prog= 99.99%	N_left=     6144	Time=  27.83	Time_left=   0.00	iGF=  4824.99	GF= 70583.66	iGF_per=  2412.50 	GF_per= 35291.83[0m
[0;31m Prog= 100.00%	N_left=     4096	Time=  27.87	Time_left=   0.00	iGF=  2450.78	GF= 70475.12	iGF_per=  1225.39 	GF_per= 35237.56[0m
================================================================================
T/V                N    NB     P     Q         Time          Gflops (   per GPU)
--------------------------------------------------------------------------------
WC0           143360  2048     1     2        28.26       6.951e+04 ( 3.475e+04)

HPL_pdgesv() start time Sun Oct  4 23:49:29 2026
HPL_pdgesv() end time   Sun Oct  4 23:49:58 2026

--------------------------------------------------------------------------------
||Ax-b||_oo/(eps*(||A||_oo*||x||_oo+||b||_oo)*N)=   0.001120337724 ...... PASSED
||Ax-b||_oo  . . . . . . . . . . . . . . . . . = 0.0000000059579456
||A||_oo . . . . . . . . . . . . . . . . . . . = 36080.6432988371016108
||x||_oo . . . . . . . . . . . . . . . . . . . = 9.2604998350081207
||b||_oo . . . . . . . . . . . . . . . . . . . = 0.4999993662445502
================================================================================

Finished      1 tests with the following results:
              1 tests completed and passed residual checks,
              0 tests completed and failed residual checks,
              0 tests skipped because of illegal input values.
--------------------------------------------------------------------------------

End of Tests.
================================================================================
netlib          69510 GFLOP/s   28.26 s
=== base-again ===

================================================================================
HPL-NVIDIA 26.2.1  -- NVIDIA accelerated HPL benchmark -- NVIDIA
================================================================================
HPLinpack 2.1  --  High-Performance Linpack benchmark  --   October 26, 2012
Written by A. Petitet and R. Clint Whaley,  Innovative Computing Laboratory, UTK
Modified by Piotr Luszczek, Innovative Computing Laboratory, UTK
Modified by Julien Langou, University of Colorado Denver
================================================================================

An explanation of the input/output parameters follows:
T/V    : Wall time / encoded variant.
N      : The order of the coefficient matrix A.
NB     : The partitioning blocking factor.
P      : The number of process rows.
Q      : The number of process columns.
Time   : Time in seconds to solve the linear system.
Gflops : Rate of execution for solving the linear system.

The following parameter values will be used:

N      :  143360 
NB     :    2048 
PMAP   : Column-major process mapping
P      :       1 
Q      :       2 
PFACT  :   Crout 
NBMIN  :       2 
NDIV   :       2 
RFACT  :    Left 
BCAST  :  2ringM 
DEPTH  :       1 
SWAP   : Spread-roll (long)
L1     : no-transposed form
U      : transposed form
EQUIL  : no
ALIGN  : 8 double precision words

--------------------------------------------------------------------------------

- The matrix A is randomly generated for each test.
- The following scaled residual check will be computed:
      ||Ax-b||_oo / ( eps * ( || x ||_oo * || A ||_oo + || b ||_oo ) * N )
- The relative machine precision (eps) is taken to be               1.110223e-16
- Computational tests pass if scaled residuals are less than                16.0


HPL-NVIDIA ignores the following parameters from input file:
	* Broadcast parameters
	* Panel factorization parameters
	* Look-ahead value
	* L1 layout
	* U layout
	* Equilibration parameter
	* Memory alignment parameter

HPL-NVIDIA settings from environment variables:
	HPL_CUSOLVER_MP_TESTS from environment 0 
--- DEVICE INFO ---
  Peak clock frequency: 1785 MHz
  SM version          : 90
  Number of SMs       : 132
-------------------
[HPL TRACE] cuda_nvshmem_init: max=0.7907 (0) min=0.7907 (1)
[HPL TRACE] ncclCommInitRank: max=0.9353 (0) min=0.9353 (1)
[HPL TRACE] cugetrfs_mp_init: max=0.9741 (1) min=0.9741 (0)
--- MEMORY INFO ---
DEVICE
  System           =      5.40817 GiB (MIN)      5.40817 GiB (MAX)      5.40817 GiB (AVG)
  HPL buffers      =     85.60201 GiB (MIN)     85.60201 GiB (MAX)     85.60201 GiB (AVG)
  Used             =     91.01018 GiB (MIN)     91.01018 GiB (MAX)     91.01018 GiB (AVG)
  Total            =     93.58398 GiB (MIN)     93.58398 GiB (MAX)     93.58398 GiB (AVG)
HOST
  HPL buffers      =      0.00113 GiB (MIN)      0.00113 GiB (MAX)      0.00113 GiB (AVG)
-------------------
[HPL TRACE] HPL_pdmatgen_gpu: max=0.0267 (1) min=0.0267 (0)
[0;31m Prog= 4.22%	N_left=   141312	Time=   1.22	Time_left=  27.71	iGF= 67902.21	GF= 67902.21	iGF_per= 33951.11 	GF_per= 33951.11[0m
[0;31m Prog= 8.33%	N_left=   139264	Time=   2.35	Time_left=  25.82	iGF= 71746.66	GF= 69743.69	iGF_per= 35873.33 	GF_per= 34871.85[0m
[0;31m Prog= 12.31%	N_left=   137216	Time=   3.36	Time_left=  23.92	iGF= 77221.15	GF= 71999.98	iGF_per= 38610.58 	GF_per= 35999.99[0m
[0;31m Prog= 16.18%	N_left=   135168	Time=   4.42	Time_left=  22.88	iGF= 71799.35	GF= 71951.92	iGF_per= 35899.68 	GF_per= 35975.96[0m
[0;31m Prog= 19.93%	N_left=   133120	Time=   5.37	Time_left=  21.57	iGF= 77370.88	GF= 72913.22	iGF_per= 38685.44 	GF_per= 36456.61[0m
[0;31m Prog= 23.57%	N_left=   131072	Time=   6.37	Time_left=  20.65	iGF= 71512.25	GF= 72693.40	iGF_per= 35756.13 	GF_per= 36346.70[0m
[0;31m Prog= 27.10%	N_left=   129024	Time=   7.27	Time_left=  19.55	iGF= 77251.18	GF= 73255.87	iGF_per= 38625.59 	GF_per= 36627.94[0m
[0;31m Prog= 30.52%	N_left=   126976	Time=   8.21	Time_left=  18.69	iGF= 71367.39	GF= 73039.49	iGF_per= 35683.69 	GF_per= 36519.74[0m
[0;31m Prog= 33.82%	N_left=   124928	Time=   9.05	Time_left=  17.70	iGF= 77170.97	GF= 73423.94	iGF_per= 38585.49 	GF_per= 36711.97[0m
[0;31m Prog= 37.03%	N_left=   122880	Time=   9.93	Time_left=  16.89	iGF= 71142.56	GF= 73220.92	iGF_per= 35571.28 	GF_per= 36610.46[0m
[0;31m Prog= 40.12%	N_left=   120832	Time=  10.72	Time_left=  16.00	iGF= 77239.28	GF= 73516.09	iGF_per= 38619.64 	GF_per= 36758.04[0m
[0;31m Prog= 43.12%	N_left=   118784	Time=  11.55	Time_left=  15.24	iGF= 70990.74	GF= 73334.98	iGF_per= 35495.37 	GF_per= 36667.49[0m
[0;31m Prog= 46.01%	N_left=   116736	Time=  12.29	Time_left=  14.42	iGF= 76834.69	GF= 73545.54	iGF_per= 38417.35 	GF_per= 36772.77[0m
[0;31m Prog= 48.80%	N_left=   114688	Time=  13.06	Time_left=  13.71	iGF= 70686.48	GF= 73375.73	iGF_per= 35343.24 	GF_per= 36687.87[0m
[0;31m Prog= 51.49%	N_left=   112640	Time=  13.75	Time_left=  12.96	iGF= 76666.71	GF= 73540.89	iGF_per= 38333.36 	GF_per= 36770.45[0m
[0;31m Prog= 54.09%	N_left=   110592	Time=  14.48	Time_left=  12.29	iGF= 70549.29	GF= 73391.42	iGF_per= 35274.64 	GF_per= 36695.71[0m
[0;31m Prog= 56.60%	N_left=   108544	Time=  15.12	Time_left=  11.60	iGF= 76183.96	GF= 73510.62	iGF_per= 38091.98 	GF_per= 36755.31[0m
[0;31m Prog= 59.01%	N_left=   106496	Time=  15.80	Time_left=  10.97	iGF= 70279.03	GF= 73372.77	iGF_per= 35139.51 	GF_per= 36686.39[0m
[0;31m Prog= 61.33%	N_left=   104448	Time=  16.39	Time_left=  10.34	iGF= 76353.67	GF= 73481.29	iGF_per= 38176.84 	GF_per= 36740.65[0m
[0;31m Prog= 63.56%	N_left=   102400	Time=  17.02	Time_left=   9.76	iGF= 69691.85	GF= 73341.33	iGF_per= 34845.92 	GF_per= 36670.67[0m
[0;31m Prog= 65.70%	N_left=   100352	Time=  17.58	Time_left=   9.18	iGF= 76095.75	GF= 73428.03	iGF_per= 38047.87 	GF_per= 36714.02[0m
[0;31m Prog= 67.76%	N_left=    98304	Time=  18.16	Time_left=   8.64	iGF= 69204.13	GF= 73292.20	iGF_per= 34602.06 	GF_per= 36646.10[0m
[0;31m Prog= 69.73%	N_left=    96256	Time=  18.67	Time_left=   8.10	iGF= 76192.76	GF= 73371.25	iGF_per= 38096.38 	GF_per= 36685.62[0m
[0;31m Prog= 71.62%	N_left=    94208	Time=  19.21	Time_left=   7.61	iGF= 68846.00	GF= 73244.12	iGF_per= 34423.00 	GF_per= 36622.06[0m
[0;31m Prog= 73.43%	N_left=    92160	Time=  19.67	Time_left=   7.12	iGF= 76121.16	GF= 73312.45	iGF_per= 38060.58 	GF_per= 36656.22[0m
[0;31m Prog= 75.17%	N_left=    90112	Time=  20.17	Time_left=   6.67	iGF= 68339.52	GF= 73189.72	iGF_per= 34169.76 	GF_per= 36594.86[0m
[0;31m Prog= 76.82%	N_left=    88064	Time=  20.60	Time_left=   6.22	iGF= 76110.51	GF= 73250.28	iGF_per= 38055.25 	GF_per= 36625.14[0m
[0;31m Prog= 78.40%	N_left=    86016	Time=  21.05	Time_left=   5.80	iGF= 68287.58	GF= 73143.17	iGF_per= 34143.79 	GF_per= 36571.58[0m
[0;31m Prog= 79.91%	N_left=    83968	Time=  21.45	Time_left=   5.39	iGF= 75489.34	GF= 73186.05	iGF_per= 37744.67 	GF_per= 36593.02[0m
[0;31m Prog= 81.34%	N_left=    81920	Time=  21.86	Time_left=   5.01	iGF= 67852.96	GF= 73084.73	iGF_per= 33926.48 	GF_per= 36542.36[0m
[0;31m Prog= 82.71%	N_left=    79872	Time=  22.22	Time_left=   4.65	iGF= 75523.65	GF= 73123.70	iGF_per= 37761.82 	GF_per= 36561.85[0m
[0;31m Prog= 84.00%	N_left=    77824	Time=  22.59	Time_left=   4.30	iGF= 67338.79	GF= 73026.87	iGF_per= 33669.39 	GF_per= 36513.43[0m
[0;31m Prog= 85.23%	N_left=    75776	Time=  22.91	Time_left=   3.97	iGF= 75655.71	GF= 73063.51	iGF_per= 37827.86 	GF_per= 36531.75[0m
[0;31m Prog= 86.40%	N_left=    73728	Time=  23.26	Time_left=   3.66	iGF= 66170.89	GF= 72961.00	iGF_per= 33085.45 	GF_per= 36480.50[0m
[0;31m Prog= 87.50%	N_left=    71680	Time=  23.55	Time_left=   3.36	iGF= 75643.50	GF= 72993.61	iGF_per= 37821.75 	GF_per= 36496.81[0m
[0;31m Prog= 88.54%	N_left=    69632	Time=  23.86	Time_left=   3.09	iGF= 65880.25	GF= 72901.06	iGF_per= 32940.13 	GF_per= 36450.53[0m
[0;31m Prog= 89.52%	N_left=    67584	Time=  24.11	Time_left=   2.82	iGF= 77252.30	GF= 72946.11	iGF_per= 38626.15 	GF_per= 36473.05[0m
[0;31m Prog= 90.45%	N_left=    65536	Time=  24.40	Time_left=   2.58	iGF= 62270.76	GF= 72818.59	iGF_per= 31135.38 	GF_per= 36409.29[0m
[0;31m Prog= 91.31%	N_left=    63488	Time=  24.62	Time_left=   2.34	iGF= 77686.11	GF= 72861.98	iGF_per= 38843.06 	GF_per= 36430.99[0m
[0;31m Prog= 92.13%	N_left=    61440	Time=  24.88	Time_left=   2.13	iGF= 60908.94	GF= 72735.91	iGF_per= 30454.47 	GF_per= 36367.95[0m
[0;31m Prog= 92.89%	N_left=    59392	Time=  25.07	Time_left=   1.92	iGF= 76905.25	GF= 72768.24	iGF_per= 38452.62 	GF_per= 36384.12[0m
[0;31m Prog= 93.60%	N_left=    57344	Time=  25.32	Time_left=   1.73	iGF= 57480.63	GF= 72621.63	iGF_per= 28740.31 	GF_per= 36310.81[0m
[0;31m Prog= 94.26%	N_left=    55296	Time=  25.48	Time_left=   1.55	iGF= 77277.91	GF= 72652.35	iGF_per= 38638.96 	GF_per= 36326.17[0m
[0;31m Prog= 94.88%	N_left=    53248	Time=  25.70	Time_left=   1.39	iGF= 57216.59	GF= 72525.67	iGF_per= 28608.29 	GF_per= 36262.83[0m
[0;31m Prog= 95.44%	N_left=    51200	Time=  25.84	Time_left=   1.23	iGF= 78152.78	GF= 72556.80	iGF_per= 39076.39 	GF_per= 36278.40[0m
[0;31m Prog= 95.97%	N_left=    49152	Time=  26.03	Time_left=   1.09	iGF= 52470.59	GF= 72405.15	iGF_per= 26235.30 	GF_per= 36202.58[0m
[0;31m Prog= 96.45%	N_left=    47104	Time=  26.16	Time_left=   0.96	iGF= 75899.07	GF= 72421.85	iGF_per= 37949.54 	GF_per= 36210.93[0m
[0;31m Prog= 96.90%	N_left=    45056	Time=  26.33	Time_left=   0.84	iGF= 52140.10	GF= 72293.32	iGF_per= 26070.05 	GF_per= 36146.66[0m
[0;31m Prog= 97.30%	N_left=    43008	Time=  26.44	Time_left=   0.73	iGF= 68510.71	GF= 72276.74	iGF_per= 34255.35 	GF_per= 36138.37[0m
[0;31m Prog= 97.67%	N_left=    40960	Time=  26.59	Time_left=   0.63	iGF= 48894.97	GF= 72146.87	iGF_per= 24447.49 	GF_per= 36073.44[0m
[0;31m Prog= 98.00%	N_left=    38912	Time=  26.69	Time_left=   0.54	iGF= 63573.86	GF= 72113.86	iGF_per= 31786.93 	GF_per= 36056.93[0m
[0;31m Prog= 98.30%	N_left=    36864	Time=  26.83	Time_left=   0.46	iGF= 44190.66	GF= 71975.33	iGF_per= 22095.33 	GF_per= 35987.67[0m
[0;31m Prog= 98.57%	N_left=    34816	Time=  26.92	Time_left=   0.39	iGF= 56568.69	GF= 71922.09	iGF_per= 28284.35 	GF_per= 35961.04[0m
[0;31m Prog= 98.81%	N_left=    32768	Time=  27.04	Time_left=   0.33	iGF= 39938.47	GF= 71783.51	iGF_per= 19969.23 	GF_per= 35891.75[0m
[0;31m Prog= 99.02%	N_left=    30720	Time=  27.12	Time_left=   0.27	iGF= 48325.39	GF= 71709.61	iGF_per= 24162.70 	GF_per= 35854.80[0m
[0;31m Prog= 99.20%	N_left=    28672	Time=  27.22	Time_left=   0.22	iGF= 35128.48	GF= 71571.39	iGF_per= 17564.24 	GF_per= 35785.70[0m
[0;31m Prog= 99.36%	N_left=    26624	Time=  27.30	Time_left=   0.18	iGF= 39077.55	GF= 71476.00	iGF_per= 19538.78 	GF_per= 35738.00[0m
[0;31m Prog= 99.50%	N_left=    24576	Time=  27.40	Time_left=   0.14	iGF= 29693.22	GF= 71338.04	iGF_per= 14846.61 	GF_per= 35669.02[0m
[0;31m Prog= 99.61%	N_left=    22528	Time=  27.47	Time_left=   0.11	iGF= 31650.66	GF= 71234.26	iGF_per= 15825.33 	GF_per= 35617.13[0m
[0;31m Prog= 99.71%	N_left=    20480	Time=  27.55	Time_left=   0.08	iGF= 24062.84	GF= 71099.36	iGF_per= 12031.42 	GF_per= 35549.68[0m
[0;31m Prog= 99.79%	N_left=    18432	Time=  27.61	Time_left=   0.06	iGF= 24825.98	GF= 70994.59	iGF_per= 12412.99 	GF_per= 35497.29[0m
[0;31m Prog= 99.85%	N_left=    16384	Time=  27.68	Time_left=   0.04	iGF= 18492.44	GF= 70867.11	iGF_per=  9246.22 	GF_per= 35433.55[0m
[0;31m Prog= 99.90%	N_left=    14336	Time=  27.73	Time_left=   0.03	iGF= 18617.82	GF= 70769.15	iGF_per=  9308.91 	GF_per= 35384.58[0m
[0;31m Prog= 99.94%	N_left=    12288	Time=  27.78	Time_left=   0.02	iGF= 13071.96	GF= 70653.61	iGF_per=  6535.98 	GF_per= 35326.81[0m
[0;31m Prog= 99.96%	N_left=    10240	Time=  27.83	Time_left=   0.01	iGF= 10702.99	GF= 70548.74	iGF_per=  5351.49 	GF_per= 35274.37[0m
[0;31m Prog= 99.98%	N_left=     8192	Time=  27.88	Time_left=   0.01	iGF=  6925.88	GF= 70433.65	iGF_per=  3462.94 	GF_per= 35216.82[0m
[0;31m Prog= 99.99%	N_left=     6144	Time=  27.93	Time_left=   0.00	iGF=  4824.56	GF= 70330.47	iGF_per=  2412.28 	GF_per= 35165.23[0m
[0;31m Prog= 100.00%	N_left=     4096	Time=  27.97	Time_left=   0.00	iGF=  2450.13	GF= 70222.70	iGF_per=  1225.06 	GF_per= 35111.35[0m
================================================================================
T/V                N    NB     P     Q         Time          Gflops (   per GPU)
--------------------------------------------------------------------------------
WC0           143360  2048     1     2        28.38       6.921e+04 ( 3.460e+04)

HPL_pdgesv() start time Sun Oct  4 23:50:05 2026
HPL_pdgesv() end time   Sun Oct  4 23:50:33 2026

--------------------------------------------------------------------------------
||Ax-b||_oo/(eps*(||A||_oo*||x||_oo+||b||_oo)*N)=   0.001120337724 ...... PASSED
||Ax-b||_oo  . . . . . . . . . . . . . . . . . = 0.0000000059579456
||A||_oo . . . . . . . . . . . . . . . . . . . = 36080.6432988371016108
||x||_oo . . . . . . . . . . . . . . . . . . . = 9.2604998350081207
||b||_oo . . . . . . . . . . . . . . . . . . . = 0.4999993662445502
================================================================================

Finished      1 tests with the following results:
              1 tests completed and passed residual checks,
              0 tests completed and failed residual checks,
              0 tests skipped because of illegal input values.
--------------------------------------------------------------------------------

End of Tests.
================================================================================
base-again      69210 GFLOP/s   28.38 s
=== summary ===
base            69970 GFLOP/s   28.07 s
pfact0          70020 GFLOP/s   28.05 s
pfact2          69360 GFLOP/s   28.32 s
nbmin4          70080 GFLOP/s   28.03 s
nbmin8          69380 GFLOP/s   28.31 s
ndiv3           69760 GFLOP/s   28.16 s
rfact1          68910 GFLOP/s   28.50 s
rfact2          69870 GFLOP/s   28.11 s
bcast0          68900 GFLOP/s   28.51 s
bcast1          69880 GFLOP/s   28.11 s
bcast4          69850 GFLOP/s   28.12 s
bcast5          69850 GFLOP/s   28.12 s
depth0          68930 GFLOP/s   28.49 s
depth2          69790 GFLOP/s   28.14 s
swap0           69130 GFLOP/s   28.41 s
swap2           69820 GFLOP/s   28.13 s
l1-0            69890 GFLOP/s   28.11 s
u1              69890 GFLOP/s   28.11 s
equil1          68960 GFLOP/s   28.48 s
align16         69240 GFLOP/s   28.37 s
pmap0           69550 GFLOP/s   28.24 s
netlib          69510 GFLOP/s   28.26 s
base-again      69210 GFLOP/s   28.38 s
