+-----------------------------------------------------------------------------------------------------------+ 
| MFC case # mfc-bowshock-gpu @ /scratch/jobs/35186426864/MFC/demo/bowshock-gpu/case.py:                    |
+-----------------------------------------------------------------------------------------------------------+ 
| * Start-time     05:37:10                            * Start-date     05:37:10                            |
| * Partition      gpu                                 * Walltime       02:00:00                            |
| * Account        N/A                                 * Nodes          2                                   |
| * Job Name       mfc-bowshock-gpu                    * Engine         batch                               |
| * QoS            N/A                                 * Binary         N/A                                 |
| * Queue System   SLURM                               * Email          N/A                                 |
+-----------------------------------------------------------------------------------------------------------+ 

host        : gpu-node1
nodes/tasks : 2 x 4
mpirun      : /work/nvhpc/Linux_x86_64/25.7/comm_libs/12.9/hpcx/hpcx-2.22.1/ompi/bin/mpirun
fabric      : ibp161s0 (UCX_TLS=rc,sm,self,cuda_copy,cuda_ipc)

mfc: OK > :) Running syscheck:

 [TEST] MPI: call mpi_init(ierr)
 [TEST] MPI: call mpi_init(ierr)
 [TEST] MPI: call mpi_init(ierr)
 [TEST] MPI: call mpi_init(ierr)
 [TEST] MPI: call mpi_init(ierr)
 [TEST] MPI: call mpi_init(ierr)
 [TEST] MPI: call mpi_init(ierr)
 [TEST] MPI: call mpi_init(ierr)
 [TEST] MPI: call mpi_comm_rank(MPI_COMM_WORLD, rank, ierr)
 [TEST] MPI: call mpi_comm_rank(MPI_COMM_WORLD, rank, ierr)
 [TEST] MPI: call mpi_comm_rank(MPI_COMM_WORLD, rank, ierr)
 [TEST] MPI: call mpi_comm_rank(MPI_COMM_WORLD, rank, ierr)
 [TEST] MPI: call mpi_barrier(MPI_COMM_WORLD, ierr)
 [TEST] MPI: call mpi_comm_rank(MPI_COMM_WORLD, rank, ierr)
 [TEST] MPI: call mpi_comm_rank(MPI_COMM_WORLD, rank, ierr)
 [TEST] MPI: call mpi_comm_rank(MPI_COMM_WORLD, rank, ierr)
 [TEST] MPI: call mpi_comm_rank(MPI_COMM_WORLD, rank, ierr)
 [TEST] MPI: call assert(rank >= 0)
 [TEST] MPI: call mpi_comm_size(MPI_COMM_WORLD, nRanks, ierr)
 [TEST] MPI: call assert(nRanks > 0 .and. rank < nRanks)
 [TEST] ACC: devtype = acc_get_device_type()
 [TEST] ACC: num_devices = acc_get_num_devices(devtype)
 [TEST] ACC: call assert(num_devices > 0)
 [TEST] ACC: call acc_set_device_num(mod(rank, nRanks), devtype)
 [TEST] ACC: allocate(arr(1:N))
 [TEST] ACC: !$acc enter data create(arr(1:N))
 [TEST] ACC: !$acc parallel loop
 [TEST] ACC: !$acc update host(arr(1:N))
 [TEST] ACC: !$acc exit data delete(arr)
 [SKIP] OMP: num_devices_omp = omp_get_num_devices()
 [SKIP] OMP: call assert(num_devices_omp > 0)
 [SKIP] OMP: call omp_set_default_device(mod(rank, nRanks))
 [TEST] MPI: call mpi_barrier(MPI_COMM_WORLD, ierr)
 [TEST] MPI: call mpi_finalize(ierr)
 
 Syscheck: PASSED.

mfc: OK > :) Running pre_process:

 Pre-processing a 512x256x256 case on 8 rank(s)
 Processing patch            1
 Elapsed Time    5.426309108734131     

mfc: OK > :) Running simulation:

 Simulating a regular 512x256x256 case on 8 rank(s) with OpenACC offloading.
 Automatic choice of ib_neighborhood_radius selected:             1
 [  0%]  Time step        1 of 3001 @ t_step =        0 Time Avg = 0.000000E+00 Time/step= 0.000000E+00 ETA (HH:MM:SS) = 0:00:00
 [  1%]  Time step        2 of 3001 @ t_step =        1 Time Avg = 0.000000E+00 Time/step= 2.668927E+00 ETA (HH:MM:SS) = 0:00:00
 [  1%]  Time step        3 of 3001 @ t_step =        2 Time Avg = 0.000000E+00 Time/step= 2.607683E+00 ETA (HH:MM:SS) = 0:00:00
 [  1%]  Time step        4 of 3001 @ t_step =        3 Time Avg = 2.585480E+00 Time/step= 2.585480E+00 ETA (HH:MM:SS) = 2:09:08
 [  1%]  Time step        5 of 3001 @ t_step =        4 Time Avg = 2.602751E+00 Time/step= 2.620023E+00 ETA (HH:MM:SS) = 2:09:57
 [  1%]  Time step        6 of 3001 @ t_step =        5 Time Avg = 2.610296E+00 Time/step= 2.625386E+00 ETA (HH:MM:SS) = 2:10:17
 [  1%]  Time step        7 of 3001 @ t_step =        6 Time Avg = 2.604790E+00 Time/step= 2.588272E+00 ETA (HH:MM:SS) = 2:09:58
 [  1%]  Time step        8 of 3001 @ t_step =        7 Time Avg = 2.597974E+00 Time/step= 2.570710E+00 ETA (HH:MM:SS) = 2:09:35
 [  1%]  Time step        9 of 3001 @ t_step =        8 Time Avg = 2.597418E+00 Time/step= 2.594640E+00 ETA (HH:MM:SS) = 2:09:31
 [  1%]  Time step       10 of 3001 @ t_step =        9 Time Avg = 2.598624E+00 Time/step= 2.605854E+00 ETA (HH:MM:SS) = 2:09:32
 [  1%]  Time step       11 of 3001 @ t_step =       10 Time Avg = 2.598199E+00 Time/step= 2.595230E+00 ETA (HH:MM:SS) = 2:09:28
 [  1%]  Time step       12 of 3001 @ t_step =       11 Time Avg = 2.597648E+00 Time/step= 2.593233E+00 ETA (HH:MM:SS) = 2:09:24
 [  1%]  Time step       13 of 3001 @ t_step =       12 Time Avg = 2.598098E+00 Time/step= 2.602147E+00 ETA (HH:MM:SS) = 2:09:23
 [  1%]  Time step       14 of 3001 @ t_step =       13 Time Avg = 2.597935E+00 Time/step= 2.596312E+00 ETA (HH:MM:SS) = 2:09:20
 [  1%]  Time step       15 of 3001 @ t_step =       14 Time Avg = 2.602230E+00 Time/step= 2.649468E+00 ETA (HH:MM:SS) = 2:09:30
 [  1%]  Time step       16 of 3001 @ t_step =       15 Time Avg = 2.602460E+00 Time/step= 2.605224E+00 ETA (HH:MM:SS) = 2:09:28
 [  1%]  Time step       17 of 3001 @ t_step =       16 Time Avg = 2.603003E+00 Time/step= 2.610060E+00 ETA (HH:MM:SS) = 2:09:27
 [  1%]  Time step       18 of 3001 @ t_step =       17 Time Avg = 2.600656E+00 Time/step= 2.567799E+00 ETA (HH:MM:SS) = 2:09:17
 [  1%]  Time step       19 of 3001 @ t_step =       18 Time Avg = 2.600322E+00 Time/step= 2.595306E+00 ETA (HH:MM:SS) = 2:09:14
 [  1%]  Time step       20 of 3001 @ t_step =       19 Time Avg = 2.600134E+00 Time/step= 2.597134E+00 ETA (HH:MM:SS) = 2:09:10
 [  1%]  Time step       21 of 3001 @ t_step =       20 Time Avg = 2.598413E+00 Time/step= 2.569151E+00 ETA (HH:MM:SS) = 2:09:03
 [  1%]  Time step       22 of 3001 @ t_step =       21 Time Avg = 2.597673E+00 Time/step= 2.584364E+00 ETA (HH:MM:SS) = 2:08:58
 [  1%]  Time step       23 of 3001 @ t_step =       22 Time Avg = 2.599113E+00 Time/step= 2.626458E+00 ETA (HH:MM:SS) = 2:09:00
 [  1%]  Time step       24 of 3001 @ t_step =       23 Time Avg = 2.598082E+00 Time/step= 2.577465E+00 ETA (HH:MM:SS) = 2:08:54
 [  1%]  Time step       25 of 3001 @ t_step =       24 Time Avg = 2.597591E+00 Time/step= 2.587296E+00 ETA (HH:MM:SS) = 2:08:50
 [  1%]  Time step       26 of 3001 @ t_step =       25 Time Avg = 2.596289E+00 Time/step= 2.567637E+00 ETA (HH:MM:SS) = 2:08:43
 [  1%]  Time step       27 of 3001 @ t_step =       26 Time Avg = 2.596363E+00 Time/step= 2.598058E+00 ETA (HH:MM:SS) = 2:08:41
 [  1%]  Time step       28 of 3001 @ t_step =       27 Time Avg = 2.597676E+00 Time/step= 2.629186E+00 ETA (HH:MM:SS) = 2:08:42
 [  1%]  Time step       29 of 3001 @ t_step =       28 Time Avg = 2.597784E+00 Time/step= 2.600501E+00 ETA (HH:MM:SS) = 2:08:40
 [  1%]  Time step       30 of 3001 @ t_step =       29 Time Avg = 2.597956E+00 Time/step= 2.602426E+00 ETA (HH:MM:SS) = 2:08:38
 [  1%]  Time step       31 of 3001 @ t_step =       30 Time Avg = 2.598070E+00 Time/step= 2.601141E+00 ETA (HH:MM:SS) = 2:08:36
 [  2%]  Time step       32 of 3001 @ t_step =       31 Time Avg = 2.597880E+00 Time/step= 2.592571E+00 ETA (HH:MM:SS) = 2:08:33
 [  2%]  Time step       33 of 3001 @ t_step =       32 Time Avg = 2.599645E+00 Time/step= 2.650831E+00 ETA (HH:MM:SS) = 2:08:35
 [  2%]  Time step       34 of 3001 @ t_step =       33 Time Avg = 2.599241E+00 Time/step= 2.587118E+00 ETA (HH:MM:SS) = 2:08:31
 [  2%]  Time step       35 of 3001 @ t_step =       34 Time Avg = 2.599245E+00 Time/step= 2.599361E+00 ETA (HH:MM:SS) = 2:08:29
 [  2%]  Time step       36 of 3001 @ t_step =       35 Time Avg = 2.598732E+00 Time/step= 2.582315E+00 ETA (HH:MM:SS) = 2:08:25
 [  2%]  Time step       37 of 3001 @ t_step =       36 Time Avg = 2.598824E+00 Time/step= 2.601873E+00 ETA (HH:MM:SS) = 2:08:22
 [  2%]  Time step       38 of 3001 @ t_step =       37 Time Avg = 2.599027E+00 Time/step= 2.605908E+00 ETA (HH:MM:SS) = 2:08:20
 [  2%]  Time step       39 of 3001 @ t_step =       38 Time Avg = 2.598677E+00 Time/step= 2.586433E+00 ETA (HH:MM:SS) = 2:08:17
 [  2%]  Time step       40 of 3001 @ t_step =       39 Time Avg = 2.598814E+00 Time/step= 2.603760E+00 ETA (HH:MM:SS) = 2:08:15
 [  2%]  Time step       41 of 3001 @ t_step =       40 Time Avg = 2.598889E+00 Time/step= 2.601646E+00 ETA (HH:MM:SS) = 2:08:12
 [  2%]  Time step       42 of 3001 @ t_step =       41 Time Avg = 2.599568E+00 Time/step= 2.625375E+00 ETA (HH:MM:SS) = 2:08:12
 [  2%]  Time step       43 of 3001 @ t_step =       42 Time Avg = 2.600148E+00 Time/step= 2.622772E+00 ETA (HH:MM:SS) = 2:08:11
 [  2%]  Time step       44 of 3001 @ t_step =       43 Time Avg = 2.600112E+00 Time/step= 2.598664E+00 ETA (HH:MM:SS) = 2:08:08
 [  2%]  Time step       45 of 3001 @ t_step =       44 Time Avg = 2.599760E+00 Time/step= 2.585347E+00 ETA (HH:MM:SS) = 2:08:04
 [  2%]  Time step       46 of 3001 @ t_step =       45 Time Avg = 2.599298E+00 Time/step= 2.579860E+00 ETA (HH:MM:SS) = 2:08:00
 [  2%]  Time step       47 of 3001 @ t_step =       46 Time Avg = 2.599138E+00 Time/step= 2.592265E+00 ETA (HH:MM:SS) = 2:07:57
 [  2%]  Time step       48 of 3001 @ t_step =       47 Time Avg = 2.599051E+00 Time/step= 2.595225E+00 ETA (HH:MM:SS) = 2:07:54
 [  2%]  Time step       49 of 3001 @ t_step =       48 Time Avg = 2.599115E+00 Time/step= 2.602011E+00 ETA (HH:MM:SS) = 2:07:52
 [  2%]  Time step       50 of 3001 @ t_step =       49 Time Avg = 2.599169E+00 Time/step= 2.601636E+00 ETA (HH:MM:SS) = 2:07:50
 [  2%]  Time step       51 of 3001 @ t_step =       50 Time Avg = 2.599093E+00 Time/step= 2.595538E+00 ETA (HH:MM:SS) = 2:07:47
 [  2%]  Time step       52 of 3001 @ t_step =       51 Time Avg = 2.599495E+00 Time/step= 2.618762E+00 ETA (HH:MM:SS) = 2:07:45
 [  2%]  Time step       53 of 3001 @ t_step =       52 Time Avg = 2.599080E+00 Time/step= 2.578749E+00 ETA (HH:MM:SS) = 2:07:42
 [  2%]  Time step       54 of 3001 @ t_step =       53 Time Avg = 2.599383E+00 Time/step= 2.614554E+00 ETA (HH:MM:SS) = 2:07:40
 [  2%]  Time step       55 of 3001 @ t_step =       54 Time Avg = 2.599321E+00 Time/step= 2.596143E+00 ETA (HH:MM:SS) = 2:07:37
 [  2%]  Time step       56 of 3001 @ t_step =       55 Time Avg = 2.599583E+00 Time/step= 2.613230E+00 ETA (HH:MM:SS) = 2:07:35
 [  2%]  Time step       57 of 3001 @ t_step =       56 Time Avg = 2.599808E+00 Time/step= 2.611746E+00 ETA (HH:MM:SS) = 2:07:33
 [  2%]  Time step       58 of 3001 @ t_step =       57 Time Avg = 2.599978E+00 Time/step= 2.609152E+00 ETA (HH:MM:SS) = 2:07:31
 [  2%]  Time step       59 of 3001 @ t_step =       58 Time Avg = 2.599920E+00 Time/step= 2.596726E+00 ETA (HH:MM:SS) = 2:07:28
 [  2%]  Time step       60 of 3001 @ t_step =       59 Time Avg = 2.599667E+00 Time/step= 2.585504E+00 ETA (HH:MM:SS) = 2:07:25
 [  2%]  Time step       61 of 3001 @ t_step =       60 Time Avg = 2.599629E+00 Time/step= 2.597419E+00 ETA (HH:MM:SS) = 2:07:22
 [  3%]  Time step       62 of 3001 @ t_step =       61 Time Avg = 2.599239E+00 Time/step= 2.576627E+00 ETA (HH:MM:SS) = 2:07:19
 [  3%]  Time step       63 of 3001 @ t_step =       62 Time Avg = 2.599563E+00 Time/step= 2.618695E+00 ETA (HH:MM:SS) = 2:07:17
 [  3%]  Time step       64 of 3001 @ t_step =       63 Time Avg = 2.599859E+00 Time/step= 2.617637E+00 ETA (HH:MM:SS) = 2:07:15
 [  3%]  Time step       65 of 3001 @ t_step =       64 Time Avg = 2.600130E+00 Time/step= 2.616638E+00 ETA (HH:MM:SS) = 2:07:13
 [  3%]  Time step       66 of 3001 @ t_step =       65 Time Avg = 2.600039E+00 Time/step= 2.594427E+00 ETA (HH:MM:SS) = 2:07:11
 [  3%]  Time step       67 of 3001 @ t_step =       66 Time Avg = 2.599965E+00 Time/step= 2.595254E+00 ETA (HH:MM:SS) = 2:07:08
 [  3%]  Time step       68 of 3001 @ t_step =       67 Time Avg = 2.599659E+00 Time/step= 2.580119E+00 ETA (HH:MM:SS) = 2:07:04
 [  3%]  Time step       69 of 3001 @ t_step =       68 Time Avg = 2.599820E+00 Time/step= 2.610249E+00 ETA (HH:MM:SS) = 2:07:02
 [  3%]  Time step       70 of 3001 @ t_step =       69 Time Avg = 2.599360E+00 Time/step= 2.569015E+00 ETA (HH:MM:SS) = 2:06:58
 [  3%]  Time step       71 of 3001 @ t_step =       70 Time Avg = 2.599104E+00 Time/step= 2.581965E+00 ETA (HH:MM:SS) = 2:06:55
 [  3%]  Time step       72 of 3001 @ t_step =       71 Time Avg = 2.599360E+00 Time/step= 2.616759E+00 ETA (HH:MM:SS) = 2:06:53
 [  3%]  Time step       73 of 3001 @ t_step =       72 Time Avg = 2.599200E+00 Time/step= 2.588156E+00 ETA (HH:MM:SS) = 2:06:50
 [  3%]  Time step       74 of 3001 @ t_step =       73 Time Avg = 2.599622E+00 Time/step= 2.629131E+00 ETA (HH:MM:SS) = 2:06:49
 [  3%]  Time step       75 of 3001 @ t_step =       74 Time Avg = 2.599874E+00 Time/step= 2.617778E+00 ETA (HH:MM:SS) = 2:06:47
 [  3%]  Time step       76 of 3001 @ t_step =       75 Time Avg = 2.599984E+00 Time/step= 2.607926E+00 ETA (HH:MM:SS) = 2:06:44
 [  3%]  Time step       77 of 3001 @ t_step =       76 Time Avg = 2.600363E+00 Time/step= 2.628061E+00 ETA (HH:MM:SS) = 2:06:43
 [  3%]  Time step       78 of 3001 @ t_step =       77 Time Avg = 2.600279E+00 Time/step= 2.594046E+00 ETA (HH:MM:SS) = 2:06:40
 [  3%]  Time step       79 of 3001 @ t_step =       78 Time Avg = 2.600259E+00 Time/step= 2.598771E+00 ETA (HH:MM:SS) = 2:06:37
 [  3%]  Time step       80 of 3001 @ t_step =       79 Time Avg = 2.600272E+00 Time/step= 2.601239E+00 ETA (HH:MM:SS) = 2:06:35
 [  3%]  Time step       81 of 3001 @ t_step =       80 Time Avg = 2.600213E+00 Time/step= 2.595682E+00 ETA (HH:MM:SS) = 2:06:32
 [  3%]  Time step       82 of 3001 @ t_step =       81 Time Avg = 2.600442E+00 Time/step= 2.618265E+00 ETA (HH:MM:SS) = 2:06:30
 [  3%]  Time step       83 of 3001 @ t_step =       82 Time Avg = 2.600747E+00 Time/step= 2.624840E+00 ETA (HH:MM:SS) = 2:06:28
 [  3%]  Time step       84 of 3001 @ t_step =       83 Time Avg = 2.600592E+00 Time/step= 2.588194E+00 ETA (HH:MM:SS) = 2:06:25
 [  3%]  Time step       85 of 3001 @ t_step =       84 Time Avg = 2.600553E+00 Time/step= 2.597451E+00 ETA (HH:MM:SS) = 2:06:23
 [  3%]  Time step       86 of 3001 @ t_step =       85 Time Avg = 2.600727E+00 Time/step= 2.614971E+00 ETA (HH:MM:SS) = 2:06:21
 [  3%]  Time step       87 of 3001 @ t_step =       86 Time Avg = 2.600652E+00 Time/step= 2.594415E+00 ETA (HH:MM:SS) = 2:06:18
 [  3%]  Time step       88 of 3001 @ t_step =       87 Time Avg = 2.600620E+00 Time/step= 2.597960E+00 ETA (HH:MM:SS) = 2:06:15
 [  3%]  Time step       89 of 3001 @ t_step =       88 Time Avg = 2.600535E+00 Time/step= 2.593322E+00 ETA (HH:MM:SS) = 2:06:12
 [  3%]  Time step       90 of 3001 @ t_step =       89 Time Avg = 2.600345E+00 Time/step= 2.583952E+00 ETA (HH:MM:SS) = 2:06:09
 [  3%]  Time step       91 of 3001 @ t_step =       90 Time Avg = 2.600238E+00 Time/step= 2.590937E+00 ETA (HH:MM:SS) = 2:06:06
 [  4%]  Time step       92 of 3001 @ t_step =       91 Time Avg = 2.600170E+00 Time/step= 2.594189E+00 ETA (HH:MM:SS) = 2:06:03
 [  4%]  Time step       93 of 3001 @ t_step =       92 Time Avg = 2.600598E+00 Time/step= 2.638709E+00 ETA (HH:MM:SS) = 2:06:02
 [  4%]  Time step       94 of 3001 @ t_step =       93 Time Avg = 2.600489E+00 Time/step= 2.590662E+00 ETA (HH:MM:SS) = 2:05:59
 [  4%]  Time step       95 of 3001 @ t_step =       94 Time Avg = 2.600501E+00 Time/step= 2.601612E+00 ETA (HH:MM:SS) = 2:05:57
 [  4%]  Time step       96 of 3001 @ t_step =       95 Time Avg = 2.600621E+00 Time/step= 2.611677E+00 ETA (HH:MM:SS) = 2:05:54
 [  4%]  Time step       97 of 3001 @ t_step =       96 Time Avg = 2.600700E+00 Time/step= 2.607984E+00 ETA (HH:MM:SS) = 2:05:52
 [  4%]  Time step       98 of 3001 @ t_step =       97 Time Avg = 2.600256E+00 Time/step= 2.558593E+00 ETA (HH:MM:SS) = 2:05:48
 [  4%]  Time step       99 of 3001 @ t_step =       98 Time Avg = 2.600248E+00 Time/step= 2.599485E+00 ETA (HH:MM:SS) = 2:05:45
 [  4%]  Time step      100 of 3001 @ t_step =       99 Time Avg = 2.600190E+00 Time/step= 2.594597E+00 ETA (HH:MM:SS) = 2:05:43
 [  4%]  Time step      101 of 3001 @ t_step =      100 Time Avg = 2.599959E+00 Time/step= 2.577500E+00 ETA (HH:MM:SS) = 2:05:39
 [  4%]  Time step      102 of 3001 @ t_step =      101 Time Avg = 2.600585E+00 Time/step= 2.662003E+00 ETA (HH:MM:SS) = 2:05:39
 [  4%]  Time step      103 of 3001 @ t_step =      102 Time Avg = 2.600710E+00 Time/step= 2.613074E+00 ETA (HH:MM:SS) = 2:05:36
 [  4%]  Time step      104 of 3001 @ t_step =      103 Time Avg = 2.600433E+00 Time/step= 2.572683E+00 ETA (HH:MM:SS) = 2:05:33
 [  4%]  Time step      105 of 3001 @ t_step =      104 Time Avg = 2.600341E+00 Time/step= 2.591041E+00 ETA (HH:MM:SS) = 2:05:30
 [  4%]  Time step      106 of 3001 @ t_step =      105 Time Avg = 2.600223E+00 Time/step= 2.588217E+00 ETA (HH:MM:SS) = 2:05:27
 [  4%]  Time step      107 of 3001 @ t_step =      106 Time Avg = 2.599935E+00 Time/step= 2.570327E+00 ETA (HH:MM:SS) = 2:05:24
 [  4%]  Time step      108 of 3001 @ t_step =      107 Time Avg = 2.600077E+00 Time/step= 2.614846E+00 ETA (HH:MM:SS) = 2:05:22
 [  4%]  Time step      109 of 3001 @ t_step =      108 Time Avg = 2.600142E+00 Time/step= 2.606929E+00 ETA (HH:MM:SS) = 2:05:19
 [  4%]  Time step      110 of 3001 @ t_step =      109 Time Avg = 2.600093E+00 Time/step= 2.594848E+00 ETA (HH:MM:SS) = 2:05:16
 [  4%]  Time step      111 of 3001 @ t_step =      110 Time Avg = 2.600034E+00 Time/step= 2.593792E+00 ETA (HH:MM:SS) = 2:05:14
 [  4%]  Time step      112 of 3001 @ t_step =      111 Time Avg = 2.600206E+00 Time/step= 2.618767E+00 ETA (HH:MM:SS) = 2:05:11
 [  4%]  Time step      113 of 3001 @ t_step =      112 Time Avg = 2.600368E+00 Time/step= 2.618041E+00 ETA (HH:MM:SS) = 2:05:09
 [  4%]  Time step      114 of 3001 @ t_step =      113 Time Avg = 2.600603E+00 Time/step= 2.626454E+00 ETA (HH:MM:SS) = 2:05:07
 [  4%]  Time step      115 of 3001 @ t_step =      114 Time Avg = 2.600701E+00 Time/step= 2.611582E+00 ETA (HH:MM:SS) = 2:05:05
 [  4%]  Time step      116 of 3001 @ t_step =      115 Time Avg = 2.600316E+00 Time/step= 2.557142E+00 ETA (HH:MM:SS) = 2:05:01
 [  4%]  Time step      117 of 3001 @ t_step =      116 Time Avg = 2.600383E+00 Time/step= 2.607984E+00 ETA (HH:MM:SS) = 2:04:59
 [  4%]  Time step      118 of 3001 @ t_step =      117 Time Avg = 2.600396E+00 Time/step= 2.601851E+00 ETA (HH:MM:SS) = 2:04:56
 [  4%]  Time step      119 of 3001 @ t_step =      118 Time Avg = 2.600404E+00 Time/step= 2.601317E+00 ETA (HH:MM:SS) = 2:04:54
 [  4%]  Time step      120 of 3001 @ t_step =      119 Time Avg = 2.600424E+00 Time/step= 2.602714E+00 ETA (HH:MM:SS) = 2:04:51
 [  4%]  Time step      121 of 3001 @ t_step =      120 Time Avg = 2.600361E+00 Time/step= 2.592999E+00 ETA (HH:MM:SS) = 2:04:49
 [  5%]  Time step      122 of 3001 @ t_step =      121 Time Avg = 2.600311E+00 Time/step= 2.594456E+00 ETA (HH:MM:SS) = 2:04:46
 [  5%]  Time step      123 of 3001 @ t_step =      122 Time Avg = 2.600110E+00 Time/step= 2.576240E+00 ETA (HH:MM:SS) = 2:04:43
 [  5%]  Time step      124 of 3001 @ t_step =      123 Time Avg = 2.600049E+00 Time/step= 2.592689E+00 ETA (HH:MM:SS) = 2:04:40
 [  5%]  Time step      125 of 3001 @ t_step =      124 Time Avg = 2.600260E+00 Time/step= 2.625724E+00 ETA (HH:MM:SS) = 2:04:38
 [  5%]  Time step      126 of 3001 @ t_step =      125 Time Avg = 2.600113E+00 Time/step= 2.582219E+00 ETA (HH:MM:SS) = 2:04:35
 [  5%]  Time step      127 of 3001 @ t_step =      126 Time Avg = 2.600140E+00 Time/step= 2.603450E+00 ETA (HH:MM:SS) = 2:04:32
 [  5%]  Time step      128 of 3001 @ t_step =      127 Time Avg = 2.600112E+00 Time/step= 2.596634E+00 ETA (HH:MM:SS) = 2:04:30
 [  5%]  Time step      129 of 3001 @ t_step =      128 Time Avg = 2.599991E+00 Time/step= 2.584932E+00 ETA (HH:MM:SS) = 2:04:27
 [  5%]  Time step      130 of 3001 @ t_step =      129 Time Avg = 2.599907E+00 Time/step= 2.589345E+00 ETA (HH:MM:SS) = 2:04:24
 [  5%]  Time step      131 of 3001 @ t_step =      130 Time Avg = 2.599900E+00 Time/step= 2.599016E+00 ETA (HH:MM:SS) = 2:04:21
 [  5%]  Time step      132 of 3001 @ t_step =      131 Time Avg = 2.600073E+00 Time/step= 2.622189E+00 ETA (HH:MM:SS) = 2:04:19
 [  5%]  Time step      133 of 3001 @ t_step =      132 Time Avg = 2.599991E+00 Time/step= 2.589440E+00 ETA (HH:MM:SS) = 2:04:16
 [  5%]  Time step      134 of 3001 @ t_step =      133 Time Avg = 2.600103E+00 Time/step= 2.614553E+00 ETA (HH:MM:SS) = 2:04:14
 [  5%]  Time step      135 of 3001 @ t_step =      134 Time Avg = 2.600031E+00 Time/step= 2.590605E+00 ETA (HH:MM:SS) = 2:04:11
 [  5%]  Time step      136 of 3001 @ t_step =      135 Time Avg = 2.600168E+00 Time/step= 2.618325E+00 ETA (HH:MM:SS) = 2:04:09
 [  5%]  Time step      137 of 3001 @ t_step =      136 Time Avg = 2.600385E+00 Time/step= 2.629197E+00 ETA (HH:MM:SS) = 2:04:07
 [  5%]  Time step      138 of 3001 @ t_step =      137 Time Avg = 2.600406E+00 Time/step= 2.603273E+00 ETA (HH:MM:SS) = 2:04:04
 [  5%]  Time step      139 of 3001 @ t_step =      138 Time Avg = 2.600384E+00 Time/step= 2.597413E+00 ETA (HH:MM:SS) = 2:04:02
 [  5%]  Time step      140 of 3001 @ t_step =      139 Time Avg = 2.600415E+00 Time/step= 2.604566E+00 ETA (HH:MM:SS) = 2:03:59
 [  5%]  Time step      141 of 3001 @ t_step =      140 Time Avg = 2.600467E+00 Time/step= 2.607606E+00 ETA (HH:MM:SS) = 2:03:57
 [  5%]  Time step      142 of 3001 @ t_step =      141 Time Avg = 2.600716E+00 Time/step= 2.635094E+00 ETA (HH:MM:SS) = 2:03:55
 [  5%]  Time step      143 of 3001 @ t_step =      142 Time Avg = 2.600677E+00 Time/step= 2.595320E+00 ETA (HH:MM:SS) = 2:03:52
 [  5%]  Time step      144 of 3001 @ t_step =      143 Time Avg = 2.600597E+00 Time/step= 2.589344E+00 ETA (HH:MM:SS) = 2:03:49
 [  5%]  Time step      145 of 3001 @ t_step =      144 Time Avg = 2.600599E+00 Time/step= 2.600856E+00 ETA (HH:MM:SS) = 2:03:47
 [  5%]  Time step      146 of 3001 @ t_step =      145 Time Avg = 2.600466E+00 Time/step= 2.581564E+00 ETA (HH:MM:SS) = 2:03:44
 [  5%]  Time step      147 of 3001 @ t_step =      146 Time Avg = 2.600386E+00 Time/step= 2.588934E+00 ETA (HH:MM:SS) = 2:03:41
 [  5%]  Time step      148 of 3001 @ t_step =      147 Time Avg = 2.600536E+00 Time/step= 2.622230E+00 ETA (HH:MM:SS) = 2:03:39
 [  5%]  Time step      149 of 3001 @ t_step =      148 Time Avg = 2.600618E+00 Time/step= 2.612485E+00 ETA (HH:MM:SS) = 2:03:36
 [  5%]  Time step      150 of 3001 @ t_step =      149 Time Avg = 2.600655E+00 Time/step= 2.606021E+00 ETA (HH:MM:SS) = 2:03:34
 [  5%]  Time step      151 of 3001 @ t_step =      150 Time Avg = 2.600464E+00 Time/step= 2.572390E+00 ETA (HH:MM:SS) = 2:03:31
 [  6%]  Time step      152 of 3001 @ t_step =      151 Time Avg = 2.600577E+00 Time/step= 2.617315E+00 ETA (HH:MM:SS) = 2:03:29
 [  6%]  Time step      153 of 3001 @ t_step =      152 Time Avg = 2.600672E+00 Time/step= 2.614810E+00 ETA (HH:MM:SS) = 2:03:26
 [  6%]  Time step      154 of 3001 @ t_step =      153 Time Avg = 2.600558E+00 Time/step= 2.583404E+00 ETA (HH:MM:SS) = 2:03:23
 [  6%]  Time step      155 of 3001 @ t_step =      154 Time Avg = 2.600488E+00 Time/step= 2.590015E+00 ETA (HH:MM:SS) = 2:03:20
 [  6%]  Time step      156 of 3001 @ t_step =      155 Time Avg = 2.600502E+00 Time/step= 2.602625E+00 ETA (HH:MM:SS) = 2:03:18
 [  6%]  Time step      157 of 3001 @ t_step =      156 Time Avg = 2.600443E+00 Time/step= 2.591386E+00 ETA (HH:MM:SS) = 2:03:15
 [  6%]  Time step      158 of 3001 @ t_step =      157 Time Avg = 2.600269E+00 Time/step= 2.573477E+00 ETA (HH:MM:SS) = 2:03:12
 [  6%]  Time step      159 of 3001 @ t_step =      158 Time Avg = 2.600351E+00 Time/step= 2.613000E+00 ETA (HH:MM:SS) = 2:03:10
 [  6%]  Time step      160 of 3001 @ t_step =      159 Time Avg = 2.600074E+00 Time/step= 2.556895E+00 ETA (HH:MM:SS) = 2:03:06
 [  6%]  Time step      161 of 3001 @ t_step =      160 Time Avg = 2.599980E+00 Time/step= 2.585308E+00 ETA (HH:MM:SS) = 2:03:03
 [  6%]  Time step      162 of 3001 @ t_step =      161 Time Avg = 2.600001E+00 Time/step= 2.603226E+00 ETA (HH:MM:SS) = 2:03:01
 [  6%]  Time step      163 of 3001 @ t_step =      162 Time Avg = 2.599950E+00 Time/step= 2.591920E+00 ETA (HH:MM:SS) = 2:02:58
 [  6%]  Time step      164 of 3001 @ t_step =      163 Time Avg = 2.599867E+00 Time/step= 2.586507E+00 ETA (HH:MM:SS) = 2:02:55
 [  6%]  Time step      165 of 3001 @ t_step =      164 Time Avg = 2.599830E+00 Time/step= 2.593971E+00 ETA (HH:MM:SS) = 2:02:53
 [  6%]  Time step      166 of 3001 @ t_step =      165 Time Avg = 2.599684E+00 Time/step= 2.575888E+00 ETA (HH:MM:SS) = 2:02:50
 [  6%]  Time step      167 of 3001 @ t_step =      166 Time Avg = 2.599761E+00 Time/step= 2.612331E+00 ETA (HH:MM:SS) = 2:02:47
 [  6%]  Time step      168 of 3001 @ t_step =      167 Time Avg = 2.599751E+00 Time/step= 2.598231E+00 ETA (HH:MM:SS) = 2:02:45
 [  6%]  Time step      169 of 3001 @ t_step =      168 Time Avg = 2.599785E+00 Time/step= 2.605413E+00 ETA (HH:MM:SS) = 2:02:42
 [  6%]  Time step      170 of 3001 @ t_step =      169 Time Avg = 2.599929E+00 Time/step= 2.623822E+00 ETA (HH:MM:SS) = 2:02:40
 [  6%]  Time step      171 of 3001 @ t_step =      170 Time Avg = 2.600003E+00 Time/step= 2.612292E+00 ETA (HH:MM:SS) = 2:02:38
 [  6%]  Time step      172 of 3001 @ t_step =      171 Time Avg = 2.599944E+00 Time/step= 2.589997E+00 ETA (HH:MM:SS) = 2:02:35
 [  6%]  Time step      173 of 3001 @ t_step =      172 Time Avg = 2.599929E+00 Time/step= 2.597373E+00 ETA (HH:MM:SS) = 2:02:32
 [  6%]  Time step      174 of 3001 @ t_step =      173 Time Avg = 2.600003E+00 Time/step= 2.612606E+00 ETA (HH:MM:SS) = 2:02:30
 [  6%]  Time step      175 of 3001 @ t_step =      174 Time Avg = 2.600046E+00 Time/step= 2.607435E+00 ETA (HH:MM:SS) = 2:02:27
 [  6%]  Time step      176 of 3001 @ t_step =      175 Time Avg = 2.600043E+00 Time/step= 2.599505E+00 ETA (HH:MM:SS) = 2:02:25
 [  6%]  Time step      177 of 3001 @ t_step =      176 Time Avg = 2.599986E+00 Time/step= 2.590204E+00 ETA (HH:MM:SS) = 2:02:22
 [  6%]  Time step      178 of 3001 @ t_step =      177 Time Avg = 2.600055E+00 Time/step= 2.612030E+00 ETA (HH:MM:SS) = 2:02:19
 [  6%]  Time step      179 of 3001 @ t_step =      178 Time Avg = 2.600110E+00 Time/step= 2.609758E+00 ETA (HH:MM:SS) = 2:02:17
 [  6%]  Time step      180 of 3001 @ t_step =      179 Time Avg = 2.600179E+00 Time/step= 2.612244E+00 ETA (HH:MM:SS) = 2:02:15
 [  6%]  Time step      181 of 3001 @ t_step =      180 Time Avg = 2.600166E+00 Time/step= 2.597889E+00 ETA (HH:MM:SS) = 2:02:12
 [  7%]  Time step      182 of 3001 @ t_step =      181 Time Avg = 2.600160E+00 Time/step= 2.599134E+00 ETA (HH:MM:SS) = 2:02:09
 [  7%]  Time step      183 of 3001 @ t_step =      182 Time Avg = 2.600074E+00 Time/step= 2.584617E+00 ETA (HH:MM:SS) = 2:02:07
 [  7%]  Time step      184 of 3001 @ t_step =      183 Time Avg = 2.600024E+00 Time/step= 2.591070E+00 ETA (HH:MM:SS) = 2:02:04
 [  7%]  Time step      185 of 3001 @ t_step =      184 Time Avg = 2.599981E+00 Time/step= 2.592154E+00 ETA (HH:MM:SS) = 2:02:01
 [  7%]  Time step      186 of 3001 @ t_step =      185 Time Avg = 2.600038E+00 Time/step= 2.610345E+00 ETA (HH:MM:SS) = 2:01:59
 [  7%]  Time step      187 of 3001 @ t_step =      186 Time Avg = 2.600067E+00 Time/step= 2.605552E+00 ETA (HH:MM:SS) = 2:01:56
 [  7%]  Time step      188 of 3001 @ t_step =      187 Time Avg = 2.599934E+00 Time/step= 2.575334E+00 ETA (HH:MM:SS) = 2:01:53
 [  7%]  Time step      189 of 3001 @ t_step =      188 Time Avg = 2.599797E+00 Time/step= 2.574565E+00 ETA (HH:MM:SS) = 2:01:50
 [  7%]  Time step      190 of 3001 @ t_step =      189 Time Avg = 2.599773E+00 Time/step= 2.595183E+00 ETA (HH:MM:SS) = 2:01:47
 [  7%]  Time step      191 of 3001 @ t_step =      190 Time Avg = 2.599805E+00 Time/step= 2.605871E+00 ETA (HH:MM:SS) = 2:01:45
 [  7%]  Time step      192 of 3001 @ t_step =      191 Time Avg = 2.599795E+00 Time/step= 2.597835E+00 ETA (HH:MM:SS) = 2:01:42
 [  7%]  Time step      193 of 3001 @ t_step =      192 Time Avg = 2.599701E+00 Time/step= 2.581963E+00 ETA (HH:MM:SS) = 2:01:39
 [  7%]  Time step      194 of 3001 @ t_step =      193 Time Avg = 2.599652E+00 Time/step= 2.590374E+00 ETA (HH:MM:SS) = 2:01:37
 [  7%]  Time step      195 of 3001 @ t_step =      194 Time Avg = 2.599660E+00 Time/step= 2.601243E+00 ETA (HH:MM:SS) = 2:01:34
 [  7%]  Time step      196 of 3001 @ t_step =      195 Time Avg = 2.599691E+00 Time/step= 2.605567E+00 ETA (HH:MM:SS) = 2:01:32
 [  7%]  Time step      197 of 3001 @ t_step =      196 Time Avg = 2.599592E+00 Time/step= 2.580586E+00 ETA (HH:MM:SS) = 2:01:29
 [  7%]  Time step      198 of 3001 @ t_step =      197 Time Avg = 2.599637E+00 Time/step= 2.608187E+00 ETA (HH:MM:SS) = 2:01:26
 [  7%]  Time step      199 of 3001 @ t_step =      198 Time Avg = 2.599615E+00 Time/step= 2.595391E+00 ETA (HH:MM:SS) = 2:01:24
 [  7%]  Time step      200 of 3001 @ t_step =      199 Time Avg = 2.599555E+00 Time/step= 2.587883E+00 ETA (HH:MM:SS) = 2:01:21
 [  7%]  Time step      201 of 3001 @ t_step =      200 Time Avg = 2.599603E+00 Time/step= 2.609073E+00 ETA (HH:MM:SS) = 2:01:18
 [  7%]  Time step      202 of 3001 @ t_step =      201 Time Avg = 2.599830E+00 Time/step= 2.644650E+00 ETA (HH:MM:SS) = 2:01:16
 [  7%]  Time step      203 of 3001 @ t_step =      202 Time Avg = 2.599763E+00 Time/step= 2.586520E+00 ETA (HH:MM:SS) = 2:01:14
 [  7%]  Time step      204 of 3001 @ t_step =      203 Time Avg = 2.599686E+00 Time/step= 2.584325E+00 ETA (HH:MM:SS) = 2:01:11
 [  7%]  Time step      205 of 3001 @ t_step =      204 Time Avg = 2.599620E+00 Time/step= 2.586358E+00 ETA (HH:MM:SS) = 2:01:08
 [  7%]  Time step      206 of 3001 @ t_step =      205 Time Avg = 2.599815E+00 Time/step= 2.639162E+00 ETA (HH:MM:SS) = 2:01:06
 [  7%]  Time step      207 of 3001 @ t_step =      206 Time Avg = 2.599802E+00 Time/step= 2.597065E+00 ETA (HH:MM:SS) = 2:01:03
 [  7%]  Time step      208 of 3001 @ t_step =      207 Time Avg = 2.599816E+00 Time/step= 2.602743E+00 ETA (HH:MM:SS) = 2:01:01
 [  7%]  Time step      209 of 3001 @ t_step =      208 Time Avg = 2.599913E+00 Time/step= 2.619709E+00 ETA (HH:MM:SS) = 2:00:58
 [  7%]  Time step      210 of 3001 @ t_step =      209 Time Avg = 2.599942E+00 Time/step= 2.605893E+00 ETA (HH:MM:SS) = 2:00:56
 [  7%]  Time step      211 of 3001 @ t_step =      210 Time Avg = 2.599979E+00 Time/step= 2.607743E+00 ETA (HH:MM:SS) = 2:00:53
 [  8%]  Time step      212 of 3001 @ t_step =      211 Time Avg = 2.599935E+00 Time/step= 2.590808E+00 ETA (HH:MM:SS) = 2:00:51
 [  8%]  Time step      213 of 3001 @ t_step =      212 Time Avg = 2.599989E+00 Time/step= 2.611238E+00 ETA (HH:MM:SS) = 2:00:48
 [  8%]  Time step      214 of 3001 @ t_step =      213 Time Avg = 2.599976E+00 Time/step= 2.597299E+00 ETA (HH:MM:SS) = 2:00:46
 [  8%]  Time step      215 of 3001 @ t_step =      214 Time Avg = 2.599901E+00 Time/step= 2.584017E+00 ETA (HH:MM:SS) = 2:00:43
 [  8%]  Time step      216 of 3001 @ t_step =      215 Time Avg = 2.599898E+00 Time/step= 2.599244E+00 ETA (HH:MM:SS) = 2:00:40
 [  8%]  Time step      217 of 3001 @ t_step =      216 Time Avg = 2.600008E+00 Time/step= 2.623474E+00 ETA (HH:MM:SS) = 2:00:38
 [  8%]  Time step      218 of 3001 @ t_step =      217 Time Avg = 2.599954E+00 Time/step= 2.588298E+00 ETA (HH:MM:SS) = 2:00:35
 [  8%]  Time step      219 of 3001 @ t_step =      218 Time Avg = 2.600006E+00 Time/step= 2.611261E+00 ETA (HH:MM:SS) = 2:00:33
 [  8%]  Time step      220 of 3001 @ t_step =      219 Time Avg = 2.599930E+00 Time/step= 2.583517E+00 ETA (HH:MM:SS) = 2:00:30
 [  8%]  Time step      221 of 3001 @ t_step =      220 Time Avg = 2.599956E+00 Time/step= 2.605719E+00 ETA (HH:MM:SS) = 2:00:27
 [  8%]  Time step      222 of 3001 @ t_step =      221 Time Avg = 2.599887E+00 Time/step= 2.584739E+00 ETA (HH:MM:SS) = 2:00:25
 [  8%]  Time step      223 of 3001 @ t_step =      222 Time Avg = 2.600061E+00 Time/step= 2.638140E+00 ETA (HH:MM:SS) = 2:00:22
 [  8%]  Time step      224 of 3001 @ t_step =      223 Time Avg = 2.600006E+00 Time/step= 2.587904E+00 ETA (HH:MM:SS) = 2:00:20
 [  8%]  Time step      225 of 3001 @ t_step =      224 Time Avg = 2.600024E+00 Time/step= 2.603989E+00 ETA (HH:MM:SS) = 2:00:17
 [  8%]  Time step      226 of 3001 @ t_step =      225 Time Avg = 2.600065E+00 Time/step= 2.609159E+00 ETA (HH:MM:SS) = 2:00:15
 [  8%]  Time step      227 of 3001 @ t_step =      226 Time Avg = 2.600089E+00 Time/step= 2.605401E+00 ETA (HH:MM:SS) = 2:00:12
 [  8%]  Time step      228 of 3001 @ t_step =      227 Time Avg = 2.600174E+00 Time/step= 2.619365E+00 ETA (HH:MM:SS) = 2:00:10
 [  8%]  Time step      229 of 3001 @ t_step =      228 Time Avg = 2.600207E+00 Time/step= 2.607533E+00 ETA (HH:MM:SS) = 2:00:07
 [  8%]  Time step      230 of 3001 @ t_step =      229 Time Avg = 2.600237E+00 Time/step= 2.607100E+00 ETA (HH:MM:SS) = 2:00:05
 [  8%]  Time step      231 of 3001 @ t_step =      230 Time Avg = 2.600206E+00 Time/step= 2.593011E+00 ETA (HH:MM:SS) = 2:00:02
 [  8%]  Time step      232 of 3001 @ t_step =      231 Time Avg = 2.600087E+00 Time/step= 2.572968E+00 ETA (HH:MM:SS) = 1:59:59
 [  8%]  Time step      233 of 3001 @ t_step =      232 Time Avg = 2.600040E+00 Time/step= 2.589431E+00 ETA (HH:MM:SS) = 1:59:56
 [  8%]  Time step      234 of 3001 @ t_step =      233 Time Avg = 2.600049E+00 Time/step= 2.602129E+00 ETA (HH:MM:SS) = 1:59:54
 [  8%]  Time step      235 of 3001 @ t_step =      234 Time Avg = 2.600147E+00 Time/step= 2.622657E+00 ETA (HH:MM:SS) = 1:59:52
 [  8%]  Time step      236 of 3001 @ t_step =      235 Time Avg = 2.600134E+00 Time/step= 2.597189E+00 ETA (HH:MM:SS) = 1:59:49
 [  8%]  Time step      237 of 3001 @ t_step =      236 Time Avg = 2.600089E+00 Time/step= 2.589668E+00 ETA (HH:MM:SS) = 1:59:46
 [  8%]  Time step      238 of 3001 @ t_step =      237 Time Avg = 2.600117E+00 Time/step= 2.606486E+00 ETA (HH:MM:SS) = 1:59:44
 [  8%]  Time step      239 of 3001 @ t_step =      238 Time Avg = 2.600043E+00 Time/step= 2.582692E+00 ETA (HH:MM:SS) = 1:59:41
 [  8%]  Time step      240 of 3001 @ t_step =      239 Time Avg = 2.600194E+00 Time/step= 2.635955E+00 ETA (HH:MM:SS) = 1:59:39
 [  8%]  Time step      241 of 3001 @ t_step =      240 Time Avg = 2.600345E+00 Time/step= 2.636105E+00 ETA (HH:MM:SS) = 1:59:36
 [  9%]  Time step      242 of 3001 @ t_step =      241 Time Avg = 2.600290E+00 Time/step= 2.587093E+00 ETA (HH:MM:SS) = 1:59:34
 [  9%]  Time step      243 of 3001 @ t_step =      242 Time Avg = 2.600323E+00 Time/step= 2.608364E+00 ETA (HH:MM:SS) = 1:59:31
 [  9%]  Time step      244 of 3001 @ t_step =      243 Time Avg = 2.600296E+00 Time/step= 2.593675E+00 ETA (HH:MM:SS) = 1:59:29
 [  9%]  Time step      245 of 3001 @ t_step =      244 Time Avg = 2.600349E+00 Time/step= 2.613084E+00 ETA (HH:MM:SS) = 1:59:26
 [  9%]  Time step      246 of 3001 @ t_step =      245 Time Avg = 2.600396E+00 Time/step= 2.611830E+00 ETA (HH:MM:SS) = 1:59:24
 [  9%]  Time step      247 of 3001 @ t_step =      246 Time Avg = 2.600353E+00 Time/step= 2.589878E+00 ETA (HH:MM:SS) = 1:59:21
 [  9%]  Time step      248 of 3001 @ t_step =      247 Time Avg = 2.600246E+00 Time/step= 2.574241E+00 ETA (HH:MM:SS) = 1:59:18
 [  9%]  Time step      249 of 3001 @ t_step =      248 Time Avg = 2.600148E+00 Time/step= 2.576214E+00 ETA (HH:MM:SS) = 1:59:15
 [  9%]  Time step      250 of 3001 @ t_step =      249 Time Avg = 2.600198E+00 Time/step= 2.612285E+00 ETA (HH:MM:SS) = 1:59:13
 [  9%]  Time step      251 of 3001 @ t_step =      250 Time Avg = 2.600166E+00 Time/step= 2.592386E+00 ETA (HH:MM:SS) = 1:59:10
 [  9%]  Time step      252 of 3001 @ t_step =      251 Time Avg = 2.600357E+00 Time/step= 2.647681E+00 ETA (HH:MM:SS) = 1:59:08
 [  9%]  Time step      253 of 3001 @ t_step =      252 Time Avg = 2.600344E+00 Time/step= 2.597180E+00 ETA (HH:MM:SS) = 1:59:05
 [  9%]  Time step      254 of 3001 @ t_step =      253 Time Avg = 2.600312E+00 Time/step= 2.592324E+00 ETA (HH:MM:SS) = 1:59:03
 [  9%]  Time step      255 of 3001 @ t_step =      254 Time Avg = 2.600433E+00 Time/step= 2.630822E+00 ETA (HH:MM:SS) = 1:59:00
 [  9%]  Time step      256 of 3001 @ t_step =      255 Time Avg = 2.600514E+00 Time/step= 2.620963E+00 ETA (HH:MM:SS) = 1:58:58
 [  9%]  Time step      257 of 3001 @ t_step =      256 Time Avg = 2.600474E+00 Time/step= 2.590160E+00 ETA (HH:MM:SS) = 1:58:55
 [  9%]  Time step      258 of 3001 @ t_step =      257 Time Avg = 2.600466E+00 Time/step= 2.598487E+00 ETA (HH:MM:SS) = 1:58:53
 [  9%]  Time step      259 of 3001 @ t_step =      258 Time Avg = 2.600401E+00 Time/step= 2.583817E+00 ETA (HH:MM:SS) = 1:58:50
 [  9%]  Time step      260 of 3001 @ t_step =      259 Time Avg = 2.600540E+00 Time/step= 2.636234E+00 ETA (HH:MM:SS) = 1:58:48
 [  9%]  Time step      261 of 3001 @ t_step =      260 Time Avg = 2.600589E+00 Time/step= 2.613217E+00 ETA (HH:MM:SS) = 1:58:45
 [  9%]  Time step      262 of 3001 @ t_step =      261 Time Avg = 2.600614E+00 Time/step= 2.606976E+00 ETA (HH:MM:SS) = 1:58:43
 [  9%]  Time step      263 of 3001 @ t_step =      262 Time Avg = 2.600637E+00 Time/step= 2.606532E+00 ETA (HH:MM:SS) = 1:58:40
 [  9%]  Time step      264 of 3001 @ t_step =      263 Time Avg = 2.600677E+00 Time/step= 2.611046E+00 ETA (HH:MM:SS) = 1:58:38
 [  9%]  Time step      265 of 3001 @ t_step =      264 Time Avg = 2.600727E+00 Time/step= 2.613970E+00 ETA (HH:MM:SS) = 1:58:35
 [  9%]  Time step      266 of 3001 @ t_step =      265 Time Avg = 2.600712E+00 Time/step= 2.596539E+00 ETA (HH:MM:SS) = 1:58:32
 [  9%]  Time step      267 of 3001 @ t_step =      266 Time Avg = 2.600640E+00 Time/step= 2.581797E+00 ETA (HH:MM:SS) = 1:58:30
 [  9%]  Time step      268 of 3001 @ t_step =      267 Time Avg = 2.600604E+00 Time/step= 2.591173E+00 ETA (HH:MM:SS) = 1:58:27
 [  9%]  Time step      269 of 3001 @ t_step =      268 Time Avg = 2.600609E+00 Time/step= 2.601830E+00 ETA (HH:MM:SS) = 1:58:24
 [  9%]  Time step      270 of 3001 @ t_step =      269 Time Avg = 2.600641E+00 Time/step= 2.609133E+00 ETA (HH:MM:SS) = 1:58:22
 [  9%]  Time step      271 of 3001 @ t_step =      270 Time Avg = 2.600603E+00 Time/step= 2.590413E+00 ETA (HH:MM:SS) = 1:58:19
 [ 10%]  Time step      272 of 3001 @ t_step =      271 Time Avg = 2.600569E+00 Time/step= 2.591515E+00 ETA (HH:MM:SS) = 1:58:16
 [ 10%]  Time step      273 of 3001 @ t_step =      272 Time Avg = 2.600659E+00 Time/step= 2.624816E+00 ETA (HH:MM:SS) = 1:58:14
 [ 10%]  Time step      274 of 3001 @ t_step =      273 Time Avg = 2.600676E+00 Time/step= 2.605402E+00 ETA (HH:MM:SS) = 1:58:12
 [ 10%]  Time step      275 of 3001 @ t_step =      274 Time Avg = 2.600729E+00 Time/step= 2.615025E+00 ETA (HH:MM:SS) = 1:58:09
 [ 10%]  Time step      276 of 3001 @ t_step =      275 Time Avg = 2.600662E+00 Time/step= 2.582604E+00 ETA (HH:MM:SS) = 1:58:06
 [ 10%]  Time step      277 of 3001 @ t_step =      276 Time Avg = 2.600816E+00 Time/step= 2.642759E+00 ETA (HH:MM:SS) = 1:58:04
 [ 10%]  Time step      278 of 3001 @ t_step =      277 Time Avg = 2.600739E+00 Time/step= 2.579686E+00 ETA (HH:MM:SS) = 1:58:01
 [ 10%]  Time step      279 of 3001 @ t_step =      278 Time Avg = 2.600719E+00 Time/step= 2.595265E+00 ETA (HH:MM:SS) = 1:57:59
 [ 10%]  Time step      280 of 3001 @ t_step =      279 Time Avg = 2.600645E+00 Time/step= 2.580250E+00 ETA (HH:MM:SS) = 1:57:56
 [ 10%]  Time step      281 of 3001 @ t_step =      280 Time Avg = 2.600653E+00 Time/step= 2.602618E+00 ETA (HH:MM:SS) = 1:57:53
 [ 10%]  Time step      282 of 3001 @ t_step =      281 Time Avg = 2.600664E+00 Time/step= 2.603859E+00 ETA (HH:MM:SS) = 1:57:51
 [ 10%]  Time step      283 of 3001 @ t_step =      282 Time Avg = 2.600637E+00 Time/step= 2.592960E+00 ETA (HH:MM:SS) = 1:57:48
 [ 10%]  Time step      284 of 3001 @ t_step =      283 Time Avg = 2.600602E+00 Time/step= 2.590786E+00 ETA (HH:MM:SS) = 1:57:45
 [ 10%]  Time step      285 of 3001 @ t_step =      284 Time Avg = 2.600577E+00 Time/step= 2.593766E+00 ETA (HH:MM:SS) = 1:57:43
 [ 10%]  Time step      286 of 3001 @ t_step =      285 Time Avg = 2.600559E+00 Time/step= 2.595394E+00 ETA (HH:MM:SS) = 1:57:40
 [ 10%]  Time step      287 of 3001 @ t_step =      286 Time Avg = 2.600577E+00 Time/step= 2.605686E+00 ETA (HH:MM:SS) = 1:57:37
 [ 10%]  Time step      288 of 3001 @ t_step =      287 Time Avg = 2.600742E+00 Time/step= 2.647569E+00 ETA (HH:MM:SS) = 1:57:35
 [ 10%]  Time step      289 of 3001 @ t_step =      288 Time Avg = 2.600799E+00 Time/step= 2.617026E+00 ETA (HH:MM:SS) = 1:57:33
 [ 10%]  Time step      290 of 3001 @ t_step =      289 Time Avg = 2.600747E+00 Time/step= 2.586024E+00 ETA (HH:MM:SS) = 1:57:30
 [ 10%]  Time step      291 of 3001 @ t_step =      290 Time Avg = 2.600751E+00 Time/step= 2.601875E+00 ETA (HH:MM:SS) = 1:57:28
 [ 10%]  Time step      292 of 3001 @ t_step =      291 Time Avg = 2.600732E+00 Time/step= 2.595262E+00 ETA (HH:MM:SS) = 1:57:25
 [ 10%]  Time step      293 of 3001 @ t_step =      292 Time Avg = 2.600725E+00 Time/step= 2.598567E+00 ETA (HH:MM:SS) = 1:57:22
 [ 10%]  Time step      294 of 3001 @ t_step =      293 Time Avg = 2.600660E+00 Time/step= 2.581826E+00 ETA (HH:MM:SS) = 1:57:19
 [ 10%]  Time step      295 of 3001 @ t_step =      294 Time Avg = 2.600643E+00 Time/step= 2.595779E+00 ETA (HH:MM:SS) = 1:57:17
 [ 10%]  Time step      296 of 3001 @ t_step =      295 Time Avg = 2.600589E+00 Time/step= 2.584915E+00 ETA (HH:MM:SS) = 1:57:14
 [ 10%]  Time step      297 of 3001 @ t_step =      296 Time Avg = 2.600611E+00 Time/step= 2.607032E+00 ETA (HH:MM:SS) = 1:57:12
 [ 10%]  Time step      298 of 3001 @ t_step =      297 Time Avg = 2.600578E+00 Time/step= 2.590733E+00 ETA (HH:MM:SS) = 1:57:09
 [ 10%]  Time step      299 of 3001 @ t_step =      298 Time Avg = 2.600506E+00 Time/step= 2.579434E+00 ETA (HH:MM:SS) = 1:57:06
 [ 10%]  Time step      300 of 3001 @ t_step =      299 Time Avg = 2.600482E+00 Time/step= 2.593184E+00 ETA (HH:MM:SS) = 1:57:03
 [ 10%]  Time step      301 of 3001 @ t_step =      300 Time Avg = 2.600521E+00 Time/step= 2.612135E+00 ETA (HH:MM:SS) = 1:57:01
 [ 11%]  Time step      302 of 3001 @ t_step =      301 Time Avg = 2.600726E+00 Time/step= 2.661927E+00 ETA (HH:MM:SS) = 1:56:59
 [ 11%]  Time step      303 of 3001 @ t_step =      302 Time Avg = 2.600675E+00 Time/step= 2.585269E+00 ETA (HH:MM:SS) = 1:56:56
 [ 11%]  Time step      304 of 3001 @ t_step =      303 Time Avg = 2.600693E+00 Time/step= 2.606050E+00 ETA (HH:MM:SS) = 1:56:54
 [ 11%]  Time step      305 of 3001 @ t_step =      304 Time Avg = 2.600711E+00 Time/step= 2.606108E+00 ETA (HH:MM:SS) = 1:56:51
 [ 11%]  Time step      306 of 3001 @ t_step =      305 Time Avg = 2.600612E+00 Time/step= 2.570988E+00 ETA (HH:MM:SS) = 1:56:48
 [ 11%]  Time step      307 of 3001 @ t_step =      306 Time Avg = 2.600696E+00 Time/step= 2.625999E+00 ETA (HH:MM:SS) = 1:56:46
 [ 11%]  Time step      308 of 3001 @ t_step =      307 Time Avg = 2.600763E+00 Time/step= 2.621180E+00 ETA (HH:MM:SS) = 1:56:43
 [ 11%]  Time step      309 of 3001 @ t_step =      308 Time Avg = 2.600735E+00 Time/step= 2.592281E+00 ETA (HH:MM:SS) = 1:56:41
 [ 11%]  Time step      310 of 3001 @ t_step =      309 Time Avg = 2.600733E+00 Time/step= 2.600147E+00 ETA (HH:MM:SS) = 1:56:38
 [ 11%]  Time step      311 of 3001 @ t_step =      310 Time Avg = 2.600707E+00 Time/step= 2.592513E+00 ETA (HH:MM:SS) = 1:56:35
 [ 11%]  Time step      312 of 3001 @ t_step =      311 Time Avg = 2.600732E+00 Time/step= 2.608466E+00 ETA (HH:MM:SS) = 1:56:33
 [ 11%]  Time step      313 of 3001 @ t_step =      312 Time Avg = 2.600789E+00 Time/step= 2.618532E+00 ETA (HH:MM:SS) = 1:56:30
 [ 11%]  Time step      314 of 3001 @ t_step =      313 Time Avg = 2.600802E+00 Time/step= 2.604809E+00 ETA (HH:MM:SS) = 1:56:28
 [ 11%]  Time step      315 of 3001 @ t_step =      314 Time Avg = 2.600821E+00 Time/step= 2.606801E+00 ETA (HH:MM:SS) = 1:56:25
 [ 11%]  Time step      316 of 3001 @ t_step =      315 Time Avg = 2.600809E+00 Time/step= 2.596884E+00 ETA (HH:MM:SS) = 1:56:23
 [ 11%]  Time step      317 of 3001 @ t_step =      316 Time Avg = 2.600777E+00 Time/step= 2.590818E+00 ETA (HH:MM:SS) = 1:56:20
 [ 11%]  Time step      318 of 3001 @ t_step =      317 Time Avg = 2.600793E+00 Time/step= 2.605740E+00 ETA (HH:MM:SS) = 1:56:17
 [ 11%]  Time step      319 of 3001 @ t_step =      318 Time Avg = 2.600810E+00 Time/step= 2.606111E+00 ETA (HH:MM:SS) = 1:56:15
 [ 11%]  Time step      320 of 3001 @ t_step =      319 Time Avg = 2.600748E+00 Time/step= 2.581283E+00 ETA (HH:MM:SS) = 1:56:12
 [ 11%]  Time step      321 of 3001 @ t_step =      320 Time Avg = 2.600666E+00 Time/step= 2.574524E+00 ETA (HH:MM:SS) = 1:56:09
 [ 11%]  Time step      322 of 3001 @ t_step =      321 Time Avg = 2.600652E+00 Time/step= 2.596359E+00 ETA (HH:MM:SS) = 1:56:07
 [ 11%]  Time step      323 of 3001 @ t_step =      322 Time Avg = 2.600588E+00 Time/step= 2.580063E+00 ETA (HH:MM:SS) = 1:56:04
 [ 11%]  Time step      324 of 3001 @ t_step =      323 Time Avg = 2.600625E+00 Time/step= 2.612493E+00 ETA (HH:MM:SS) = 1:56:01
 [ 11%]  Time step      325 of 3001 @ t_step =      324 Time Avg = 2.600706E+00 Time/step= 2.626759E+00 ETA (HH:MM:SS) = 1:55:59
 [ 11%]  Time step      326 of 3001 @ t_step =      325 Time Avg = 2.600726E+00 Time/step= 2.607037E+00 ETA (HH:MM:SS) = 1:55:56
 [ 11%]  Time step      327 of 3001 @ t_step =      326 Time Avg = 2.600788E+00 Time/step= 2.620795E+00 ETA (HH:MM:SS) = 1:55:54
 [ 11%]  Time step      328 of 3001 @ t_step =      327 Time Avg = 2.600808E+00 Time/step= 2.607434E+00 ETA (HH:MM:SS) = 1:55:51
 [ 11%]  Time step      329 of 3001 @ t_step =      328 Time Avg = 2.600931E+00 Time/step= 2.641025E+00 ETA (HH:MM:SS) = 1:55:49
 [ 11%]  Time step      330 of 3001 @ t_step =      329 Time Avg = 2.600918E+00 Time/step= 2.596551E+00 ETA (HH:MM:SS) = 1:55:47
 [ 11%]  Time step      331 of 3001 @ t_step =      330 Time Avg = 2.600952E+00 Time/step= 2.612003E+00 ETA (HH:MM:SS) = 1:55:44
 [ 12%]  Time step      332 of 3001 @ t_step =      331 Time Avg = 2.600923E+00 Time/step= 2.591449E+00 ETA (HH:MM:SS) = 1:55:41
 [ 12%]  Time step      333 of 3001 @ t_step =      332 Time Avg = 2.600898E+00 Time/step= 2.592617E+00 ETA (HH:MM:SS) = 1:55:39
 [ 12%]  Time step      334 of 3001 @ t_step =      333 Time Avg = 2.600914E+00 Time/step= 2.606293E+00 ETA (HH:MM:SS) = 1:55:36
 [ 12%]  Time step      335 of 3001 @ t_step =      334 Time Avg = 2.600852E+00 Time/step= 2.580465E+00 ETA (HH:MM:SS) = 1:55:33
 [ 12%]  Time step      336 of 3001 @ t_step =      335 Time Avg = 2.600828E+00 Time/step= 2.592831E+00 ETA (HH:MM:SS) = 1:55:31
 [ 12%]  Time step      337 of 3001 @ t_step =      336 Time Avg = 2.600799E+00 Time/step= 2.591106E+00 ETA (HH:MM:SS) = 1:55:28
 [ 12%]  Time step      338 of 3001 @ t_step =      337 Time Avg = 2.600886E+00 Time/step= 2.629904E+00 ETA (HH:MM:SS) = 1:55:26
 [ 12%]  Time step      339 of 3001 @ t_step =      338 Time Avg = 2.600875E+00 Time/step= 2.597196E+00 ETA (HH:MM:SS) = 1:55:23
 [ 12%]  Time step      340 of 3001 @ t_step =      339 Time Avg = 2.600867E+00 Time/step= 2.598053E+00 ETA (HH:MM:SS) = 1:55:20
 [ 12%]  Time step      341 of 3001 @ t_step =      340 Time Avg = 2.600793E+00 Time/step= 2.575867E+00 ETA (HH:MM:SS) = 1:55:18
 [ 12%]  Time step      342 of 3001 @ t_step =      341 Time Avg = 2.600827E+00 Time/step= 2.612376E+00 ETA (HH:MM:SS) = 1:55:15
 [ 12%]  Time step      343 of 3001 @ t_step =      342 Time Avg = 2.600832E+00 Time/step= 2.602549E+00 ETA (HH:MM:SS) = 1:55:13
 [ 12%]  Time step      344 of 3001 @ t_step =      343 Time Avg = 2.600893E+00 Time/step= 2.621472E+00 ETA (HH:MM:SS) = 1:55:10
 [ 12%]  Time step      345 of 3001 @ t_step =      344 Time Avg = 2.600892E+00 Time/step= 2.600728E+00 ETA (HH:MM:SS) = 1:55:07
 [ 12%]  Time step      346 of 3001 @ t_step =      345 Time Avg = 2.600943E+00 Time/step= 2.618331E+00 ETA (HH:MM:SS) = 1:55:05
 [ 12%]  Time step      347 of 3001 @ t_step =      346 Time Avg = 2.600835E+00 Time/step= 2.563757E+00 ETA (HH:MM:SS) = 1:55:02
 [ 12%]  Time step      348 of 3001 @ t_step =      347 Time Avg = 2.600882E+00 Time/step= 2.617180E+00 ETA (HH:MM:SS) = 1:55:00
 [ 12%]  Time step      349 of 3001 @ t_step =      348 Time Avg = 2.600990E+00 Time/step= 2.638190E+00 ETA (HH:MM:SS) = 1:54:57
 [ 12%]  Time step      350 of 3001 @ t_step =      349 Time Avg = 2.600949E+00 Time/step= 2.586919E+00 ETA (HH:MM:SS) = 1:54:55
 [ 12%]  Time step      351 of 3001 @ t_step =      350 Time Avg = 2.600966E+00 Time/step= 2.606577E+00 ETA (HH:MM:SS) = 1:54:52
 [ 12%]  Time step      352 of 3001 @ t_step =      351 Time Avg = 2.600972E+00 Time/step= 2.603246E+00 ETA (HH:MM:SS) = 1:54:49
 [ 12%]  Time step      353 of 3001 @ t_step =      352 Time Avg = 2.600927E+00 Time/step= 2.585227E+00 ETA (HH:MM:SS) = 1:54:47
 [ 12%]  Time step      354 of 3001 @ t_step =      353 Time Avg = 2.600857E+00 Time/step= 2.576259E+00 ETA (HH:MM:SS) = 1:54:44
 [ 12%]  Time step      355 of 3001 @ t_step =      354 Time Avg = 2.600798E+00 Time/step= 2.579980E+00 ETA (HH:MM:SS) = 1:54:41
 [ 12%]  Time step      356 of 3001 @ t_step =      355 Time Avg = 2.600802E+00 Time/step= 2.602499E+00 ETA (HH:MM:SS) = 1:54:39
 [ 12%]  Time step      357 of 3001 @ t_step =      356 Time Avg = 2.600806E+00 Time/step= 2.602230E+00 ETA (HH:MM:SS) = 1:54:36
 [ 12%]  Time step      358 of 3001 @ t_step =      357 Time Avg = 2.600795E+00 Time/step= 2.596913E+00 ETA (HH:MM:SS) = 1:54:33
 [ 12%]  Time step      359 of 3001 @ t_step =      358 Time Avg = 2.600818E+00 Time/step= 2.608682E+00 ETA (HH:MM:SS) = 1:54:31
 [ 12%]  Time step      360 of 3001 @ t_step =      359 Time Avg = 2.600845E+00 Time/step= 2.610417E+00 ETA (HH:MM:SS) = 1:54:28
 [ 12%]  Time step      361 of 3001 @ t_step =      360 Time Avg = 2.600827E+00 Time/step= 2.594630E+00 ETA (HH:MM:SS) = 1:54:26
 [ 13%]  Time step      362 of 3001 @ t_step =      361 Time Avg = 2.600805E+00 Time/step= 2.592853E+00 ETA (HH:MM:SS) = 1:54:23
 [ 13%]  Time step      363 of 3001 @ t_step =      362 Time Avg = 2.600797E+00 Time/step= 2.597882E+00 ETA (HH:MM:SS) = 1:54:20
 [ 13%]  Time step      364 of 3001 @ t_step =      363 Time Avg = 2.600773E+00 Time/step= 2.592315E+00 ETA (HH:MM:SS) = 1:54:18
 [ 13%]  Time step      365 of 3001 @ t_step =      364 Time Avg = 2.600796E+00 Time/step= 2.609138E+00 ETA (HH:MM:SS) = 1:54:15
 [ 13%]  Time step      366 of 3001 @ t_step =      365 Time Avg = 2.600765E+00 Time/step= 2.589323E+00 ETA (HH:MM:SS) = 1:54:13
 [ 13%]  Time step      367 of 3001 @ t_step =      366 Time Avg = 2.600783E+00 Time/step= 2.607337E+00 ETA (HH:MM:SS) = 1:54:10
 [ 13%]  Time step      368 of 3001 @ t_step =      367 Time Avg = 2.600743E+00 Time/step= 2.586329E+00 ETA (HH:MM:SS) = 1:54:07
 [ 13%]  Time step      369 of 3001 @ t_step =      368 Time Avg = 2.600719E+00 Time/step= 2.591708E+00 ETA (HH:MM:SS) = 1:54:05
 [ 13%]  Time step      370 of 3001 @ t_step =      369 Time Avg = 2.600666E+00 Time/step= 2.581433E+00 ETA (HH:MM:SS) = 1:54:02
 [ 13%]  Time step      371 of 3001 @ t_step =      370 Time Avg = 2.600689E+00 Time/step= 2.608938E+00 ETA (HH:MM:SS) = 1:53:59
 [ 13%]  Time step      372 of 3001 @ t_step =      371 Time Avg = 2.600700E+00 Time/step= 2.604875E+00 ETA (HH:MM:SS) = 1:53:57
 [ 13%]  Time step      373 of 3001 @ t_step =      372 Time Avg = 2.600779E+00 Time/step= 2.629904E+00 ETA (HH:MM:SS) = 1:53:54
 [ 13%]  Time step      374 of 3001 @ t_step =      373 Time Avg = 2.600804E+00 Time/step= 2.610225E+00 ETA (HH:MM:SS) = 1:53:52
 [ 13%]  Time step      375 of 3001 @ t_step =      374 Time Avg = 2.600747E+00 Time/step= 2.579656E+00 ETA (HH:MM:SS) = 1:53:49
 [ 13%]  Time step      376 of 3001 @ t_step =      375 Time Avg = 2.600693E+00 Time/step= 2.580444E+00 ETA (HH:MM:SS) = 1:53:46
 [ 13%]  Time step      377 of 3001 @ t_step =      376 Time Avg = 2.600667E+00 Time/step= 2.590961E+00 ETA (HH:MM:SS) = 1:53:44
 [ 13%]  Time step      378 of 3001 @ t_step =      377 Time Avg = 2.600644E+00 Time/step= 2.592189E+00 ETA (HH:MM:SS) = 1:53:41
 [ 13%]  Time step      379 of 3001 @ t_step =      378 Time Avg = 2.600616E+00 Time/step= 2.590162E+00 ETA (HH:MM:SS) = 1:53:38
 [ 13%]  Time step      380 of 3001 @ t_step =      379 Time Avg = 2.600653E+00 Time/step= 2.614425E+00 ETA (HH:MM:SS) = 1:53:36
 [ 13%]  Time step      381 of 3001 @ t_step =      380 Time Avg = 2.600581E+00 Time/step= 2.573307E+00 ETA (HH:MM:SS) = 1:53:33
 [ 13%]  Time step      382 of 3001 @ t_step =      381 Time Avg = 2.600603E+00 Time/step= 2.609174E+00 ETA (HH:MM:SS) = 1:53:30
 [ 13%]  Time step      383 of 3001 @ t_step =      382 Time Avg = 2.600650E+00 Time/step= 2.618124E+00 ETA (HH:MM:SS) = 1:53:28
 [ 13%]  Time step      384 of 3001 @ t_step =      383 Time Avg = 2.600635E+00 Time/step= 2.595146E+00 ETA (HH:MM:SS) = 1:53:25
 [ 13%]  Time step      385 of 3001 @ t_step =      384 Time Avg = 2.600661E+00 Time/step= 2.610465E+00 ETA (HH:MM:SS) = 1:53:23
 [ 13%]  Time step      386 of 3001 @ t_step =      385 Time Avg = 2.600714E+00 Time/step= 2.620927E+00 ETA (HH:MM:SS) = 1:53:20
 [ 13%]  Time step      387 of 3001 @ t_step =      386 Time Avg = 2.600728E+00 Time/step= 2.606132E+00 ETA (HH:MM:SS) = 1:53:18
 [ 13%]  Time step      388 of 3001 @ t_step =      387 Time Avg = 2.600796E+00 Time/step= 2.626818E+00 ETA (HH:MM:SS) = 1:53:15
 [ 13%]  Time step      389 of 3001 @ t_step =      388 Time Avg = 2.600771E+00 Time/step= 2.591381E+00 ETA (HH:MM:SS) = 1:53:13
 [ 13%]  Time step      390 of 3001 @ t_step =      389 Time Avg = 2.600766E+00 Time/step= 2.598922E+00 ETA (HH:MM:SS) = 1:53:10
 [ 13%]  Time step      391 of 3001 @ t_step =      390 Time Avg = 2.600757E+00 Time/step= 2.597282E+00 ETA (HH:MM:SS) = 1:53:07
 [ 14%]  Time step      392 of 3001 @ t_step =      391 Time Avg = 2.600707E+00 Time/step= 2.581118E+00 ETA (HH:MM:SS) = 1:53:05
 [ 14%]  Time step      393 of 3001 @ t_step =      392 Time Avg = 2.600682E+00 Time/step= 2.590794E+00 ETA (HH:MM:SS) = 1:53:02
 [ 14%]  Time step      394 of 3001 @ t_step =      393 Time Avg = 2.600660E+00 Time/step= 2.592196E+00 ETA (HH:MM:SS) = 1:52:59
 [ 14%]  Time step      395 of 3001 @ t_step =      394 Time Avg = 2.600599E+00 Time/step= 2.576724E+00 ETA (HH:MM:SS) = 1:52:57
 [ 14%]  Time step      396 of 3001 @ t_step =      395 Time Avg = 2.600556E+00 Time/step= 2.583768E+00 ETA (HH:MM:SS) = 1:52:54
 [ 14%]  Time step      397 of 3001 @ t_step =      396 Time Avg = 2.600537E+00 Time/step= 2.593144E+00 ETA (HH:MM:SS) = 1:52:51
 [ 14%]  Time step      398 of 3001 @ t_step =      397 Time Avg = 2.600500E+00 Time/step= 2.585916E+00 ETA (HH:MM:SS) = 1:52:49
 [ 14%]  Time step      399 of 3001 @ t_step =      398 Time Avg = 2.600453E+00 Time/step= 2.582017E+00 ETA (HH:MM:SS) = 1:52:46
 [ 14%]  Time step      400 of 3001 @ t_step =      399 Time Avg = 2.600456E+00 Time/step= 2.601623E+00 ETA (HH:MM:SS) = 1:52:43
 [ 14%]  Time step      401 of 3001 @ t_step =      400 Time Avg = 2.600487E+00 Time/step= 2.612707E+00 ETA (HH:MM:SS) = 1:52:41
 [ 14%]  Time step      402 of 3001 @ t_step =      401 Time Avg = 2.600561E+00 Time/step= 2.630120E+00 ETA (HH:MM:SS) = 1:52:38
 [ 14%]  Time step      403 of 3001 @ t_step =      402 Time Avg = 2.600489E+00 Time/step= 2.571733E+00 ETA (HH:MM:SS) = 1:52:36
 [ 14%]  Time step      404 of 3001 @ t_step =      403 Time Avg = 2.600492E+00 Time/step= 2.601607E+00 ETA (HH:MM:SS) = 1:52:33
 [ 14%]  Time step      405 of 3001 @ t_step =      404 Time Avg = 2.600502E+00 Time/step= 2.604337E+00 ETA (HH:MM:SS) = 1:52:30
 [ 14%]  Time step      406 of 3001 @ t_step =      405 Time Avg = 2.600510E+00 Time/step= 2.603958E+00 ETA (HH:MM:SS) = 1:52:28
 [ 14%]  Time step      407 of 3001 @ t_step =      406 Time Avg = 2.600534E+00 Time/step= 2.610194E+00 ETA (HH:MM:SS) = 1:52:25
 [ 14%]  Time step      408 of 3001 @ t_step =      407 Time Avg = 2.600542E+00 Time/step= 2.603731E+00 ETA (HH:MM:SS) = 1:52:23
 [ 14%]  Time step      409 of 3001 @ t_step =      408 Time Avg = 2.600493E+00 Time/step= 2.580444E+00 ETA (HH:MM:SS) = 1:52:20
 [ 14%]  Time step      410 of 3001 @ t_step =      409 Time Avg = 2.600439E+00 Time/step= 2.578665E+00 ETA (HH:MM:SS) = 1:52:17
 [ 14%]  Time step      411 of 3001 @ t_step =      410 Time Avg = 2.600484E+00 Time/step= 2.618888E+00 ETA (HH:MM:SS) = 1:52:15
 [ 14%]  Time step      412 of 3001 @ t_step =      411 Time Avg = 2.600467E+00 Time/step= 2.593322E+00 ETA (HH:MM:SS) = 1:52:12
 [ 14%]  Time step      413 of 3001 @ t_step =      412 Time Avg = 2.600400E+00 Time/step= 2.572894E+00 ETA (HH:MM:SS) = 1:52:09
 [ 14%]  Time step      414 of 3001 @ t_step =      413 Time Avg = 2.600369E+00 Time/step= 2.587716E+00 ETA (HH:MM:SS) = 1:52:07
 [ 14%]  Time step      415 of 3001 @ t_step =      414 Time Avg = 2.600410E+00 Time/step= 2.617198E+00 ETA (HH:MM:SS) = 1:52:04
 [ 14%]  Time step      416 of 3001 @ t_step =      415 Time Avg = 2.600441E+00 Time/step= 2.613433E+00 ETA (HH:MM:SS) = 1:52:02
 [ 14%]  Time step      417 of 3001 @ t_step =      416 Time Avg = 2.600466E+00 Time/step= 2.610951E+00 ETA (HH:MM:SS) = 1:51:59
 [ 14%]  Time step      418 of 3001 @ t_step =      417 Time Avg = 2.600463E+00 Time/step= 2.598842E+00 ETA (HH:MM:SS) = 1:51:56
 [ 14%]  Time step      419 of 3001 @ t_step =      418 Time Avg = 2.600456E+00 Time/step= 2.597839E+00 ETA (HH:MM:SS) = 1:51:54
 [ 14%]  Time step      420 of 3001 @ t_step =      419 Time Avg = 2.600514E+00 Time/step= 2.624389E+00 ETA (HH:MM:SS) = 1:51:51
 [ 14%]  Time step      421 of 3001 @ t_step =      420 Time Avg = 2.600456E+00 Time/step= 2.576465E+00 ETA (HH:MM:SS) = 1:51:49
 [ 15%]  Time step      422 of 3001 @ t_step =      421 Time Avg = 2.600437E+00 Time/step= 2.592549E+00 ETA (HH:MM:SS) = 1:51:46
 [ 15%]  Time step      423 of 3001 @ t_step =      422 Time Avg = 2.600412E+00 Time/step= 2.589712E+00 ETA (HH:MM:SS) = 1:51:43
 [ 15%]  Time step      424 of 3001 @ t_step =      423 Time Avg = 2.600381E+00 Time/step= 2.587481E+00 ETA (HH:MM:SS) = 1:51:41
 [ 15%]  Time step      425 of 3001 @ t_step =      424 Time Avg = 2.600369E+00 Time/step= 2.595269E+00 ETA (HH:MM:SS) = 1:51:38
 [ 15%]  Time step      426 of 3001 @ t_step =      425 Time Avg = 2.600450E+00 Time/step= 2.634620E+00 ETA (HH:MM:SS) = 1:51:36
 [ 15%]  Time step      427 of 3001 @ t_step =      426 Time Avg = 2.600436E+00 Time/step= 2.594572E+00 ETA (HH:MM:SS) = 1:51:33
 [ 15%]  Time step      428 of 3001 @ t_step =      427 Time Avg = 2.600369E+00 Time/step= 2.571795E+00 ETA (HH:MM:SS) = 1:51:30
 [ 15%]  Time step      429 of 3001 @ t_step =      428 Time Avg = 2.600339E+00 Time/step= 2.587744E+00 ETA (HH:MM:SS) = 1:51:28
 [ 15%]  Time step      430 of 3001 @ t_step =      429 Time Avg = 2.600300E+00 Time/step= 2.583660E+00 ETA (HH:MM:SS) = 1:51:25
 [ 15%]  Time step      431 of 3001 @ t_step =      430 Time Avg = 2.600308E+00 Time/step= 2.603813E+00 ETA (HH:MM:SS) = 1:51:22
 [ 15%]  Time step      432 of 3001 @ t_step =      431 Time Avg = 2.600367E+00 Time/step= 2.625392E+00 ETA (HH:MM:SS) = 1:51:20
 [ 15%]  Time step      433 of 3001 @ t_step =      432 Time Avg = 2.600338E+00 Time/step= 2.588070E+00 ETA (HH:MM:SS) = 1:51:17
 [ 15%]  Time step      434 of 3001 @ t_step =      433 Time Avg = 2.600341E+00 Time/step= 2.601868E+00 ETA (HH:MM:SS) = 1:51:15
 [ 15%]  Time step      435 of 3001 @ t_step =      434 Time Avg = 2.600345E+00 Time/step= 2.601759E+00 ETA (HH:MM:SS) = 1:51:12
 [ 15%]  Time step      436 of 3001 @ t_step =      435 Time Avg = 2.600346E+00 Time/step= 2.600732E+00 ETA (HH:MM:SS) = 1:51:09
 [ 15%]  Time step      437 of 3001 @ t_step =      436 Time Avg = 2.600383E+00 Time/step= 2.616541E+00 ETA (HH:MM:SS) = 1:51:07
 [ 15%]  Time step      438 of 3001 @ t_step =      437 Time Avg = 2.600398E+00 Time/step= 2.606938E+00 ETA (HH:MM:SS) = 1:51:04
 [ 15%]  Time step      439 of 3001 @ t_step =      438 Time Avg = 2.600373E+00 Time/step= 2.589602E+00 ETA (HH:MM:SS) = 1:51:02
 [ 15%]  Time step      440 of 3001 @ t_step =      439 Time Avg = 2.600343E+00 Time/step= 2.587331E+00 ETA (HH:MM:SS) = 1:50:59
 [ 15%]  Time step      441 of 3001 @ t_step =      440 Time Avg = 2.600340E+00 Time/step= 2.598898E+00 ETA (HH:MM:SS) = 1:50:56
 [ 15%]  Time step      442 of 3001 @ t_step =      441 Time Avg = 2.600403E+00 Time/step= 2.627750E+00 ETA (HH:MM:SS) = 1:50:54
 [ 15%]  Time step      443 of 3001 @ t_step =      442 Time Avg = 2.600400E+00 Time/step= 2.599135E+00 ETA (HH:MM:SS) = 1:50:51
 [ 15%]  Time step      444 of 3001 @ t_step =      443 Time Avg = 2.600398E+00 Time/step= 2.599472E+00 ETA (HH:MM:SS) = 1:50:49
 [ 15%]  Time step      445 of 3001 @ t_step =      444 Time Avg = 2.600354E+00 Time/step= 2.581012E+00 ETA (HH:MM:SS) = 1:50:46
 [ 15%]  Time step      446 of 3001 @ t_step =      445 Time Avg = 2.600415E+00 Time/step= 2.627651E+00 ETA (HH:MM:SS) = 1:50:44
 [ 15%]  Time step      447 of 3001 @ t_step =      446 Time Avg = 2.600421E+00 Time/step= 2.603134E+00 ETA (HH:MM:SS) = 1:50:41
 [ 15%]  Time step      448 of 3001 @ t_step =      447 Time Avg = 2.600450E+00 Time/step= 2.613011E+00 ETA (HH:MM:SS) = 1:50:38
 [ 15%]  Time step      449 of 3001 @ t_step =      448 Time Avg = 2.600401E+00 Time/step= 2.578656E+00 ETA (HH:MM:SS) = 1:50:36
 [ 15%]  Time step      450 of 3001 @ t_step =      449 Time Avg = 2.600405E+00 Time/step= 2.602415E+00 ETA (HH:MM:SS) = 1:50:33
 [ 15%]  Time step      451 of 3001 @ t_step =      450 Time Avg = 2.600411E+00 Time/step= 2.602771E+00 ETA (HH:MM:SS) = 1:50:31
 [ 16%]  Time step      452 of 3001 @ t_step =      451 Time Avg = 2.600561E+00 Time/step= 2.668113E+00 ETA (HH:MM:SS) = 1:50:28
 [ 16%]  Time step      453 of 3001 @ t_step =      452 Time Avg = 2.600528E+00 Time/step= 2.585351E+00 ETA (HH:MM:SS) = 1:50:26
 [ 16%]  Time step      454 of 3001 @ t_step =      453 Time Avg = 2.600526E+00 Time/step= 2.599996E+00 ETA (HH:MM:SS) = 1:50:23
 [ 16%]  Time step      455 of 3001 @ t_step =      454 Time Avg = 2.600550E+00 Time/step= 2.611215E+00 ETA (HH:MM:SS) = 1:50:21
 [ 16%]  Time step      456 of 3001 @ t_step =      455 Time Avg = 2.600562E+00 Time/step= 2.606033E+00 ETA (HH:MM:SS) = 1:50:18
 [ 16%]  Time step      457 of 3001 @ t_step =      456 Time Avg = 2.600556E+00 Time/step= 2.597773E+00 ETA (HH:MM:SS) = 1:50:15
 [ 16%]  Time step      458 of 3001 @ t_step =      457 Time Avg = 2.600565E+00 Time/step= 2.604640E+00 ETA (HH:MM:SS) = 1:50:13
 [ 16%]  Time step      459 of 3001 @ t_step =      458 Time Avg = 2.600542E+00 Time/step= 2.589858E+00 ETA (HH:MM:SS) = 1:50:10
 [ 16%]  Time step      460 of 3001 @ t_step =      459 Time Avg = 2.600520E+00 Time/step= 2.590509E+00 ETA (HH:MM:SS) = 1:50:07
 [ 16%]  Time step      461 of 3001 @ t_step =      460 Time Avg = 2.600475E+00 Time/step= 2.580038E+00 ETA (HH:MM:SS) = 1:50:05
 [ 16%]  Time step      462 of 3001 @ t_step =      461 Time Avg = 2.600444E+00 Time/step= 2.586094E+00 ETA (HH:MM:SS) = 1:50:02
 [ 16%]  Time step      463 of 3001 @ t_step =      462 Time Avg = 2.600474E+00 Time/step= 2.614337E+00 ETA (HH:MM:SS) = 1:50:00
 [ 16%]  Time step      464 of 3001 @ t_step =      463 Time Avg = 2.600471E+00 Time/step= 2.599313E+00 ETA (HH:MM:SS) = 1:49:57
 [ 16%]  Time step      465 of 3001 @ t_step =      464 Time Avg = 2.600485E+00 Time/step= 2.606636E+00 ETA (HH:MM:SS) = 1:49:54
 [ 16%]  Time step      466 of 3001 @ t_step =      465 Time Avg = 2.600543E+00 Time/step= 2.627471E+00 ETA (HH:MM:SS) = 1:49:52
 [ 16%]  Time step      467 of 3001 @ t_step =      466 Time Avg = 2.600560E+00 Time/step= 2.608338E+00 ETA (HH:MM:SS) = 1:49:49
 [ 16%]  Time step      468 of 3001 @ t_step =      467 Time Avg = 2.600531E+00 Time/step= 2.587411E+00 ETA (HH:MM:SS) = 1:49:47
 [ 16%]  Time step      469 of 3001 @ t_step =      468 Time Avg = 2.600569E+00 Time/step= 2.617847E+00 ETA (HH:MM:SS) = 1:49:44
 [ 16%]  Time step      470 of 3001 @ t_step =      469 Time Avg = 2.600580E+00 Time/step= 2.605966E+00 ETA (HH:MM:SS) = 1:49:42
 [ 16%]  Time step      471 of 3001 @ t_step =      470 Time Avg = 2.600593E+00 Time/step= 2.606620E+00 ETA (HH:MM:SS) = 1:49:39
 [ 16%]  Time step      472 of 3001 @ t_step =      471 Time Avg = 2.600588E+00 Time/step= 2.598434E+00 ETA (HH:MM:SS) = 1:49:36
 [ 16%]  Time step      473 of 3001 @ t_step =      472 Time Avg = 2.600606E+00 Time/step= 2.608850E+00 ETA (HH:MM:SS) = 1:49:34
 [ 16%]  Time step      474 of 3001 @ t_step =      473 Time Avg = 2.600606E+00 Time/step= 2.600407E+00 ETA (HH:MM:SS) = 1:49:31
 [ 16%]  Time step      475 of 3001 @ t_step =      474 Time Avg = 2.600649E+00 Time/step= 2.620976E+00 ETA (HH:MM:SS) = 1:49:29
 [ 16%]  Time step      476 of 3001 @ t_step =      475 Time Avg = 2.600615E+00 Time/step= 2.584586E+00 ETA (HH:MM:SS) = 1:49:26
 [ 16%]  Time step      477 of 3001 @ t_step =      476 Time Avg = 2.600683E+00 Time/step= 2.633086E+00 ETA (HH:MM:SS) = 1:49:24
 [ 16%]  Time step      478 of 3001 @ t_step =      477 Time Avg = 2.600680E+00 Time/step= 2.599296E+00 ETA (HH:MM:SS) = 1:49:21
 [ 16%]  Time step      479 of 3001 @ t_step =      478 Time Avg = 2.600676E+00 Time/step= 2.598648E+00 ETA (HH:MM:SS) = 1:49:18
 [ 16%]  Time step      480 of 3001 @ t_step =      479 Time Avg = 2.600674E+00 Time/step= 2.599565E+00 ETA (HH:MM:SS) = 1:49:16
 [ 16%]  Time step      481 of 3001 @ t_step =      480 Time Avg = 2.600656E+00 Time/step= 2.592221E+00 ETA (HH:MM:SS) = 1:49:13
 [ 17%]  Time step      482 of 3001 @ t_step =      481 Time Avg = 2.600627E+00 Time/step= 2.586741E+00 ETA (HH:MM:SS) = 1:49:10
 [ 17%]  Time step      483 of 3001 @ t_step =      482 Time Avg = 2.600630E+00 Time/step= 2.601950E+00 ETA (HH:MM:SS) = 1:49:08
 [ 17%]  Time step      484 of 3001 @ t_step =      483 Time Avg = 2.600596E+00 Time/step= 2.584214E+00 ETA (HH:MM:SS) = 1:49:05
 [ 17%]  Time step      485 of 3001 @ t_step =      484 Time Avg = 2.600591E+00 Time/step= 2.598487E+00 ETA (HH:MM:SS) = 1:49:03
 [ 17%]  Time step      486 of 3001 @ t_step =      485 Time Avg = 2.600618E+00 Time/step= 2.613584E+00 ETA (HH:MM:SS) = 1:49:00
 [ 17%]  Time step      487 of 3001 @ t_step =      486 Time Avg = 2.600657E+00 Time/step= 2.619209E+00 ETA (HH:MM:SS) = 1:48:58
 [ 17%]  Time step      488 of 3001 @ t_step =      487 Time Avg = 2.600640E+00 Time/step= 2.592653E+00 ETA (HH:MM:SS) = 1:48:55
 [ 17%]  Time step      489 of 3001 @ t_step =      488 Time Avg = 2.600621E+00 Time/step= 2.591351E+00 ETA (HH:MM:SS) = 1:48:52
 [ 17%]  Time step      490 of 3001 @ t_step =      489 Time Avg = 2.600598E+00 Time/step= 2.589422E+00 ETA (HH:MM:SS) = 1:48:50
 [ 17%]  Time step      491 of 3001 @ t_step =      490 Time Avg = 2.600593E+00 Time/step= 2.598012E+00 ETA (HH:MM:SS) = 1:48:47
 [ 17%]  Time step      492 of 3001 @ t_step =      491 Time Avg = 2.600621E+00 Time/step= 2.614534E+00 ETA (HH:MM:SS) = 1:48:44
 [ 17%]  Time step      493 of 3001 @ t_step =      492 Time Avg = 2.600625E+00 Time/step= 2.602603E+00 ETA (HH:MM:SS) = 1:48:42
 [ 17%]  Time step      494 of 3001 @ t_step =      493 Time Avg = 2.600646E+00 Time/step= 2.610628E+00 ETA (HH:MM:SS) = 1:48:39
 [ 17%]  Time step      495 of 3001 @ t_step =      494 Time Avg = 2.600610E+00 Time/step= 2.583033E+00 ETA (HH:MM:SS) = 1:48:37
 [ 17%]  Time step      496 of 3001 @ t_step =      495 Time Avg = 2.600622E+00 Time/step= 2.606478E+00 ETA (HH:MM:SS) = 1:48:34
 [ 17%]  Time step      497 of 3001 @ t_step =      496 Time Avg = 2.600562E+00 Time/step= 2.571032E+00 ETA (HH:MM:SS) = 1:48:31
 [ 17%]  Time step      498 of 3001 @ t_step =      497 Time Avg = 2.600585E+00 Time/step= 2.612077E+00 ETA (HH:MM:SS) = 1:48:29
 [ 17%]  Time step      499 of 3001 @ t_step =      498 Time Avg = 2.600573E+00 Time/step= 2.594719E+00 ETA (HH:MM:SS) = 1:48:26
 [ 17%]  Time step      500 of 3001 @ t_step =      499 Time Avg = 2.600560E+00 Time/step= 2.594088E+00 ETA (HH:MM:SS) = 1:48:24
 [ 17%]  Time step      501 of 3001 @ t_step =      500 Time Avg = 2.600564E+00 Time/step= 2.602196E+00 ETA (HH:MM:SS) = 1:48:21
 [ 17%]  Time step      502 of 3001 @ t_step =      501 Time Avg = 2.600594E+00 Time/step= 2.615852E+00 ETA (HH:MM:SS) = 1:48:18
 [ 17%]  Time step      503 of 3001 @ t_step =      502 Time Avg = 2.600565E+00 Time/step= 2.586099E+00 ETA (HH:MM:SS) = 1:48:16
 [ 17%]  Time step      504 of 3001 @ t_step =      503 Time Avg = 2.600574E+00 Time/step= 2.604779E+00 ETA (HH:MM:SS) = 1:48:13
 [ 17%]  Time step      505 of 3001 @ t_step =      504 Time Avg = 2.600546E+00 Time/step= 2.586975E+00 ETA (HH:MM:SS) = 1:48:10
 [ 17%]  Time step      506 of 3001 @ t_step =      505 Time Avg = 2.600561E+00 Time/step= 2.607813E+00 ETA (HH:MM:SS) = 1:48:08
 [ 17%]  Time step      507 of 3001 @ t_step =      506 Time Avg = 2.600526E+00 Time/step= 2.583178E+00 ETA (HH:MM:SS) = 1:48:05
 [ 17%]  Time step      508 of 3001 @ t_step =      507 Time Avg = 2.600494E+00 Time/step= 2.584263E+00 ETA (HH:MM:SS) = 1:48:03
 [ 17%]  Time step      509 of 3001 @ t_step =      508 Time Avg = 2.600493E+00 Time/step= 2.600000E+00 ETA (HH:MM:SS) = 1:48:00
 [ 17%]  Time step      510 of 3001 @ t_step =      509 Time Avg = 2.600509E+00 Time/step= 2.608423E+00 ETA (HH:MM:SS) = 1:47:57
 [ 17%]  Time step      511 of 3001 @ t_step =      510 Time Avg = 2.600535E+00 Time/step= 2.613567E+00 ETA (HH:MM:SS) = 1:47:55
 [ 18%]  Time step      512 of 3001 @ t_step =      511 Time Avg = 2.600538E+00 Time/step= 2.602499E+00 ETA (HH:MM:SS) = 1:47:52
 [ 18%]  Time step      513 of 3001 @ t_step =      512 Time Avg = 2.600594E+00 Time/step= 2.628785E+00 ETA (HH:MM:SS) = 1:47:50
 [ 18%]  Time step      514 of 3001 @ t_step =      513 Time Avg = 2.600620E+00 Time/step= 2.613758E+00 ETA (HH:MM:SS) = 1:47:47
 [ 18%]  Time step      515 of 3001 @ t_step =      514 Time Avg = 2.600713E+00 Time/step= 2.648207E+00 ETA (HH:MM:SS) = 1:47:45
 [ 18%]  Time step      516 of 3001 @ t_step =      515 Time Avg = 2.600769E+00 Time/step= 2.629716E+00 ETA (HH:MM:SS) = 1:47:42
 [ 18%]  Time step      517 of 3001 @ t_step =      516 Time Avg = 2.600754E+00 Time/step= 2.592996E+00 ETA (HH:MM:SS) = 1:47:40
 [ 18%]  Time step      518 of 3001 @ t_step =      517 Time Avg = 2.600767E+00 Time/step= 2.607529E+00 ETA (HH:MM:SS) = 1:47:37
 [ 18%]  Time step      519 of 3001 @ t_step =      518 Time Avg = 2.600736E+00 Time/step= 2.584527E+00 ETA (HH:MM:SS) = 1:47:35
 [ 18%]  Time step      520 of 3001 @ t_step =      519 Time Avg = 2.600757E+00 Time/step= 2.611966E+00 ETA (HH:MM:SS) = 1:47:32
 [ 18%]  Time step      521 of 3001 @ t_step =      520 Time Avg = 2.600764E+00 Time/step= 2.604281E+00 ETA (HH:MM:SS) = 1:47:29
 [ 18%]  Time step      522 of 3001 @ t_step =      521 Time Avg = 2.600759E+00 Time/step= 2.598245E+00 ETA (HH:MM:SS) = 1:47:27
 [ 18%]  Time step      523 of 3001 @ t_step =      522 Time Avg = 2.600794E+00 Time/step= 2.618997E+00 ETA (HH:MM:SS) = 1:47:24
 [ 18%]  Time step      524 of 3001 @ t_step =      523 Time Avg = 2.600794E+00 Time/step= 2.600545E+00 ETA (HH:MM:SS) = 1:47:22
 [ 18%]  Time step      525 of 3001 @ t_step =      524 Time Avg = 2.600807E+00 Time/step= 2.607456E+00 ETA (HH:MM:SS) = 1:47:19
 [ 18%]  Time step      526 of 3001 @ t_step =      525 Time Avg = 2.600766E+00 Time/step= 2.579739E+00 ETA (HH:MM:SS) = 1:47:16
 [ 18%]  Time step      527 of 3001 @ t_step =      526 Time Avg = 2.600748E+00 Time/step= 2.591296E+00 ETA (HH:MM:SS) = 1:47:14
 [ 18%]  Time step      528 of 3001 @ t_step =      527 Time Avg = 2.600752E+00 Time/step= 2.602918E+00 ETA (HH:MM:SS) = 1:47:11
 [ 18%]  Time step      529 of 3001 @ t_step =      528 Time Avg = 2.600779E+00 Time/step= 2.614869E+00 ETA (HH:MM:SS) = 1:47:09
 [ 18%]  Time step      530 of 3001 @ t_step =      529 Time Avg = 2.600794E+00 Time/step= 2.608474E+00 ETA (HH:MM:SS) = 1:47:06
 [ 18%]  Time step      531 of 3001 @ t_step =      530 Time Avg = 2.600791E+00 Time/step= 2.599423E+00 ETA (HH:MM:SS) = 1:47:03
 [ 18%]  Time step      532 of 3001 @ t_step =      531 Time Avg = 2.600817E+00 Time/step= 2.614156E+00 ETA (HH:MM:SS) = 1:47:01
 [ 18%]  Time step      533 of 3001 @ t_step =      532 Time Avg = 2.600868E+00 Time/step= 2.628200E+00 ETA (HH:MM:SS) = 1:46:58
 [ 18%]  Time step      534 of 3001 @ t_step =      533 Time Avg = 2.600891E+00 Time/step= 2.613077E+00 ETA (HH:MM:SS) = 1:46:56
 [ 18%]  Time step      535 of 3001 @ t_step =      534 Time Avg = 2.600871E+00 Time/step= 2.590318E+00 ETA (HH:MM:SS) = 1:46:53
 [ 18%]  Time step      536 of 3001 @ t_step =      535 Time Avg = 2.600844E+00 Time/step= 2.586091E+00 ETA (HH:MM:SS) = 1:46:51
 [ 18%]  Time step      537 of 3001 @ t_step =      536 Time Avg = 2.600836E+00 Time/step= 2.596651E+00 ETA (HH:MM:SS) = 1:46:48
 [ 18%]  Time step      538 of 3001 @ t_step =      537 Time Avg = 2.600841E+00 Time/step= 2.603389E+00 ETA (HH:MM:SS) = 1:46:45
 [ 18%]  Time step      539 of 3001 @ t_step =      538 Time Avg = 2.600857E+00 Time/step= 2.609833E+00 ETA (HH:MM:SS) = 1:46:43
 [ 18%]  Time step      540 of 3001 @ t_step =      539 Time Avg = 2.600808E+00 Time/step= 2.574226E+00 ETA (HH:MM:SS) = 1:46:40
 [ 18%]  Time step      541 of 3001 @ t_step =      540 Time Avg = 2.600754E+00 Time/step= 2.572128E+00 ETA (HH:MM:SS) = 1:46:37
 [ 19%]  Time step      542 of 3001 @ t_step =      541 Time Avg = 2.600771E+00 Time/step= 2.609688E+00 ETA (HH:MM:SS) = 1:46:35
 [ 19%]  Time step      543 of 3001 @ t_step =      542 Time Avg = 2.600761E+00 Time/step= 2.595390E+00 ETA (HH:MM:SS) = 1:46:32
 [ 19%]  Time step      544 of 3001 @ t_step =      543 Time Avg = 2.600747E+00 Time/step= 2.593087E+00 ETA (HH:MM:SS) = 1:46:30
 [ 19%]  Time step      545 of 3001 @ t_step =      544 Time Avg = 2.600741E+00 Time/step= 2.597651E+00 ETA (HH:MM:SS) = 1:46:27
 [ 19%]  Time step      546 of 3001 @ t_step =      545 Time Avg = 2.600715E+00 Time/step= 2.586827E+00 ETA (HH:MM:SS) = 1:46:24
 [ 19%]  Time step      547 of 3001 @ t_step =      546 Time Avg = 2.600701E+00 Time/step= 2.592896E+00 ETA (HH:MM:SS) = 1:46:22
 [ 19%]  Time step      548 of 3001 @ t_step =      547 Time Avg = 2.600674E+00 Time/step= 2.585654E+00 ETA (HH:MM:SS) = 1:46:19
 [ 19%]  Time step      549 of 3001 @ t_step =      548 Time Avg = 2.600675E+00 Time/step= 2.601417E+00 ETA (HH:MM:SS) = 1:46:16
 [ 19%]  Time step      550 of 3001 @ t_step =      549 Time Avg = 2.600675E+00 Time/step= 2.600795E+00 ETA (HH:MM:SS) = 1:46:14
 [ 19%]  Time step      551 of 3001 @ t_step =      550 Time Avg = 2.600730E+00 Time/step= 2.630796E+00 ETA (HH:MM:SS) = 1:46:11
 [ 19%]  Time step      552 of 3001 @ t_step =      551 Time Avg = 2.600753E+00 Time/step= 2.613423E+00 ETA (HH:MM:SS) = 1:46:09
 [ 19%]  Time step      553 of 3001 @ t_step =      552 Time Avg = 2.600719E+00 Time/step= 2.582107E+00 ETA (HH:MM:SS) = 1:46:06
 [ 19%]  Time step      554 of 3001 @ t_step =      553 Time Avg = 2.600699E+00 Time/step= 2.589526E+00 ETA (HH:MM:SS) = 1:46:03
 [ 19%]  Time step      555 of 3001 @ t_step =      554 Time Avg = 2.600683E+00 Time/step= 2.592138E+00 ETA (HH:MM:SS) = 1:46:01
 [ 19%]  Time step      556 of 3001 @ t_step =      555 Time Avg = 2.600656E+00 Time/step= 2.585337E+00 ETA (HH:MM:SS) = 1:45:58
 [ 19%]  Time step      557 of 3001 @ t_step =      556 Time Avg = 2.600620E+00 Time/step= 2.580900E+00 ETA (HH:MM:SS) = 1:45:55
 [ 19%]  Time step      558 of 3001 @ t_step =      557 Time Avg = 2.600606E+00 Time/step= 2.593050E+00 ETA (HH:MM:SS) = 1:45:53
 [ 19%]  Time step      559 of 3001 @ t_step =      558 Time Avg = 2.600547E+00 Time/step= 2.567314E+00 ETA (HH:MM:SS) = 1:45:50
 [ 19%]  Time step      560 of 3001 @ t_step =      559 Time Avg = 2.600535E+00 Time/step= 2.594156E+00 ETA (HH:MM:SS) = 1:45:47
 [ 19%]  Time step      561 of 3001 @ t_step =      560 Time Avg = 2.600530E+00 Time/step= 2.597873E+00 ETA (HH:MM:SS) = 1:45:45
 [ 19%]  Time step      562 of 3001 @ t_step =      561 Time Avg = 2.600517E+00 Time/step= 2.592911E+00 ETA (HH:MM:SS) = 1:45:42
 [ 19%]  Time step      563 of 3001 @ t_step =      562 Time Avg = 2.600489E+00 Time/step= 2.584791E+00 ETA (HH:MM:SS) = 1:45:39
 [ 19%]  Time step      564 of 3001 @ t_step =      563 Time Avg = 2.600516E+00 Time/step= 2.615669E+00 ETA (HH:MM:SS) = 1:45:37
 [ 19%]  Time step      565 of 3001 @ t_step =      564 Time Avg = 2.600496E+00 Time/step= 2.589588E+00 ETA (HH:MM:SS) = 1:45:34
 [ 19%]  Time step      566 of 3001 @ t_step =      565 Time Avg = 2.600517E+00 Time/step= 2.612487E+00 ETA (HH:MM:SS) = 1:45:32
 [ 19%]  Time step      567 of 3001 @ t_step =      566 Time Avg = 2.600505E+00 Time/step= 2.593300E+00 ETA (HH:MM:SS) = 1:45:29
 [ 19%]  Time step      568 of 3001 @ t_step =      567 Time Avg = 2.600472E+00 Time/step= 2.582002E+00 ETA (HH:MM:SS) = 1:45:26
 [ 19%]  Time step      569 of 3001 @ t_step =      568 Time Avg = 2.600482E+00 Time/step= 2.606305E+00 ETA (HH:MM:SS) = 1:45:24
 [ 19%]  Time step      570 of 3001 @ t_step =      569 Time Avg = 2.600464E+00 Time/step= 2.590190E+00 ETA (HH:MM:SS) = 1:45:21
 [ 19%]  Time step      571 of 3001 @ t_step =      570 Time Avg = 2.600441E+00 Time/step= 2.587367E+00 ETA (HH:MM:SS) = 1:45:19
 [ 20%]  Time step      572 of 3001 @ t_step =      571 Time Avg = 2.600434E+00 Time/step= 2.596656E+00 ETA (HH:MM:SS) = 1:45:16
 [ 20%]  Time step      573 of 3001 @ t_step =      572 Time Avg = 2.600436E+00 Time/step= 2.601491E+00 ETA (HH:MM:SS) = 1:45:13
 [ 20%]  Time step      574 of 3001 @ t_step =      573 Time Avg = 2.600387E+00 Time/step= 2.572133E+00 ETA (HH:MM:SS) = 1:45:11
 [ 20%]  Time step      575 of 3001 @ t_step =      574 Time Avg = 2.600428E+00 Time/step= 2.623956E+00 ETA (HH:MM:SS) = 1:45:08
 [ 20%]  Time step      576 of 3001 @ t_step =      575 Time Avg = 2.600459E+00 Time/step= 2.618197E+00 ETA (HH:MM:SS) = 1:45:06
 [ 20%]  Time step      577 of 3001 @ t_step =      576 Time Avg = 2.600411E+00 Time/step= 2.572794E+00 ETA (HH:MM:SS) = 1:45:03
 [ 20%]  Time step      578 of 3001 @ t_step =      577 Time Avg = 2.600399E+00 Time/step= 2.593748E+00 ETA (HH:MM:SS) = 1:45:00
 [ 20%]  Time step      579 of 3001 @ t_step =      578 Time Avg = 2.600415E+00 Time/step= 2.609836E+00 ETA (HH:MM:SS) = 1:44:58
 [ 20%]  Time step      580 of 3001 @ t_step =      579 Time Avg = 2.600449E+00 Time/step= 2.619599E+00 ETA (HH:MM:SS) = 1:44:55
 [ 20%]  Time step      581 of 3001 @ t_step =      580 Time Avg = 2.600428E+00 Time/step= 2.588661E+00 ETA (HH:MM:SS) = 1:44:53
 [ 20%]  Time step      582 of 3001 @ t_step =      581 Time Avg = 2.600434E+00 Time/step= 2.603895E+00 ETA (HH:MM:SS) = 1:44:50
 [ 20%]  Time step      583 of 3001 @ t_step =      582 Time Avg = 2.600423E+00 Time/step= 2.594113E+00 ETA (HH:MM:SS) = 1:44:47
 [ 20%]  Time step      584 of 3001 @ t_step =      583 Time Avg = 2.600422E+00 Time/step= 2.599856E+00 ETA (HH:MM:SS) = 1:44:45
 [ 20%]  Time step      585 of 3001 @ t_step =      584 Time Avg = 2.600414E+00 Time/step= 2.595717E+00 ETA (HH:MM:SS) = 1:44:42
 [ 20%]  Time step      586 of 3001 @ t_step =      585 Time Avg = 2.600436E+00 Time/step= 2.613299E+00 ETA (HH:MM:SS) = 1:44:40
 [ 20%]  Time step      587 of 3001 @ t_step =      586 Time Avg = 2.600404E+00 Time/step= 2.581239E+00 ETA (HH:MM:SS) = 1:44:37
 [ 20%]  Time step      588 of 3001 @ t_step =      587 Time Avg = 2.600418E+00 Time/step= 2.608693E+00 ETA (HH:MM:SS) = 1:44:34
 [ 20%]  Time step      589 of 3001 @ t_step =      588 Time Avg = 2.600406E+00 Time/step= 2.593740E+00 ETA (HH:MM:SS) = 1:44:32
 [ 20%]  Time step      590 of 3001 @ t_step =      589 Time Avg = 2.600401E+00 Time/step= 2.597143E+00 ETA (HH:MM:SS) = 1:44:29
 [ 20%]  Time step      591 of 3001 @ t_step =      590 Time Avg = 2.600381E+00 Time/step= 2.588527E+00 ETA (HH:MM:SS) = 1:44:26
 [ 20%]  Time step      592 of 3001 @ t_step =      591 Time Avg = 2.600428E+00 Time/step= 2.628256E+00 ETA (HH:MM:SS) = 1:44:24
 [ 20%]  Time step      593 of 3001 @ t_step =      592 Time Avg = 2.600435E+00 Time/step= 2.604863E+00 ETA (HH:MM:SS) = 1:44:21
 [ 20%]  Time step      594 of 3001 @ t_step =      593 Time Avg = 2.600406E+00 Time/step= 2.583087E+00 ETA (HH:MM:SS) = 1:44:19
 [ 20%]  Time step      595 of 3001 @ t_step =      594 Time Avg = 2.600383E+00 Time/step= 2.586501E+00 ETA (HH:MM:SS) = 1:44:16
 [ 20%]  Time step      596 of 3001 @ t_step =      595 Time Avg = 2.600404E+00 Time/step= 2.612919E+00 ETA (HH:MM:SS) = 1:44:13
 [ 20%]  Time step      597 of 3001 @ t_step =      596 Time Avg = 2.600436E+00 Time/step= 2.619811E+00 ETA (HH:MM:SS) = 1:44:11
 [ 20%]  Time step      598 of 3001 @ t_step =      597 Time Avg = 2.600412E+00 Time/step= 2.585643E+00 ETA (HH:MM:SS) = 1:44:08
 [ 20%]  Time step      599 of 3001 @ t_step =      598 Time Avg = 2.600397E+00 Time/step= 2.591890E+00 ETA (HH:MM:SS) = 1:44:06
 [ 20%]  Time step      600 of 3001 @ t_step =      599 Time Avg = 2.600395E+00 Time/step= 2.599313E+00 ETA (HH:MM:SS) = 1:44:03
 [ 20%]  Time step      601 of 3001 @ t_step =      600 Time Avg = 2.600439E+00 Time/step= 2.626334E+00 ETA (HH:MM:SS) = 1:44:01
 [ 21%]  Time step      602 of 3001 @ t_step =      601 Time Avg = 2.600547E+00 Time/step= 2.665486E+00 ETA (HH:MM:SS) = 1:43:58
 [ 21%]  Time step      603 of 3001 @ t_step =      602 Time Avg = 2.600592E+00 Time/step= 2.627052E+00 ETA (HH:MM:SS) = 1:43:56
 [ 21%]  Time step      604 of 3001 @ t_step =      603 Time Avg = 2.600591E+00 Time/step= 2.600062E+00 ETA (HH:MM:SS) = 1:43:53
 [ 21%]  Time step      605 of 3001 @ t_step =      604 Time Avg = 2.600576E+00 Time/step= 2.591667E+00 ETA (HH:MM:SS) = 1:43:50
 [ 21%]  Time step      606 of 3001 @ t_step =      605 Time Avg = 2.600587E+00 Time/step= 2.607046E+00 ETA (HH:MM:SS) = 1:43:48
 [ 21%]  Time step      607 of 3001 @ t_step =      606 Time Avg = 2.600599E+00 Time/step= 2.608363E+00 ETA (HH:MM:SS) = 1:43:45
 [ 21%]  Time step      608 of 3001 @ t_step =      607 Time Avg = 2.600578E+00 Time/step= 2.587679E+00 ETA (HH:MM:SS) = 1:43:43
 [ 21%]  Time step      609 of 3001 @ t_step =      608 Time Avg = 2.600607E+00 Time/step= 2.618156E+00 ETA (HH:MM:SS) = 1:43:40
 [ 21%]  Time step      610 of 3001 @ t_step =      609 Time Avg = 2.600695E+00 Time/step= 2.653774E+00 ETA (HH:MM:SS) = 1:43:38
 [ 21%]  Time step      611 of 3001 @ t_step =      610 Time Avg = 2.600676E+00 Time/step= 2.589429E+00 ETA (HH:MM:SS) = 1:43:35
 [ 21%]  Time step      612 of 3001 @ t_step =      611 Time Avg = 2.600657E+00 Time/step= 2.589279E+00 ETA (HH:MM:SS) = 1:43:32
 [ 21%]  Time step      613 of 3001 @ t_step =      612 Time Avg = 2.600602E+00 Time/step= 2.566665E+00 ETA (HH:MM:SS) = 1:43:30
 [ 21%]  Time step      614 of 3001 @ t_step =      613 Time Avg = 2.600565E+00 Time/step= 2.578023E+00 ETA (HH:MM:SS) = 1:43:27
 [ 21%]  Time step      615 of 3001 @ t_step =      614 Time Avg = 2.600536E+00 Time/step= 2.583000E+00 ETA (HH:MM:SS) = 1:43:24
 [ 21%]  Time step      616 of 3001 @ t_step =      615 Time Avg = 2.600561E+00 Time/step= 2.616048E+00 ETA (HH:MM:SS) = 1:43:22
 [ 21%]  Time step      617 of 3001 @ t_step =      616 Time Avg = 2.600582E+00 Time/step= 2.613224E+00 ETA (HH:MM:SS) = 1:43:19
 [ 21%]  Time step      618 of 3001 @ t_step =      617 Time Avg = 2.600605E+00 Time/step= 2.614934E+00 ETA (HH:MM:SS) = 1:43:17
 [ 21%]  Time step      619 of 3001 @ t_step =      618 Time Avg = 2.600588E+00 Time/step= 2.590172E+00 ETA (HH:MM:SS) = 1:43:14
 [ 21%]  Time step      620 of 3001 @ t_step =      619 Time Avg = 2.600568E+00 Time/step= 2.588055E+00 ETA (HH:MM:SS) = 1:43:11
 [ 21%]  Time step      621 of 3001 @ t_step =      620 Time Avg = 2.600565E+00 Time/step= 2.598528E+00 ETA (HH:MM:SS) = 1:43:09
 [ 21%]  Time step      622 of 3001 @ t_step =      621 Time Avg = 2.600552E+00 Time/step= 2.592434E+00 ETA (HH:MM:SS) = 1:43:06
 [ 21%]  Time step      623 of 3001 @ t_step =      622 Time Avg = 2.600575E+00 Time/step= 2.615055E+00 ETA (HH:MM:SS) = 1:43:04
 [ 21%]  Time step      624 of 3001 @ t_step =      623 Time Avg = 2.600570E+00 Time/step= 2.597167E+00 ETA (HH:MM:SS) = 1:43:01
 [ 21%]  Time step      625 of 3001 @ t_step =      624 Time Avg = 2.600540E+00 Time/step= 2.581930E+00 ETA (HH:MM:SS) = 1:42:58
 [ 21%]  Time step      626 of 3001 @ t_step =      625 Time Avg = 2.600563E+00 Time/step= 2.614957E+00 ETA (HH:MM:SS) = 1:42:56
 [ 21%]  Time step      627 of 3001 @ t_step =      626 Time Avg = 2.600554E+00 Time/step= 2.594949E+00 ETA (HH:MM:SS) = 1:42:53
 [ 21%]  Time step      628 of 3001 @ t_step =      627 Time Avg = 2.600538E+00 Time/step= 2.590489E+00 ETA (HH:MM:SS) = 1:42:51
 [ 21%]  Time step      629 of 3001 @ t_step =      628 Time Avg = 2.600571E+00 Time/step= 2.621314E+00 ETA (HH:MM:SS) = 1:42:48
 [ 21%]  Time step      630 of 3001 @ t_step =      629 Time Avg = 2.600576E+00 Time/step= 2.604092E+00 ETA (HH:MM:SS) = 1:42:45
 [ 21%]  Time step      631 of 3001 @ t_step =      630 Time Avg = 2.600637E+00 Time/step= 2.638539E+00 ETA (HH:MM:SS) = 1:42:43
 [ 22%]  Time step      632 of 3001 @ t_step =      631 Time Avg = 2.600615E+00 Time/step= 2.587096E+00 ETA (HH:MM:SS) = 1:42:40
 [ 22%]  Time step      633 of 3001 @ t_step =      632 Time Avg = 2.600638E+00 Time/step= 2.614977E+00 ETA (HH:MM:SS) = 1:42:38
 [ 22%]  Time step      634 of 3001 @ t_step =      633 Time Avg = 2.600630E+00 Time/step= 2.595231E+00 ETA (HH:MM:SS) = 1:42:35
 [ 22%]  Time step      635 of 3001 @ t_step =      634 Time Avg = 2.600600E+00 Time/step= 2.581642E+00 ETA (HH:MM:SS) = 1:42:33
 [ 22%]  Time step      636 of 3001 @ t_step =      635 Time Avg = 2.600580E+00 Time/step= 2.587900E+00 ETA (HH:MM:SS) = 1:42:30
 [ 22%]  Time step      637 of 3001 @ t_step =      636 Time Avg = 2.600577E+00 Time/step= 2.599289E+00 ETA (HH:MM:SS) = 1:42:27
 [ 22%]  Time step      638 of 3001 @ t_step =      637 Time Avg = 2.600593E+00 Time/step= 2.610729E+00 ETA (HH:MM:SS) = 1:42:25
 [ 22%]  Time step      639 of 3001 @ t_step =      638 Time Avg = 2.600590E+00 Time/step= 2.598527E+00 ETA (HH:MM:SS) = 1:42:22
 [ 22%]  Time step      640 of 3001 @ t_step =      639 Time Avg = 2.600594E+00 Time/step= 2.603055E+00 ETA (HH:MM:SS) = 1:42:20
 [ 22%]  Time step      641 of 3001 @ t_step =      640 Time Avg = 2.600553E+00 Time/step= 2.574241E+00 ETA (HH:MM:SS) = 1:42:17
 [ 22%]  Time step      642 of 3001 @ t_step =      641 Time Avg = 2.600532E+00 Time/step= 2.587033E+00 ETA (HH:MM:SS) = 1:42:14
 [ 22%]  Time step      643 of 3001 @ t_step =      642 Time Avg = 2.600563E+00 Time/step= 2.620514E+00 ETA (HH:MM:SS) = 1:42:12
 [ 22%]  Time step      644 of 3001 @ t_step =      643 Time Avg = 2.600570E+00 Time/step= 2.605021E+00 ETA (HH:MM:SS) = 1:42:09
 [ 22%]  Time step      645 of 3001 @ t_step =      644 Time Avg = 2.600570E+00 Time/step= 2.600659E+00 ETA (HH:MM:SS) = 1:42:06
 [ 22%]  Time step      646 of 3001 @ t_step =      645 Time Avg = 2.600532E+00 Time/step= 2.576011E+00 ETA (HH:MM:SS) = 1:42:04
 [ 22%]  Time step      647 of 3001 @ t_step =      646 Time Avg = 2.600511E+00 Time/step= 2.587092E+00 ETA (HH:MM:SS) = 1:42:01
 [ 22%]  Time step      648 of 3001 @ t_step =      647 Time Avg = 2.600510E+00 Time/step= 2.599770E+00 ETA (HH:MM:SS) = 1:41:58
 [ 22%]  Time step      649 of 3001 @ t_step =      648 Time Avg = 2.600496E+00 Time/step= 2.591936E+00 ETA (HH:MM:SS) = 1:41:56
 [ 22%]  Time step      650 of 3001 @ t_step =      649 Time Avg = 2.600467E+00 Time/step= 2.581332E+00 ETA (HH:MM:SS) = 1:41:53
 [ 22%]  Time step      651 of 3001 @ t_step =      650 Time Avg = 2.600463E+00 Time/step= 2.597686E+00 ETA (HH:MM:SS) = 1:41:51
 [ 22%]  Time step      652 of 3001 @ t_step =      651 Time Avg = 2.600517E+00 Time/step= 2.636102E+00 ETA (HH:MM:SS) = 1:41:48
 [ 22%]  Time step      653 of 3001 @ t_step =      652 Time Avg = 2.600519E+00 Time/step= 2.601711E+00 ETA (HH:MM:SS) = 1:41:46
 [ 22%]  Time step      654 of 3001 @ t_step =      653 Time Avg = 2.600494E+00 Time/step= 2.583845E+00 ETA (HH:MM:SS) = 1:41:43
 [ 22%]  Time step      655 of 3001 @ t_step =      654 Time Avg = 2.600452E+00 Time/step= 2.573136E+00 ETA (HH:MM:SS) = 1:41:40
 [ 22%]  Time step      656 of 3001 @ t_step =      655 Time Avg = 2.600446E+00 Time/step= 2.596996E+00 ETA (HH:MM:SS) = 1:41:38
 [ 22%]  Time step      657 of 3001 @ t_step =      656 Time Avg = 2.600473E+00 Time/step= 2.618141E+00 ETA (HH:MM:SS) = 1:41:35
 [ 22%]  Time step      658 of 3001 @ t_step =      657 Time Avg = 2.600470E+00 Time/step= 2.598424E+00 ETA (HH:MM:SS) = 1:41:32
 [ 22%]  Time step      659 of 3001 @ t_step =      658 Time Avg = 2.600509E+00 Time/step= 2.625839E+00 ETA (HH:MM:SS) = 1:41:30
 [ 22%]  Time step      660 of 3001 @ t_step =      659 Time Avg = 2.600489E+00 Time/step= 2.587551E+00 ETA (HH:MM:SS) = 1:41:27
 [ 22%]  Time step      661 of 3001 @ t_step =      660 Time Avg = 2.600463E+00 Time/step= 2.583305E+00 ETA (HH:MM:SS) = 1:41:25
 [ 23%]  Time step      662 of 3001 @ t_step =      661 Time Avg = 2.600472E+00 Time/step= 2.606137E+00 ETA (HH:MM:SS) = 1:41:22
 [ 23%]  Time step      663 of 3001 @ t_step =      662 Time Avg = 2.600476E+00 Time/step= 2.603561E+00 ETA (HH:MM:SS) = 1:41:19
 [ 23%]  Time step      664 of 3001 @ t_step =      663 Time Avg = 2.600457E+00 Time/step= 2.587397E+00 ETA (HH:MM:SS) = 1:41:17
 [ 23%]  Time step      665 of 3001 @ t_step =      664 Time Avg = 2.600449E+00 Time/step= 2.595242E+00 ETA (HH:MM:SS) = 1:41:14
 [ 23%]  Time step      666 of 3001 @ t_step =      665 Time Avg = 2.600480E+00 Time/step= 2.621332E+00 ETA (HH:MM:SS) = 1:41:12
 [ 23%]  Time step      667 of 3001 @ t_step =      666 Time Avg = 2.600480E+00 Time/step= 2.600499E+00 ETA (HH:MM:SS) = 1:41:09
 [ 23%]  Time step      668 of 3001 @ t_step =      667 Time Avg = 2.600496E+00 Time/step= 2.610815E+00 ETA (HH:MM:SS) = 1:41:06
 [ 23%]  Time step      669 of 3001 @ t_step =      668 Time Avg = 2.600544E+00 Time/step= 2.632432E+00 ETA (HH:MM:SS) = 1:41:04
 [ 23%]  Time step      670 of 3001 @ t_step =      669 Time Avg = 2.600577E+00 Time/step= 2.622607E+00 ETA (HH:MM:SS) = 1:41:01
 [ 23%]  Time step      671 of 3001 @ t_step =      670 Time Avg = 2.600566E+00 Time/step= 2.593579E+00 ETA (HH:MM:SS) = 1:40:59
 [ 23%]  Time step      672 of 3001 @ t_step =      671 Time Avg = 2.600583E+00 Time/step= 2.611487E+00 ETA (HH:MM:SS) = 1:40:56
 [ 23%]  Time step      673 of 3001 @ t_step =      672 Time Avg = 2.600556E+00 Time/step= 2.582725E+00 ETA (HH:MM:SS) = 1:40:54
 [ 23%]  Time step      674 of 3001 @ t_step =      673 Time Avg = 2.600545E+00 Time/step= 2.593353E+00 ETA (HH:MM:SS) = 1:40:51
 [ 23%]  Time step      675 of 3001 @ t_step =      674 Time Avg = 2.600543E+00 Time/step= 2.599081E+00 ETA (HH:MM:SS) = 1:40:48
 [ 23%]  Time step      676 of 3001 @ t_step =      675 Time Avg = 2.600548E+00 Time/step= 2.604087E+00 ETA (HH:MM:SS) = 1:40:46
 [ 23%]  Time step      677 of 3001 @ t_step =      676 Time Avg = 2.600542E+00 Time/step= 2.595988E+00 ETA (HH:MM:SS) = 1:40:43
 [ 23%]  Time step      678 of 3001 @ t_step =      677 Time Avg = 2.600532E+00 Time/step= 2.594211E+00 ETA (HH:MM:SS) = 1:40:41
 [ 23%]  Time step      679 of 3001 @ t_step =      678 Time Avg = 2.600557E+00 Time/step= 2.616918E+00 ETA (HH:MM:SS) = 1:40:38
 [ 23%]  Time step      680 of 3001 @ t_step =      679 Time Avg = 2.600545E+00 Time/step= 2.592796E+00 ETA (HH:MM:SS) = 1:40:35
 [ 23%]  Time step      681 of 3001 @ t_step =      680 Time Avg = 2.600541E+00 Time/step= 2.597676E+00 ETA (HH:MM:SS) = 1:40:33
 [ 23%]  Time step      682 of 3001 @ t_step =      681 Time Avg = 2.600545E+00 Time/step= 2.603105E+00 ETA (HH:MM:SS) = 1:40:30
 [ 23%]  Time step      683 of 3001 @ t_step =      682 Time Avg = 2.600563E+00 Time/step= 2.613349E+00 ETA (HH:MM:SS) = 1:40:28
 [ 23%]  Time step      684 of 3001 @ t_step =      683 Time Avg = 2.600521E+00 Time/step= 2.571475E+00 ETA (HH:MM:SS) = 1:40:25
 [ 23%]  Time step      685 of 3001 @ t_step =      684 Time Avg = 2.600513E+00 Time/step= 2.595372E+00 ETA (HH:MM:SS) = 1:40:22
 [ 23%]  Time step      686 of 3001 @ t_step =      685 Time Avg = 2.600508E+00 Time/step= 2.596832E+00 ETA (HH:MM:SS) = 1:40:20
 [ 23%]  Time step      687 of 3001 @ t_step =      686 Time Avg = 2.600498E+00 Time/step= 2.593516E+00 ETA (HH:MM:SS) = 1:40:17
 [ 23%]  Time step      688 of 3001 @ t_step =      687 Time Avg = 2.600505E+00 Time/step= 2.605368E+00 ETA (HH:MM:SS) = 1:40:14
 [ 23%]  Time step      689 of 3001 @ t_step =      688 Time Avg = 2.600461E+00 Time/step= 2.570629E+00 ETA (HH:MM:SS) = 1:40:12
 [ 23%]  Time step      690 of 3001 @ t_step =      689 Time Avg = 2.600467E+00 Time/step= 2.604656E+00 ETA (HH:MM:SS) = 1:40:09
 [ 23%]  Time step      691 of 3001 @ t_step =      690 Time Avg = 2.600431E+00 Time/step= 2.575520E+00 ETA (HH:MM:SS) = 1:40:06
 [ 24%]  Time step      692 of 3001 @ t_step =      691 Time Avg = 2.600400E+00 Time/step= 2.579256E+00 ETA (HH:MM:SS) = 1:40:04
 [ 24%]  Time step      693 of 3001 @ t_step =      692 Time Avg = 2.600436E+00 Time/step= 2.625089E+00 ETA (HH:MM:SS) = 1:40:01
 [ 24%]  Time step      694 of 3001 @ t_step =      693 Time Avg = 2.600448E+00 Time/step= 2.608745E+00 ETA (HH:MM:SS) = 1:39:59
 [ 24%]  Time step      695 of 3001 @ t_step =      694 Time Avg = 2.600456E+00 Time/step= 2.606047E+00 ETA (HH:MM:SS) = 1:39:56
 [ 24%]  Time step      696 of 3001 @ t_step =      695 Time Avg = 2.600490E+00 Time/step= 2.624063E+00 ETA (HH:MM:SS) = 1:39:54
 [ 24%]  Time step      697 of 3001 @ t_step =      696 Time Avg = 2.600485E+00 Time/step= 2.597181E+00 ETA (HH:MM:SS) = 1:39:51
 [ 24%]  Time step      698 of 3001 @ t_step =      697 Time Avg = 2.600482E+00 Time/step= 2.598088E+00 ETA (HH:MM:SS) = 1:39:48
 [ 24%]  Time step      699 of 3001 @ t_step =      698 Time Avg = 2.600508E+00 Time/step= 2.618399E+00 ETA (HH:MM:SS) = 1:39:46
 [ 24%]  Time step      700 of 3001 @ t_step =      699 Time Avg = 2.600532E+00 Time/step= 2.617358E+00 ETA (HH:MM:SS) = 1:39:43
 [ 24%]  Time step      701 of 3001 @ t_step =      700 Time Avg = 2.600548E+00 Time/step= 2.611840E+00 ETA (HH:MM:SS) = 1:39:41
 [ 24%]  Time step      702 of 3001 @ t_step =      701 Time Avg = 2.600583E+00 Time/step= 2.624926E+00 ETA (HH:MM:SS) = 1:39:38
 [ 24%]  Time step      703 of 3001 @ t_step =      702 Time Avg = 2.600543E+00 Time/step= 2.572454E+00 ETA (HH:MM:SS) = 1:39:36
 [ 24%]  Time step      704 of 3001 @ t_step =      703 Time Avg = 2.600505E+00 Time/step= 2.574053E+00 ETA (HH:MM:SS) = 1:39:33
 [ 24%]  Time step      705 of 3001 @ t_step =      704 Time Avg = 2.600504E+00 Time/step= 2.600102E+00 ETA (HH:MM:SS) = 1:39:30
 [ 24%]  Time step      706 of 3001 @ t_step =      705 Time Avg = 2.600473E+00 Time/step= 2.578646E+00 ETA (HH:MM:SS) = 1:39:28
 [ 24%]  Time step      707 of 3001 @ t_step =      706 Time Avg = 2.600486E+00 Time/step= 2.609093E+00 ETA (HH:MM:SS) = 1:39:25
 [ 24%]  Time step      708 of 3001 @ t_step =      707 Time Avg = 2.600499E+00 Time/step= 2.610052E+00 ETA (HH:MM:SS) = 1:39:22
 [ 24%]  Time step      709 of 3001 @ t_step =      708 Time Avg = 2.600502E+00 Time/step= 2.602598E+00 ETA (HH:MM:SS) = 1:39:20
 [ 24%]  Time step      710 of 3001 @ t_step =      709 Time Avg = 2.600499E+00 Time/step= 2.598520E+00 ETA (HH:MM:SS) = 1:39:17
 [ 24%]  Time step      711 of 3001 @ t_step =      710 Time Avg = 2.600516E+00 Time/step= 2.611980E+00 ETA (HH:MM:SS) = 1:39:15
 [ 24%]  Time step      712 of 3001 @ t_step =      711 Time Avg = 2.600510E+00 Time/step= 2.596348E+00 ETA (HH:MM:SS) = 1:39:12
 [ 24%]  Time step      713 of 3001 @ t_step =      712 Time Avg = 2.600500E+00 Time/step= 2.593633E+00 ETA (HH:MM:SS) = 1:39:09
 [ 24%]  Time step      714 of 3001 @ t_step =      713 Time Avg = 2.600537E+00 Time/step= 2.626984E+00 ETA (HH:MM:SS) = 1:39:07
 [ 24%]  Time step      715 of 3001 @ t_step =      714 Time Avg = 2.600508E+00 Time/step= 2.579751E+00 ETA (HH:MM:SS) = 1:39:04
 [ 24%]  Time step      716 of 3001 @ t_step =      715 Time Avg = 2.600537E+00 Time/step= 2.621159E+00 ETA (HH:MM:SS) = 1:39:02
 [ 24%]  Time step      717 of 3001 @ t_step =      716 Time Avg = 2.600499E+00 Time/step= 2.573378E+00 ETA (HH:MM:SS) = 1:38:59
 [ 24%]  Time step      718 of 3001 @ t_step =      717 Time Avg = 2.600494E+00 Time/step= 2.596714E+00 ETA (HH:MM:SS) = 1:38:56
 [ 24%]  Time step      719 of 3001 @ t_step =      718 Time Avg = 2.600482E+00 Time/step= 2.591892E+00 ETA (HH:MM:SS) = 1:38:54
 [ 24%]  Time step      720 of 3001 @ t_step =      719 Time Avg = 2.600466E+00 Time/step= 2.589258E+00 ETA (HH:MM:SS) = 1:38:51
 [ 24%]  Time step      721 of 3001 @ t_step =      720 Time Avg = 2.600496E+00 Time/step= 2.622263E+00 ETA (HH:MM:SS) = 1:38:49
 [ 25%]  Time step      722 of 3001 @ t_step =      721 Time Avg = 2.600485E+00 Time/step= 2.592620E+00 ETA (HH:MM:SS) = 1:38:46
 [ 25%]  Time step      723 of 3001 @ t_step =      722 Time Avg = 2.600476E+00 Time/step= 2.593800E+00 ETA (HH:MM:SS) = 1:38:43
 [ 25%]  Time step      724 of 3001 @ t_step =      723 Time Avg = 2.600502E+00 Time/step= 2.618978E+00 ETA (HH:MM:SS) = 1:38:41
 [ 25%]  Time step      725 of 3001 @ t_step =      724 Time Avg = 2.600506E+00 Time/step= 2.603683E+00 ETA (HH:MM:SS) = 1:38:38
 [ 25%]  Time step      726 of 3001 @ t_step =      725 Time Avg = 2.600557E+00 Time/step= 2.637476E+00 ETA (HH:MM:SS) = 1:38:36
 [ 25%]  Time step      727 of 3001 @ t_step =      726 Time Avg = 2.600568E+00 Time/step= 2.607970E+00 ETA (HH:MM:SS) = 1:38:33
 [ 25%]  Time step      728 of 3001 @ t_step =      727 Time Avg = 2.600568E+00 Time/step= 2.600884E+00 ETA (HH:MM:SS) = 1:38:31
 [ 25%]  Time step      729 of 3001 @ t_step =      728 Time Avg = 2.600591E+00 Time/step= 2.617429E+00 ETA (HH:MM:SS) = 1:38:28
 [ 25%]  Time step      730 of 3001 @ t_step =      729 Time Avg = 2.600593E+00 Time/step= 2.602090E+00 ETA (HH:MM:SS) = 1:38:25
 [ 25%]  Time step      731 of 3001 @ t_step =      730 Time Avg = 2.600577E+00 Time/step= 2.588690E+00 ETA (HH:MM:SS) = 1:38:23
 [ 25%]  Time step      732 of 3001 @ t_step =      731 Time Avg = 2.600588E+00 Time/step= 2.608910E+00 ETA (HH:MM:SS) = 1:38:20
 [ 25%]  Time step      733 of 3001 @ t_step =      732 Time Avg = 2.600576E+00 Time/step= 2.591395E+00 ETA (HH:MM:SS) = 1:38:18
 [ 25%]  Time step      734 of 3001 @ t_step =      733 Time Avg = 2.600539E+00 Time/step= 2.573890E+00 ETA (HH:MM:SS) = 1:38:15
 [ 25%]  Time step      735 of 3001 @ t_step =      734 Time Avg = 2.600550E+00 Time/step= 2.608372E+00 ETA (HH:MM:SS) = 1:38:12
 [ 25%]  Time step      736 of 3001 @ t_step =      735 Time Avg = 2.600559E+00 Time/step= 2.607204E+00 ETA (HH:MM:SS) = 1:38:10
 [ 25%]  Time step      737 of 3001 @ t_step =      736 Time Avg = 2.600557E+00 Time/step= 2.599243E+00 ETA (HH:MM:SS) = 1:38:07
 [ 25%]  Time step      738 of 3001 @ t_step =      737 Time Avg = 2.600580E+00 Time/step= 2.616927E+00 ETA (HH:MM:SS) = 1:38:05
 [ 25%]  Time step      739 of 3001 @ t_step =      738 Time Avg = 2.600617E+00 Time/step= 2.628347E+00 ETA (HH:MM:SS) = 1:38:02
 [ 25%]  Time step      740 of 3001 @ t_step =      739 Time Avg = 2.600639E+00 Time/step= 2.616793E+00 ETA (HH:MM:SS) = 1:38:00
 [ 25%]  Time step      741 of 3001 @ t_step =      740 Time Avg = 2.600655E+00 Time/step= 2.612352E+00 ETA (HH:MM:SS) = 1:37:57
 [ 25%]  Time step      742 of 3001 @ t_step =      741 Time Avg = 2.600654E+00 Time/step= 2.599954E+00 ETA (HH:MM:SS) = 1:37:54
 [ 25%]  Time step      743 of 3001 @ t_step =      742 Time Avg = 2.600646E+00 Time/step= 2.594275E+00 ETA (HH:MM:SS) = 1:37:52
 [ 25%]  Time step      744 of 3001 @ t_step =      743 Time Avg = 2.600635E+00 Time/step= 2.592899E+00 ETA (HH:MM:SS) = 1:37:49
 [ 25%]  Time step      745 of 3001 @ t_step =      744 Time Avg = 2.600630E+00 Time/step= 2.596764E+00 ETA (HH:MM:SS) = 1:37:47
 [ 25%]  Time step      746 of 3001 @ t_step =      745 Time Avg = 2.600641E+00 Time/step= 2.609031E+00 ETA (HH:MM:SS) = 1:37:44
 [ 25%]  Time step      747 of 3001 @ t_step =      746 Time Avg = 2.600650E+00 Time/step= 2.607395E+00 ETA (HH:MM:SS) = 1:37:41
 [ 25%]  Time step      748 of 3001 @ t_step =      747 Time Avg = 2.600736E+00 Time/step= 2.664511E+00 ETA (HH:MM:SS) = 1:37:39
 [ 25%]  Time step      749 of 3001 @ t_step =      748 Time Avg = 2.600700E+00 Time/step= 2.573878E+00 ETA (HH:MM:SS) = 1:37:36
 [ 25%]  Time step      750 of 3001 @ t_step =      749 Time Avg = 2.600671E+00 Time/step= 2.579291E+00 ETA (HH:MM:SS) = 1:37:34
 [ 25%]  Time step      751 of 3001 @ t_step =      750 Time Avg = 2.600681E+00 Time/step= 2.607614E+00 ETA (HH:MM:SS) = 1:37:31
 [ 26%]  Time step      752 of 3001 @ t_step =      751 Time Avg = 2.600748E+00 Time/step= 2.651528E+00 ETA (HH:MM:SS) = 1:37:29
 [ 26%]  Time step      753 of 3001 @ t_step =      752 Time Avg = 2.600743E+00 Time/step= 2.596351E+00 ETA (HH:MM:SS) = 1:37:26
 [ 26%]  Time step      754 of 3001 @ t_step =      753 Time Avg = 2.600726E+00 Time/step= 2.588596E+00 ETA (HH:MM:SS) = 1:37:23
 [ 26%]  Time step      755 of 3001 @ t_step =      754 Time Avg = 2.600769E+00 Time/step= 2.632540E+00 ETA (HH:MM:SS) = 1:37:21
 [ 26%]  Time step      756 of 3001 @ t_step =      755 Time Avg = 2.600787E+00 Time/step= 2.614239E+00 ETA (HH:MM:SS) = 1:37:18
 [ 26%]  Time step      757 of 3001 @ t_step =      756 Time Avg = 2.600760E+00 Time/step= 2.581091E+00 ETA (HH:MM:SS) = 1:37:16
 [ 26%]  Time step      758 of 3001 @ t_step =      757 Time Avg = 2.600725E+00 Time/step= 2.574227E+00 ETA (HH:MM:SS) = 1:37:13
 [ 26%]  Time step      759 of 3001 @ t_step =      758 Time Avg = 2.600695E+00 Time/step= 2.578005E+00 ETA (HH:MM:SS) = 1:37:10
 [ 26%]  Time step      760 of 3001 @ t_step =      759 Time Avg = 2.600699E+00 Time/step= 2.603528E+00 ETA (HH:MM:SS) = 1:37:08
 [ 26%]  Time step      761 of 3001 @ t_step =      760 Time Avg = 2.600695E+00 Time/step= 2.597321E+00 ETA (HH:MM:SS) = 1:37:05
 [ 26%]  Time step      762 of 3001 @ t_step =      761 Time Avg = 2.600694E+00 Time/step= 2.600297E+00 ETA (HH:MM:SS) = 1:37:02
 [ 26%]  Time step      763 of 3001 @ t_step =      762 Time Avg = 2.600654E+00 Time/step= 2.570602E+00 ETA (HH:MM:SS) = 1:37:00
 [ 26%]  Time step      764 of 3001 @ t_step =      763 Time Avg = 2.600669E+00 Time/step= 2.611891E+00 ETA (HH:MM:SS) = 1:36:57
 [ 26%]  Time step      765 of 3001 @ t_step =      764 Time Avg = 2.600669E+00 Time/step= 2.600252E+00 ETA (HH:MM:SS) = 1:36:55
 [ 26%]  Time step      766 of 3001 @ t_step =      765 Time Avg = 2.600694E+00 Time/step= 2.619827E+00 ETA (HH:MM:SS) = 1:36:52
 [ 26%]  Time step      767 of 3001 @ t_step =      766 Time Avg = 2.600674E+00 Time/step= 2.585925E+00 ETA (HH:MM:SS) = 1:36:49
 [ 26%]  Time step      768 of 3001 @ t_step =      767 Time Avg = 2.600701E+00 Time/step= 2.620755E+00 ETA (HH:MM:SS) = 1:36:47
 [ 26%]  Time step      769 of 3001 @ t_step =      768 Time Avg = 2.600739E+00 Time/step= 2.630083E+00 ETA (HH:MM:SS) = 1:36:44
 [ 26%]  Time step      770 of 3001 @ t_step =      769 Time Avg = 2.600736E+00 Time/step= 2.598582E+00 ETA (HH:MM:SS) = 1:36:42
 [ 26%]  Time step      771 of 3001 @ t_step =      770 Time Avg = 2.600750E+00 Time/step= 2.611521E+00 ETA (HH:MM:SS) = 1:36:39
 [ 26%]  Time step      772 of 3001 @ t_step =      771 Time Avg = 2.600741E+00 Time/step= 2.593667E+00 ETA (HH:MM:SS) = 1:36:37
 [ 26%]  Time step      773 of 3001 @ t_step =      772 Time Avg = 2.600743E+00 Time/step= 2.602031E+00 ETA (HH:MM:SS) = 1:36:34
 [ 26%]  Time step      774 of 3001 @ t_step =      773 Time Avg = 2.600752E+00 Time/step= 2.607964E+00 ETA (HH:MM:SS) = 1:36:31
 [ 26%]  Time step      775 of 3001 @ t_step =      774 Time Avg = 2.600736E+00 Time/step= 2.588496E+00 ETA (HH:MM:SS) = 1:36:29
 [ 26%]  Time step      776 of 3001 @ t_step =      775 Time Avg = 2.600698E+00 Time/step= 2.571254E+00 ETA (HH:MM:SS) = 1:36:26
 [ 26%]  Time step      777 of 3001 @ t_step =      776 Time Avg = 2.600709E+00 Time/step= 2.608985E+00 ETA (HH:MM:SS) = 1:36:23
 [ 26%]  Time step      778 of 3001 @ t_step =      777 Time Avg = 2.600680E+00 Time/step= 2.578011E+00 ETA (HH:MM:SS) = 1:36:21
 [ 26%]  Time step      779 of 3001 @ t_step =      778 Time Avg = 2.600666E+00 Time/step= 2.589950E+00 ETA (HH:MM:SS) = 1:36:18
 [ 26%]  Time step      780 of 3001 @ t_step =      779 Time Avg = 2.600687E+00 Time/step= 2.617176E+00 ETA (HH:MM:SS) = 1:36:16
 [ 26%]  Time step      781 of 3001 @ t_step =      780 Time Avg = 2.600674E+00 Time/step= 2.590421E+00 ETA (HH:MM:SS) = 1:36:13
 [ 27%]  Time step      782 of 3001 @ t_step =      781 Time Avg = 2.600650E+00 Time/step= 2.582308E+00 ETA (HH:MM:SS) = 1:36:10
 [ 27%]  Time step      783 of 3001 @ t_step =      782 Time Avg = 2.600642E+00 Time/step= 2.594397E+00 ETA (HH:MM:SS) = 1:36:08
 [ 27%]  Time step      784 of 3001 @ t_step =      783 Time Avg = 2.600624E+00 Time/step= 2.586510E+00 ETA (HH:MM:SS) = 1:36:05
 [ 27%]  Time step      785 of 3001 @ t_step =      784 Time Avg = 2.600666E+00 Time/step= 2.633386E+00 ETA (HH:MM:SS) = 1:36:03
 [ 27%]  Time step      786 of 3001 @ t_step =      785 Time Avg = 2.600664E+00 Time/step= 2.598999E+00 ETA (HH:MM:SS) = 1:36:00
 [ 27%]  Time step      787 of 3001 @ t_step =      786 Time Avg = 2.600651E+00 Time/step= 2.590909E+00 ETA (HH:MM:SS) = 1:35:57
 [ 27%]  Time step      788 of 3001 @ t_step =      787 Time Avg = 2.600662E+00 Time/step= 2.608773E+00 ETA (HH:MM:SS) = 1:35:55
 [ 27%]  Time step      789 of 3001 @ t_step =      788 Time Avg = 2.600644E+00 Time/step= 2.586663E+00 ETA (HH:MM:SS) = 1:35:52
 [ 27%]  Time step      790 of 3001 @ t_step =      789 Time Avg = 2.600632E+00 Time/step= 2.591373E+00 ETA (HH:MM:SS) = 1:35:49
 [ 27%]  Time step      791 of 3001 @ t_step =      790 Time Avg = 2.600632E+00 Time/step= 2.600797E+00 ETA (HH:MM:SS) = 1:35:47
 [ 27%]  Time step      792 of 3001 @ t_step =      791 Time Avg = 2.600650E+00 Time/step= 2.614424E+00 ETA (HH:MM:SS) = 1:35:44
 [ 27%]  Time step      793 of 3001 @ t_step =      792 Time Avg = 2.600624E+00 Time/step= 2.580461E+00 ETA (HH:MM:SS) = 1:35:42
 [ 27%]  Time step      794 of 3001 @ t_step =      793 Time Avg = 2.600627E+00 Time/step= 2.602774E+00 ETA (HH:MM:SS) = 1:35:39
 [ 27%]  Time step      795 of 3001 @ t_step =      794 Time Avg = 2.600619E+00 Time/step= 2.594323E+00 ETA (HH:MM:SS) = 1:35:36
 [ 27%]  Time step      796 of 3001 @ t_step =      795 Time Avg = 2.600619E+00 Time/step= 2.600763E+00 ETA (HH:MM:SS) = 1:35:34
 [ 27%]  Time step      797 of 3001 @ t_step =      796 Time Avg = 2.600615E+00 Time/step= 2.596894E+00 ETA (HH:MM:SS) = 1:35:31
 [ 27%]  Time step      798 of 3001 @ t_step =      797 Time Avg = 2.600597E+00 Time/step= 2.586343E+00 ETA (HH:MM:SS) = 1:35:29
 [ 27%]  Time step      799 of 3001 @ t_step =      798 Time Avg = 2.600603E+00 Time/step= 2.605532E+00 ETA (HH:MM:SS) = 1:35:26
 [ 27%]  Time step      800 of 3001 @ t_step =      799 Time Avg = 2.600577E+00 Time/step= 2.580328E+00 ETA (HH:MM:SS) = 1:35:23
 [ 27%]  Time step      801 of 3001 @ t_step =      800 Time Avg = 2.600600E+00 Time/step= 2.619059E+00 ETA (HH:MM:SS) = 1:35:21
 [ 27%]  Time step      802 of 3001 @ t_step =      801 Time Avg = 2.600699E+00 Time/step= 2.679697E+00 ETA (HH:MM:SS) = 1:35:18
 [ 27%]  Time step      803 of 3001 @ t_step =      802 Time Avg = 2.600668E+00 Time/step= 2.575156E+00 ETA (HH:MM:SS) = 1:35:16
 [ 27%]  Time step      804 of 3001 @ t_step =      803 Time Avg = 2.600689E+00 Time/step= 2.617655E+00 ETA (HH:MM:SS) = 1:35:13
 [ 27%]  Time step      805 of 3001 @ t_step =      804 Time Avg = 2.600682E+00 Time/step= 2.595285E+00 ETA (HH:MM:SS) = 1:35:11
 [ 27%]  Time step      806 of 3001 @ t_step =      805 Time Avg = 2.600679E+00 Time/step= 2.598131E+00 ETA (HH:MM:SS) = 1:35:08
 [ 27%]  Time step      807 of 3001 @ t_step =      806 Time Avg = 2.600659E+00 Time/step= 2.584376E+00 ETA (HH:MM:SS) = 1:35:05
 [ 27%]  Time step      808 of 3001 @ t_step =      807 Time Avg = 2.600661E+00 Time/step= 2.602435E+00 ETA (HH:MM:SS) = 1:35:03
 [ 27%]  Time step      809 of 3001 @ t_step =      808 Time Avg = 2.600671E+00 Time/step= 2.609164E+00 ETA (HH:MM:SS) = 1:35:00
 [ 27%]  Time step      810 of 3001 @ t_step =      809 Time Avg = 2.600702E+00 Time/step= 2.625547E+00 ETA (HH:MM:SS) = 1:34:58
 [ 27%]  Time step      811 of 3001 @ t_step =      810 Time Avg = 2.600673E+00 Time/step= 2.577235E+00 ETA (HH:MM:SS) = 1:34:55
 [ 28%]  Time step      812 of 3001 @ t_step =      811 Time Avg = 2.600692E+00 Time/step= 2.616021E+00 ETA (HH:MM:SS) = 1:34:52
 [ 28%]  Time step      813 of 3001 @ t_step =      812 Time Avg = 2.600698E+00 Time/step= 2.605619E+00 ETA (HH:MM:SS) = 1:34:50
 [ 28%]  Time step      814 of 3001 @ t_step =      813 Time Avg = 2.600700E+00 Time/step= 2.602564E+00 ETA (HH:MM:SS) = 1:34:47
 [ 28%]  Time step      815 of 3001 @ t_step =      814 Time Avg = 2.600691E+00 Time/step= 2.593326E+00 ETA (HH:MM:SS) = 1:34:45
 [ 28%]  Time step      816 of 3001 @ t_step =      815 Time Avg = 2.600718E+00 Time/step= 2.622276E+00 ETA (HH:MM:SS) = 1:34:42
 [ 28%]  Time step      817 of 3001 @ t_step =      816 Time Avg = 2.600709E+00 Time/step= 2.593591E+00 ETA (HH:MM:SS) = 1:34:39
 [ 28%]  Time step      818 of 3001 @ t_step =      817 Time Avg = 2.600698E+00 Time/step= 2.591463E+00 ETA (HH:MM:SS) = 1:34:37
 [ 28%]  Time step      819 of 3001 @ t_step =      818 Time Avg = 2.600677E+00 Time/step= 2.583337E+00 ETA (HH:MM:SS) = 1:34:34
 [ 28%]  Time step      820 of 3001 @ t_step =      819 Time Avg = 2.600660E+00 Time/step= 2.587129E+00 ETA (HH:MM:SS) = 1:34:32
 [ 28%]  Time step      821 of 3001 @ t_step =      820 Time Avg = 2.600676E+00 Time/step= 2.613588E+00 ETA (HH:MM:SS) = 1:34:29
 [ 28%]  Time step      822 of 3001 @ t_step =      821 Time Avg = 2.600694E+00 Time/step= 2.615473E+00 ETA (HH:MM:SS) = 1:34:26
 [ 28%]  Time step      823 of 3001 @ t_step =      822 Time Avg = 2.600685E+00 Time/step= 2.593173E+00 ETA (HH:MM:SS) = 1:34:24
 [ 28%]  Time step      824 of 3001 @ t_step =      823 Time Avg = 2.600682E+00 Time/step= 2.598201E+00 ETA (HH:MM:SS) = 1:34:21
 [ 28%]  Time step      825 of 3001 @ t_step =      824 Time Avg = 2.600697E+00 Time/step= 2.613711E+00 ETA (HH:MM:SS) = 1:34:19
 [ 28%]  Time step      826 of 3001 @ t_step =      825 Time Avg = 2.600684E+00 Time/step= 2.589355E+00 ETA (HH:MM:SS) = 1:34:16
 [ 28%]  Time step      827 of 3001 @ t_step =      826 Time Avg = 2.600712E+00 Time/step= 2.623690E+00 ETA (HH:MM:SS) = 1:34:13
 [ 28%]  Time step      828 of 3001 @ t_step =      827 Time Avg = 2.600723E+00 Time/step= 2.610111E+00 ETA (HH:MM:SS) = 1:34:11
 [ 28%]  Time step      829 of 3001 @ t_step =      828 Time Avg = 2.600753E+00 Time/step= 2.625619E+00 ETA (HH:MM:SS) = 1:34:08
 [ 28%]  Time step      830 of 3001 @ t_step =      829 Time Avg = 2.600740E+00 Time/step= 2.590082E+00 ETA (HH:MM:SS) = 1:34:06
 [ 28%]  Time step      831 of 3001 @ t_step =      830 Time Avg = 2.600737E+00 Time/step= 2.597867E+00 ETA (HH:MM:SS) = 1:34:03
 [ 28%]  Time step      832 of 3001 @ t_step =      831 Time Avg = 2.600748E+00 Time/step= 2.609805E+00 ETA (HH:MM:SS) = 1:34:01
 [ 28%]  Time step      833 of 3001 @ t_step =      832 Time Avg = 2.600759E+00 Time/step= 2.610439E+00 ETA (HH:MM:SS) = 1:33:58
 [ 28%]  Time step      834 of 3001 @ t_step =      833 Time Avg = 2.600770E+00 Time/step= 2.609318E+00 ETA (HH:MM:SS) = 1:33:55
 [ 28%]  Time step      835 of 3001 @ t_step =      834 Time Avg = 2.600762E+00 Time/step= 2.594689E+00 ETA (HH:MM:SS) = 1:33:53
 [ 28%]  Time step      836 of 3001 @ t_step =      835 Time Avg = 2.600782E+00 Time/step= 2.616849E+00 ETA (HH:MM:SS) = 1:33:50
 [ 28%]  Time step      837 of 3001 @ t_step =      836 Time Avg = 2.600758E+00 Time/step= 2.581270E+00 ETA (HH:MM:SS) = 1:33:48
 [ 28%]  Time step      838 of 3001 @ t_step =      837 Time Avg = 2.600734E+00 Time/step= 2.580124E+00 ETA (HH:MM:SS) = 1:33:45
 [ 28%]  Time step      839 of 3001 @ t_step =      838 Time Avg = 2.600770E+00 Time/step= 2.630960E+00 ETA (HH:MM:SS) = 1:33:42
 [ 28%]  Time step      840 of 3001 @ t_step =      839 Time Avg = 2.600799E+00 Time/step= 2.625522E+00 ETA (HH:MM:SS) = 1:33:40
 [ 28%]  Time step      841 of 3001 @ t_step =      840 Time Avg = 2.600774E+00 Time/step= 2.579684E+00 ETA (HH:MM:SS) = 1:33:37
 [ 29%]  Time step      842 of 3001 @ t_step =      841 Time Avg = 2.600762E+00 Time/step= 2.590430E+00 ETA (HH:MM:SS) = 1:33:35
 [ 29%]  Time step      843 of 3001 @ t_step =      842 Time Avg = 2.600782E+00 Time/step= 2.617591E+00 ETA (HH:MM:SS) = 1:33:32
 [ 29%]  Time step      844 of 3001 @ t_step =      843 Time Avg = 2.600771E+00 Time/step= 2.591980E+00 ETA (HH:MM:SS) = 1:33:29
 [ 29%]  Time step      845 of 3001 @ t_step =      844 Time Avg = 2.600751E+00 Time/step= 2.583863E+00 ETA (HH:MM:SS) = 1:33:27
 [ 29%]  Time step      846 of 3001 @ t_step =      845 Time Avg = 2.600757E+00 Time/step= 2.605785E+00 ETA (HH:MM:SS) = 1:33:24
 [ 29%]  Time step      847 of 3001 @ t_step =      846 Time Avg = 2.600740E+00 Time/step= 2.586331E+00 ETA (HH:MM:SS) = 1:33:21
 [ 29%]  Time step      848 of 3001 @ t_step =      847 Time Avg = 2.600749E+00 Time/step= 2.608006E+00 ETA (HH:MM:SS) = 1:33:19
 [ 29%]  Time step      849 of 3001 @ t_step =      848 Time Avg = 2.600740E+00 Time/step= 2.593279E+00 ETA (HH:MM:SS) = 1:33:16
 [ 29%]  Time step      850 of 3001 @ t_step =      849 Time Avg = 2.600717E+00 Time/step= 2.581401E+00 ETA (HH:MM:SS) = 1:33:14
 [ 29%]  Time step      851 of 3001 @ t_step =      850 Time Avg = 2.600732E+00 Time/step= 2.612957E+00 ETA (HH:MM:SS) = 1:33:11
 [ 29%]  Time step      852 of 3001 @ t_step =      851 Time Avg = 2.600784E+00 Time/step= 2.645032E+00 ETA (HH:MM:SS) = 1:33:09
 [ 29%]  Time step      853 of 3001 @ t_step =      852 Time Avg = 2.600796E+00 Time/step= 2.611321E+00 ETA (HH:MM:SS) = 1:33:06
 [ 29%]  Time step      854 of 3001 @ t_step =      853 Time Avg = 2.600798E+00 Time/step= 2.602290E+00 ETA (HH:MM:SS) = 1:33:03
 [ 29%]  Time step      855 of 3001 @ t_step =      854 Time Avg = 2.600786E+00 Time/step= 2.590796E+00 ETA (HH:MM:SS) = 1:33:01
 [ 29%]  Time step      856 of 3001 @ t_step =      855 Time Avg = 2.600791E+00 Time/step= 2.604720E+00 ETA (HH:MM:SS) = 1:32:58
 [ 29%]  Time step      857 of 3001 @ t_step =      856 Time Avg = 2.600787E+00 Time/step= 2.597701E+00 ETA (HH:MM:SS) = 1:32:56
 [ 29%]  Time step      858 of 3001 @ t_step =      857 Time Avg = 2.600780E+00 Time/step= 2.595014E+00 ETA (HH:MM:SS) = 1:32:53
 [ 29%]  Time step      859 of 3001 @ t_step =      858 Time Avg = 2.600842E+00 Time/step= 2.653398E+00 ETA (HH:MM:SS) = 1:32:51
 [ 29%]  Time step      860 of 3001 @ t_step =      859 Time Avg = 2.600844E+00 Time/step= 2.602692E+00 ETA (HH:MM:SS) = 1:32:48
 [ 29%]  Time step      861 of 3001 @ t_step =      860 Time Avg = 2.600849E+00 Time/step= 2.605060E+00 ETA (HH:MM:SS) = 1:32:45
 [ 29%]  Time step      862 of 3001 @ t_step =      861 Time Avg = 2.600846E+00 Time/step= 2.598446E+00 ETA (HH:MM:SS) = 1:32:43
 [ 29%]  Time step      863 of 3001 @ t_step =      862 Time Avg = 2.600823E+00 Time/step= 2.580866E+00 ETA (HH:MM:SS) = 1:32:40
 [ 29%]  Time step      864 of 3001 @ t_step =      863 Time Avg = 2.600818E+00 Time/step= 2.596659E+00 ETA (HH:MM:SS) = 1:32:37
 [ 29%]  Time step      865 of 3001 @ t_step =      864 Time Avg = 2.600805E+00 Time/step= 2.589954E+00 ETA (HH:MM:SS) = 1:32:35
 [ 29%]  Time step      866 of 3001 @ t_step =      865 Time Avg = 2.600781E+00 Time/step= 2.580064E+00 ETA (HH:MM:SS) = 1:32:32
 [ 29%]  Time step      867 of 3001 @ t_step =      866 Time Avg = 2.600796E+00 Time/step= 2.613795E+00 ETA (HH:MM:SS) = 1:32:30
 [ 29%]  Time step      868 of 3001 @ t_step =      867 Time Avg = 2.600782E+00 Time/step= 2.588530E+00 ETA (HH:MM:SS) = 1:32:27
 [ 29%]  Time step      869 of 3001 @ t_step =      868 Time Avg = 2.600760E+00 Time/step= 2.581729E+00 ETA (HH:MM:SS) = 1:32:24
 [ 29%]  Time step      870 of 3001 @ t_step =      869 Time Avg = 2.600754E+00 Time/step= 2.595376E+00 ETA (HH:MM:SS) = 1:32:22
 [ 29%]  Time step      871 of 3001 @ t_step =      870 Time Avg = 2.600761E+00 Time/step= 2.606734E+00 ETA (HH:MM:SS) = 1:32:19
 [ 30%]  Time step      872 of 3001 @ t_step =      871 Time Avg = 2.600764E+00 Time/step= 2.603112E+00 ETA (HH:MM:SS) = 1:32:17
 [ 30%]  Time step      873 of 3001 @ t_step =      872 Time Avg = 2.600754E+00 Time/step= 2.592447E+00 ETA (HH:MM:SS) = 1:32:14
 [ 30%]  Time step      874 of 3001 @ t_step =      873 Time Avg = 2.600755E+00 Time/step= 2.601145E+00 ETA (HH:MM:SS) = 1:32:11
 [ 30%]  Time step      875 of 3001 @ t_step =      874 Time Avg = 2.600767E+00 Time/step= 2.611559E+00 ETA (HH:MM:SS) = 1:32:09
 [ 30%]  Time step      876 of 3001 @ t_step =      875 Time Avg = 2.600765E+00 Time/step= 2.599091E+00 ETA (HH:MM:SS) = 1:32:06
 [ 30%]  Time step      877 of 3001 @ t_step =      876 Time Avg = 2.600795E+00 Time/step= 2.627013E+00 ETA (HH:MM:SS) = 1:32:04
 [ 30%]  Time step      878 of 3001 @ t_step =      877 Time Avg = 2.600804E+00 Time/step= 2.608255E+00 ETA (HH:MM:SS) = 1:32:01
 [ 30%]  Time step      879 of 3001 @ t_step =      878 Time Avg = 2.600784E+00 Time/step= 2.583607E+00 ETA (HH:MM:SS) = 1:31:58
 [ 30%]  Time step      880 of 3001 @ t_step =      879 Time Avg = 2.600781E+00 Time/step= 2.598473E+00 ETA (HH:MM:SS) = 1:31:56
 [ 30%]  Time step      881 of 3001 @ t_step =      880 Time Avg = 2.600808E+00 Time/step= 2.624111E+00 ETA (HH:MM:SS) = 1:31:53
 [ 30%]  Time step      882 of 3001 @ t_step =      881 Time Avg = 2.600836E+00 Time/step= 2.625102E+00 ETA (HH:MM:SS) = 1:31:51
 [ 30%]  Time step      883 of 3001 @ t_step =      882 Time Avg = 2.600824E+00 Time/step= 2.590988E+00 ETA (HH:MM:SS) = 1:31:48
 [ 30%]  Time step      884 of 3001 @ t_step =      883 Time Avg = 2.600825E+00 Time/step= 2.601397E+00 ETA (HH:MM:SS) = 1:31:45
 [ 30%]  Time step      885 of 3001 @ t_step =      884 Time Avg = 2.600850E+00 Time/step= 2.623240E+00 ETA (HH:MM:SS) = 1:31:43
 [ 30%]  Time step      886 of 3001 @ t_step =      885 Time Avg = 2.600828E+00 Time/step= 2.581008E+00 ETA (HH:MM:SS) = 1:31:40
 [ 30%]  Time step      887 of 3001 @ t_step =      886 Time Avg = 2.600844E+00 Time/step= 2.614972E+00 ETA (HH:MM:SS) = 1:31:38
 [ 30%]  Time step      888 of 3001 @ t_step =      887 Time Avg = 2.600833E+00 Time/step= 2.590809E+00 ETA (HH:MM:SS) = 1:31:35
 [ 30%]  Time step      889 of 3001 @ t_step =      888 Time Avg = 2.600829E+00 Time/step= 2.597690E+00 ETA (HH:MM:SS) = 1:31:32
 [ 30%]  Time step      890 of 3001 @ t_step =      889 Time Avg = 2.600818E+00 Time/step= 2.591232E+00 ETA (HH:MM:SS) = 1:31:30
 [ 30%]  Time step      891 of 3001 @ t_step =      890 Time Avg = 2.600836E+00 Time/step= 2.616233E+00 ETA (HH:MM:SS) = 1:31:27
 [ 30%]  Time step      892 of 3001 @ t_step =      891 Time Avg = 2.600842E+00 Time/step= 2.606253E+00 ETA (HH:MM:SS) = 1:31:25
 [ 30%]  Time step      893 of 3001 @ t_step =      892 Time Avg = 2.600835E+00 Time/step= 2.594651E+00 ETA (HH:MM:SS) = 1:31:22
 [ 30%]  Time step      894 of 3001 @ t_step =      893 Time Avg = 2.600840E+00 Time/step= 2.605382E+00 ETA (HH:MM:SS) = 1:31:19
 [ 30%]  Time step      895 of 3001 @ t_step =      894 Time Avg = 2.600846E+00 Time/step= 2.606597E+00 ETA (HH:MM:SS) = 1:31:17
 [ 30%]  Time step      896 of 3001 @ t_step =      895 Time Avg = 2.600855E+00 Time/step= 2.608689E+00 ETA (HH:MM:SS) = 1:31:14
 [ 30%]  Time step      897 of 3001 @ t_step =      896 Time Avg = 2.600873E+00 Time/step= 2.616608E+00 ETA (HH:MM:SS) = 1:31:12
 [ 30%]  Time step      898 of 3001 @ t_step =      897 Time Avg = 2.600865E+00 Time/step= 2.594025E+00 ETA (HH:MM:SS) = 1:31:09
 [ 30%]  Time step      899 of 3001 @ t_step =      898 Time Avg = 2.600867E+00 Time/step= 2.602990E+00 ETA (HH:MM:SS) = 1:31:07
 [ 30%]  Time step      900 of 3001 @ t_step =      899 Time Avg = 2.600882E+00 Time/step= 2.613731E+00 ETA (HH:MM:SS) = 1:31:04
 [ 30%]  Time step      901 of 3001 @ t_step =      900 Time Avg = 2.600870E+00 Time/step= 2.590735E+00 ETA (HH:MM:SS) = 1:31:01
 [ 31%]  Time step      902 of 3001 @ t_step =      901 Time Avg = 2.600903E+00 Time/step= 2.629940E+00 ETA (HH:MM:SS) = 1:30:59
 [ 31%]  Time step      903 of 3001 @ t_step =      902 Time Avg = 2.600908E+00 Time/step= 2.605853E+00 ETA (HH:MM:SS) = 1:30:56
 [ 31%]  Time step      904 of 3001 @ t_step =      903 Time Avg = 2.600890E+00 Time/step= 2.584797E+00 ETA (HH:MM:SS) = 1:30:54
 [ 31%]  Time step      905 of 3001 @ t_step =      904 Time Avg = 2.600881E+00 Time/step= 2.592719E+00 ETA (HH:MM:SS) = 1:30:51
 [ 31%]  Time step      906 of 3001 @ t_step =      905 Time Avg = 2.600896E+00 Time/step= 2.613924E+00 ETA (HH:MM:SS) = 1:30:48
 [ 31%]  Time step      907 of 3001 @ t_step =      906 Time Avg = 2.600908E+00 Time/step= 2.611530E+00 ETA (HH:MM:SS) = 1:30:46
 [ 31%]  Time step      908 of 3001 @ t_step =      907 Time Avg = 2.600912E+00 Time/step= 2.604832E+00 ETA (HH:MM:SS) = 1:30:43
 [ 31%]  Time step      909 of 3001 @ t_step =      908 Time Avg = 2.600899E+00 Time/step= 2.589184E+00 ETA (HH:MM:SS) = 1:30:41
 [ 31%]  Time step      910 of 3001 @ t_step =      909 Time Avg = 2.600909E+00 Time/step= 2.610184E+00 ETA (HH:MM:SS) = 1:30:38
 [ 31%]  Time step      911 of 3001 @ t_step =      910 Time Avg = 2.600903E+00 Time/step= 2.595174E+00 ETA (HH:MM:SS) = 1:30:35
 [ 31%]  Time step      912 of 3001 @ t_step =      911 Time Avg = 2.600879E+00 Time/step= 2.579473E+00 ETA (HH:MM:SS) = 1:30:33
 [ 31%]  Time step      913 of 3001 @ t_step =      912 Time Avg = 2.600857E+00 Time/step= 2.580782E+00 ETA (HH:MM:SS) = 1:30:30
 [ 31%]  Time step      914 of 3001 @ t_step =      913 Time Avg = 2.600884E+00 Time/step= 2.625081E+00 ETA (HH:MM:SS) = 1:30:28
 [ 31%]  Time step      915 of 3001 @ t_step =      914 Time Avg = 2.600872E+00 Time/step= 2.590350E+00 ETA (HH:MM:SS) = 1:30:25
 [ 31%]  Time step      916 of 3001 @ t_step =      915 Time Avg = 2.600856E+00 Time/step= 2.586203E+00 ETA (HH:MM:SS) = 1:30:22
 [ 31%]  Time step      917 of 3001 @ t_step =      916 Time Avg = 2.600871E+00 Time/step= 2.614813E+00 ETA (HH:MM:SS) = 1:30:20
 [ 31%]  Time step      918 of 3001 @ t_step =      917 Time Avg = 2.600865E+00 Time/step= 2.594577E+00 ETA (HH:MM:SS) = 1:30:17
 [ 31%]  Time step      919 of 3001 @ t_step =      918 Time Avg = 2.600856E+00 Time/step= 2.593087E+00 ETA (HH:MM:SS) = 1:30:14
 [ 31%]  Time step      920 of 3001 @ t_step =      919 Time Avg = 2.600849E+00 Time/step= 2.594315E+00 ETA (HH:MM:SS) = 1:30:12
 [ 31%]  Time step      921 of 3001 @ t_step =      920 Time Avg = 2.600843E+00 Time/step= 2.595031E+00 ETA (HH:MM:SS) = 1:30:09
 [ 31%]  Time step      922 of 3001 @ t_step =      921 Time Avg = 2.600837E+00 Time/step= 2.596031E+00 ETA (HH:MM:SS) = 1:30:07
 [ 31%]  Time step      923 of 3001 @ t_step =      922 Time Avg = 2.600831E+00 Time/step= 2.594968E+00 ETA (HH:MM:SS) = 1:30:04
 [ 31%]  Time step      924 of 3001 @ t_step =      923 Time Avg = 2.600841E+00 Time/step= 2.610375E+00 ETA (HH:MM:SS) = 1:30:01
 [ 31%]  Time step      925 of 3001 @ t_step =      924 Time Avg = 2.600868E+00 Time/step= 2.625303E+00 ETA (HH:MM:SS) = 1:29:59
 [ 31%]  Time step      926 of 3001 @ t_step =      925 Time Avg = 2.600856E+00 Time/step= 2.590332E+00 ETA (HH:MM:SS) = 1:29:56
 [ 31%]  Time step      927 of 3001 @ t_step =      926 Time Avg = 2.600839E+00 Time/step= 2.584985E+00 ETA (HH:MM:SS) = 1:29:54
 [ 31%]  Time step      928 of 3001 @ t_step =      927 Time Avg = 2.600837E+00 Time/step= 2.598437E+00 ETA (HH:MM:SS) = 1:29:51
 [ 31%]  Time step      929 of 3001 @ t_step =      928 Time Avg = 2.600860E+00 Time/step= 2.622104E+00 ETA (HH:MM:SS) = 1:29:48
 [ 31%]  Time step      930 of 3001 @ t_step =      929 Time Avg = 2.600863E+00 Time/step= 2.603629E+00 ETA (HH:MM:SS) = 1:29:46
 [ 31%]  Time step      931 of 3001 @ t_step =      930 Time Avg = 2.600851E+00 Time/step= 2.590079E+00 ETA (HH:MM:SS) = 1:29:43
 [ 32%]  Time step      932 of 3001 @ t_step =      931 Time Avg = 2.600874E+00 Time/step= 2.621721E+00 ETA (HH:MM:SS) = 1:29:41
 [ 32%]  Time step      933 of 3001 @ t_step =      932 Time Avg = 2.600860E+00 Time/step= 2.588422E+00 ETA (HH:MM:SS) = 1:29:38
 [ 32%]  Time step      934 of 3001 @ t_step =      933 Time Avg = 2.600879E+00 Time/step= 2.618827E+00 ETA (HH:MM:SS) = 1:29:36
 [ 32%]  Time step      935 of 3001 @ t_step =      934 Time Avg = 2.600885E+00 Time/step= 2.606073E+00 ETA (HH:MM:SS) = 1:29:33
 [ 32%]  Time step      936 of 3001 @ t_step =      935 Time Avg = 2.600906E+00 Time/step= 2.620070E+00 ETA (HH:MM:SS) = 1:29:30
 [ 32%]  Time step      937 of 3001 @ t_step =      936 Time Avg = 2.600886E+00 Time/step= 2.582822E+00 ETA (HH:MM:SS) = 1:29:28
 [ 32%]  Time step      938 of 3001 @ t_step =      937 Time Avg = 2.600864E+00 Time/step= 2.580272E+00 ETA (HH:MM:SS) = 1:29:25
 [ 32%]  Time step      939 of 3001 @ t_step =      938 Time Avg = 2.600873E+00 Time/step= 2.609449E+00 ETA (HH:MM:SS) = 1:29:23
 [ 32%]  Time step      940 of 3001 @ t_step =      939 Time Avg = 2.600897E+00 Time/step= 2.623070E+00 ETA (HH:MM:SS) = 1:29:20
 [ 32%]  Time step      941 of 3001 @ t_step =      940 Time Avg = 2.600901E+00 Time/step= 2.604988E+00 ETA (HH:MM:SS) = 1:29:17
 [ 32%]  Time step      942 of 3001 @ t_step =      941 Time Avg = 2.600929E+00 Time/step= 2.627026E+00 ETA (HH:MM:SS) = 1:29:15
 [ 32%]  Time step      943 of 3001 @ t_step =      942 Time Avg = 2.600944E+00 Time/step= 2.614569E+00 ETA (HH:MM:SS) = 1:29:12
 [ 32%]  Time step      944 of 3001 @ t_step =      943 Time Avg = 2.600959E+00 Time/step= 2.615710E+00 ETA (HH:MM:SS) = 1:29:10
 [ 32%]  Time step      945 of 3001 @ t_step =      944 Time Avg = 2.600974E+00 Time/step= 2.614947E+00 ETA (HH:MM:SS) = 1:29:07
 [ 32%]  Time step      946 of 3001 @ t_step =      945 Time Avg = 2.600955E+00 Time/step= 2.583173E+00 ETA (HH:MM:SS) = 1:29:04
 [ 32%]  Time step      947 of 3001 @ t_step =      946 Time Avg = 2.600966E+00 Time/step= 2.611148E+00 ETA (HH:MM:SS) = 1:29:02
 [ 32%]  Time step      948 of 3001 @ t_step =      947 Time Avg = 2.600968E+00 Time/step= 2.602682E+00 ETA (HH:MM:SS) = 1:28:59
 [ 32%]  Time step      949 of 3001 @ t_step =      948 Time Avg = 2.600993E+00 Time/step= 2.624856E+00 ETA (HH:MM:SS) = 1:28:57
 [ 32%]  Time step      950 of 3001 @ t_step =      949 Time Avg = 2.600992E+00 Time/step= 2.600054E+00 ETA (HH:MM:SS) = 1:28:54
 [ 32%]  Time step      951 of 3001 @ t_step =      950 Time Avg = 2.600988E+00 Time/step= 2.596961E+00 ETA (HH:MM:SS) = 1:28:52
 [ 32%]  Time step      952 of 3001 @ t_step =      951 Time Avg = 2.601040E+00 Time/step= 2.650654E+00 ETA (HH:MM:SS) = 1:28:49
 [ 32%]  Time step      953 of 3001 @ t_step =      952 Time Avg = 2.601047E+00 Time/step= 2.607564E+00 ETA (HH:MM:SS) = 1:28:46
 [ 32%]  Time step      954 of 3001 @ t_step =      953 Time Avg = 2.601023E+00 Time/step= 2.577903E+00 ETA (HH:MM:SS) = 1:28:44
 [ 32%]  Time step      955 of 3001 @ t_step =      954 Time Avg = 2.601022E+00 Time/step= 2.600527E+00 ETA (HH:MM:SS) = 1:28:41
 [ 32%]  Time step      956 of 3001 @ t_step =      955 Time Avg = 2.601030E+00 Time/step= 2.608090E+00 ETA (HH:MM:SS) = 1:28:39
 [ 32%]  Time step      957 of 3001 @ t_step =      956 Time Avg = 2.601025E+00 Time/step= 2.596646E+00 ETA (HH:MM:SS) = 1:28:36
 [ 32%]  Time step      958 of 3001 @ t_step =      957 Time Avg = 2.601056E+00 Time/step= 2.630917E+00 ETA (HH:MM:SS) = 1:28:33
 [ 32%]  Time step      959 of 3001 @ t_step =      958 Time Avg = 2.601054E+00 Time/step= 2.598675E+00 ETA (HH:MM:SS) = 1:28:31
 [ 32%]  Time step      960 of 3001 @ t_step =      959 Time Avg = 2.601057E+00 Time/step= 2.604328E+00 ETA (HH:MM:SS) = 1:28:28
 [ 32%]  Time step      961 of 3001 @ t_step =      960 Time Avg = 2.601027E+00 Time/step= 2.571934E+00 ETA (HH:MM:SS) = 1:28:26
 [ 33%]  Time step      962 of 3001 @ t_step =      961 Time Avg = 2.600996E+00 Time/step= 2.571054E+00 ETA (HH:MM:SS) = 1:28:23
 [ 33%]  Time step      963 of 3001 @ t_step =      962 Time Avg = 2.600999E+00 Time/step= 2.603860E+00 ETA (HH:MM:SS) = 1:28:20
 [ 33%]  Time step      964 of 3001 @ t_step =      963 Time Avg = 2.600983E+00 Time/step= 2.586065E+00 ETA (HH:MM:SS) = 1:28:18
 [ 33%]  Time step      965 of 3001 @ t_step =      964 Time Avg = 2.600996E+00 Time/step= 2.613626E+00 ETA (HH:MM:SS) = 1:28:15
 [ 33%]  Time step      966 of 3001 @ t_step =      965 Time Avg = 2.600997E+00 Time/step= 2.601279E+00 ETA (HH:MM:SS) = 1:28:13
 [ 33%]  Time step      967 of 3001 @ t_step =      966 Time Avg = 2.601006E+00 Time/step= 2.609648E+00 ETA (HH:MM:SS) = 1:28:10
 [ 33%]  Time step      968 of 3001 @ t_step =      967 Time Avg = 2.600992E+00 Time/step= 2.587677E+00 ETA (HH:MM:SS) = 1:28:07
 [ 33%]  Time step      969 of 3001 @ t_step =      968 Time Avg = 2.600989E+00 Time/step= 2.598335E+00 ETA (HH:MM:SS) = 1:28:05
 [ 33%]  Time step      970 of 3001 @ t_step =      969 Time Avg = 2.600972E+00 Time/step= 2.584649E+00 ETA (HH:MM:SS) = 1:28:02
 [ 33%]  Time step      971 of 3001 @ t_step =      970 Time Avg = 2.600960E+00 Time/step= 2.589626E+00 ETA (HH:MM:SS) = 1:27:59
 [ 33%]  Time step      972 of 3001 @ t_step =      971 Time Avg = 2.600970E+00 Time/step= 2.610569E+00 ETA (HH:MM:SS) = 1:27:57
 [ 33%]  Time step      973 of 3001 @ t_step =      972 Time Avg = 2.601026E+00 Time/step= 2.654535E+00 ETA (HH:MM:SS) = 1:27:54
 [ 33%]  Time step      974 of 3001 @ t_step =      973 Time Avg = 2.601027E+00 Time/step= 2.602332E+00 ETA (HH:MM:SS) = 1:27:52
 [ 33%]  Time step      975 of 3001 @ t_step =      974 Time Avg = 2.601025E+00 Time/step= 2.599371E+00 ETA (HH:MM:SS) = 1:27:49
 [ 33%]  Time step      976 of 3001 @ t_step =      975 Time Avg = 2.601030E+00 Time/step= 2.605413E+00 ETA (HH:MM:SS) = 1:27:47
 [ 33%]  Time step      977 of 3001 @ t_step =      976 Time Avg = 2.601030E+00 Time/step= 2.601812E+00 ETA (HH:MM:SS) = 1:27:44
 [ 33%]  Time step      978 of 3001 @ t_step =      977 Time Avg = 2.601027E+00 Time/step= 2.597251E+00 ETA (HH:MM:SS) = 1:27:41
 [ 33%]  Time step      979 of 3001 @ t_step =      978 Time Avg = 2.601054E+00 Time/step= 2.627360E+00 ETA (HH:MM:SS) = 1:27:39
 [ 33%]  Time step      980 of 3001 @ t_step =      979 Time Avg = 2.601057E+00 Time/step= 2.604301E+00 ETA (HH:MM:SS) = 1:27:36
 [ 33%]  Time step      981 of 3001 @ t_step =      980 Time Avg = 2.601037E+00 Time/step= 2.581987E+00 ETA (HH:MM:SS) = 1:27:34
 [ 33%]  Time step      982 of 3001 @ t_step =      981 Time Avg = 2.601039E+00 Time/step= 2.602909E+00 ETA (HH:MM:SS) = 1:27:31
 [ 33%]  Time step      983 of 3001 @ t_step =      982 Time Avg = 2.601025E+00 Time/step= 2.587128E+00 ETA (HH:MM:SS) = 1:27:28
 [ 33%]  Time step      984 of 3001 @ t_step =      983 Time Avg = 2.601011E+00 Time/step= 2.586733E+00 ETA (HH:MM:SS) = 1:27:26
 [ 33%]  Time step      985 of 3001 @ t_step =      984 Time Avg = 2.601005E+00 Time/step= 2.595574E+00 ETA (HH:MM:SS) = 1:27:23
 [ 33%]  Time step      986 of 3001 @ t_step =      985 Time Avg = 2.600988E+00 Time/step= 2.584091E+00 ETA (HH:MM:SS) = 1:27:20
 [ 33%]  Time step      987 of 3001 @ t_step =      986 Time Avg = 2.600978E+00 Time/step= 2.591128E+00 ETA (HH:MM:SS) = 1:27:18
 [ 33%]  Time step      988 of 3001 @ t_step =      987 Time Avg = 2.600960E+00 Time/step= 2.583828E+00 ETA (HH:MM:SS) = 1:27:15
 [ 33%]  Time step      989 of 3001 @ t_step =      988 Time Avg = 2.600951E+00 Time/step= 2.592058E+00 ETA (HH:MM:SS) = 1:27:13
 [ 33%]  Time step      990 of 3001 @ t_step =      989 Time Avg = 2.600946E+00 Time/step= 2.595396E+00 ETA (HH:MM:SS) = 1:27:10
 [ 33%]  Time step      991 of 3001 @ t_step =      990 Time Avg = 2.600976E+00 Time/step= 2.631057E+00 ETA (HH:MM:SS) = 1:27:07
 [ 34%]  Time step      992 of 3001 @ t_step =      991 Time Avg = 2.600970E+00 Time/step= 2.595279E+00 ETA (HH:MM:SS) = 1:27:05
 [ 34%]  Time step      993 of 3001 @ t_step =      992 Time Avg = 2.600990E+00 Time/step= 2.620633E+00 ETA (HH:MM:SS) = 1:27:02
 [ 34%]  Time step      994 of 3001 @ t_step =      993 Time Avg = 2.600982E+00 Time/step= 2.593154E+00 ETA (HH:MM:SS) = 1:27:00
 [ 34%]  Time step      995 of 3001 @ t_step =      994 Time Avg = 2.600995E+00 Time/step= 2.613969E+00 ETA (HH:MM:SS) = 1:26:57
 [ 34%]  Time step      996 of 3001 @ t_step =      995 Time Avg = 2.600997E+00 Time/step= 2.602962E+00 ETA (HH:MM:SS) = 1:26:54
 [ 34%]  Time step      997 of 3001 @ t_step =      996 Time Avg = 2.600981E+00 Time/step= 2.584392E+00 ETA (HH:MM:SS) = 1:26:52
 [ 34%]  Time step      998 of 3001 @ t_step =      997 Time Avg = 2.601009E+00 Time/step= 2.629406E+00 ETA (HH:MM:SS) = 1:26:49
 [ 34%]  Time step      999 of 3001 @ t_step =      998 Time Avg = 2.601012E+00 Time/step= 2.603182E+00 ETA (HH:MM:SS) = 1:26:47
 [ 34%]  Time step     1000 of 3001 @ t_step =      999 Time Avg = 2.601002E+00 Time/step= 2.591110E+00 ETA (HH:MM:SS) = 1:26:44
 [ 34%]  Time step     1001 of 3001 @ t_step =     1000 Time Avg = 2.601021E+00 Time/step= 2.620811E+00 ETA (HH:MM:SS) = 1:26:42
 [ 34%]  Time step     1002 of 3001 @ t_step =     1001 Time Avg = 2.601065E+00 Time/step= 2.644310E+00 ETA (HH:MM:SS) = 1:26:39
 [ 34%]  Time step     1003 of 3001 @ t_step =     1002 Time Avg = 2.601041E+00 Time/step= 2.576834E+00 ETA (HH:MM:SS) = 1:26:36
 [ 34%]  Time step     1004 of 3001 @ t_step =     1003 Time Avg = 2.601024E+00 Time/step= 2.584910E+00 ETA (HH:MM:SS) = 1:26:34
 [ 34%]  Time step     1005 of 3001 @ t_step =     1004 Time Avg = 2.600995E+00 Time/step= 2.571314E+00 ETA (HH:MM:SS) = 1:26:31
 [ 34%]  Time step     1006 of 3001 @ t_step =     1005 Time Avg = 2.600985E+00 Time/step= 2.591392E+00 ETA (HH:MM:SS) = 1:26:28
 [ 34%]  Time step     1007 of 3001 @ t_step =     1006 Time Avg = 2.600997E+00 Time/step= 2.612793E+00 ETA (HH:MM:SS) = 1:26:26
 [ 34%]  Time step     1008 of 3001 @ t_step =     1007 Time Avg = 2.600992E+00 Time/step= 2.596036E+00 ETA (HH:MM:SS) = 1:26:23
 [ 34%]  Time step     1009 of 3001 @ t_step =     1008 Time Avg = 2.600979E+00 Time/step= 2.588117E+00 ETA (HH:MM:SS) = 1:26:21
 [ 34%]  Time step     1010 of 3001 @ t_step =     1009 Time Avg = 2.600998E+00 Time/step= 2.619885E+00 ETA (HH:MM:SS) = 1:26:18
 [ 34%]  Time step     1011 of 3001 @ t_step =     1010 Time Avg = 2.601015E+00 Time/step= 2.617809E+00 ETA (HH:MM:SS) = 1:26:16
 [ 34%]  Time step     1012 of 3001 @ t_step =     1011 Time Avg = 2.601066E+00 Time/step= 2.652644E+00 ETA (HH:MM:SS) = 1:26:13
 [ 34%]  Time step     1013 of 3001 @ t_step =     1012 Time Avg = 2.601064E+00 Time/step= 2.598949E+00 ETA (HH:MM:SS) = 1:26:10
 [ 34%]  Time step     1014 of 3001 @ t_step =     1013 Time Avg = 2.601063E+00 Time/step= 2.600010E+00 ETA (HH:MM:SS) = 1:26:08
 [ 34%]  Time step     1015 of 3001 @ t_step =     1014 Time Avg = 2.601059E+00 Time/step= 2.596852E+00 ETA (HH:MM:SS) = 1:26:05
 [ 34%]  Time step     1016 of 3001 @ t_step =     1015 Time Avg = 2.601072E+00 Time/step= 2.614521E+00 ETA (HH:MM:SS) = 1:26:03
 [ 34%]  Time step     1017 of 3001 @ t_step =     1016 Time Avg = 2.601059E+00 Time/step= 2.588247E+00 ETA (HH:MM:SS) = 1:26:00
 [ 34%]  Time step     1018 of 3001 @ t_step =     1017 Time Avg = 2.601044E+00 Time/step= 2.585948E+00 ETA (HH:MM:SS) = 1:25:57
 [ 34%]  Time step     1019 of 3001 @ t_step =     1018 Time Avg = 2.601016E+00 Time/step= 2.572302E+00 ETA (HH:MM:SS) = 1:25:55
 [ 34%]  Time step     1020 of 3001 @ t_step =     1019 Time Avg = 2.600985E+00 Time/step= 2.569393E+00 ETA (HH:MM:SS) = 1:25:52
 [ 34%]  Time step     1021 of 3001 @ t_step =     1020 Time Avg = 2.600981E+00 Time/step= 2.596911E+00 ETA (HH:MM:SS) = 1:25:49
 [ 35%]  Time step     1022 of 3001 @ t_step =     1021 Time Avg = 2.600976E+00 Time/step= 2.596141E+00 ETA (HH:MM:SS) = 1:25:47
 [ 35%]  Time step     1023 of 3001 @ t_step =     1022 Time Avg = 2.600996E+00 Time/step= 2.620834E+00 ETA (HH:MM:SS) = 1:25:44
 [ 35%]  Time step     1024 of 3001 @ t_step =     1023 Time Avg = 2.601003E+00 Time/step= 2.608876E+00 ETA (HH:MM:SS) = 1:25:42
 [ 35%]  Time step     1025 of 3001 @ t_step =     1024 Time Avg = 2.600991E+00 Time/step= 2.587935E+00 ETA (HH:MM:SS) = 1:25:39
 [ 35%]  Time step     1026 of 3001 @ t_step =     1025 Time Avg = 2.601026E+00 Time/step= 2.637335E+00 ETA (HH:MM:SS) = 1:25:37
 [ 35%]  Time step     1027 of 3001 @ t_step =     1026 Time Avg = 2.601023E+00 Time/step= 2.597529E+00 ETA (HH:MM:SS) = 1:25:34
 [ 35%]  Time step     1028 of 3001 @ t_step =     1027 Time Avg = 2.601017E+00 Time/step= 2.595164E+00 ETA (HH:MM:SS) = 1:25:31
 [ 35%]  Time step     1029 of 3001 @ t_step =     1028 Time Avg = 2.601020E+00 Time/step= 2.604506E+00 ETA (HH:MM:SS) = 1:25:29
 [ 35%]  Time step     1030 of 3001 @ t_step =     1029 Time Avg = 2.601008E+00 Time/step= 2.587894E+00 ETA (HH:MM:SS) = 1:25:26
 [ 35%]  Time step     1031 of 3001 @ t_step =     1030 Time Avg = 2.601007E+00 Time/step= 2.600351E+00 ETA (HH:MM:SS) = 1:25:23
 [ 35%]  Time step     1032 of 3001 @ t_step =     1031 Time Avg = 2.601011E+00 Time/step= 2.605152E+00 ETA (HH:MM:SS) = 1:25:21
 [ 35%]  Time step     1033 of 3001 @ t_step =     1032 Time Avg = 2.601048E+00 Time/step= 2.639514E+00 ETA (HH:MM:SS) = 1:25:18
 [ 35%]  Time step     1034 of 3001 @ t_step =     1033 Time Avg = 2.601050E+00 Time/step= 2.602816E+00 ETA (HH:MM:SS) = 1:25:16
 [ 35%]  Time step     1035 of 3001 @ t_step =     1034 Time Avg = 2.601081E+00 Time/step= 2.633191E+00 ETA (HH:MM:SS) = 1:25:13
 [ 35%]  Time step     1036 of 3001 @ t_step =     1035 Time Avg = 2.601068E+00 Time/step= 2.587292E+00 ETA (HH:MM:SS) = 1:25:11
 [ 35%]  Time step     1037 of 3001 @ t_step =     1036 Time Avg = 2.601074E+00 Time/step= 2.607258E+00 ETA (HH:MM:SS) = 1:25:08
 [ 35%]  Time step     1038 of 3001 @ t_step =     1037 Time Avg = 2.601081E+00 Time/step= 2.608391E+00 ETA (HH:MM:SS) = 1:25:05
 [ 35%]  Time step     1039 of 3001 @ t_step =     1038 Time Avg = 2.601084E+00 Time/step= 2.603775E+00 ETA (HH:MM:SS) = 1:25:03
 [ 35%]  Time step     1040 of 3001 @ t_step =     1039 Time Avg = 2.601083E+00 Time/step= 2.600982E+00 ETA (HH:MM:SS) = 1:25:00
 [ 35%]  Time step     1041 of 3001 @ t_step =     1040 Time Avg = 2.601080E+00 Time/step= 2.597880E+00 ETA (HH:MM:SS) = 1:24:58
 [ 35%]  Time step     1042 of 3001 @ t_step =     1041 Time Avg = 2.601088E+00 Time/step= 2.609024E+00 ETA (HH:MM:SS) = 1:24:55
 [ 35%]  Time step     1043 of 3001 @ t_step =     1042 Time Avg = 2.601095E+00 Time/step= 2.607959E+00 ETA (HH:MM:SS) = 1:24:52
 [ 35%]  Time step     1044 of 3001 @ t_step =     1043 Time Avg = 2.601081E+00 Time/step= 2.586804E+00 ETA (HH:MM:SS) = 1:24:50
 [ 35%]  Time step     1045 of 3001 @ t_step =     1044 Time Avg = 2.601059E+00 Time/step= 2.578585E+00 ETA (HH:MM:SS) = 1:24:47
 [ 35%]  Time step     1046 of 3001 @ t_step =     1045 Time Avg = 2.601055E+00 Time/step= 2.596860E+00 ETA (HH:MM:SS) = 1:24:45
 [ 35%]  Time step     1047 of 3001 @ t_step =     1046 Time Avg = 2.601065E+00 Time/step= 2.611578E+00 ETA (HH:MM:SS) = 1:24:42
 [ 35%]  Time step     1048 of 3001 @ t_step =     1047 Time Avg = 2.601096E+00 Time/step= 2.632930E+00 ETA (HH:MM:SS) = 1:24:39
 [ 35%]  Time step     1049 of 3001 @ t_step =     1048 Time Avg = 2.601081E+00 Time/step= 2.585484E+00 ETA (HH:MM:SS) = 1:24:37
 [ 35%]  Time step     1050 of 3001 @ t_step =     1049 Time Avg = 2.601086E+00 Time/step= 2.606063E+00 ETA (HH:MM:SS) = 1:24:34
 [ 35%]  Time step     1051 of 3001 @ t_step =     1050 Time Avg = 2.601074E+00 Time/step= 2.589315E+00 ETA (HH:MM:SS) = 1:24:32
 [ 36%]  Time step     1052 of 3001 @ t_step =     1051 Time Avg = 2.601093E+00 Time/step= 2.620401E+00 ETA (HH:MM:SS) = 1:24:29
 [ 36%]  Time step     1053 of 3001 @ t_step =     1052 Time Avg = 2.601112E+00 Time/step= 2.621426E+00 ETA (HH:MM:SS) = 1:24:26
 [ 36%]  Time step     1054 of 3001 @ t_step =     1053 Time Avg = 2.601110E+00 Time/step= 2.598965E+00 ETA (HH:MM:SS) = 1:24:24
 [ 36%]  Time step     1055 of 3001 @ t_step =     1054 Time Avg = 2.601094E+00 Time/step= 2.583910E+00 ETA (HH:MM:SS) = 1:24:21
 [ 36%]  Time step     1056 of 3001 @ t_step =     1055 Time Avg = 2.601082E+00 Time/step= 2.589069E+00 ETA (HH:MM:SS) = 1:24:19
 [ 36%]  Time step     1057 of 3001 @ t_step =     1056 Time Avg = 2.601039E+00 Time/step= 2.555678E+00 ETA (HH:MM:SS) = 1:24:16
 [ 36%]  Time step     1058 of 3001 @ t_step =     1057 Time Avg = 2.601064E+00 Time/step= 2.626851E+00 ETA (HH:MM:SS) = 1:24:13
 [ 36%]  Time step     1059 of 3001 @ t_step =     1058 Time Avg = 2.601066E+00 Time/step= 2.603043E+00 ETA (HH:MM:SS) = 1:24:11
 [ 36%]  Time step     1060 of 3001 @ t_step =     1059 Time Avg = 2.601069E+00 Time/step= 2.605096E+00 ETA (HH:MM:SS) = 1:24:08
 [ 36%]  Time step     1061 of 3001 @ t_step =     1060 Time Avg = 2.601087E+00 Time/step= 2.619960E+00 ETA (HH:MM:SS) = 1:24:06
 [ 36%]  Time step     1062 of 3001 @ t_step =     1061 Time Avg = 2.601086E+00 Time/step= 2.599251E+00 ETA (HH:MM:SS) = 1:24:03
 [ 36%]  Time step     1063 of 3001 @ t_step =     1062 Time Avg = 2.601079E+00 Time/step= 2.594595E+00 ETA (HH:MM:SS) = 1:24:00
 [ 36%]  Time step     1064 of 3001 @ t_step =     1063 Time Avg = 2.601064E+00 Time/step= 2.585196E+00 ETA (HH:MM:SS) = 1:23:58
 [ 36%]  Time step     1065 of 3001 @ t_step =     1064 Time Avg = 2.601090E+00 Time/step= 2.627911E+00 ETA (HH:MM:SS) = 1:23:55
 [ 36%]  Time step     1066 of 3001 @ t_step =     1065 Time Avg = 2.601109E+00 Time/step= 2.622056E+00 ETA (HH:MM:SS) = 1:23:53
 [ 36%]  Time step     1067 of 3001 @ t_step =     1066 Time Avg = 2.601101E+00 Time/step= 2.591646E+00 ETA (HH:MM:SS) = 1:23:50
 [ 36%]  Time step     1068 of 3001 @ t_step =     1067 Time Avg = 2.601074E+00 Time/step= 2.572871E+00 ETA (HH:MM:SS) = 1:23:47
 [ 36%]  Time step     1069 of 3001 @ t_step =     1068 Time Avg = 2.601085E+00 Time/step= 2.612408E+00 ETA (HH:MM:SS) = 1:23:45
 [ 36%]  Time step     1070 of 3001 @ t_step =     1069 Time Avg = 2.601090E+00 Time/step= 2.606405E+00 ETA (HH:MM:SS) = 1:23:42
 [ 36%]  Time step     1071 of 3001 @ t_step =     1070 Time Avg = 2.601099E+00 Time/step= 2.611531E+00 ETA (HH:MM:SS) = 1:23:40
 [ 36%]  Time step     1072 of 3001 @ t_step =     1071 Time Avg = 2.601115E+00 Time/step= 2.617833E+00 ETA (HH:MM:SS) = 1:23:37
 [ 36%]  Time step     1073 of 3001 @ t_step =     1072 Time Avg = 2.601080E+00 Time/step= 2.563363E+00 ETA (HH:MM:SS) = 1:23:34
 [ 36%]  Time step     1074 of 3001 @ t_step =     1073 Time Avg = 2.601086E+00 Time/step= 2.607524E+00 ETA (HH:MM:SS) = 1:23:32
 [ 36%]  Time step     1075 of 3001 @ t_step =     1074 Time Avg = 2.601082E+00 Time/step= 2.596685E+00 ETA (HH:MM:SS) = 1:23:29
 [ 36%]  Time step     1076 of 3001 @ t_step =     1075 Time Avg = 2.601086E+00 Time/step= 2.605767E+00 ETA (HH:MM:SS) = 1:23:27
 [ 36%]  Time step     1077 of 3001 @ t_step =     1076 Time Avg = 2.601094E+00 Time/step= 2.609724E+00 ETA (HH:MM:SS) = 1:23:24
 [ 36%]  Time step     1078 of 3001 @ t_step =     1077 Time Avg = 2.601124E+00 Time/step= 2.633614E+00 ETA (HH:MM:SS) = 1:23:21
 [ 36%]  Time step     1079 of 3001 @ t_step =     1078 Time Avg = 2.601113E+00 Time/step= 2.589333E+00 ETA (HH:MM:SS) = 1:23:19
 [ 36%]  Time step     1080 of 3001 @ t_step =     1079 Time Avg = 2.601134E+00 Time/step= 2.623044E+00 ETA (HH:MM:SS) = 1:23:16
 [ 36%]  Time step     1081 of 3001 @ t_step =     1080 Time Avg = 2.601137E+00 Time/step= 2.604241E+00 ETA (HH:MM:SS) = 1:23:14
 [ 37%]  Time step     1082 of 3001 @ t_step =     1081 Time Avg = 2.601152E+00 Time/step= 2.617706E+00 ETA (HH:MM:SS) = 1:23:11
 [ 37%]  Time step     1083 of 3001 @ t_step =     1082 Time Avg = 2.601152E+00 Time/step= 2.600934E+00 ETA (HH:MM:SS) = 1:23:09
 [ 37%]  Time step     1084 of 3001 @ t_step =     1083 Time Avg = 2.601135E+00 Time/step= 2.583332E+00 ETA (HH:MM:SS) = 1:23:06
 [ 37%]  Time step     1085 of 3001 @ t_step =     1084 Time Avg = 2.601126E+00 Time/step= 2.590582E+00 ETA (HH:MM:SS) = 1:23:03
 [ 37%]  Time step     1086 of 3001 @ t_step =     1085 Time Avg = 2.601116E+00 Time/step= 2.590346E+00 ETA (HH:MM:SS) = 1:23:01
 [ 37%]  Time step     1087 of 3001 @ t_step =     1086 Time Avg = 2.601111E+00 Time/step= 2.595853E+00 ETA (HH:MM:SS) = 1:22:58
 [ 37%]  Time step     1088 of 3001 @ t_step =     1087 Time Avg = 2.601120E+00 Time/step= 2.611030E+00 ETA (HH:MM:SS) = 1:22:55
 [ 37%]  Time step     1089 of 3001 @ t_step =     1088 Time Avg = 2.601135E+00 Time/step= 2.617953E+00 ETA (HH:MM:SS) = 1:22:53
 [ 37%]  Time step     1090 of 3001 @ t_step =     1089 Time Avg = 2.601115E+00 Time/step= 2.578978E+00 ETA (HH:MM:SS) = 1:22:50
 [ 37%]  Time step     1091 of 3001 @ t_step =     1090 Time Avg = 2.601100E+00 Time/step= 2.585024E+00 ETA (HH:MM:SS) = 1:22:48
 [ 37%]  Time step     1092 of 3001 @ t_step =     1091 Time Avg = 2.601103E+00 Time/step= 2.603754E+00 ETA (HH:MM:SS) = 1:22:45
 [ 37%]  Time step     1093 of 3001 @ t_step =     1092 Time Avg = 2.601117E+00 Time/step= 2.616879E+00 ETA (HH:MM:SS) = 1:22:42
 [ 37%]  Time step     1094 of 3001 @ t_step =     1093 Time Avg = 2.601118E+00 Time/step= 2.601651E+00 ETA (HH:MM:SS) = 1:22:40
 [ 37%]  Time step     1095 of 3001 @ t_step =     1094 Time Avg = 2.601156E+00 Time/step= 2.642650E+00 ETA (HH:MM:SS) = 1:22:37
 [ 37%]  Time step     1096 of 3001 @ t_step =     1095 Time Avg = 2.601221E+00 Time/step= 2.672697E+00 ETA (HH:MM:SS) = 1:22:35
 [ 37%]  Time step     1097 of 3001 @ t_step =     1096 Time Avg = 2.601226E+00 Time/step= 2.605957E+00 ETA (HH:MM:SS) = 1:22:32
 [ 37%]  Time step     1098 of 3001 @ t_step =     1097 Time Avg = 2.601249E+00 Time/step= 2.626895E+00 ETA (HH:MM:SS) = 1:22:30
 [ 37%]  Time step     1099 of 3001 @ t_step =     1098 Time Avg = 2.601235E+00 Time/step= 2.586355E+00 ETA (HH:MM:SS) = 1:22:27
 [ 37%]  Time step     1100 of 3001 @ t_step =     1099 Time Avg = 2.601228E+00 Time/step= 2.593609E+00 ETA (HH:MM:SS) = 1:22:24
 [ 37%]  Time step     1101 of 3001 @ t_step =     1100 Time Avg = 2.601239E+00 Time/step= 2.612604E+00 ETA (HH:MM:SS) = 1:22:22
 [ 37%]  Time step     1102 of 3001 @ t_step =     1101 Time Avg = 2.601312E+00 Time/step= 2.681378E+00 ETA (HH:MM:SS) = 1:22:19
 [ 37%]  Time step     1103 of 3001 @ t_step =     1102 Time Avg = 2.601319E+00 Time/step= 2.608801E+00 ETA (HH:MM:SS) = 1:22:17
 [ 37%]  Time step     1104 of 3001 @ t_step =     1103 Time Avg = 2.601306E+00 Time/step= 2.587787E+00 ETA (HH:MM:SS) = 1:22:14
 [ 37%]  Time step     1105 of 3001 @ t_step =     1104 Time Avg = 2.601275E+00 Time/step= 2.567089E+00 ETA (HH:MM:SS) = 1:22:12
 [ 37%]  Time step     1106 of 3001 @ t_step =     1105 Time Avg = 2.601285E+00 Time/step= 2.611704E+00 ETA (HH:MM:SS) = 1:22:09
 [ 37%]  Time step     1107 of 3001 @ t_step =     1106 Time Avg = 2.601267E+00 Time/step= 2.582233E+00 ETA (HH:MM:SS) = 1:22:06
 [ 37%]  Time step     1108 of 3001 @ t_step =     1107 Time Avg = 2.601276E+00 Time/step= 2.611352E+00 ETA (HH:MM:SS) = 1:22:04
 [ 37%]  Time step     1109 of 3001 @ t_step =     1108 Time Avg = 2.601274E+00 Time/step= 2.598266E+00 ETA (HH:MM:SS) = 1:22:01
 [ 37%]  Time step     1110 of 3001 @ t_step =     1109 Time Avg = 2.601285E+00 Time/step= 2.613521E+00 ETA (HH:MM:SS) = 1:21:59
 [ 37%]  Time step     1111 of 3001 @ t_step =     1110 Time Avg = 2.601283E+00 Time/step= 2.599053E+00 ETA (HH:MM:SS) = 1:21:56
 [ 38%]  Time step     1112 of 3001 @ t_step =     1111 Time Avg = 2.601289E+00 Time/step= 2.607736E+00 ETA (HH:MM:SS) = 1:21:53
 [ 38%]  Time step     1113 of 3001 @ t_step =     1112 Time Avg = 2.601293E+00 Time/step= 2.606241E+00 ETA (HH:MM:SS) = 1:21:51
 [ 38%]  Time step     1114 of 3001 @ t_step =     1113 Time Avg = 2.601276E+00 Time/step= 2.582759E+00 ETA (HH:MM:SS) = 1:21:48
 [ 38%]  Time step     1115 of 3001 @ t_step =     1114 Time Avg = 2.601267E+00 Time/step= 2.590973E+00 ETA (HH:MM:SS) = 1:21:45
 [ 38%]  Time step     1116 of 3001 @ t_step =     1115 Time Avg = 2.601297E+00 Time/step= 2.634565E+00 ETA (HH:MM:SS) = 1:21:43
 [ 38%]  Time step     1117 of 3001 @ t_step =     1116 Time Avg = 2.601289E+00 Time/step= 2.592606E+00 ETA (HH:MM:SS) = 1:21:40
 [ 38%]  Time step     1118 of 3001 @ t_step =     1117 Time Avg = 2.601265E+00 Time/step= 2.574326E+00 ETA (HH:MM:SS) = 1:21:38
 [ 38%]  Time step     1119 of 3001 @ t_step =     1118 Time Avg = 2.601248E+00 Time/step= 2.582693E+00 ETA (HH:MM:SS) = 1:21:35
 [ 38%]  Time step     1120 of 3001 @ t_step =     1119 Time Avg = 2.601228E+00 Time/step= 2.577870E+00 ETA (HH:MM:SS) = 1:21:32
 [ 38%]  Time step     1121 of 3001 @ t_step =     1120 Time Avg = 2.601225E+00 Time/step= 2.598939E+00 ETA (HH:MM:SS) = 1:21:30
 [ 38%]  Time step     1122 of 3001 @ t_step =     1121 Time Avg = 2.601243E+00 Time/step= 2.620684E+00 ETA (HH:MM:SS) = 1:21:27
 [ 38%]  Time step     1123 of 3001 @ t_step =     1122 Time Avg = 2.601255E+00 Time/step= 2.615339E+00 ETA (HH:MM:SS) = 1:21:25
 [ 38%]  Time step     1124 of 3001 @ t_step =     1123 Time Avg = 2.601236E+00 Time/step= 2.579919E+00 ETA (HH:MM:SS) = 1:21:22
 [ 38%]  Time step     1125 of 3001 @ t_step =     1124 Time Avg = 2.601223E+00 Time/step= 2.586307E+00 ETA (HH:MM:SS) = 1:21:19
 [ 38%]  Time step     1126 of 3001 @ t_step =     1125 Time Avg = 2.601234E+00 Time/step= 2.612940E+00 ETA (HH:MM:SS) = 1:21:17
 [ 38%]  Time step     1127 of 3001 @ t_step =     1126 Time Avg = 2.601229E+00 Time/step= 2.596094E+00 ETA (HH:MM:SS) = 1:21:14
 [ 38%]  Time step     1128 of 3001 @ t_step =     1127 Time Avg = 2.601218E+00 Time/step= 2.588470E+00 ETA (HH:MM:SS) = 1:21:12
 [ 38%]  Time step     1129 of 3001 @ t_step =     1128 Time Avg = 2.601205E+00 Time/step= 2.587452E+00 ETA (HH:MM:SS) = 1:21:09
 [ 38%]  Time step     1130 of 3001 @ t_step =     1129 Time Avg = 2.601189E+00 Time/step= 2.582392E+00 ETA (HH:MM:SS) = 1:21:06
 [ 38%]  Time step     1131 of 3001 @ t_step =     1130 Time Avg = 2.601190E+00 Time/step= 2.602985E+00 ETA (HH:MM:SS) = 1:21:04
 [ 38%]  Time step     1132 of 3001 @ t_step =     1131 Time Avg = 2.601200E+00 Time/step= 2.612401E+00 ETA (HH:MM:SS) = 1:21:01
 [ 38%]  Time step     1133 of 3001 @ t_step =     1132 Time Avg = 2.601202E+00 Time/step= 2.603577E+00 ETA (HH:MM:SS) = 1:20:59
 [ 38%]  Time step     1134 of 3001 @ t_step =     1133 Time Avg = 2.601189E+00 Time/step= 2.586236E+00 ETA (HH:MM:SS) = 1:20:56
 [ 38%]  Time step     1135 of 3001 @ t_step =     1134 Time Avg = 2.601208E+00 Time/step= 2.622297E+00 ETA (HH:MM:SS) = 1:20:53
 [ 38%]  Time step     1136 of 3001 @ t_step =     1135 Time Avg = 2.601210E+00 Time/step= 2.603674E+00 ETA (HH:MM:SS) = 1:20:51
 [ 38%]  Time step     1137 of 3001 @ t_step =     1136 Time Avg = 2.601207E+00 Time/step= 2.597825E+00 ETA (HH:MM:SS) = 1:20:48
 [ 38%]  Time step     1138 of 3001 @ t_step =     1137 Time Avg = 2.601204E+00 Time/step= 2.597947E+00 ETA (HH:MM:SS) = 1:20:46
 [ 38%]  Time step     1139 of 3001 @ t_step =     1138 Time Avg = 2.601208E+00 Time/step= 2.605652E+00 ETA (HH:MM:SS) = 1:20:43
 [ 38%]  Time step     1140 of 3001 @ t_step =     1139 Time Avg = 2.601193E+00 Time/step= 2.583910E+00 ETA (HH:MM:SS) = 1:20:40
 [ 38%]  Time step     1141 of 3001 @ t_step =     1140 Time Avg = 2.601185E+00 Time/step= 2.592578E+00 ETA (HH:MM:SS) = 1:20:38
 [ 39%]  Time step     1142 of 3001 @ t_step =     1141 Time Avg = 2.601190E+00 Time/step= 2.606603E+00 ETA (HH:MM:SS) = 1:20:35
 [ 39%]  Time step     1143 of 3001 @ t_step =     1142 Time Avg = 2.601215E+00 Time/step= 2.629939E+00 ETA (HH:MM:SS) = 1:20:33
 [ 39%]  Time step     1144 of 3001 @ t_step =     1143 Time Avg = 2.601211E+00 Time/step= 2.596684E+00 ETA (HH:MM:SS) = 1:20:30
 [ 39%]  Time step     1145 of 3001 @ t_step =     1144 Time Avg = 2.601187E+00 Time/step= 2.574082E+00 ETA (HH:MM:SS) = 1:20:27
 [ 39%]  Time step     1146 of 3001 @ t_step =     1145 Time Avg = 2.601158E+00 Time/step= 2.567981E+00 ETA (HH:MM:SS) = 1:20:25
 [ 39%]  Time step     1147 of 3001 @ t_step =     1146 Time Avg = 2.601150E+00 Time/step= 2.591870E+00 ETA (HH:MM:SS) = 1:20:22
 [ 39%]  Time step     1148 of 3001 @ t_step =     1147 Time Avg = 2.601122E+00 Time/step= 2.568251E+00 ETA (HH:MM:SS) = 1:20:19
 [ 39%]  Time step     1149 of 3001 @ t_step =     1148 Time Avg = 2.601120E+00 Time/step= 2.599768E+00 ETA (HH:MM:SS) = 1:20:17
 [ 39%]  Time step     1150 of 3001 @ t_step =     1149 Time Avg = 2.601118E+00 Time/step= 2.598002E+00 ETA (HH:MM:SS) = 1:20:14
 [ 39%]  Time step     1151 of 3001 @ t_step =     1150 Time Avg = 2.601101E+00 Time/step= 2.582230E+00 ETA (HH:MM:SS) = 1:20:12
 [ 39%]  Time step     1152 of 3001 @ t_step =     1151 Time Avg = 2.601109E+00 Time/step= 2.610255E+00 ETA (HH:MM:SS) = 1:20:09
 [ 39%]  Time step     1153 of 3001 @ t_step =     1152 Time Avg = 2.601113E+00 Time/step= 2.605997E+00 ETA (HH:MM:SS) = 1:20:06
 [ 39%]  Time step     1154 of 3001 @ t_step =     1153 Time Avg = 2.601140E+00 Time/step= 2.631988E+00 ETA (HH:MM:SS) = 1:20:04
 [ 39%]  Time step     1155 of 3001 @ t_step =     1154 Time Avg = 2.601158E+00 Time/step= 2.621753E+00 ETA (HH:MM:SS) = 1:20:01
 [ 39%]  Time step     1156 of 3001 @ t_step =     1155 Time Avg = 2.601178E+00 Time/step= 2.624019E+00 ETA (HH:MM:SS) = 1:19:59
 [ 39%]  Time step     1157 of 3001 @ t_step =     1156 Time Avg = 2.601179E+00 Time/step= 2.602914E+00 ETA (HH:MM:SS) = 1:19:56
 [ 39%]  Time step     1158 of 3001 @ t_step =     1157 Time Avg = 2.601181E+00 Time/step= 2.602927E+00 ETA (HH:MM:SS) = 1:19:53
 [ 39%]  Time step     1159 of 3001 @ t_step =     1158 Time Avg = 2.601177E+00 Time/step= 2.596534E+00 ETA (HH:MM:SS) = 1:19:51
 [ 39%]  Time step     1160 of 3001 @ t_step =     1159 Time Avg = 2.601193E+00 Time/step= 2.619439E+00 ETA (HH:MM:SS) = 1:19:48
 [ 39%]  Time step     1161 of 3001 @ t_step =     1160 Time Avg = 2.601203E+00 Time/step= 2.612559E+00 ETA (HH:MM:SS) = 1:19:46
 [ 39%]  Time step     1162 of 3001 @ t_step =     1161 Time Avg = 2.601194E+00 Time/step= 2.590882E+00 ETA (HH:MM:SS) = 1:19:43
 [ 39%]  Time step     1163 of 3001 @ t_step =     1162 Time Avg = 2.601223E+00 Time/step= 2.634908E+00 ETA (HH:MM:SS) = 1:19:41
 [ 39%]  Time step     1164 of 3001 @ t_step =     1163 Time Avg = 2.601231E+00 Time/step= 2.610382E+00 ETA (HH:MM:SS) = 1:19:38
 [ 39%]  Time step     1165 of 3001 @ t_step =     1164 Time Avg = 2.601244E+00 Time/step= 2.616789E+00 ETA (HH:MM:SS) = 1:19:35
 [ 39%]  Time step     1166 of 3001 @ t_step =     1165 Time Avg = 2.601254E+00 Time/step= 2.612806E+00 ETA (HH:MM:SS) = 1:19:33
 [ 39%]  Time step     1167 of 3001 @ t_step =     1166 Time Avg = 2.601272E+00 Time/step= 2.622091E+00 ETA (HH:MM:SS) = 1:19:30
 [ 39%]  Time step     1168 of 3001 @ t_step =     1167 Time Avg = 2.601278E+00 Time/step= 2.608662E+00 ETA (HH:MM:SS) = 1:19:28
 [ 39%]  Time step     1169 of 3001 @ t_step =     1168 Time Avg = 2.601272E+00 Time/step= 2.594456E+00 ETA (HH:MM:SS) = 1:19:25
 [ 39%]  Time step     1170 of 3001 @ t_step =     1169 Time Avg = 2.601263E+00 Time/step= 2.590674E+00 ETA (HH:MM:SS) = 1:19:22
 [ 39%]  Time step     1171 of 3001 @ t_step =     1170 Time Avg = 2.601262E+00 Time/step= 2.599848E+00 ETA (HH:MM:SS) = 1:19:20
 [ 40%]  Time step     1172 of 3001 @ t_step =     1171 Time Avg = 2.601253E+00 Time/step= 2.591044E+00 ETA (HH:MM:SS) = 1:19:17
 [ 40%]  Time step     1173 of 3001 @ t_step =     1172 Time Avg = 2.601251E+00 Time/step= 2.598705E+00 ETA (HH:MM:SS) = 1:19:15
 [ 40%]  Time step     1174 of 3001 @ t_step =     1173 Time Avg = 2.601274E+00 Time/step= 2.627813E+00 ETA (HH:MM:SS) = 1:19:12
 [ 40%]  Time step     1175 of 3001 @ t_step =     1174 Time Avg = 2.601280E+00 Time/step= 2.608812E+00 ETA (HH:MM:SS) = 1:19:09
 [ 40%]  Time step     1176 of 3001 @ t_step =     1175 Time Avg = 2.601282E+00 Time/step= 2.603310E+00 ETA (HH:MM:SS) = 1:19:07
 [ 40%]  Time step     1177 of 3001 @ t_step =     1176 Time Avg = 2.601289E+00 Time/step= 2.609452E+00 ETA (HH:MM:SS) = 1:19:04
 [ 40%]  Time step     1178 of 3001 @ t_step =     1177 Time Avg = 2.601264E+00 Time/step= 2.572145E+00 ETA (HH:MM:SS) = 1:19:02
 [ 40%]  Time step     1179 of 3001 @ t_step =     1178 Time Avg = 2.601275E+00 Time/step= 2.613541E+00 ETA (HH:MM:SS) = 1:18:59
 [ 40%]  Time step     1180 of 3001 @ t_step =     1179 Time Avg = 2.601266E+00 Time/step= 2.591220E+00 ETA (HH:MM:SS) = 1:18:56
 [ 40%]  Time step     1181 of 3001 @ t_step =     1180 Time Avg = 2.601287E+00 Time/step= 2.625850E+00 ETA (HH:MM:SS) = 1:18:54
 [ 40%]  Time step     1182 of 3001 @ t_step =     1181 Time Avg = 2.601287E+00 Time/step= 2.601578E+00 ETA (HH:MM:SS) = 1:18:51
 [ 40%]  Time step     1183 of 3001 @ t_step =     1182 Time Avg = 2.601303E+00 Time/step= 2.620154E+00 ETA (HH:MM:SS) = 1:18:49
 [ 40%]  Time step     1184 of 3001 @ t_step =     1183 Time Avg = 2.601276E+00 Time/step= 2.569165E+00 ETA (HH:MM:SS) = 1:18:46
 [ 40%]  Time step     1185 of 3001 @ t_step =     1184 Time Avg = 2.601288E+00 Time/step= 2.615731E+00 ETA (HH:MM:SS) = 1:18:43
 [ 40%]  Time step     1186 of 3001 @ t_step =     1185 Time Avg = 2.601288E+00 Time/step= 2.601189E+00 ETA (HH:MM:SS) = 1:18:41
 [ 40%]  Time step     1187 of 3001 @ t_step =     1186 Time Avg = 2.601289E+00 Time/step= 2.602786E+00 ETA (HH:MM:SS) = 1:18:38
 [ 40%]  Time step     1188 of 3001 @ t_step =     1187 Time Avg = 2.601293E+00 Time/step= 2.605177E+00 ETA (HH:MM:SS) = 1:18:36
 [ 40%]  Time step     1189 of 3001 @ t_step =     1188 Time Avg = 2.601297E+00 Time/step= 2.607018E+00 ETA (HH:MM:SS) = 1:18:33
 [ 40%]  Time step     1190 of 3001 @ t_step =     1189 Time Avg = 2.601324E+00 Time/step= 2.632815E+00 ETA (HH:MM:SS) = 1:18:30
 [ 40%]  Time step     1191 of 3001 @ t_step =     1190 Time Avg = 2.601344E+00 Time/step= 2.624566E+00 ETA (HH:MM:SS) = 1:18:28
 [ 40%]  Time step     1192 of 3001 @ t_step =     1191 Time Avg = 2.601346E+00 Time/step= 2.604154E+00 ETA (HH:MM:SS) = 1:18:25
 [ 40%]  Time step     1193 of 3001 @ t_step =     1192 Time Avg = 2.601368E+00 Time/step= 2.628028E+00 ETA (HH:MM:SS) = 1:18:23
 [ 40%]  Time step     1194 of 3001 @ t_step =     1193 Time Avg = 2.601378E+00 Time/step= 2.613065E+00 ETA (HH:MM:SS) = 1:18:20
 [ 40%]  Time step     1195 of 3001 @ t_step =     1194 Time Avg = 2.601378E+00 Time/step= 2.601270E+00 ETA (HH:MM:SS) = 1:18:18
 [ 40%]  Time step     1196 of 3001 @ t_step =     1195 Time Avg = 2.601372E+00 Time/step= 2.594279E+00 ETA (HH:MM:SS) = 1:18:15
 [ 40%]  Time step     1197 of 3001 @ t_step =     1196 Time Avg = 2.601387E+00 Time/step= 2.618704E+00 ETA (HH:MM:SS) = 1:18:12
 [ 40%]  Time step     1198 of 3001 @ t_step =     1197 Time Avg = 2.601396E+00 Time/step= 2.612310E+00 ETA (HH:MM:SS) = 1:18:10
 [ 40%]  Time step     1199 of 3001 @ t_step =     1198 Time Avg = 2.601411E+00 Time/step= 2.619056E+00 ETA (HH:MM:SS) = 1:18:07
 [ 40%]  Time step     1200 of 3001 @ t_step =     1199 Time Avg = 2.601416E+00 Time/step= 2.608426E+00 ETA (HH:MM:SS) = 1:18:05
 [ 40%]  Time step     1201 of 3001 @ t_step =     1200 Time Avg = 2.601418E+00 Time/step= 2.602922E+00 ETA (HH:MM:SS) = 1:18:02
 [ 41%]  Time step     1202 of 3001 @ t_step =     1201 Time Avg = 2.601452E+00 Time/step= 2.643148E+00 ETA (HH:MM:SS) = 1:18:00
 [ 41%]  Time step     1203 of 3001 @ t_step =     1202 Time Avg = 2.601453E+00 Time/step= 2.601987E+00 ETA (HH:MM:SS) = 1:17:57
 [ 41%]  Time step     1204 of 3001 @ t_step =     1203 Time Avg = 2.601452E+00 Time/step= 2.600381E+00 ETA (HH:MM:SS) = 1:17:54
 [ 41%]  Time step     1205 of 3001 @ t_step =     1204 Time Avg = 2.601435E+00 Time/step= 2.581009E+00 ETA (HH:MM:SS) = 1:17:52
 [ 41%]  Time step     1206 of 3001 @ t_step =     1205 Time Avg = 2.601439E+00 Time/step= 2.606505E+00 ETA (HH:MM:SS) = 1:17:49
 [ 41%]  Time step     1207 of 3001 @ t_step =     1206 Time Avg = 2.601423E+00 Time/step= 2.582304E+00 ETA (HH:MM:SS) = 1:17:46
 [ 41%]  Time step     1208 of 3001 @ t_step =     1207 Time Avg = 2.601414E+00 Time/step= 2.590324E+00 ETA (HH:MM:SS) = 1:17:44
 [ 41%]  Time step     1209 of 3001 @ t_step =     1208 Time Avg = 2.601429E+00 Time/step= 2.619925E+00 ETA (HH:MM:SS) = 1:17:41
 [ 41%]  Time step     1210 of 3001 @ t_step =     1209 Time Avg = 2.601438E+00 Time/step= 2.611690E+00 ETA (HH:MM:SS) = 1:17:39
 [ 41%]  Time step     1211 of 3001 @ t_step =     1210 Time Avg = 2.601418E+00 Time/step= 2.577117E+00 ETA (HH:MM:SS) = 1:17:36
 [ 41%]  Time step     1212 of 3001 @ t_step =     1211 Time Avg = 2.601390E+00 Time/step= 2.568340E+00 ETA (HH:MM:SS) = 1:17:33
 [ 41%]  Time step     1213 of 3001 @ t_step =     1212 Time Avg = 2.601408E+00 Time/step= 2.622799E+00 ETA (HH:MM:SS) = 1:17:31
 [ 41%]  Time step     1214 of 3001 @ t_step =     1213 Time Avg = 2.601431E+00 Time/step= 2.629250E+00 ETA (HH:MM:SS) = 1:17:28
 [ 41%]  Time step     1215 of 3001 @ t_step =     1214 Time Avg = 2.601434E+00 Time/step= 2.604888E+00 ETA (HH:MM:SS) = 1:17:26
 [ 41%]  Time step     1216 of 3001 @ t_step =     1215 Time Avg = 2.601432E+00 Time/step= 2.598465E+00 ETA (HH:MM:SS) = 1:17:23
 [ 41%]  Time step     1217 of 3001 @ t_step =     1216 Time Avg = 2.601453E+00 Time/step= 2.627082E+00 ETA (HH:MM:SS) = 1:17:20
 [ 41%]  Time step     1218 of 3001 @ t_step =     1217 Time Avg = 2.601462E+00 Time/step= 2.612982E+00 ETA (HH:MM:SS) = 1:17:18
 [ 41%]  Time step     1219 of 3001 @ t_step =     1218 Time Avg = 2.601448E+00 Time/step= 2.584411E+00 ETA (HH:MM:SS) = 1:17:15
 [ 41%]  Time step     1220 of 3001 @ t_step =     1219 Time Avg = 2.601432E+00 Time/step= 2.582075E+00 ETA (HH:MM:SS) = 1:17:13
 [ 41%]  Time step     1221 of 3001 @ t_step =     1220 Time Avg = 2.601414E+00 Time/step= 2.579799E+00 ETA (HH:MM:SS) = 1:17:10
 [ 41%]  Time step     1222 of 3001 @ t_step =     1221 Time Avg = 2.601404E+00 Time/step= 2.588831E+00 ETA (HH:MM:SS) = 1:17:07
 [ 41%]  Time step     1223 of 3001 @ t_step =     1222 Time Avg = 2.601397E+00 Time/step= 2.592970E+00 ETA (HH:MM:SS) = 1:17:05
 [ 41%]  Time step     1224 of 3001 @ t_step =     1223 Time Avg = 2.601414E+00 Time/step= 2.621891E+00 ETA (HH:MM:SS) = 1:17:02
 [ 41%]  Time step     1225 of 3001 @ t_step =     1224 Time Avg = 2.601390E+00 Time/step= 2.572451E+00 ETA (HH:MM:SS) = 1:17:00
 [ 41%]  Time step     1226 of 3001 @ t_step =     1225 Time Avg = 2.601382E+00 Time/step= 2.591571E+00 ETA (HH:MM:SS) = 1:16:57
 [ 41%]  Time step     1227 of 3001 @ t_step =     1226 Time Avg = 2.601379E+00 Time/step= 2.597777E+00 ETA (HH:MM:SS) = 1:16:54
 [ 41%]  Time step     1228 of 3001 @ t_step =     1227 Time Avg = 2.601388E+00 Time/step= 2.611741E+00 ETA (HH:MM:SS) = 1:16:52
 [ 41%]  Time step     1229 of 3001 @ t_step =     1228 Time Avg = 2.601406E+00 Time/step= 2.623214E+00 ETA (HH:MM:SS) = 1:16:49
 [ 41%]  Time step     1230 of 3001 @ t_step =     1229 Time Avg = 2.601421E+00 Time/step= 2.619754E+00 ETA (HH:MM:SS) = 1:16:47
 [ 41%]  Time step     1231 of 3001 @ t_step =     1230 Time Avg = 2.601415E+00 Time/step= 2.594844E+00 ETA (HH:MM:SS) = 1:16:44
 [ 42%]  Time step     1232 of 3001 @ t_step =     1231 Time Avg = 2.601417E+00 Time/step= 2.603229E+00 ETA (HH:MM:SS) = 1:16:41
 [ 42%]  Time step     1233 of 3001 @ t_step =     1232 Time Avg = 2.601405E+00 Time/step= 2.587374E+00 ETA (HH:MM:SS) = 1:16:39
 [ 42%]  Time step     1234 of 3001 @ t_step =     1233 Time Avg = 2.601401E+00 Time/step= 2.596235E+00 ETA (HH:MM:SS) = 1:16:36
 [ 42%]  Time step     1235 of 3001 @ t_step =     1234 Time Avg = 2.601386E+00 Time/step= 2.582305E+00 ETA (HH:MM:SS) = 1:16:34
 [ 42%]  Time step     1236 of 3001 @ t_step =     1235 Time Avg = 2.601372E+00 Time/step= 2.584076E+00 ETA (HH:MM:SS) = 1:16:31
 [ 42%]  Time step     1237 of 3001 @ t_step =     1236 Time Avg = 2.601374E+00 Time/step= 2.604281E+00 ETA (HH:MM:SS) = 1:16:28
 [ 42%]  Time step     1238 of 3001 @ t_step =     1237 Time Avg = 2.601375E+00 Time/step= 2.602845E+00 ETA (HH:MM:SS) = 1:16:26
 [ 42%]  Time step     1239 of 3001 @ t_step =     1238 Time Avg = 2.601364E+00 Time/step= 2.587282E+00 ETA (HH:MM:SS) = 1:16:23
 [ 42%]  Time step     1240 of 3001 @ t_step =     1239 Time Avg = 2.601368E+00 Time/step= 2.607179E+00 ETA (HH:MM:SS) = 1:16:21
 [ 42%]  Time step     1241 of 3001 @ t_step =     1240 Time Avg = 2.601377E+00 Time/step= 2.612257E+00 ETA (HH:MM:SS) = 1:16:18
 [ 42%]  Time step     1242 of 3001 @ t_step =     1241 Time Avg = 2.601390E+00 Time/step= 2.616939E+00 ETA (HH:MM:SS) = 1:16:15
 [ 42%]  Time step     1243 of 3001 @ t_step =     1242 Time Avg = 2.601393E+00 Time/step= 2.605378E+00 ETA (HH:MM:SS) = 1:16:13
 [ 42%]  Time step     1244 of 3001 @ t_step =     1243 Time Avg = 2.601385E+00 Time/step= 2.591819E+00 ETA (HH:MM:SS) = 1:16:10
 [ 42%]  Time step     1245 of 3001 @ t_step =     1244 Time Avg = 2.601372E+00 Time/step= 2.584726E+00 ETA (HH:MM:SS) = 1:16:08
 [ 42%]  Time step     1246 of 3001 @ t_step =     1245 Time Avg = 2.601381E+00 Time/step= 2.613280E+00 ETA (HH:MM:SS) = 1:16:05
 [ 42%]  Time step     1247 of 3001 @ t_step =     1246 Time Avg = 2.601371E+00 Time/step= 2.588003E+00 ETA (HH:MM:SS) = 1:16:02
 [ 42%]  Time step     1248 of 3001 @ t_step =     1247 Time Avg = 2.601365E+00 Time/step= 2.594721E+00 ETA (HH:MM:SS) = 1:16:00
 [ 42%]  Time step     1249 of 3001 @ t_step =     1248 Time Avg = 2.601356E+00 Time/step= 2.589708E+00 ETA (HH:MM:SS) = 1:15:57
 [ 42%]  Time step     1250 of 3001 @ t_step =     1249 Time Avg = 2.601354E+00 Time/step= 2.599457E+00 ETA (HH:MM:SS) = 1:15:54
 [ 42%]  Time step     1251 of 3001 @ t_step =     1250 Time Avg = 2.601336E+00 Time/step= 2.578370E+00 ETA (HH:MM:SS) = 1:15:52
 [ 42%]  Time step     1252 of 3001 @ t_step =     1251 Time Avg = 2.601383E+00 Time/step= 2.659564E+00 ETA (HH:MM:SS) = 1:15:49
 [ 42%]  Time step     1253 of 3001 @ t_step =     1252 Time Avg = 2.601385E+00 Time/step= 2.603977E+00 ETA (HH:MM:SS) = 1:15:47
 [ 42%]  Time step     1254 of 3001 @ t_step =     1253 Time Avg = 2.601375E+00 Time/step= 2.589602E+00 ETA (HH:MM:SS) = 1:15:44
 [ 42%]  Time step     1255 of 3001 @ t_step =     1254 Time Avg = 2.601362E+00 Time/step= 2.585138E+00 ETA (HH:MM:SS) = 1:15:41
 [ 42%]  Time step     1256 of 3001 @ t_step =     1255 Time Avg = 2.601354E+00 Time/step= 2.590951E+00 ETA (HH:MM:SS) = 1:15:39
 [ 42%]  Time step     1257 of 3001 @ t_step =     1256 Time Avg = 2.601331E+00 Time/step= 2.572874E+00 ETA (HH:MM:SS) = 1:15:36
 [ 42%]  Time step     1258 of 3001 @ t_step =     1257 Time Avg = 2.601354E+00 Time/step= 2.629465E+00 ETA (HH:MM:SS) = 1:15:34
 [ 42%]  Time step     1259 of 3001 @ t_step =     1258 Time Avg = 2.601347E+00 Time/step= 2.593090E+00 ETA (HH:MM:SS) = 1:15:31
 [ 42%]  Time step     1260 of 3001 @ t_step =     1259 Time Avg = 2.601369E+00 Time/step= 2.629417E+00 ETA (HH:MM:SS) = 1:15:28
 [ 42%]  Time step     1261 of 3001 @ t_step =     1260 Time Avg = 2.601378E+00 Time/step= 2.611639E+00 ETA (HH:MM:SS) = 1:15:26
 [ 43%]  Time step     1262 of 3001 @ t_step =     1261 Time Avg = 2.601375E+00 Time/step= 2.598429E+00 ETA (HH:MM:SS) = 1:15:23
 [ 43%]  Time step     1263 of 3001 @ t_step =     1262 Time Avg = 2.601392E+00 Time/step= 2.621962E+00 ETA (HH:MM:SS) = 1:15:21
 [ 43%]  Time step     1264 of 3001 @ t_step =     1263 Time Avg = 2.601413E+00 Time/step= 2.628915E+00 ETA (HH:MM:SS) = 1:15:18
 [ 43%]  Time step     1265 of 3001 @ t_step =     1264 Time Avg = 2.601413E+00 Time/step= 2.600619E+00 ETA (HH:MM:SS) = 1:15:16
 [ 43%]  Time step     1266 of 3001 @ t_step =     1265 Time Avg = 2.601425E+00 Time/step= 2.616741E+00 ETA (HH:MM:SS) = 1:15:13
 [ 43%]  Time step     1267 of 3001 @ t_step =     1266 Time Avg = 2.601430E+00 Time/step= 2.607402E+00 ETA (HH:MM:SS) = 1:15:10
 [ 43%]  Time step     1268 of 3001 @ t_step =     1267 Time Avg = 2.601433E+00 Time/step= 2.605932E+00 ETA (HH:MM:SS) = 1:15:08
 [ 43%]  Time step     1269 of 3001 @ t_step =     1268 Time Avg = 2.601450E+00 Time/step= 2.622711E+00 ETA (HH:MM:SS) = 1:15:05
 [ 43%]  Time step     1270 of 3001 @ t_step =     1269 Time Avg = 2.601450E+00 Time/step= 2.602002E+00 ETA (HH:MM:SS) = 1:15:03
 [ 43%]  Time step     1271 of 3001 @ t_step =     1270 Time Avg = 2.601444E+00 Time/step= 2.592680E+00 ETA (HH:MM:SS) = 1:15:00
 [ 43%]  Time step     1272 of 3001 @ t_step =     1271 Time Avg = 2.601450E+00 Time/step= 2.609205E+00 ETA (HH:MM:SS) = 1:14:57
 [ 43%]  Time step     1273 of 3001 @ t_step =     1272 Time Avg = 2.601456E+00 Time/step= 2.609737E+00 ETA (HH:MM:SS) = 1:14:55
 [ 43%]  Time step     1274 of 3001 @ t_step =     1273 Time Avg = 2.601453E+00 Time/step= 2.597254E+00 ETA (HH:MM:SS) = 1:14:52
 [ 43%]  Time step     1275 of 3001 @ t_step =     1274 Time Avg = 2.601437E+00 Time/step= 2.581166E+00 ETA (HH:MM:SS) = 1:14:50
 [ 43%]  Time step     1276 of 3001 @ t_step =     1275 Time Avg = 2.601435E+00 Time/step= 2.599132E+00 ETA (HH:MM:SS) = 1:14:47
 [ 43%]  Time step     1277 of 3001 @ t_step =     1276 Time Avg = 2.601454E+00 Time/step= 2.625679E+00 ETA (HH:MM:SS) = 1:14:44
 [ 43%]  Time step     1278 of 3001 @ t_step =     1277 Time Avg = 2.601473E+00 Time/step= 2.624997E+00 ETA (HH:MM:SS) = 1:14:42
 [ 43%]  Time step     1279 of 3001 @ t_step =     1278 Time Avg = 2.601477E+00 Time/step= 2.606522E+00 ETA (HH:MM:SS) = 1:14:39
 [ 43%]  Time step     1280 of 3001 @ t_step =     1279 Time Avg = 2.601461E+00 Time/step= 2.581940E+00 ETA (HH:MM:SS) = 1:14:37
 [ 43%]  Time step     1281 of 3001 @ t_step =     1280 Time Avg = 2.601445E+00 Time/step= 2.580626E+00 ETA (HH:MM:SS) = 1:14:34
 [ 43%]  Time step     1282 of 3001 @ t_step =     1281 Time Avg = 2.601458E+00 Time/step= 2.617911E+00 ETA (HH:MM:SS) = 1:14:31
 [ 43%]  Time step     1283 of 3001 @ t_step =     1282 Time Avg = 2.601468E+00 Time/step= 2.614552E+00 ETA (HH:MM:SS) = 1:14:29
 [ 43%]  Time step     1284 of 3001 @ t_step =     1283 Time Avg = 2.601464E+00 Time/step= 2.595967E+00 ETA (HH:MM:SS) = 1:14:26
 [ 43%]  Time step     1285 of 3001 @ t_step =     1284 Time Avg = 2.601458E+00 Time/step= 2.594128E+00 ETA (HH:MM:SS) = 1:14:24
 [ 43%]  Time step     1286 of 3001 @ t_step =     1285 Time Avg = 2.601459E+00 Time/step= 2.602246E+00 ETA (HH:MM:SS) = 1:14:21
 [ 43%]  Time step     1287 of 3001 @ t_step =     1286 Time Avg = 2.601447E+00 Time/step= 2.586879E+00 ETA (HH:MM:SS) = 1:14:18
 [ 43%]  Time step     1288 of 3001 @ t_step =     1287 Time Avg = 2.601450E+00 Time/step= 2.604261E+00 ETA (HH:MM:SS) = 1:14:16
 [ 43%]  Time step     1289 of 3001 @ t_step =     1288 Time Avg = 2.601427E+00 Time/step= 2.572596E+00 ETA (HH:MM:SS) = 1:14:13
 [ 43%]  Time step     1290 of 3001 @ t_step =     1289 Time Avg = 2.601455E+00 Time/step= 2.637766E+00 ETA (HH:MM:SS) = 1:14:11
 [ 43%]  Time step     1291 of 3001 @ t_step =     1290 Time Avg = 2.601444E+00 Time/step= 2.587040E+00 ETA (HH:MM:SS) = 1:14:08
 [ 44%]  Time step     1292 of 3001 @ t_step =     1291 Time Avg = 2.601449E+00 Time/step= 2.608315E+00 ETA (HH:MM:SS) = 1:14:05
 [ 44%]  Time step     1293 of 3001 @ t_step =     1292 Time Avg = 2.601440E+00 Time/step= 2.588812E+00 ETA (HH:MM:SS) = 1:14:03
 [ 44%]  Time step     1294 of 3001 @ t_step =     1293 Time Avg = 2.601435E+00 Time/step= 2.595216E+00 ETA (HH:MM:SS) = 1:14:00
 [ 44%]  Time step     1295 of 3001 @ t_step =     1294 Time Avg = 2.601468E+00 Time/step= 2.644078E+00 ETA (HH:MM:SS) = 1:13:58
 [ 44%]  Time step     1296 of 3001 @ t_step =     1295 Time Avg = 2.601457E+00 Time/step= 2.587856E+00 ETA (HH:MM:SS) = 1:13:55
 [ 44%]  Time step     1297 of 3001 @ t_step =     1296 Time Avg = 2.601442E+00 Time/step= 2.581843E+00 ETA (HH:MM:SS) = 1:13:52
 [ 44%]  Time step     1298 of 3001 @ t_step =     1297 Time Avg = 2.601459E+00 Time/step= 2.623413E+00 ETA (HH:MM:SS) = 1:13:50
 [ 44%]  Time step     1299 of 3001 @ t_step =     1298 Time Avg = 2.601443E+00 Time/step= 2.580091E+00 ETA (HH:MM:SS) = 1:13:47
 [ 44%]  Time step     1300 of 3001 @ t_step =     1299 Time Avg = 2.601446E+00 Time/step= 2.605545E+00 ETA (HH:MM:SS) = 1:13:45
 [ 44%]  Time step     1301 of 3001 @ t_step =     1300 Time Avg = 2.601457E+00 Time/step= 2.615781E+00 ETA (HH:MM:SS) = 1:13:42
 [ 44%]  Time step     1302 of 3001 @ t_step =     1301 Time Avg = 2.601467E+00 Time/step= 2.614083E+00 ETA (HH:MM:SS) = 1:13:39
 [ 44%]  Time step     1303 of 3001 @ t_step =     1302 Time Avg = 2.601476E+00 Time/step= 2.613368E+00 ETA (HH:MM:SS) = 1:13:37
 [ 44%]  Time step     1304 of 3001 @ t_step =     1303 Time Avg = 2.601466E+00 Time/step= 2.589260E+00 ETA (HH:MM:SS) = 1:13:34
 [ 44%]  Time step     1305 of 3001 @ t_step =     1304 Time Avg = 2.601460E+00 Time/step= 2.593011E+00 ETA (HH:MM:SS) = 1:13:32
 [ 44%]  Time step     1306 of 3001 @ t_step =     1305 Time Avg = 2.601475E+00 Time/step= 2.621616E+00 ETA (HH:MM:SS) = 1:13:29
 [ 44%]  Time step     1307 of 3001 @ t_step =     1306 Time Avg = 2.601462E+00 Time/step= 2.584303E+00 ETA (HH:MM:SS) = 1:13:26
 [ 44%]  Time step     1308 of 3001 @ t_step =     1307 Time Avg = 2.601454E+00 Time/step= 2.590584E+00 ETA (HH:MM:SS) = 1:13:24
 [ 44%]  Time step     1309 of 3001 @ t_step =     1308 Time Avg = 2.601448E+00 Time/step= 2.594335E+00 ETA (HH:MM:SS) = 1:13:21
 [ 44%]  Time step     1310 of 3001 @ t_step =     1309 Time Avg = 2.601441E+00 Time/step= 2.592178E+00 ETA (HH:MM:SS) = 1:13:19
 [ 44%]  Time step     1311 of 3001 @ t_step =     1310 Time Avg = 2.601434E+00 Time/step= 2.591753E+00 ETA (HH:MM:SS) = 1:13:16
 [ 44%]  Time step     1312 of 3001 @ t_step =     1311 Time Avg = 2.601424E+00 Time/step= 2.588099E+00 ETA (HH:MM:SS) = 1:13:13
 [ 44%]  Time step     1313 of 3001 @ t_step =     1312 Time Avg = 2.601408E+00 Time/step= 2.580740E+00 ETA (HH:MM:SS) = 1:13:11
 [ 44%]  Time step     1314 of 3001 @ t_step =     1313 Time Avg = 2.601418E+00 Time/step= 2.615254E+00 ETA (HH:MM:SS) = 1:13:08
 [ 44%]  Time step     1315 of 3001 @ t_step =     1314 Time Avg = 2.601411E+00 Time/step= 2.591597E+00 ETA (HH:MM:SS) = 1:13:05
 [ 44%]  Time step     1316 of 3001 @ t_step =     1315 Time Avg = 2.601403E+00 Time/step= 2.591176E+00 ETA (HH:MM:SS) = 1:13:03
 [ 44%]  Time step     1317 of 3001 @ t_step =     1316 Time Avg = 2.601400E+00 Time/step= 2.597905E+00 ETA (HH:MM:SS) = 1:13:00
 [ 44%]  Time step     1318 of 3001 @ t_step =     1317 Time Avg = 2.601400E+00 Time/step= 2.601118E+00 ETA (HH:MM:SS) = 1:12:58
 [ 44%]  Time step     1319 of 3001 @ t_step =     1318 Time Avg = 2.601398E+00 Time/step= 2.598611E+00 ETA (HH:MM:SS) = 1:12:55
 [ 44%]  Time step     1320 of 3001 @ t_step =     1319 Time Avg = 2.601423E+00 Time/step= 2.633938E+00 ETA (HH:MM:SS) = 1:12:52
 [ 44%]  Time step     1321 of 3001 @ t_step =     1320 Time Avg = 2.601422E+00 Time/step= 2.599870E+00 ETA (HH:MM:SS) = 1:12:50
 [ 45%]  Time step     1322 of 3001 @ t_step =     1321 Time Avg = 2.601437E+00 Time/step= 2.621470E+00 ETA (HH:MM:SS) = 1:12:47
 [ 45%]  Time step     1323 of 3001 @ t_step =     1322 Time Avg = 2.601451E+00 Time/step= 2.619789E+00 ETA (HH:MM:SS) = 1:12:45
 [ 45%]  Time step     1324 of 3001 @ t_step =     1323 Time Avg = 2.601460E+00 Time/step= 2.613360E+00 ETA (HH:MM:SS) = 1:12:42
 [ 45%]  Time step     1325 of 3001 @ t_step =     1324 Time Avg = 2.601479E+00 Time/step= 2.627110E+00 ETA (HH:MM:SS) = 1:12:40
 [ 45%]  Time step     1326 of 3001 @ t_step =     1325 Time Avg = 2.601474E+00 Time/step= 2.594310E+00 ETA (HH:MM:SS) = 1:12:37
 [ 45%]  Time step     1327 of 3001 @ t_step =     1326 Time Avg = 2.601475E+00 Time/step= 2.602494E+00 ETA (HH:MM:SS) = 1:12:34
 [ 45%]  Time step     1328 of 3001 @ t_step =     1327 Time Avg = 2.601466E+00 Time/step= 2.590515E+00 ETA (HH:MM:SS) = 1:12:32
 [ 45%]  Time step     1329 of 3001 @ t_step =     1328 Time Avg = 2.601449E+00 Time/step= 2.578374E+00 ETA (HH:MM:SS) = 1:12:29
 [ 45%]  Time step     1330 of 3001 @ t_step =     1329 Time Avg = 2.601441E+00 Time/step= 2.591072E+00 ETA (HH:MM:SS) = 1:12:27
 [ 45%]  Time step     1331 of 3001 @ t_step =     1330 Time Avg = 2.601437E+00 Time/step= 2.596245E+00 ETA (HH:MM:SS) = 1:12:24
 [ 45%]  Time step     1332 of 3001 @ t_step =     1331 Time Avg = 2.601446E+00 Time/step= 2.612896E+00 ETA (HH:MM:SS) = 1:12:21
 [ 45%]  Time step     1333 of 3001 @ t_step =     1332 Time Avg = 2.601476E+00 Time/step= 2.641551E+00 ETA (HH:MM:SS) = 1:12:19
 [ 45%]  Time step     1334 of 3001 @ t_step =     1333 Time Avg = 2.601490E+00 Time/step= 2.619619E+00 ETA (HH:MM:SS) = 1:12:16
 [ 45%]  Time step     1335 of 3001 @ t_step =     1334 Time Avg = 2.601470E+00 Time/step= 2.575683E+00 ETA (HH:MM:SS) = 1:12:14
 [ 45%]  Time step     1336 of 3001 @ t_step =     1335 Time Avg = 2.601470E+00 Time/step= 2.601741E+00 ETA (HH:MM:SS) = 1:12:11
 [ 45%]  Time step     1337 of 3001 @ t_step =     1336 Time Avg = 2.601490E+00 Time/step= 2.627501E+00 ETA (HH:MM:SS) = 1:12:08
 [ 45%]  Time step     1338 of 3001 @ t_step =     1337 Time Avg = 2.601496E+00 Time/step= 2.609384E+00 ETA (HH:MM:SS) = 1:12:06
 [ 45%]  Time step     1339 of 3001 @ t_step =     1338 Time Avg = 2.601515E+00 Time/step= 2.627128E+00 ETA (HH:MM:SS) = 1:12:03
 [ 45%]  Time step     1340 of 3001 @ t_step =     1339 Time Avg = 2.601530E+00 Time/step= 2.621345E+00 ETA (HH:MM:SS) = 1:12:01
 [ 45%]  Time step     1341 of 3001 @ t_step =     1340 Time Avg = 2.601528E+00 Time/step= 2.598544E+00 ETA (HH:MM:SS) = 1:11:58
 [ 45%]  Time step     1342 of 3001 @ t_step =     1341 Time Avg = 2.601511E+00 Time/step= 2.579118E+00 ETA (HH:MM:SS) = 1:11:55
 [ 45%]  Time step     1343 of 3001 @ t_step =     1342 Time Avg = 2.601491E+00 Time/step= 2.575365E+00 ETA (HH:MM:SS) = 1:11:53
 [ 45%]  Time step     1344 of 3001 @ t_step =     1343 Time Avg = 2.601511E+00 Time/step= 2.627472E+00 ETA (HH:MM:SS) = 1:11:50
 [ 45%]  Time step     1345 of 3001 @ t_step =     1344 Time Avg = 2.601508E+00 Time/step= 2.597876E+00 ETA (HH:MM:SS) = 1:11:48
 [ 45%]  Time step     1346 of 3001 @ t_step =     1345 Time Avg = 2.601515E+00 Time/step= 2.611038E+00 ETA (HH:MM:SS) = 1:11:45
 [ 45%]  Time step     1347 of 3001 @ t_step =     1346 Time Avg = 2.601513E+00 Time/step= 2.599242E+00 ETA (HH:MM:SS) = 1:11:42
 [ 45%]  Time step     1348 of 3001 @ t_step =     1347 Time Avg = 2.601491E+00 Time/step= 2.571741E+00 ETA (HH:MM:SS) = 1:11:40
 [ 45%]  Time step     1349 of 3001 @ t_step =     1348 Time Avg = 2.601473E+00 Time/step= 2.576448E+00 ETA (HH:MM:SS) = 1:11:37
 [ 45%]  Time step     1350 of 3001 @ t_step =     1349 Time Avg = 2.601464E+00 Time/step= 2.589791E+00 ETA (HH:MM:SS) = 1:11:35
 [ 45%]  Time step     1351 of 3001 @ t_step =     1350 Time Avg = 2.601460E+00 Time/step= 2.596546E+00 ETA (HH:MM:SS) = 1:11:32
 [ 46%]  Time step     1352 of 3001 @ t_step =     1351 Time Avg = 2.601464E+00 Time/step= 2.606419E+00 ETA (HH:MM:SS) = 1:11:29
 [ 46%]  Time step     1353 of 3001 @ t_step =     1352 Time Avg = 2.601450E+00 Time/step= 2.582170E+00 ETA (HH:MM:SS) = 1:11:27
 [ 46%]  Time step     1354 of 3001 @ t_step =     1353 Time Avg = 2.601479E+00 Time/step= 2.640524E+00 ETA (HH:MM:SS) = 1:11:24
 [ 46%]  Time step     1355 of 3001 @ t_step =     1354 Time Avg = 2.601481E+00 Time/step= 2.604759E+00 ETA (HH:MM:SS) = 1:11:22
 [ 46%]  Time step     1356 of 3001 @ t_step =     1355 Time Avg = 2.601501E+00 Time/step= 2.628903E+00 ETA (HH:MM:SS) = 1:11:19
 [ 46%]  Time step     1357 of 3001 @ t_step =     1356 Time Avg = 2.601498E+00 Time/step= 2.596856E+00 ETA (HH:MM:SS) = 1:11:16
 [ 46%]  Time step     1358 of 3001 @ t_step =     1357 Time Avg = 2.601503E+00 Time/step= 2.608566E+00 ETA (HH:MM:SS) = 1:11:14
 [ 46%]  Time step     1359 of 3001 @ t_step =     1358 Time Avg = 2.601498E+00 Time/step= 2.594222E+00 ETA (HH:MM:SS) = 1:11:11
 [ 46%]  Time step     1360 of 3001 @ t_step =     1359 Time Avg = 2.601504E+00 Time/step= 2.610388E+00 ETA (HH:MM:SS) = 1:11:09
 [ 46%]  Time step     1361 of 3001 @ t_step =     1360 Time Avg = 2.601500E+00 Time/step= 2.595451E+00 ETA (HH:MM:SS) = 1:11:06
 [ 46%]  Time step     1362 of 3001 @ t_step =     1361 Time Avg = 2.601501E+00 Time/step= 2.602453E+00 ETA (HH:MM:SS) = 1:11:03
 [ 46%]  Time step     1363 of 3001 @ t_step =     1362 Time Avg = 2.601485E+00 Time/step= 2.580036E+00 ETA (HH:MM:SS) = 1:11:01
 [ 46%]  Time step     1364 of 3001 @ t_step =     1363 Time Avg = 2.601496E+00 Time/step= 2.616363E+00 ETA (HH:MM:SS) = 1:10:58
 [ 46%]  Time step     1365 of 3001 @ t_step =     1364 Time Avg = 2.601489E+00 Time/step= 2.592378E+00 ETA (HH:MM:SS) = 1:10:56
 [ 46%]  Time step     1366 of 3001 @ t_step =     1365 Time Avg = 2.601487E+00 Time/step= 2.599023E+00 ETA (HH:MM:SS) = 1:10:53
 [ 46%]  Time step     1367 of 3001 @ t_step =     1366 Time Avg = 2.601494E+00 Time/step= 2.610970E+00 ETA (HH:MM:SS) = 1:10:50
 [ 46%]  Time step     1368 of 3001 @ t_step =     1367 Time Avg = 2.601491E+00 Time/step= 2.596653E+00 ETA (HH:MM:SS) = 1:10:48
 [ 46%]  Time step     1369 of 3001 @ t_step =     1368 Time Avg = 2.601503E+00 Time/step= 2.618819E+00 ETA (HH:MM:SS) = 1:10:45
 [ 46%]  Time step     1370 of 3001 @ t_step =     1369 Time Avg = 2.601511E+00 Time/step= 2.611689E+00 ETA (HH:MM:SS) = 1:10:43
 [ 46%]  Time step     1371 of 3001 @ t_step =     1370 Time Avg = 2.601504E+00 Time/step= 2.591728E+00 ETA (HH:MM:SS) = 1:10:40
 [ 46%]  Time step     1372 of 3001 @ t_step =     1371 Time Avg = 2.601518E+00 Time/step= 2.621371E+00 ETA (HH:MM:SS) = 1:10:37
 [ 46%]  Time step     1373 of 3001 @ t_step =     1372 Time Avg = 2.601505E+00 Time/step= 2.583528E+00 ETA (HH:MM:SS) = 1:10:35
 [ 46%]  Time step     1374 of 3001 @ t_step =     1373 Time Avg = 2.601502E+00 Time/step= 2.597158E+00 ETA (HH:MM:SS) = 1:10:32
 [ 46%]  Time step     1375 of 3001 @ t_step =     1374 Time Avg = 2.601491E+00 Time/step= 2.586813E+00 ETA (HH:MM:SS) = 1:10:30
 [ 46%]  Time step     1376 of 3001 @ t_step =     1375 Time Avg = 2.601509E+00 Time/step= 2.626278E+00 ETA (HH:MM:SS) = 1:10:27
 [ 46%]  Time step     1377 of 3001 @ t_step =     1376 Time Avg = 2.601503E+00 Time/step= 2.593615E+00 ETA (HH:MM:SS) = 1:10:24
 [ 46%]  Time step     1378 of 3001 @ t_step =     1377 Time Avg = 2.601558E+00 Time/step= 2.677070E+00 ETA (HH:MM:SS) = 1:10:22
 [ 46%]  Time step     1379 of 3001 @ t_step =     1378 Time Avg = 2.601559E+00 Time/step= 2.602195E+00 ETA (HH:MM:SS) = 1:10:19
 [ 46%]  Time step     1380 of 3001 @ t_step =     1379 Time Avg = 2.601569E+00 Time/step= 2.615019E+00 ETA (HH:MM:SS) = 1:10:17
 [ 46%]  Time step     1381 of 3001 @ t_step =     1380 Time Avg = 2.601570E+00 Time/step= 2.603328E+00 ETA (HH:MM:SS) = 1:10:14
 [ 47%]  Time step     1382 of 3001 @ t_step =     1381 Time Avg = 2.601576E+00 Time/step= 2.609968E+00 ETA (HH:MM:SS) = 1:10:11
 [ 47%]  Time step     1383 of 3001 @ t_step =     1382 Time Avg = 2.601567E+00 Time/step= 2.588813E+00 ETA (HH:MM:SS) = 1:10:09
 [ 47%]  Time step     1384 of 3001 @ t_step =     1383 Time Avg = 2.601556E+00 Time/step= 2.587262E+00 ETA (HH:MM:SS) = 1:10:06
 [ 47%]  Time step     1385 of 3001 @ t_step =     1384 Time Avg = 2.601558E+00 Time/step= 2.603494E+00 ETA (HH:MM:SS) = 1:10:04
 [ 47%]  Time step     1386 of 3001 @ t_step =     1385 Time Avg = 2.601542E+00 Time/step= 2.580037E+00 ETA (HH:MM:SS) = 1:10:01
 [ 47%]  Time step     1387 of 3001 @ t_step =     1386 Time Avg = 2.601530E+00 Time/step= 2.585255E+00 ETA (HH:MM:SS) = 1:09:58
 [ 47%]  Time step     1388 of 3001 @ t_step =     1387 Time Avg = 2.601529E+00 Time/step= 2.599852E+00 ETA (HH:MM:SS) = 1:09:56
 [ 47%]  Time step     1389 of 3001 @ t_step =     1388 Time Avg = 2.601532E+00 Time/step= 2.605300E+00 ETA (HH:MM:SS) = 1:09:53
 [ 47%]  Time step     1390 of 3001 @ t_step =     1389 Time Avg = 2.601515E+00 Time/step= 2.578272E+00 ETA (HH:MM:SS) = 1:09:51
 [ 47%]  Time step     1391 of 3001 @ t_step =     1390 Time Avg = 2.601512E+00 Time/step= 2.597155E+00 ETA (HH:MM:SS) = 1:09:48
 [ 47%]  Time step     1392 of 3001 @ t_step =     1391 Time Avg = 2.601501E+00 Time/step= 2.585879E+00 ETA (HH:MM:SS) = 1:09:45
 [ 47%]  Time step     1393 of 3001 @ t_step =     1392 Time Avg = 2.601496E+00 Time/step= 2.594871E+00 ETA (HH:MM:SS) = 1:09:43
 [ 47%]  Time step     1394 of 3001 @ t_step =     1393 Time Avg = 2.601511E+00 Time/step= 2.622845E+00 ETA (HH:MM:SS) = 1:09:40
 [ 47%]  Time step     1395 of 3001 @ t_step =     1394 Time Avg = 2.601513E+00 Time/step= 2.603927E+00 ETA (HH:MM:SS) = 1:09:38
 [ 47%]  Time step     1396 of 3001 @ t_step =     1395 Time Avg = 2.601510E+00 Time/step= 2.596998E+00 ETA (HH:MM:SS) = 1:09:35
 [ 47%]  Time step     1397 of 3001 @ t_step =     1396 Time Avg = 2.601514E+00 Time/step= 2.607794E+00 ETA (HH:MM:SS) = 1:09:32
 [ 47%]  Time step     1398 of 3001 @ t_step =     1397 Time Avg = 2.601535E+00 Time/step= 2.630412E+00 ETA (HH:MM:SS) = 1:09:30
 [ 47%]  Time step     1399 of 3001 @ t_step =     1398 Time Avg = 2.601537E+00 Time/step= 2.603938E+00 ETA (HH:MM:SS) = 1:09:27
 [ 47%]  Time step     1400 of 3001 @ t_step =     1399 Time Avg = 2.601557E+00 Time/step= 2.629824E+00 ETA (HH:MM:SS) = 1:09:25
 [ 47%]  Time step     1401 of 3001 @ t_step =     1400 Time Avg = 2.601553E+00 Time/step= 2.595834E+00 ETA (HH:MM:SS) = 1:09:22
 [ 47%]  Time step     1402 of 3001 @ t_step =     1401 Time Avg = 2.601583E+00 Time/step= 2.643096E+00 ETA (HH:MM:SS) = 1:09:19
 [ 47%]  Time step     1403 of 3001 @ t_step =     1402 Time Avg = 2.601575E+00 Time/step= 2.591183E+00 ETA (HH:MM:SS) = 1:09:17
 [ 47%]  Time step     1404 of 3001 @ t_step =     1403 Time Avg = 2.601576E+00 Time/step= 2.602691E+00 ETA (HH:MM:SS) = 1:09:14
 [ 47%]  Time step     1405 of 3001 @ t_step =     1404 Time Avg = 2.601578E+00 Time/step= 2.603828E+00 ETA (HH:MM:SS) = 1:09:12
 [ 47%]  Time step     1406 of 3001 @ t_step =     1405 Time Avg = 2.601569E+00 Time/step= 2.589569E+00 ETA (HH:MM:SS) = 1:09:09
 [ 47%]  Time step     1407 of 3001 @ t_step =     1406 Time Avg = 2.601549E+00 Time/step= 2.573956E+00 ETA (HH:MM:SS) = 1:09:06
 [ 47%]  Time step     1408 of 3001 @ t_step =     1407 Time Avg = 2.601533E+00 Time/step= 2.578155E+00 ETA (HH:MM:SS) = 1:09:04
 [ 47%]  Time step     1409 of 3001 @ t_step =     1408 Time Avg = 2.601540E+00 Time/step= 2.611209E+00 ETA (HH:MM:SS) = 1:09:01
 [ 47%]  Time step     1410 of 3001 @ t_step =     1409 Time Avg = 2.601523E+00 Time/step= 2.578425E+00 ETA (HH:MM:SS) = 1:08:59
 [ 47%]  Time step     1411 of 3001 @ t_step =     1410 Time Avg = 2.601541E+00 Time/step= 2.626204E+00 ETA (HH:MM:SS) = 1:08:56
 [ 48%]  Time step     1412 of 3001 @ t_step =     1411 Time Avg = 2.601548E+00 Time/step= 2.611820E+00 ETA (HH:MM:SS) = 1:08:53
 [ 48%]  Time step     1413 of 3001 @ t_step =     1412 Time Avg = 2.601562E+00 Time/step= 2.620993E+00 ETA (HH:MM:SS) = 1:08:51
 [ 48%]  Time step     1414 of 3001 @ t_step =     1413 Time Avg = 2.601545E+00 Time/step= 2.577297E+00 ETA (HH:MM:SS) = 1:08:48
 [ 48%]  Time step     1415 of 3001 @ t_step =     1414 Time Avg = 2.601542E+00 Time/step= 2.597823E+00 ETA (HH:MM:SS) = 1:08:46
 [ 48%]  Time step     1416 of 3001 @ t_step =     1415 Time Avg = 2.601529E+00 Time/step= 2.582633E+00 ETA (HH:MM:SS) = 1:08:43
 [ 48%]  Time step     1417 of 3001 @ t_step =     1416 Time Avg = 2.601548E+00 Time/step= 2.629515E+00 ETA (HH:MM:SS) = 1:08:40
 [ 48%]  Time step     1418 of 3001 @ t_step =     1417 Time Avg = 2.601560E+00 Time/step= 2.618087E+00 ETA (HH:MM:SS) = 1:08:38
 [ 48%]  Time step     1419 of 3001 @ t_step =     1418 Time Avg = 2.601574E+00 Time/step= 2.621665E+00 ETA (HH:MM:SS) = 1:08:35
 [ 48%]  Time step     1420 of 3001 @ t_step =     1419 Time Avg = 2.601572E+00 Time/step= 2.598478E+00 ETA (HH:MM:SS) = 1:08:33
 [ 48%]  Time step     1421 of 3001 @ t_step =     1420 Time Avg = 2.601565E+00 Time/step= 2.591358E+00 ETA (HH:MM:SS) = 1:08:30
 [ 48%]  Time step     1422 of 3001 @ t_step =     1421 Time Avg = 2.601556E+00 Time/step= 2.588630E+00 ETA (HH:MM:SS) = 1:08:27
 [ 48%]  Time step     1423 of 3001 @ t_step =     1422 Time Avg = 2.601553E+00 Time/step= 2.597577E+00 ETA (HH:MM:SS) = 1:08:25
 [ 48%]  Time step     1424 of 3001 @ t_step =     1423 Time Avg = 2.601535E+00 Time/step= 2.576365E+00 ETA (HH:MM:SS) = 1:08:22
 [ 48%]  Time step     1425 of 3001 @ t_step =     1424 Time Avg = 2.601560E+00 Time/step= 2.636686E+00 ETA (HH:MM:SS) = 1:08:20
 [ 48%]  Time step     1426 of 3001 @ t_step =     1425 Time Avg = 2.601554E+00 Time/step= 2.593773E+00 ETA (HH:MM:SS) = 1:08:17
 [ 48%]  Time step     1427 of 3001 @ t_step =     1426 Time Avg = 2.601550E+00 Time/step= 2.594904E+00 ETA (HH:MM:SS) = 1:08:14
 [ 48%]  Time step     1428 of 3001 @ t_step =     1427 Time Avg = 2.601546E+00 Time/step= 2.596535E+00 ETA (HH:MM:SS) = 1:08:12
 [ 48%]  Time step     1429 of 3001 @ t_step =     1428 Time Avg = 2.601548E+00 Time/step= 2.603734E+00 ETA (HH:MM:SS) = 1:08:09
 [ 48%]  Time step     1430 of 3001 @ t_step =     1429 Time Avg = 2.601546E+00 Time/step= 2.598681E+00 ETA (HH:MM:SS) = 1:08:07
 [ 48%]  Time step     1431 of 3001 @ t_step =     1430 Time Avg = 2.601543E+00 Time/step= 2.597135E+00 ETA (HH:MM:SS) = 1:08:04
 [ 48%]  Time step     1432 of 3001 @ t_step =     1431 Time Avg = 2.601523E+00 Time/step= 2.572661E+00 ETA (HH:MM:SS) = 1:08:01
 [ 48%]  Time step     1433 of 3001 @ t_step =     1432 Time Avg = 2.601511E+00 Time/step= 2.585567E+00 ETA (HH:MM:SS) = 1:07:59
 [ 48%]  Time step     1434 of 3001 @ t_step =     1433 Time Avg = 2.601508E+00 Time/step= 2.596496E+00 ETA (HH:MM:SS) = 1:07:56
 [ 48%]  Time step     1435 of 3001 @ t_step =     1434 Time Avg = 2.601492E+00 Time/step= 2.578919E+00 ETA (HH:MM:SS) = 1:07:53
 [ 48%]  Time step     1436 of 3001 @ t_step =     1435 Time Avg = 2.601499E+00 Time/step= 2.612070E+00 ETA (HH:MM:SS) = 1:07:51
 [ 48%]  Time step     1437 of 3001 @ t_step =     1436 Time Avg = 2.601487E+00 Time/step= 2.583550E+00 ETA (HH:MM:SS) = 1:07:48
 [ 48%]  Time step     1438 of 3001 @ t_step =     1437 Time Avg = 2.601501E+00 Time/step= 2.621298E+00 ETA (HH:MM:SS) = 1:07:46
 [ 48%]  Time step     1439 of 3001 @ t_step =     1438 Time Avg = 2.601501E+00 Time/step= 2.602458E+00 ETA (HH:MM:SS) = 1:07:43
 [ 48%]  Time step     1440 of 3001 @ t_step =     1439 Time Avg = 2.601508E+00 Time/step= 2.611660E+00 ETA (HH:MM:SS) = 1:07:40
 [ 48%]  Time step     1441 of 3001 @ t_step =     1440 Time Avg = 2.601512E+00 Time/step= 2.606605E+00 ETA (HH:MM:SS) = 1:07:38
 [ 49%]  Time step     1442 of 3001 @ t_step =     1441 Time Avg = 2.601494E+00 Time/step= 2.576186E+00 ETA (HH:MM:SS) = 1:07:35
 [ 49%]  Time step     1443 of 3001 @ t_step =     1442 Time Avg = 2.601496E+00 Time/step= 2.603862E+00 ETA (HH:MM:SS) = 1:07:33
 [ 49%]  Time step     1444 of 3001 @ t_step =     1443 Time Avg = 2.601509E+00 Time/step= 2.620347E+00 ETA (HH:MM:SS) = 1:07:30
 [ 49%]  Time step     1445 of 3001 @ t_step =     1444 Time Avg = 2.601507E+00 Time/step= 2.597845E+00 ETA (HH:MM:SS) = 1:07:27
 [ 49%]  Time step     1446 of 3001 @ t_step =     1445 Time Avg = 2.601514E+00 Time/step= 2.612235E+00 ETA (HH:MM:SS) = 1:07:25
 [ 49%]  Time step     1447 of 3001 @ t_step =     1446 Time Avg = 2.601529E+00 Time/step= 2.622825E+00 ETA (HH:MM:SS) = 1:07:22
 [ 49%]  Time step     1448 of 3001 @ t_step =     1447 Time Avg = 2.601525E+00 Time/step= 2.596493E+00 ETA (HH:MM:SS) = 1:07:20
 [ 49%]  Time step     1449 of 3001 @ t_step =     1448 Time Avg = 2.601522E+00 Time/step= 2.597390E+00 ETA (HH:MM:SS) = 1:07:17
 [ 49%]  Time step     1450 of 3001 @ t_step =     1449 Time Avg = 2.601501E+00 Time/step= 2.569993E+00 ETA (HH:MM:SS) = 1:07:14
 [ 49%]  Time step     1451 of 3001 @ t_step =     1450 Time Avg = 2.601519E+00 Time/step= 2.628023E+00 ETA (HH:MM:SS) = 1:07:12
 [ 49%]  Time step     1452 of 3001 @ t_step =     1451 Time Avg = 2.601548E+00 Time/step= 2.643556E+00 ETA (HH:MM:SS) = 1:07:09
 [ 49%]  Time step     1453 of 3001 @ t_step =     1452 Time Avg = 2.601547E+00 Time/step= 2.599592E+00 ETA (HH:MM:SS) = 1:07:07
 [ 49%]  Time step     1454 of 3001 @ t_step =     1453 Time Avg = 2.601540E+00 Time/step= 2.592276E+00 ETA (HH:MM:SS) = 1:07:04
 [ 49%]  Time step     1455 of 3001 @ t_step =     1454 Time Avg = 2.601552E+00 Time/step= 2.618628E+00 ETA (HH:MM:SS) = 1:07:01
 [ 49%]  Time step     1456 of 3001 @ t_step =     1455 Time Avg = 2.601557E+00 Time/step= 2.609357E+00 ETA (HH:MM:SS) = 1:06:59
 [ 49%]  Time step     1457 of 3001 @ t_step =     1456 Time Avg = 2.601573E+00 Time/step= 2.624705E+00 ETA (HH:MM:SS) = 1:06:56
 [ 49%]  Time step     1458 of 3001 @ t_step =     1457 Time Avg = 2.601607E+00 Time/step= 2.650130E+00 ETA (HH:MM:SS) = 1:06:54
 [ 49%]  Time step     1459 of 3001 @ t_step =     1458 Time Avg = 2.601618E+00 Time/step= 2.618075E+00 ETA (HH:MM:SS) = 1:06:51
 [ 49%]  Time step     1460 of 3001 @ t_step =     1459 Time Avg = 2.601664E+00 Time/step= 2.667960E+00 ETA (HH:MM:SS) = 1:06:49
 [ 49%]  Time step     1461 of 3001 @ t_step =     1460 Time Avg = 2.601660E+00 Time/step= 2.596818E+00 ETA (HH:MM:SS) = 1:06:46
 [ 49%]  Time step     1462 of 3001 @ t_step =     1461 Time Avg = 2.601648E+00 Time/step= 2.583544E+00 ETA (HH:MM:SS) = 1:06:43
 [ 49%]  Time step     1463 of 3001 @ t_step =     1462 Time Avg = 2.601641E+00 Time/step= 2.590997E+00 ETA (HH:MM:SS) = 1:06:41
 [ 49%]  Time step     1464 of 3001 @ t_step =     1463 Time Avg = 2.601658E+00 Time/step= 2.626508E+00 ETA (HH:MM:SS) = 1:06:38
 [ 49%]  Time step     1465 of 3001 @ t_step =     1464 Time Avg = 2.601642E+00 Time/step= 2.578457E+00 ETA (HH:MM:SS) = 1:06:36
 [ 49%]  Time step     1466 of 3001 @ t_step =     1465 Time Avg = 2.601641E+00 Time/step= 2.600848E+00 ETA (HH:MM:SS) = 1:06:33
 [ 49%]  Time step     1467 of 3001 @ t_step =     1466 Time Avg = 2.601645E+00 Time/step= 2.607876E+00 ETA (HH:MM:SS) = 1:06:30
 [ 49%]  Time step     1468 of 3001 @ t_step =     1467 Time Avg = 2.601648E+00 Time/step= 2.605894E+00 ETA (HH:MM:SS) = 1:06:28
 [ 49%]  Time step     1469 of 3001 @ t_step =     1468 Time Avg = 2.601635E+00 Time/step= 2.582813E+00 ETA (HH:MM:SS) = 1:06:25
 [ 49%]  Time step     1470 of 3001 @ t_step =     1469 Time Avg = 2.601625E+00 Time/step= 2.586012E+00 ETA (HH:MM:SS) = 1:06:23
 [ 49%]  Time step     1471 of 3001 @ t_step =     1470 Time Avg = 2.601619E+00 Time/step= 2.593481E+00 ETA (HH:MM:SS) = 1:06:20
 [ 50%]  Time step     1472 of 3001 @ t_step =     1471 Time Avg = 2.601605E+00 Time/step= 2.581144E+00 ETA (HH:MM:SS) = 1:06:17
 [ 50%]  Time step     1473 of 3001 @ t_step =     1472 Time Avg = 2.601602E+00 Time/step= 2.597368E+00 ETA (HH:MM:SS) = 1:06:15
 [ 50%]  Time step     1474 of 3001 @ t_step =     1473 Time Avg = 2.601612E+00 Time/step= 2.615403E+00 ETA (HH:MM:SS) = 1:06:12
 [ 50%]  Time step     1475 of 3001 @ t_step =     1474 Time Avg = 2.601615E+00 Time/step= 2.606964E+00 ETA (HH:MM:SS) = 1:06:10
 [ 50%]  Time step     1476 of 3001 @ t_step =     1475 Time Avg = 2.601607E+00 Time/step= 2.589156E+00 ETA (HH:MM:SS) = 1:06:07
 [ 50%]  Time step     1477 of 3001 @ t_step =     1476 Time Avg = 2.601603E+00 Time/step= 2.595422E+00 ETA (HH:MM:SS) = 1:06:04
 [ 50%]  Time step     1478 of 3001 @ t_step =     1477 Time Avg = 2.601608E+00 Time/step= 2.609720E+00 ETA (HH:MM:SS) = 1:06:02
 [ 50%]  Time step     1479 of 3001 @ t_step =     1478 Time Avg = 2.601613E+00 Time/step= 2.608245E+00 ETA (HH:MM:SS) = 1:05:59
 [ 50%]  Time step     1480 of 3001 @ t_step =     1479 Time Avg = 2.601610E+00 Time/step= 2.597566E+00 ETA (HH:MM:SS) = 1:05:57
 [ 50%]  Time step     1481 of 3001 @ t_step =     1480 Time Avg = 2.601600E+00 Time/step= 2.586552E+00 ETA (HH:MM:SS) = 1:05:54
 [ 50%]  Time step     1482 of 3001 @ t_step =     1481 Time Avg = 2.601583E+00 Time/step= 2.576796E+00 ETA (HH:MM:SS) = 1:05:51
 [ 50%]  Time step     1483 of 3001 @ t_step =     1482 Time Avg = 2.601581E+00 Time/step= 2.598600E+00 ETA (HH:MM:SS) = 1:05:49
 [ 50%]  Time step     1484 of 3001 @ t_step =     1483 Time Avg = 2.601608E+00 Time/step= 2.641866E+00 ETA (HH:MM:SS) = 1:05:46
 [ 50%]  Time step     1485 of 3001 @ t_step =     1484 Time Avg = 2.601627E+00 Time/step= 2.629540E+00 ETA (HH:MM:SS) = 1:05:44
 [ 50%]  Time step     1486 of 3001 @ t_step =     1485 Time Avg = 2.601619E+00 Time/step= 2.589747E+00 ETA (HH:MM:SS) = 1:05:41
 [ 50%]  Time step     1487 of 3001 @ t_step =     1486 Time Avg = 2.601620E+00 Time/step= 2.602988E+00 ETA (HH:MM:SS) = 1:05:38
 [ 50%]  Time step     1488 of 3001 @ t_step =     1487 Time Avg = 2.601612E+00 Time/step= 2.589026E+00 ETA (HH:MM:SS) = 1:05:36
 [ 50%]  Time step     1489 of 3001 @ t_step =     1488 Time Avg = 2.601607E+00 Time/step= 2.594194E+00 ETA (HH:MM:SS) = 1:05:33
 [ 50%]  Time step     1490 of 3001 @ t_step =     1489 Time Avg = 2.601605E+00 Time/step= 2.599540E+00 ETA (HH:MM:SS) = 1:05:31
 [ 50%]  Time step     1491 of 3001 @ t_step =     1490 Time Avg = 2.601605E+00 Time/step= 2.601207E+00 ETA (HH:MM:SS) = 1:05:28
 [ 50%]  Time step     1492 of 3001 @ t_step =     1491 Time Avg = 2.601601E+00 Time/step= 2.595525E+00 ETA (HH:MM:SS) = 1:05:25
 [ 50%]  Time step     1493 of 3001 @ t_step =     1492 Time Avg = 2.601590E+00 Time/step= 2.585242E+00 ETA (HH:MM:SS) = 1:05:23
 [ 50%]  Time step     1494 of 3001 @ t_step =     1493 Time Avg = 2.601598E+00 Time/step= 2.613990E+00 ETA (HH:MM:SS) = 1:05:20
 [ 50%]  Time step     1495 of 3001 @ t_step =     1494 Time Avg = 2.601591E+00 Time/step= 2.591257E+00 ETA (HH:MM:SS) = 1:05:17
 [ 50%]  Time step     1496 of 3001 @ t_step =     1495 Time Avg = 2.601584E+00 Time/step= 2.590123E+00 ETA (HH:MM:SS) = 1:05:15
 [ 50%]  Time step     1497 of 3001 @ t_step =     1496 Time Avg = 2.601579E+00 Time/step= 2.594442E+00 ETA (HH:MM:SS) = 1:05:12
 [ 50%]  Time step     1498 of 3001 @ t_step =     1497 Time Avg = 2.601559E+00 Time/step= 2.572566E+00 ETA (HH:MM:SS) = 1:05:10
 [ 50%]  Time step     1499 of 3001 @ t_step =     1498 Time Avg = 2.601571E+00 Time/step= 2.618738E+00 ETA (HH:MM:SS) = 1:05:07
 [ 50%]  Time step     1500 of 3001 @ t_step =     1499 Time Avg = 2.601582E+00 Time/step= 2.618166E+00 ETA (HH:MM:SS) = 1:05:04
 [ 50%]  Time step     1501 of 3001 @ t_step =     1500 Time Avg = 2.601568E+00 Time/step= 2.580694E+00 ETA (HH:MM:SS) = 1:05:02
 [ 51%]  Time step     1502 of 3001 @ t_step =     1501 Time Avg = 2.601571E+00 Time/step= 2.606555E+00 ETA (HH:MM:SS) = 1:04:59
 [ 51%]  Time step     1503 of 3001 @ t_step =     1502 Time Avg = 2.601601E+00 Time/step= 2.645560E+00 ETA (HH:MM:SS) = 1:04:57
 [ 51%]  Time step     1504 of 3001 @ t_step =     1503 Time Avg = 2.601606E+00 Time/step= 2.609054E+00 ETA (HH:MM:SS) = 1:04:54
 [ 51%]  Time step     1505 of 3001 @ t_step =     1504 Time Avg = 2.601600E+00 Time/step= 2.592888E+00 ETA (HH:MM:SS) = 1:04:51
 [ 51%]  Time step     1506 of 3001 @ t_step =     1505 Time Avg = 2.601613E+00 Time/step= 2.622161E+00 ETA (HH:MM:SS) = 1:04:49
 [ 51%]  Time step     1507 of 3001 @ t_step =     1506 Time Avg = 2.601597E+00 Time/step= 2.577330E+00 ETA (HH:MM:SS) = 1:04:46
 [ 51%]  Time step     1508 of 3001 @ t_step =     1507 Time Avg = 2.601614E+00 Time/step= 2.626162E+00 ETA (HH:MM:SS) = 1:04:44
 [ 51%]  Time step     1509 of 3001 @ t_step =     1508 Time Avg = 2.601595E+00 Time/step= 2.572826E+00 ETA (HH:MM:SS) = 1:04:41
 [ 51%]  Time step     1510 of 3001 @ t_step =     1509 Time Avg = 2.601596E+00 Time/step= 2.603784E+00 ETA (HH:MM:SS) = 1:04:38
 [ 51%]  Time step     1511 of 3001 @ t_step =     1510 Time Avg = 2.601599E+00 Time/step= 2.606571E+00 ETA (HH:MM:SS) = 1:04:36
 [ 51%]  Time step     1512 of 3001 @ t_step =     1511 Time Avg = 2.601594E+00 Time/step= 2.593374E+00 ETA (HH:MM:SS) = 1:04:33
 [ 51%]  Time step     1513 of 3001 @ t_step =     1512 Time Avg = 2.601586E+00 Time/step= 2.589053E+00 ETA (HH:MM:SS) = 1:04:31
 [ 51%]  Time step     1514 of 3001 @ t_step =     1513 Time Avg = 2.601592E+00 Time/step= 2.612057E+00 ETA (HH:MM:SS) = 1:04:28
 [ 51%]  Time step     1515 of 3001 @ t_step =     1514 Time Avg = 2.601588E+00 Time/step= 2.595505E+00 ETA (HH:MM:SS) = 1:04:25
 [ 51%]  Time step     1516 of 3001 @ t_step =     1515 Time Avg = 2.601570E+00 Time/step= 2.574315E+00 ETA (HH:MM:SS) = 1:04:23
 [ 51%]  Time step     1517 of 3001 @ t_step =     1516 Time Avg = 2.601570E+00 Time/step= 2.601037E+00 ETA (HH:MM:SS) = 1:04:20
 [ 51%]  Time step     1518 of 3001 @ t_step =     1517 Time Avg = 2.601590E+00 Time/step= 2.632008E+00 ETA (HH:MM:SS) = 1:04:18
 [ 51%]  Time step     1519 of 3001 @ t_step =     1518 Time Avg = 2.601589E+00 Time/step= 2.599540E+00 ETA (HH:MM:SS) = 1:04:15
 [ 51%]  Time step     1520 of 3001 @ t_step =     1519 Time Avg = 2.601604E+00 Time/step= 2.624820E+00 ETA (HH:MM:SS) = 1:04:12
 [ 51%]  Time step     1521 of 3001 @ t_step =     1520 Time Avg = 2.601604E+00 Time/step= 2.601542E+00 ETA (HH:MM:SS) = 1:04:10
 [ 51%]  Time step     1522 of 3001 @ t_step =     1521 Time Avg = 2.601593E+00 Time/step= 2.584556E+00 ETA (HH:MM:SS) = 1:04:07
 [ 51%]  Time step     1523 of 3001 @ t_step =     1522 Time Avg = 2.601597E+00 Time/step= 2.607793E+00 ETA (HH:MM:SS) = 1:04:05
 [ 51%]  Time step     1524 of 3001 @ t_step =     1523 Time Avg = 2.601591E+00 Time/step= 2.592692E+00 ETA (HH:MM:SS) = 1:04:02
 [ 51%]  Time step     1525 of 3001 @ t_step =     1524 Time Avg = 2.601606E+00 Time/step= 2.624437E+00 ETA (HH:MM:SS) = 1:03:59
 [ 51%]  Time step     1526 of 3001 @ t_step =     1525 Time Avg = 2.601607E+00 Time/step= 2.602304E+00 ETA (HH:MM:SS) = 1:03:57
 [ 51%]  Time step     1527 of 3001 @ t_step =     1526 Time Avg = 2.601603E+00 Time/step= 2.596393E+00 ETA (HH:MM:SS) = 1:03:54
 [ 51%]  Time step     1528 of 3001 @ t_step =     1527 Time Avg = 2.601596E+00 Time/step= 2.591502E+00 ETA (HH:MM:SS) = 1:03:52
 [ 51%]  Time step     1529 of 3001 @ t_step =     1528 Time Avg = 2.601590E+00 Time/step= 2.591606E+00 ETA (HH:MM:SS) = 1:03:49
 [ 51%]  Time step     1530 of 3001 @ t_step =     1529 Time Avg = 2.601583E+00 Time/step= 2.591115E+00 ETA (HH:MM:SS) = 1:03:46
 [ 51%]  Time step     1531 of 3001 @ t_step =     1530 Time Avg = 2.601579E+00 Time/step= 2.594838E+00 ETA (HH:MM:SS) = 1:03:44
 [ 52%]  Time step     1532 of 3001 @ t_step =     1531 Time Avg = 2.601589E+00 Time/step= 2.616972E+00 ETA (HH:MM:SS) = 1:03:41
 [ 52%]  Time step     1533 of 3001 @ t_step =     1532 Time Avg = 2.601589E+00 Time/step= 2.601543E+00 ETA (HH:MM:SS) = 1:03:39
 [ 52%]  Time step     1534 of 3001 @ t_step =     1533 Time Avg = 2.601582E+00 Time/step= 2.591386E+00 ETA (HH:MM:SS) = 1:03:36
 [ 52%]  Time step     1535 of 3001 @ t_step =     1534 Time Avg = 2.601589E+00 Time/step= 2.611482E+00 ETA (HH:MM:SS) = 1:03:33
 [ 52%]  Time step     1536 of 3001 @ t_step =     1535 Time Avg = 2.601576E+00 Time/step= 2.582647E+00 ETA (HH:MM:SS) = 1:03:31
 [ 52%]  Time step     1537 of 3001 @ t_step =     1536 Time Avg = 2.601583E+00 Time/step= 2.611609E+00 ETA (HH:MM:SS) = 1:03:28
 [ 52%]  Time step     1538 of 3001 @ t_step =     1537 Time Avg = 2.601583E+00 Time/step= 2.601840E+00 ETA (HH:MM:SS) = 1:03:26
 [ 52%]  Time step     1539 of 3001 @ t_step =     1538 Time Avg = 2.601592E+00 Time/step= 2.615029E+00 ETA (HH:MM:SS) = 1:03:23
 [ 52%]  Time step     1540 of 3001 @ t_step =     1539 Time Avg = 2.601618E+00 Time/step= 2.641571E+00 ETA (HH:MM:SS) = 1:03:20
 [ 52%]  Time step     1541 of 3001 @ t_step =     1540 Time Avg = 2.601612E+00 Time/step= 2.593016E+00 ETA (HH:MM:SS) = 1:03:18
 [ 52%]  Time step     1542 of 3001 @ t_step =     1541 Time Avg = 2.601612E+00 Time/step= 2.601738E+00 ETA (HH:MM:SS) = 1:03:15
 [ 52%]  Time step     1543 of 3001 @ t_step =     1542 Time Avg = 2.601624E+00 Time/step= 2.620676E+00 ETA (HH:MM:SS) = 1:03:13
 [ 52%]  Time step     1544 of 3001 @ t_step =     1543 Time Avg = 2.601631E+00 Time/step= 2.611216E+00 ETA (HH:MM:SS) = 1:03:10
 [ 52%]  Time step     1545 of 3001 @ t_step =     1544 Time Avg = 2.601625E+00 Time/step= 2.592660E+00 ETA (HH:MM:SS) = 1:03:07
 [ 52%]  Time step     1546 of 3001 @ t_step =     1545 Time Avg = 2.601617E+00 Time/step= 2.588746E+00 ETA (HH:MM:SS) = 1:03:05
 [ 52%]  Time step     1547 of 3001 @ t_step =     1546 Time Avg = 2.601605E+00 Time/step= 2.584259E+00 ETA (HH:MM:SS) = 1:03:02
 [ 52%]  Time step     1548 of 3001 @ t_step =     1547 Time Avg = 2.601604E+00 Time/step= 2.599796E+00 ETA (HH:MM:SS) = 1:03:00
 [ 52%]  Time step     1549 of 3001 @ t_step =     1548 Time Avg = 2.601618E+00 Time/step= 2.622627E+00 ETA (HH:MM:SS) = 1:02:57
 [ 52%]  Time step     1550 of 3001 @ t_step =     1549 Time Avg = 2.601608E+00 Time/step= 2.587205E+00 ETA (HH:MM:SS) = 1:02:54
 [ 52%]  Time step     1551 of 3001 @ t_step =     1550 Time Avg = 2.601601E+00 Time/step= 2.590546E+00 ETA (HH:MM:SS) = 1:02:52
 [ 52%]  Time step     1552 of 3001 @ t_step =     1551 Time Avg = 2.601621E+00 Time/step= 2.632874E+00 ETA (HH:MM:SS) = 1:02:49
 [ 52%]  Time step     1553 of 3001 @ t_step =     1552 Time Avg = 2.601650E+00 Time/step= 2.645228E+00 ETA (HH:MM:SS) = 1:02:47
 [ 52%]  Time step     1554 of 3001 @ t_step =     1553 Time Avg = 2.601659E+00 Time/step= 2.617010E+00 ETA (HH:MM:SS) = 1:02:44
 [ 52%]  Time step     1555 of 3001 @ t_step =     1554 Time Avg = 2.601659E+00 Time/step= 2.601113E+00 ETA (HH:MM:SS) = 1:02:41
 [ 52%]  Time step     1556 of 3001 @ t_step =     1555 Time Avg = 2.601650E+00 Time/step= 2.587239E+00 ETA (HH:MM:SS) = 1:02:39
 [ 52%]  Time step     1557 of 3001 @ t_step =     1556 Time Avg = 2.601660E+00 Time/step= 2.616970E+00 ETA (HH:MM:SS) = 1:02:36
 [ 52%]  Time step     1558 of 3001 @ t_step =     1557 Time Avg = 2.601673E+00 Time/step= 2.621668E+00 ETA (HH:MM:SS) = 1:02:34
 [ 52%]  Time step     1559 of 3001 @ t_step =     1558 Time Avg = 2.601657E+00 Time/step= 2.578022E+00 ETA (HH:MM:SS) = 1:02:31
 [ 52%]  Time step     1560 of 3001 @ t_step =     1559 Time Avg = 2.601652E+00 Time/step= 2.593374E+00 ETA (HH:MM:SS) = 1:02:28
 [ 52%]  Time step     1561 of 3001 @ t_step =     1560 Time Avg = 2.601661E+00 Time/step= 2.615165E+00 ETA (HH:MM:SS) = 1:02:26
 [ 53%]  Time step     1562 of 3001 @ t_step =     1561 Time Avg = 2.601675E+00 Time/step= 2.623411E+00 ETA (HH:MM:SS) = 1:02:23
 [ 53%]  Time step     1563 of 3001 @ t_step =     1562 Time Avg = 2.601678E+00 Time/step= 2.607387E+00 ETA (HH:MM:SS) = 1:02:21
 [ 53%]  Time step     1564 of 3001 @ t_step =     1563 Time Avg = 2.601662E+00 Time/step= 2.575653E+00 ETA (HH:MM:SS) = 1:02:18
 [ 53%]  Time step     1565 of 3001 @ t_step =     1564 Time Avg = 2.601655E+00 Time/step= 2.591169E+00 ETA (HH:MM:SS) = 1:02:15
 [ 53%]  Time step     1566 of 3001 @ t_step =     1565 Time Avg = 2.601639E+00 Time/step= 2.576673E+00 ETA (HH:MM:SS) = 1:02:13
 [ 53%]  Time step     1567 of 3001 @ t_step =     1566 Time Avg = 2.601638E+00 Time/step= 2.600608E+00 ETA (HH:MM:SS) = 1:02:10
 [ 53%]  Time step     1568 of 3001 @ t_step =     1567 Time Avg = 2.601619E+00 Time/step= 2.570777E+00 ETA (HH:MM:SS) = 1:02:08
 [ 53%]  Time step     1569 of 3001 @ t_step =     1568 Time Avg = 2.601616E+00 Time/step= 2.596841E+00 ETA (HH:MM:SS) = 1:02:05
 [ 53%]  Time step     1570 of 3001 @ t_step =     1569 Time Avg = 2.601621E+00 Time/step= 2.609883E+00 ETA (HH:MM:SS) = 1:02:02
 [ 53%]  Time step     1571 of 3001 @ t_step =     1570 Time Avg = 2.601626E+00 Time/step= 2.608983E+00 ETA (HH:MM:SS) = 1:02:00
 [ 53%]  Time step     1572 of 3001 @ t_step =     1571 Time Avg = 2.601621E+00 Time/step= 2.594510E+00 ETA (HH:MM:SS) = 1:01:57
 [ 53%]  Time step     1573 of 3001 @ t_step =     1572 Time Avg = 2.601625E+00 Time/step= 2.608638E+00 ETA (HH:MM:SS) = 1:01:55
 [ 53%]  Time step     1574 of 3001 @ t_step =     1573 Time Avg = 2.601607E+00 Time/step= 2.572925E+00 ETA (HH:MM:SS) = 1:01:52
 [ 53%]  Time step     1575 of 3001 @ t_step =     1574 Time Avg = 2.601598E+00 Time/step= 2.587236E+00 ETA (HH:MM:SS) = 1:01:49
 [ 53%]  Time step     1576 of 3001 @ t_step =     1575 Time Avg = 2.601590E+00 Time/step= 2.588242E+00 ETA (HH:MM:SS) = 1:01:47
 [ 53%]  Time step     1577 of 3001 @ t_step =     1576 Time Avg = 2.601568E+00 Time/step= 2.567032E+00 ETA (HH:MM:SS) = 1:01:44
 [ 53%]  Time step     1578 of 3001 @ t_step =     1577 Time Avg = 2.601554E+00 Time/step= 2.579820E+00 ETA (HH:MM:SS) = 1:01:42
 [ 53%]  Time step     1579 of 3001 @ t_step =     1578 Time Avg = 2.601554E+00 Time/step= 2.602546E+00 ETA (HH:MM:SS) = 1:01:39
 [ 53%]  Time step     1580 of 3001 @ t_step =     1579 Time Avg = 2.601543E+00 Time/step= 2.583461E+00 ETA (HH:MM:SS) = 1:01:36
 [ 53%]  Time step     1581 of 3001 @ t_step =     1580 Time Avg = 2.601524E+00 Time/step= 2.572312E+00 ETA (HH:MM:SS) = 1:01:34
 [ 53%]  Time step     1582 of 3001 @ t_step =     1581 Time Avg = 2.601526E+00 Time/step= 2.603379E+00 ETA (HH:MM:SS) = 1:01:31
 [ 53%]  Time step     1583 of 3001 @ t_step =     1582 Time Avg = 2.601530E+00 Time/step= 2.607717E+00 ETA (HH:MM:SS) = 1:01:28
 [ 53%]  Time step     1584 of 3001 @ t_step =     1583 Time Avg = 2.601513E+00 Time/step= 2.576011E+00 ETA (HH:MM:SS) = 1:01:26
 [ 53%]  Time step     1585 of 3001 @ t_step =     1584 Time Avg = 2.601516E+00 Time/step= 2.605934E+00 ETA (HH:MM:SS) = 1:01:23
 [ 53%]  Time step     1586 of 3001 @ t_step =     1585 Time Avg = 2.601526E+00 Time/step= 2.616428E+00 ETA (HH:MM:SS) = 1:01:21
 [ 53%]  Time step     1587 of 3001 @ t_step =     1586 Time Avg = 2.601534E+00 Time/step= 2.614625E+00 ETA (HH:MM:SS) = 1:01:18
 [ 53%]  Time step     1588 of 3001 @ t_step =     1587 Time Avg = 2.601528E+00 Time/step= 2.592409E+00 ETA (HH:MM:SS) = 1:01:15
 [ 53%]  Time step     1589 of 3001 @ t_step =     1588 Time Avg = 2.601550E+00 Time/step= 2.636259E+00 ETA (HH:MM:SS) = 1:01:13
 [ 53%]  Time step     1590 of 3001 @ t_step =     1589 Time Avg = 2.601531E+00 Time/step= 2.570623E+00 ETA (HH:MM:SS) = 1:01:10
 [ 53%]  Time step     1591 of 3001 @ t_step =     1590 Time Avg = 2.601525E+00 Time/step= 2.592496E+00 ETA (HH:MM:SS) = 1:01:08
 [ 54%]  Time step     1592 of 3001 @ t_step =     1591 Time Avg = 2.601531E+00 Time/step= 2.610591E+00 ETA (HH:MM:SS) = 1:01:05
 [ 54%]  Time step     1593 of 3001 @ t_step =     1592 Time Avg = 2.601537E+00 Time/step= 2.611048E+00 ETA (HH:MM:SS) = 1:01:02
 [ 54%]  Time step     1594 of 3001 @ t_step =     1593 Time Avg = 2.601542E+00 Time/step= 2.610441E+00 ETA (HH:MM:SS) = 1:01:00
 [ 54%]  Time step     1595 of 3001 @ t_step =     1594 Time Avg = 2.601533E+00 Time/step= 2.587032E+00 ETA (HH:MM:SS) = 1:00:57
 [ 54%]  Time step     1596 of 3001 @ t_step =     1595 Time Avg = 2.601523E+00 Time/step= 2.584929E+00 ETA (HH:MM:SS) = 1:00:55
 [ 54%]  Time step     1597 of 3001 @ t_step =     1596 Time Avg = 2.601519E+00 Time/step= 2.596402E+00 ETA (HH:MM:SS) = 1:00:52
 [ 54%]  Time step     1598 of 3001 @ t_step =     1597 Time Avg = 2.601531E+00 Time/step= 2.619540E+00 ETA (HH:MM:SS) = 1:00:49
 [ 54%]  Time step     1599 of 3001 @ t_step =     1598 Time Avg = 2.601521E+00 Time/step= 2.585527E+00 ETA (HH:MM:SS) = 1:00:47
 [ 54%]  Time step     1600 of 3001 @ t_step =     1599 Time Avg = 2.601512E+00 Time/step= 2.587448E+00 ETA (HH:MM:SS) = 1:00:44
 [ 54%]  Time step     1601 of 3001 @ t_step =     1600 Time Avg = 2.601513E+00 Time/step= 2.603562E+00 ETA (HH:MM:SS) = 1:00:42
 [ 54%]  Time step     1602 of 3001 @ t_step =     1601 Time Avg = 2.601541E+00 Time/step= 2.645449E+00 ETA (HH:MM:SS) = 1:00:39
 [ 54%]  Time step     1603 of 3001 @ t_step =     1602 Time Avg = 2.601545E+00 Time/step= 2.609073E+00 ETA (HH:MM:SS) = 1:00:36
 [ 54%]  Time step     1604 of 3001 @ t_step =     1603 Time Avg = 2.601537E+00 Time/step= 2.587592E+00 ETA (HH:MM:SS) = 1:00:34
 [ 54%]  Time step     1605 of 3001 @ t_step =     1604 Time Avg = 2.601521E+00 Time/step= 2.577251E+00 ETA (HH:MM:SS) = 1:00:31
 [ 54%]  Time step     1606 of 3001 @ t_step =     1605 Time Avg = 2.601540E+00 Time/step= 2.631709E+00 ETA (HH:MM:SS) = 1:00:29
 [ 54%]  Time step     1607 of 3001 @ t_step =     1606 Time Avg = 2.601538E+00 Time/step= 2.598291E+00 ETA (HH:MM:SS) = 1:00:26
 [ 54%]  Time step     1608 of 3001 @ t_step =     1607 Time Avg = 2.601551E+00 Time/step= 2.621420E+00 ETA (HH:MM:SS) = 1:00:23
 [ 54%]  Time step     1609 of 3001 @ t_step =     1608 Time Avg = 2.601572E+00 Time/step= 2.636174E+00 ETA (HH:MM:SS) = 1:00:21
 [ 54%]  Time step     1610 of 3001 @ t_step =     1609 Time Avg = 2.601558E+00 Time/step= 2.578531E+00 ETA (HH:MM:SS) = 1:00:18
 [ 54%]  Time step     1611 of 3001 @ t_step =     1610 Time Avg = 2.601552E+00 Time/step= 2.592529E+00 ETA (HH:MM:SS) = 1:00:16
 [ 54%]  Time step     1612 of 3001 @ t_step =     1611 Time Avg = 2.601569E+00 Time/step= 2.627769E+00 ETA (HH:MM:SS) = 1:00:13
 [ 54%]  Time step     1613 of 3001 @ t_step =     1612 Time Avg = 2.601570E+00 Time/step= 2.603329E+00 ETA (HH:MM:SS) = 1:00:10
 [ 54%]  Time step     1614 of 3001 @ t_step =     1613 Time Avg = 2.601566E+00 Time/step= 2.596509E+00 ETA (HH:MM:SS) = 1:00:08
 [ 54%]  Time step     1615 of 3001 @ t_step =     1614 Time Avg = 2.601559E+00 Time/step= 2.589712E+00 ETA (HH:MM:SS) = 1:00:05
 [ 54%]  Time step     1616 of 3001 @ t_step =     1615 Time Avg = 2.601556E+00 Time/step= 2.596844E+00 ETA (HH:MM:SS) = 1:00:03
 [ 54%]  Time step     1617 of 3001 @ t_step =     1616 Time Avg = 2.601556E+00 Time/step= 2.601684E+00 ETA (HH:MM:SS) = 1:00:00
 [ 54%]  Time step     1618 of 3001 @ t_step =     1617 Time Avg = 2.601543E+00 Time/step= 2.580377E+00 ETA (HH:MM:SS) = 0:59:57
 [ 54%]  Time step     1619 of 3001 @ t_step =     1618 Time Avg = 2.601549E+00 Time/step= 2.611084E+00 ETA (HH:MM:SS) = 0:59:55
 [ 54%]  Time step     1620 of 3001 @ t_step =     1619 Time Avg = 2.601532E+00 Time/step= 2.573513E+00 ETA (HH:MM:SS) = 0:59:52
 [ 54%]  Time step     1621 of 3001 @ t_step =     1620 Time Avg = 2.601516E+00 Time/step= 2.576250E+00 ETA (HH:MM:SS) = 0:59:50
 [ 55%]  Time step     1622 of 3001 @ t_step =     1621 Time Avg = 2.601517E+00 Time/step= 2.603401E+00 ETA (HH:MM:SS) = 0:59:47
 [ 55%]  Time step     1623 of 3001 @ t_step =     1622 Time Avg = 2.601528E+00 Time/step= 2.618729E+00 ETA (HH:MM:SS) = 0:59:44
 [ 55%]  Time step     1624 of 3001 @ t_step =     1623 Time Avg = 2.601525E+00 Time/step= 2.597397E+00 ETA (HH:MM:SS) = 0:59:42
 [ 55%]  Time step     1625 of 3001 @ t_step =     1624 Time Avg = 2.601519E+00 Time/step= 2.590717E+00 ETA (HH:MM:SS) = 0:59:39
 [ 55%]  Time step     1626 of 3001 @ t_step =     1625 Time Avg = 2.601541E+00 Time/step= 2.637096E+00 ETA (HH:MM:SS) = 0:59:37
 [ 55%]  Time step     1627 of 3001 @ t_step =     1626 Time Avg = 2.601551E+00 Time/step= 2.619237E+00 ETA (HH:MM:SS) = 0:59:34
 [ 55%]  Time step     1628 of 3001 @ t_step =     1627 Time Avg = 2.601557E+00 Time/step= 2.609760E+00 ETA (HH:MM:SS) = 0:59:31
 [ 55%]  Time step     1629 of 3001 @ t_step =     1628 Time Avg = 2.601550E+00 Time/step= 2.591514E+00 ETA (HH:MM:SS) = 0:59:29
 [ 55%]  Time step     1630 of 3001 @ t_step =     1629 Time Avg = 2.601553E+00 Time/step= 2.605344E+00 ETA (HH:MM:SS) = 0:59:26
 [ 55%]  Time step     1631 of 3001 @ t_step =     1630 Time Avg = 2.601545E+00 Time/step= 2.589611E+00 ETA (HH:MM:SS) = 0:59:24
 [ 55%]  Time step     1632 of 3001 @ t_step =     1631 Time Avg = 2.601550E+00 Time/step= 2.608617E+00 ETA (HH:MM:SS) = 0:59:21
 [ 55%]  Time step     1633 of 3001 @ t_step =     1632 Time Avg = 2.601561E+00 Time/step= 2.619304E+00 ETA (HH:MM:SS) = 0:59:18
 [ 55%]  Time step     1634 of 3001 @ t_step =     1633 Time Avg = 2.601567E+00 Time/step= 2.612350E+00 ETA (HH:MM:SS) = 0:59:16
 [ 55%]  Time step     1635 of 3001 @ t_step =     1634 Time Avg = 2.601564E+00 Time/step= 2.597151E+00 ETA (HH:MM:SS) = 0:59:13
 [ 55%]  Time step     1636 of 3001 @ t_step =     1635 Time Avg = 2.601577E+00 Time/step= 2.622601E+00 ETA (HH:MM:SS) = 0:59:11
 [ 55%]  Time step     1637 of 3001 @ t_step =     1636 Time Avg = 2.601584E+00 Time/step= 2.612109E+00 ETA (HH:MM:SS) = 0:59:08
 [ 55%]  Time step     1638 of 3001 @ t_step =     1637 Time Avg = 2.601593E+00 Time/step= 2.617376E+00 ETA (HH:MM:SS) = 0:59:05
 [ 55%]  Time step     1639 of 3001 @ t_step =     1638 Time Avg = 2.601586E+00 Time/step= 2.590146E+00 ETA (HH:MM:SS) = 0:59:03
 [ 55%]  Time step     1640 of 3001 @ t_step =     1639 Time Avg = 2.601584E+00 Time/step= 2.596813E+00 ETA (HH:MM:SS) = 0:59:00
 [ 55%]  Time step     1641 of 3001 @ t_step =     1640 Time Avg = 2.601571E+00 Time/step= 2.581787E+00 ETA (HH:MM:SS) = 0:58:58
 [ 55%]  Time step     1642 of 3001 @ t_step =     1641 Time Avg = 2.601579E+00 Time/step= 2.614013E+00 ETA (HH:MM:SS) = 0:58:55
 [ 55%]  Time step     1643 of 3001 @ t_step =     1642 Time Avg = 2.601568E+00 Time/step= 2.584057E+00 ETA (HH:MM:SS) = 0:58:52
 [ 55%]  Time step     1644 of 3001 @ t_step =     1643 Time Avg = 2.601556E+00 Time/step= 2.581372E+00 ETA (HH:MM:SS) = 0:58:50
 [ 55%]  Time step     1645 of 3001 @ t_step =     1644 Time Avg = 2.601562E+00 Time/step= 2.611737E+00 ETA (HH:MM:SS) = 0:58:47
 [ 55%]  Time step     1646 of 3001 @ t_step =     1645 Time Avg = 2.601554E+00 Time/step= 2.587962E+00 ETA (HH:MM:SS) = 0:58:45
 [ 55%]  Time step     1647 of 3001 @ t_step =     1646 Time Avg = 2.601548E+00 Time/step= 2.591296E+00 ETA (HH:MM:SS) = 0:58:42
 [ 55%]  Time step     1648 of 3001 @ t_step =     1647 Time Avg = 2.601556E+00 Time/step= 2.615882E+00 ETA (HH:MM:SS) = 0:58:39
 [ 55%]  Time step     1649 of 3001 @ t_step =     1648 Time Avg = 2.601567E+00 Time/step= 2.618197E+00 ETA (HH:MM:SS) = 0:58:37
 [ 55%]  Time step     1650 of 3001 @ t_step =     1649 Time Avg = 2.601568E+00 Time/step= 2.603923E+00 ETA (HH:MM:SS) = 0:58:34
 [ 55%]  Time step     1651 of 3001 @ t_step =     1650 Time Avg = 2.601550E+00 Time/step= 2.571864E+00 ETA (HH:MM:SS) = 0:58:32
 [ 56%]  Time step     1652 of 3001 @ t_step =     1651 Time Avg = 2.601583E+00 Time/step= 2.655850E+00 ETA (HH:MM:SS) = 0:58:29
 [ 56%]  Time step     1653 of 3001 @ t_step =     1652 Time Avg = 2.601585E+00 Time/step= 2.604683E+00 ETA (HH:MM:SS) = 0:58:26
 [ 56%]  Time step     1654 of 3001 @ t_step =     1653 Time Avg = 2.601576E+00 Time/step= 2.587058E+00 ETA (HH:MM:SS) = 0:58:24
 [ 56%]  Time step     1655 of 3001 @ t_step =     1654 Time Avg = 2.601568E+00 Time/step= 2.587806E+00 ETA (HH:MM:SS) = 0:58:21
 [ 56%]  Time step     1656 of 3001 @ t_step =     1655 Time Avg = 2.601562E+00 Time/step= 2.592855E+00 ETA (HH:MM:SS) = 0:58:19
 [ 56%]  Time step     1657 of 3001 @ t_step =     1656 Time Avg = 2.601559E+00 Time/step= 2.596386E+00 ETA (HH:MM:SS) = 0:58:16
 [ 56%]  Time step     1658 of 3001 @ t_step =     1657 Time Avg = 2.601561E+00 Time/step= 2.604939E+00 ETA (HH:MM:SS) = 0:58:13
 [ 56%]  Time step     1659 of 3001 @ t_step =     1658 Time Avg = 2.601559E+00 Time/step= 2.596953E+00 ETA (HH:MM:SS) = 0:58:11
 [ 56%]  Time step     1660 of 3001 @ t_step =     1659 Time Avg = 2.601564E+00 Time/step= 2.609838E+00 ETA (HH:MM:SS) = 0:58:08
 [ 56%]  Time step     1661 of 3001 @ t_step =     1660 Time Avg = 2.601583E+00 Time/step= 2.633562E+00 ETA (HH:MM:SS) = 0:58:06
 [ 56%]  Time step     1662 of 3001 @ t_step =     1661 Time Avg = 2.601582E+00 Time/step= 2.600793E+00 ETA (HH:MM:SS) = 0:58:03
 [ 56%]  Time step     1663 of 3001 @ t_step =     1662 Time Avg = 2.601592E+00 Time/step= 2.617857E+00 ETA (HH:MM:SS) = 0:58:00
 [ 56%]  Time step     1664 of 3001 @ t_step =     1663 Time Avg = 2.601597E+00 Time/step= 2.609028E+00 ETA (HH:MM:SS) = 0:57:58
 [ 56%]  Time step     1665 of 3001 @ t_step =     1664 Time Avg = 2.601616E+00 Time/step= 2.633995E+00 ETA (HH:MM:SS) = 0:57:55
 [ 56%]  Time step     1666 of 3001 @ t_step =     1665 Time Avg = 2.601620E+00 Time/step= 2.607444E+00 ETA (HH:MM:SS) = 0:57:53
 [ 56%]  Time step     1667 of 3001 @ t_step =     1666 Time Avg = 2.601615E+00 Time/step= 2.593182E+00 ETA (HH:MM:SS) = 0:57:50
 [ 56%]  Time step     1668 of 3001 @ t_step =     1667 Time Avg = 2.601612E+00 Time/step= 2.597099E+00 ETA (HH:MM:SS) = 0:57:47
 [ 56%]  Time step     1669 of 3001 @ t_step =     1668 Time Avg = 2.601616E+00 Time/step= 2.609060E+00 ETA (HH:MM:SS) = 0:57:45
 [ 56%]  Time step     1670 of 3001 @ t_step =     1669 Time Avg = 2.601618E+00 Time/step= 2.603784E+00 ETA (HH:MM:SS) = 0:57:42
 [ 56%]  Time step     1671 of 3001 @ t_step =     1670 Time Avg = 2.601611E+00 Time/step= 2.591183E+00 ETA (HH:MM:SS) = 0:57:40
 [ 56%]  Time step     1672 of 3001 @ t_step =     1671 Time Avg = 2.601615E+00 Time/step= 2.607884E+00 ETA (HH:MM:SS) = 0:57:37
 [ 56%]  Time step     1673 of 3001 @ t_step =     1672 Time Avg = 2.601600E+00 Time/step= 2.575817E+00 ETA (HH:MM:SS) = 0:57:34
 [ 56%]  Time step     1674 of 3001 @ t_step =     1673 Time Avg = 2.601614E+00 Time/step= 2.626318E+00 ETA (HH:MM:SS) = 0:57:32
 [ 56%]  Time step     1675 of 3001 @ t_step =     1674 Time Avg = 2.601612E+00 Time/step= 2.597619E+00 ETA (HH:MM:SS) = 0:57:29
 [ 56%]  Time step     1676 of 3001 @ t_step =     1675 Time Avg = 2.601627E+00 Time/step= 2.627177E+00 ETA (HH:MM:SS) = 0:57:27
 [ 56%]  Time step     1677 of 3001 @ t_step =     1676 Time Avg = 2.601622E+00 Time/step= 2.593283E+00 ETA (HH:MM:SS) = 0:57:24
 [ 56%]  Time step     1678 of 3001 @ t_step =     1677 Time Avg = 2.601618E+00 Time/step= 2.594577E+00 ETA (HH:MM:SS) = 0:57:21
 [ 56%]  Time step     1679 of 3001 @ t_step =     1678 Time Avg = 2.601605E+00 Time/step= 2.580307E+00 ETA (HH:MM:SS) = 0:57:19
 [ 56%]  Time step     1680 of 3001 @ t_step =     1679 Time Avg = 2.601611E+00 Time/step= 2.610787E+00 ETA (HH:MM:SS) = 0:57:16
 [ 56%]  Time step     1681 of 3001 @ t_step =     1680 Time Avg = 2.601605E+00 Time/step= 2.591556E+00 ETA (HH:MM:SS) = 0:57:14
 [ 57%]  Time step     1682 of 3001 @ t_step =     1681 Time Avg = 2.601599E+00 Time/step= 2.591117E+00 ETA (HH:MM:SS) = 0:57:11
 [ 57%]  Time step     1683 of 3001 @ t_step =     1682 Time Avg = 2.601604E+00 Time/step= 2.610504E+00 ETA (HH:MM:SS) = 0:57:08
 [ 57%]  Time step     1684 of 3001 @ t_step =     1683 Time Avg = 2.601600E+00 Time/step= 2.595451E+00 ETA (HH:MM:SS) = 0:57:06
 [ 57%]  Time step     1685 of 3001 @ t_step =     1684 Time Avg = 2.601599E+00 Time/step= 2.599911E+00 ETA (HH:MM:SS) = 0:57:03
 [ 57%]  Time step     1686 of 3001 @ t_step =     1685 Time Avg = 2.601603E+00 Time/step= 2.608115E+00 ETA (HH:MM:SS) = 0:57:01
 [ 57%]  Time step     1687 of 3001 @ t_step =     1686 Time Avg = 2.601588E+00 Time/step= 2.576788E+00 ETA (HH:MM:SS) = 0:56:58
 [ 57%]  Time step     1688 of 3001 @ t_step =     1687 Time Avg = 2.601588E+00 Time/step= 2.600072E+00 ETA (HH:MM:SS) = 0:56:55
 [ 57%]  Time step     1689 of 3001 @ t_step =     1688 Time Avg = 2.601596E+00 Time/step= 2.616640E+00 ETA (HH:MM:SS) = 0:56:53
 [ 57%]  Time step     1690 of 3001 @ t_step =     1689 Time Avg = 2.601597E+00 Time/step= 2.602966E+00 ETA (HH:MM:SS) = 0:56:50
 [ 57%]  Time step     1691 of 3001 @ t_step =     1690 Time Avg = 2.601596E+00 Time/step= 2.599505E+00 ETA (HH:MM:SS) = 0:56:48
 [ 57%]  Time step     1692 of 3001 @ t_step =     1691 Time Avg = 2.601601E+00 Time/step= 2.609393E+00 ETA (HH:MM:SS) = 0:56:45
 [ 57%]  Time step     1693 of 3001 @ t_step =     1692 Time Avg = 2.601608E+00 Time/step= 2.613495E+00 ETA (HH:MM:SS) = 0:56:42
 [ 57%]  Time step     1694 of 3001 @ t_step =     1693 Time Avg = 2.601597E+00 Time/step= 2.584095E+00 ETA (HH:MM:SS) = 0:56:40
 [ 57%]  Time step     1695 of 3001 @ t_step =     1694 Time Avg = 2.601591E+00 Time/step= 2.591484E+00 ETA (HH:MM:SS) = 0:56:37
 [ 57%]  Time step     1696 of 3001 @ t_step =     1695 Time Avg = 2.601583E+00 Time/step= 2.587799E+00 ETA (HH:MM:SS) = 0:56:35
 [ 57%]  Time step     1697 of 3001 @ t_step =     1696 Time Avg = 2.601595E+00 Time/step= 2.620767E+00 ETA (HH:MM:SS) = 0:56:32
 [ 57%]  Time step     1698 of 3001 @ t_step =     1697 Time Avg = 2.601596E+00 Time/step= 2.604006E+00 ETA (HH:MM:SS) = 0:56:29
 [ 57%]  Time step     1699 of 3001 @ t_step =     1698 Time Avg = 2.601585E+00 Time/step= 2.583388E+00 ETA (HH:MM:SS) = 0:56:27
 [ 57%]  Time step     1700 of 3001 @ t_step =     1699 Time Avg = 2.601580E+00 Time/step= 2.592909E+00 ETA (HH:MM:SS) = 0:56:24
 [ 57%]  Time step     1701 of 3001 @ t_step =     1700 Time Avg = 2.601568E+00 Time/step= 2.580157E+00 ETA (HH:MM:SS) = 0:56:22
 [ 57%]  Time step     1702 of 3001 @ t_step =     1701 Time Avg = 2.601602E+00 Time/step= 2.659467E+00 ETA (HH:MM:SS) = 0:56:19
 [ 57%]  Time step     1703 of 3001 @ t_step =     1702 Time Avg = 2.601587E+00 Time/step= 2.577334E+00 ETA (HH:MM:SS) = 0:56:16
 [ 57%]  Time step     1704 of 3001 @ t_step =     1703 Time Avg = 2.601579E+00 Time/step= 2.587613E+00 ETA (HH:MM:SS) = 0:56:14
 [ 57%]  Time step     1705 of 3001 @ t_step =     1704 Time Avg = 2.601589E+00 Time/step= 2.617649E+00 ETA (HH:MM:SS) = 0:56:11
 [ 57%]  Time step     1706 of 3001 @ t_step =     1705 Time Avg = 2.601567E+00 Time/step= 2.564221E+00 ETA (HH:MM:SS) = 0:56:09
 [ 57%]  Time step     1707 of 3001 @ t_step =     1706 Time Avg = 2.601555E+00 Time/step= 2.582472E+00 ETA (HH:MM:SS) = 0:56:06
 [ 57%]  Time step     1708 of 3001 @ t_step =     1707 Time Avg = 2.601554E+00 Time/step= 2.599524E+00 ETA (HH:MM:SS) = 0:56:03
 [ 57%]  Time step     1709 of 3001 @ t_step =     1708 Time Avg = 2.601560E+00 Time/step= 2.611375E+00 ETA (HH:MM:SS) = 0:56:01
 [ 57%]  Time step     1710 of 3001 @ t_step =     1709 Time Avg = 2.601567E+00 Time/step= 2.613625E+00 ETA (HH:MM:SS) = 0:55:58
 [ 57%]  Time step     1711 of 3001 @ t_step =     1710 Time Avg = 2.601568E+00 Time/step= 2.602662E+00 ETA (HH:MM:SS) = 0:55:56
 [ 58%]  Time step     1712 of 3001 @ t_step =     1711 Time Avg = 2.601552E+00 Time/step= 2.575459E+00 ETA (HH:MM:SS) = 0:55:53
 [ 58%]  Time step     1713 of 3001 @ t_step =     1712 Time Avg = 2.601555E+00 Time/step= 2.605242E+00 ETA (HH:MM:SS) = 0:55:50
 [ 58%]  Time step     1714 of 3001 @ t_step =     1713 Time Avg = 2.601551E+00 Time/step= 2.595363E+00 ETA (HH:MM:SS) = 0:55:48
 [ 58%]  Time step     1715 of 3001 @ t_step =     1714 Time Avg = 2.601552E+00 Time/step= 2.602710E+00 ETA (HH:MM:SS) = 0:55:45
 [ 58%]  Time step     1716 of 3001 @ t_step =     1715 Time Avg = 2.601572E+00 Time/step= 2.636438E+00 ETA (HH:MM:SS) = 0:55:43
 [ 58%]  Time step     1717 of 3001 @ t_step =     1716 Time Avg = 2.601575E+00 Time/step= 2.606709E+00 ETA (HH:MM:SS) = 0:55:40
 [ 58%]  Time step     1718 of 3001 @ t_step =     1717 Time Avg = 2.601583E+00 Time/step= 2.614577E+00 ETA (HH:MM:SS) = 0:55:37
 [ 58%]  Time step     1719 of 3001 @ t_step =     1718 Time Avg = 2.601581E+00 Time/step= 2.599309E+00 ETA (HH:MM:SS) = 0:55:35
 [ 58%]  Time step     1720 of 3001 @ t_step =     1719 Time Avg = 2.601571E+00 Time/step= 2.583756E+00 ETA (HH:MM:SS) = 0:55:32
 [ 58%]  Time step     1721 of 3001 @ t_step =     1720 Time Avg = 2.601563E+00 Time/step= 2.587934E+00 ETA (HH:MM:SS) = 0:55:30
 [ 58%]  Time step     1722 of 3001 @ t_step =     1721 Time Avg = 2.601574E+00 Time/step= 2.620581E+00 ETA (HH:MM:SS) = 0:55:27
 [ 58%]  Time step     1723 of 3001 @ t_step =     1722 Time Avg = 2.601571E+00 Time/step= 2.597122E+00 ETA (HH:MM:SS) = 0:55:24
 [ 58%]  Time step     1724 of 3001 @ t_step =     1723 Time Avg = 2.601574E+00 Time/step= 2.605984E+00 ETA (HH:MM:SS) = 0:55:22
 [ 58%]  Time step     1725 of 3001 @ t_step =     1724 Time Avg = 2.601575E+00 Time/step= 2.603907E+00 ETA (HH:MM:SS) = 0:55:19
 [ 58%]  Time step     1726 of 3001 @ t_step =     1725 Time Avg = 2.601585E+00 Time/step= 2.618462E+00 ETA (HH:MM:SS) = 0:55:17
 [ 58%]  Time step     1727 of 3001 @ t_step =     1726 Time Avg = 2.601581E+00 Time/step= 2.593705E+00 ETA (HH:MM:SS) = 0:55:14
 [ 58%]  Time step     1728 of 3001 @ t_step =     1727 Time Avg = 2.601573E+00 Time/step= 2.588893E+00 ETA (HH:MM:SS) = 0:55:11
 [ 58%]  Time step     1729 of 3001 @ t_step =     1728 Time Avg = 2.601566E+00 Time/step= 2.588994E+00 ETA (HH:MM:SS) = 0:55:09
 [ 58%]  Time step     1730 of 3001 @ t_step =     1729 Time Avg = 2.601563E+00 Time/step= 2.596855E+00 ETA (HH:MM:SS) = 0:55:06
 [ 58%]  Time step     1731 of 3001 @ t_step =     1730 Time Avg = 2.601584E+00 Time/step= 2.637933E+00 ETA (HH:MM:SS) = 0:55:04
 [ 58%]  Time step     1732 of 3001 @ t_step =     1731 Time Avg = 2.601586E+00 Time/step= 2.605518E+00 ETA (HH:MM:SS) = 0:55:01
 [ 58%]  Time step     1733 of 3001 @ t_step =     1732 Time Avg = 2.601597E+00 Time/step= 2.619791E+00 ETA (HH:MM:SS) = 0:54:58
 [ 58%]  Time step     1734 of 3001 @ t_step =     1733 Time Avg = 2.601596E+00 Time/step= 2.600173E+00 ETA (HH:MM:SS) = 0:54:56
 [ 58%]  Time step     1735 of 3001 @ t_step =     1734 Time Avg = 2.601598E+00 Time/step= 2.604642E+00 ETA (HH:MM:SS) = 0:54:53
 [ 58%]  Time step     1736 of 3001 @ t_step =     1735 Time Avg = 2.601584E+00 Time/step= 2.576579E+00 ETA (HH:MM:SS) = 0:54:51
 [ 58%]  Time step     1737 of 3001 @ t_step =     1736 Time Avg = 2.601578E+00 Time/step= 2.591539E+00 ETA (HH:MM:SS) = 0:54:48
 [ 58%]  Time step     1738 of 3001 @ t_step =     1737 Time Avg = 2.601593E+00 Time/step= 2.628387E+00 ETA (HH:MM:SS) = 0:54:45
 [ 58%]  Time step     1739 of 3001 @ t_step =     1738 Time Avg = 2.601581E+00 Time/step= 2.579852E+00 ETA (HH:MM:SS) = 0:54:43
 [ 58%]  Time step     1740 of 3001 @ t_step =     1739 Time Avg = 2.601596E+00 Time/step= 2.627955E+00 ETA (HH:MM:SS) = 0:54:40
 [ 58%]  Time step     1741 of 3001 @ t_step =     1740 Time Avg = 2.601597E+00 Time/step= 2.603405E+00 ETA (HH:MM:SS) = 0:54:38
 [ 59%]  Time step     1742 of 3001 @ t_step =     1741 Time Avg = 2.601586E+00 Time/step= 2.582352E+00 ETA (HH:MM:SS) = 0:54:35
 [ 59%]  Time step     1743 of 3001 @ t_step =     1742 Time Avg = 2.601584E+00 Time/step= 2.597680E+00 ETA (HH:MM:SS) = 0:54:32
 [ 59%]  Time step     1744 of 3001 @ t_step =     1743 Time Avg = 2.601598E+00 Time/step= 2.627368E+00 ETA (HH:MM:SS) = 0:54:30
 [ 59%]  Time step     1745 of 3001 @ t_step =     1744 Time Avg = 2.601611E+00 Time/step= 2.623287E+00 ETA (HH:MM:SS) = 0:54:27
 [ 59%]  Time step     1746 of 3001 @ t_step =     1745 Time Avg = 2.601607E+00 Time/step= 2.594621E+00 ETA (HH:MM:SS) = 0:54:25
 [ 59%]  Time step     1747 of 3001 @ t_step =     1746 Time Avg = 2.601602E+00 Time/step= 2.593545E+00 ETA (HH:MM:SS) = 0:54:22
 [ 59%]  Time step     1748 of 3001 @ t_step =     1747 Time Avg = 2.601596E+00 Time/step= 2.590400E+00 ETA (HH:MM:SS) = 0:54:19
 [ 59%]  Time step     1749 of 3001 @ t_step =     1748 Time Avg = 2.601597E+00 Time/step= 2.604048E+00 ETA (HH:MM:SS) = 0:54:17
 [ 59%]  Time step     1750 of 3001 @ t_step =     1749 Time Avg = 2.601615E+00 Time/step= 2.633019E+00 ETA (HH:MM:SS) = 0:54:14
 [ 59%]  Time step     1751 of 3001 @ t_step =     1750 Time Avg = 2.601623E+00 Time/step= 2.615786E+00 ETA (HH:MM:SS) = 0:54:12
 [ 59%]  Time step     1752 of 3001 @ t_step =     1751 Time Avg = 2.601634E+00 Time/step= 2.619957E+00 ETA (HH:MM:SS) = 0:54:09
 [ 59%]  Time step     1753 of 3001 @ t_step =     1752 Time Avg = 2.601652E+00 Time/step= 2.632826E+00 ETA (HH:MM:SS) = 0:54:06
 [ 59%]  Time step     1754 of 3001 @ t_step =     1753 Time Avg = 2.601646E+00 Time/step= 2.591502E+00 ETA (HH:MM:SS) = 0:54:04
 [ 59%]  Time step     1755 of 3001 @ t_step =     1754 Time Avg = 2.601658E+00 Time/step= 2.622501E+00 ETA (HH:MM:SS) = 0:54:01
 [ 59%]  Time step     1756 of 3001 @ t_step =     1755 Time Avg = 2.601668E+00 Time/step= 2.618989E+00 ETA (HH:MM:SS) = 0:53:59
 [ 59%]  Time step     1757 of 3001 @ t_step =     1756 Time Avg = 2.601662E+00 Time/step= 2.591175E+00 ETA (HH:MM:SS) = 0:53:56
 [ 59%]  Time step     1758 of 3001 @ t_step =     1757 Time Avg = 2.601666E+00 Time/step= 2.609033E+00 ETA (HH:MM:SS) = 0:53:53
 [ 59%]  Time step     1759 of 3001 @ t_step =     1758 Time Avg = 2.601649E+00 Time/step= 2.572993E+00 ETA (HH:MM:SS) = 0:53:51
 [ 59%]  Time step     1760 of 3001 @ t_step =     1759 Time Avg = 2.601644E+00 Time/step= 2.592420E+00 ETA (HH:MM:SS) = 0:53:48
 [ 59%]  Time step     1761 of 3001 @ t_step =     1760 Time Avg = 2.601652E+00 Time/step= 2.615483E+00 ETA (HH:MM:SS) = 0:53:46
 [ 59%]  Time step     1762 of 3001 @ t_step =     1761 Time Avg = 2.601663E+00 Time/step= 2.621637E+00 ETA (HH:MM:SS) = 0:53:43
 [ 59%]  Time step     1763 of 3001 @ t_step =     1762 Time Avg = 2.601654E+00 Time/step= 2.585703E+00 ETA (HH:MM:SS) = 0:53:40
 [ 59%]  Time step     1764 of 3001 @ t_step =     1763 Time Avg = 2.601651E+00 Time/step= 2.595929E+00 ETA (HH:MM:SS) = 0:53:38
 [ 59%]  Time step     1765 of 3001 @ t_step =     1764 Time Avg = 2.601663E+00 Time/step= 2.621899E+00 ETA (HH:MM:SS) = 0:53:35
 [ 59%]  Time step     1766 of 3001 @ t_step =     1765 Time Avg = 2.601663E+00 Time/step= 2.602396E+00 ETA (HH:MM:SS) = 0:53:33
 [ 59%]  Time step     1767 of 3001 @ t_step =     1766 Time Avg = 2.601672E+00 Time/step= 2.618159E+00 ETA (HH:MM:SS) = 0:53:30
 [ 59%]  Time step     1768 of 3001 @ t_step =     1767 Time Avg = 2.601676E+00 Time/step= 2.608678E+00 ETA (HH:MM:SS) = 0:53:27
 [ 59%]  Time step     1769 of 3001 @ t_step =     1768 Time Avg = 2.601681E+00 Time/step= 2.609404E+00 ETA (HH:MM:SS) = 0:53:25
 [ 59%]  Time step     1770 of 3001 @ t_step =     1769 Time Avg = 2.601686E+00 Time/step= 2.610303E+00 ETA (HH:MM:SS) = 0:53:22
 [ 59%]  Time step     1771 of 3001 @ t_step =     1770 Time Avg = 2.601697E+00 Time/step= 2.621015E+00 ETA (HH:MM:SS) = 0:53:20
 [ 60%]  Time step     1772 of 3001 @ t_step =     1771 Time Avg = 2.601694E+00 Time/step= 2.597569E+00 ETA (HH:MM:SS) = 0:53:17
 [ 60%]  Time step     1773 of 3001 @ t_step =     1772 Time Avg = 2.601700E+00 Time/step= 2.612794E+00 ETA (HH:MM:SS) = 0:53:14
 [ 60%]  Time step     1774 of 3001 @ t_step =     1773 Time Avg = 2.601697E+00 Time/step= 2.594785E+00 ETA (HH:MM:SS) = 0:53:12
 [ 60%]  Time step     1775 of 3001 @ t_step =     1774 Time Avg = 2.601689E+00 Time/step= 2.588343E+00 ETA (HH:MM:SS) = 0:53:09
 [ 60%]  Time step     1776 of 3001 @ t_step =     1775 Time Avg = 2.601703E+00 Time/step= 2.626929E+00 ETA (HH:MM:SS) = 0:53:07
 [ 60%]  Time step     1777 of 3001 @ t_step =     1776 Time Avg = 2.601709E+00 Time/step= 2.612614E+00 ETA (HH:MM:SS) = 0:53:04
 [ 60%]  Time step     1778 of 3001 @ t_step =     1777 Time Avg = 2.601720E+00 Time/step= 2.620277E+00 ETA (HH:MM:SS) = 0:53:01
 [ 60%]  Time step     1779 of 3001 @ t_step =     1778 Time Avg = 2.601714E+00 Time/step= 2.591267E+00 ETA (HH:MM:SS) = 0:52:59
 [ 60%]  Time step     1780 of 3001 @ t_step =     1779 Time Avg = 2.601706E+00 Time/step= 2.587668E+00 ETA (HH:MM:SS) = 0:52:56
 [ 60%]  Time step     1781 of 3001 @ t_step =     1780 Time Avg = 2.601704E+00 Time/step= 2.597176E+00 ETA (HH:MM:SS) = 0:52:54
 [ 60%]  Time step     1782 of 3001 @ t_step =     1781 Time Avg = 2.601697E+00 Time/step= 2.589354E+00 ETA (HH:MM:SS) = 0:52:51
 [ 60%]  Time step     1783 of 3001 @ t_step =     1782 Time Avg = 2.601707E+00 Time/step= 2.620286E+00 ETA (HH:MM:SS) = 0:52:48
 [ 60%]  Time step     1784 of 3001 @ t_step =     1783 Time Avg = 2.601701E+00 Time/step= 2.590484E+00 ETA (HH:MM:SS) = 0:52:46
 [ 60%]  Time step     1785 of 3001 @ t_step =     1784 Time Avg = 2.601687E+00 Time/step= 2.577845E+00 ETA (HH:MM:SS) = 0:52:43
 [ 60%]  Time step     1786 of 3001 @ t_step =     1785 Time Avg = 2.601698E+00 Time/step= 2.620921E+00 ETA (HH:MM:SS) = 0:52:41
 [ 60%]  Time step     1787 of 3001 @ t_step =     1786 Time Avg = 2.601698E+00 Time/step= 2.601284E+00 ETA (HH:MM:SS) = 0:52:38
 [ 60%]  Time step     1788 of 3001 @ t_step =     1787 Time Avg = 2.601702E+00 Time/step= 2.608317E+00 ETA (HH:MM:SS) = 0:52:35
 [ 60%]  Time step     1789 of 3001 @ t_step =     1788 Time Avg = 2.601707E+00 Time/step= 2.611115E+00 ETA (HH:MM:SS) = 0:52:33
 [ 60%]  Time step     1790 of 3001 @ t_step =     1789 Time Avg = 2.601697E+00 Time/step= 2.584734E+00 ETA (HH:MM:SS) = 0:52:30
 [ 60%]  Time step     1791 of 3001 @ t_step =     1790 Time Avg = 2.601699E+00 Time/step= 2.604158E+00 ETA (HH:MM:SS) = 0:52:28
 [ 60%]  Time step     1792 of 3001 @ t_step =     1791 Time Avg = 2.601707E+00 Time/step= 2.617002E+00 ETA (HH:MM:SS) = 0:52:25
 [ 60%]  Time step     1793 of 3001 @ t_step =     1792 Time Avg = 2.601706E+00 Time/step= 2.599075E+00 ETA (HH:MM:SS) = 0:52:22
 [ 60%]  Time step     1794 of 3001 @ t_step =     1793 Time Avg = 2.601696E+00 Time/step= 2.584568E+00 ETA (HH:MM:SS) = 0:52:20
 [ 60%]  Time step     1795 of 3001 @ t_step =     1794 Time Avg = 2.601688E+00 Time/step= 2.586061E+00 ETA (HH:MM:SS) = 0:52:17
 [ 60%]  Time step     1796 of 3001 @ t_step =     1795 Time Avg = 2.601680E+00 Time/step= 2.587618E+00 ETA (HH:MM:SS) = 0:52:15
 [ 60%]  Time step     1797 of 3001 @ t_step =     1796 Time Avg = 2.601687E+00 Time/step= 2.614923E+00 ETA (HH:MM:SS) = 0:52:12
 [ 60%]  Time step     1798 of 3001 @ t_step =     1797 Time Avg = 2.601683E+00 Time/step= 2.594882E+00 ETA (HH:MM:SS) = 0:52:09
 [ 60%]  Time step     1799 of 3001 @ t_step =     1798 Time Avg = 2.601688E+00 Time/step= 2.609933E+00 ETA (HH:MM:SS) = 0:52:07
 [ 60%]  Time step     1800 of 3001 @ t_step =     1799 Time Avg = 2.601699E+00 Time/step= 2.620821E+00 ETA (HH:MM:SS) = 0:52:04
 [ 60%]  Time step     1801 of 3001 @ t_step =     1800 Time Avg = 2.601705E+00 Time/step= 2.613411E+00 ETA (HH:MM:SS) = 0:52:02
 [ 61%]  Time step     1802 of 3001 @ t_step =     1801 Time Avg = 2.601720E+00 Time/step= 2.629421E+00 ETA (HH:MM:SS) = 0:51:59
 [ 61%]  Time step     1803 of 3001 @ t_step =     1802 Time Avg = 2.601725E+00 Time/step= 2.609367E+00 ETA (HH:MM:SS) = 0:51:56
 [ 61%]  Time step     1804 of 3001 @ t_step =     1803 Time Avg = 2.601719E+00 Time/step= 2.591350E+00 ETA (HH:MM:SS) = 0:51:54
 [ 61%]  Time step     1805 of 3001 @ t_step =     1804 Time Avg = 2.601720E+00 Time/step= 2.603699E+00 ETA (HH:MM:SS) = 0:51:51
 [ 61%]  Time step     1806 of 3001 @ t_step =     1805 Time Avg = 2.601714E+00 Time/step= 2.590361E+00 ETA (HH:MM:SS) = 0:51:49
 [ 61%]  Time step     1807 of 3001 @ t_step =     1806 Time Avg = 2.601707E+00 Time/step= 2.589825E+00 ETA (HH:MM:SS) = 0:51:46
 [ 61%]  Time step     1808 of 3001 @ t_step =     1807 Time Avg = 2.601700E+00 Time/step= 2.587999E+00 ETA (HH:MM:SS) = 0:51:43
 [ 61%]  Time step     1809 of 3001 @ t_step =     1808 Time Avg = 2.601699E+00 Time/step= 2.600512E+00 ETA (HH:MM:SS) = 0:51:41
 [ 61%]  Time step     1810 of 3001 @ t_step =     1809 Time Avg = 2.601697E+00 Time/step= 2.597555E+00 ETA (HH:MM:SS) = 0:51:38
 [ 61%]  Time step     1811 of 3001 @ t_step =     1810 Time Avg = 2.601717E+00 Time/step= 2.638043E+00 ETA (HH:MM:SS) = 0:51:36
 [ 61%]  Time step     1812 of 3001 @ t_step =     1811 Time Avg = 2.601712E+00 Time/step= 2.592835E+00 ETA (HH:MM:SS) = 0:51:33
 [ 61%]  Time step     1813 of 3001 @ t_step =     1812 Time Avg = 2.601704E+00 Time/step= 2.587280E+00 ETA (HH:MM:SS) = 0:51:30
 [ 61%]  Time step     1814 of 3001 @ t_step =     1813 Time Avg = 2.601713E+00 Time/step= 2.618564E+00 ETA (HH:MM:SS) = 0:51:28
 [ 61%]  Time step     1815 of 3001 @ t_step =     1814 Time Avg = 2.601705E+00 Time/step= 2.587865E+00 ETA (HH:MM:SS) = 0:51:25
 [ 61%]  Time step     1816 of 3001 @ t_step =     1815 Time Avg = 2.601706E+00 Time/step= 2.602378E+00 ETA (HH:MM:SS) = 0:51:23
 [ 61%]  Time step     1817 of 3001 @ t_step =     1816 Time Avg = 2.601702E+00 Time/step= 2.594775E+00 ETA (HH:MM:SS) = 0:51:20
 [ 61%]  Time step     1818 of 3001 @ t_step =     1817 Time Avg = 2.601721E+00 Time/step= 2.636846E+00 ETA (HH:MM:SS) = 0:51:17
 [ 61%]  Time step     1819 of 3001 @ t_step =     1818 Time Avg = 2.601716E+00 Time/step= 2.591978E+00 ETA (HH:MM:SS) = 0:51:15
 [ 61%]  Time step     1820 of 3001 @ t_step =     1819 Time Avg = 2.601721E+00 Time/step= 2.610636E+00 ETA (HH:MM:SS) = 0:51:12
 [ 61%]  Time step     1821 of 3001 @ t_step =     1820 Time Avg = 2.601717E+00 Time/step= 2.595216E+00 ETA (HH:MM:SS) = 0:51:10
 [ 61%]  Time step     1822 of 3001 @ t_step =     1821 Time Avg = 2.601715E+00 Time/step= 2.596734E+00 ETA (HH:MM:SS) = 0:51:07
 [ 61%]  Time step     1823 of 3001 @ t_step =     1822 Time Avg = 2.601701E+00 Time/step= 2.577395E+00 ETA (HH:MM:SS) = 0:51:04
 [ 61%]  Time step     1824 of 3001 @ t_step =     1823 Time Avg = 2.601698E+00 Time/step= 2.595408E+00 ETA (HH:MM:SS) = 0:51:02
 [ 61%]  Time step     1825 of 3001 @ t_step =     1824 Time Avg = 2.601683E+00 Time/step= 2.574627E+00 ETA (HH:MM:SS) = 0:50:59
 [ 61%]  Time step     1826 of 3001 @ t_step =     1825 Time Avg = 2.601688E+00 Time/step= 2.610691E+00 ETA (HH:MM:SS) = 0:50:56
 [ 61%]  Time step     1827 of 3001 @ t_step =     1826 Time Avg = 2.601691E+00 Time/step= 2.606995E+00 ETA (HH:MM:SS) = 0:50:54
 [ 61%]  Time step     1828 of 3001 @ t_step =     1827 Time Avg = 2.601686E+00 Time/step= 2.593089E+00 ETA (HH:MM:SS) = 0:50:51
 [ 61%]  Time step     1829 of 3001 @ t_step =     1828 Time Avg = 2.601708E+00 Time/step= 2.642013E+00 ETA (HH:MM:SS) = 0:50:49
 [ 61%]  Time step     1830 of 3001 @ t_step =     1829 Time Avg = 2.601701E+00 Time/step= 2.587926E+00 ETA (HH:MM:SS) = 0:50:46
 [ 61%]  Time step     1831 of 3001 @ t_step =     1830 Time Avg = 2.601700E+00 Time/step= 2.600604E+00 ETA (HH:MM:SS) = 0:50:43
 [ 62%]  Time step     1832 of 3001 @ t_step =     1831 Time Avg = 2.601696E+00 Time/step= 2.595043E+00 ETA (HH:MM:SS) = 0:50:41
 [ 62%]  Time step     1833 of 3001 @ t_step =     1832 Time Avg = 2.601706E+00 Time/step= 2.620159E+00 ETA (HH:MM:SS) = 0:50:38
 [ 62%]  Time step     1834 of 3001 @ t_step =     1833 Time Avg = 2.601709E+00 Time/step= 2.606493E+00 ETA (HH:MM:SS) = 0:50:36
 [ 62%]  Time step     1835 of 3001 @ t_step =     1834 Time Avg = 2.601696E+00 Time/step= 2.577910E+00 ETA (HH:MM:SS) = 0:50:33
 [ 62%]  Time step     1836 of 3001 @ t_step =     1835 Time Avg = 2.601683E+00 Time/step= 2.577286E+00 ETA (HH:MM:SS) = 0:50:30
 [ 62%]  Time step     1837 of 3001 @ t_step =     1836 Time Avg = 2.601700E+00 Time/step= 2.633943E+00 ETA (HH:MM:SS) = 0:50:28
 [ 62%]  Time step     1838 of 3001 @ t_step =     1837 Time Avg = 2.601692E+00 Time/step= 2.586832E+00 ETA (HH:MM:SS) = 0:50:25
 [ 62%]  Time step     1839 of 3001 @ t_step =     1838 Time Avg = 2.601672E+00 Time/step= 2.564734E+00 ETA (HH:MM:SS) = 0:50:23
 [ 62%]  Time step     1840 of 3001 @ t_step =     1839 Time Avg = 2.601672E+00 Time/step= 2.600885E+00 ETA (HH:MM:SS) = 0:50:20
 [ 62%]  Time step     1841 of 3001 @ t_step =     1840 Time Avg = 2.601686E+00 Time/step= 2.627985E+00 ETA (HH:MM:SS) = 0:50:17
 [ 62%]  Time step     1842 of 3001 @ t_step =     1841 Time Avg = 2.601676E+00 Time/step= 2.582382E+00 ETA (HH:MM:SS) = 0:50:15
 [ 62%]  Time step     1843 of 3001 @ t_step =     1842 Time Avg = 2.601671E+00 Time/step= 2.592444E+00 ETA (HH:MM:SS) = 0:50:12
 [ 62%]  Time step     1844 of 3001 @ t_step =     1843 Time Avg = 2.601658E+00 Time/step= 2.578693E+00 ETA (HH:MM:SS) = 0:50:10
 [ 62%]  Time step     1845 of 3001 @ t_step =     1844 Time Avg = 2.601660E+00 Time/step= 2.605435E+00 ETA (HH:MM:SS) = 0:50:07
 [ 62%]  Time step     1846 of 3001 @ t_step =     1845 Time Avg = 2.601642E+00 Time/step= 2.567832E+00 ETA (HH:MM:SS) = 0:50:04
 [ 62%]  Time step     1847 of 3001 @ t_step =     1846 Time Avg = 2.601645E+00 Time/step= 2.607354E+00 ETA (HH:MM:SS) = 0:50:02
 [ 62%]  Time step     1848 of 3001 @ t_step =     1847 Time Avg = 2.601648E+00 Time/step= 2.606591E+00 ETA (HH:MM:SS) = 0:49:59
 [ 62%]  Time step     1849 of 3001 @ t_step =     1848 Time Avg = 2.601641E+00 Time/step= 2.590459E+00 ETA (HH:MM:SS) = 0:49:57
 [ 62%]  Time step     1850 of 3001 @ t_step =     1849 Time Avg = 2.601632E+00 Time/step= 2.584991E+00 ETA (HH:MM:SS) = 0:49:54
 [ 62%]  Time step     1851 of 3001 @ t_step =     1850 Time Avg = 2.601630E+00 Time/step= 2.597468E+00 ETA (HH:MM:SS) = 0:49:51
 [ 62%]  Time step     1852 of 3001 @ t_step =     1851 Time Avg = 2.601628E+00 Time/step= 2.597941E+00 ETA (HH:MM:SS) = 0:49:49
 [ 62%]  Time step     1853 of 3001 @ t_step =     1852 Time Avg = 2.601635E+00 Time/step= 2.614446E+00 ETA (HH:MM:SS) = 0:49:46
 [ 62%]  Time step     1854 of 3001 @ t_step =     1853 Time Avg = 2.601647E+00 Time/step= 2.624563E+00 ETA (HH:MM:SS) = 0:49:44
 [ 62%]  Time step     1855 of 3001 @ t_step =     1854 Time Avg = 2.601639E+00 Time/step= 2.585284E+00 ETA (HH:MM:SS) = 0:49:41
 [ 62%]  Time step     1856 of 3001 @ t_step =     1855 Time Avg = 2.601632E+00 Time/step= 2.589736E+00 ETA (HH:MM:SS) = 0:49:38
 [ 62%]  Time step     1857 of 3001 @ t_step =     1856 Time Avg = 2.601627E+00 Time/step= 2.592465E+00 ETA (HH:MM:SS) = 0:49:36
 [ 62%]  Time step     1858 of 3001 @ t_step =     1857 Time Avg = 2.601620E+00 Time/step= 2.588003E+00 ETA (HH:MM:SS) = 0:49:33
 [ 62%]  Time step     1859 of 3001 @ t_step =     1858 Time Avg = 2.601624E+00 Time/step= 2.609196E+00 ETA (HH:MM:SS) = 0:49:31
 [ 62%]  Time step     1860 of 3001 @ t_step =     1859 Time Avg = 2.601619E+00 Time/step= 2.592042E+00 ETA (HH:MM:SS) = 0:49:28
 [ 62%]  Time step     1861 of 3001 @ t_step =     1860 Time Avg = 2.601647E+00 Time/step= 2.653723E+00 ETA (HH:MM:SS) = 0:49:25
 [ 63%]  Time step     1862 of 3001 @ t_step =     1861 Time Avg = 2.601648E+00 Time/step= 2.602964E+00 ETA (HH:MM:SS) = 0:49:23
 [ 63%]  Time step     1863 of 3001 @ t_step =     1862 Time Avg = 2.601657E+00 Time/step= 2.619088E+00 ETA (HH:MM:SS) = 0:49:20
 [ 63%]  Time step     1864 of 3001 @ t_step =     1863 Time Avg = 2.601661E+00 Time/step= 2.608620E+00 ETA (HH:MM:SS) = 0:49:18
 [ 63%]  Time step     1865 of 3001 @ t_step =     1864 Time Avg = 2.601651E+00 Time/step= 2.584321E+00 ETA (HH:MM:SS) = 0:49:15
 [ 63%]  Time step     1866 of 3001 @ t_step =     1865 Time Avg = 2.601644E+00 Time/step= 2.587226E+00 ETA (HH:MM:SS) = 0:49:12
 [ 63%]  Time step     1867 of 3001 @ t_step =     1866 Time Avg = 2.601628E+00 Time/step= 2.571885E+00 ETA (HH:MM:SS) = 0:49:10
 [ 63%]  Time step     1868 of 3001 @ t_step =     1867 Time Avg = 2.601633E+00 Time/step= 2.612174E+00 ETA (HH:MM:SS) = 0:49:07
 [ 63%]  Time step     1869 of 3001 @ t_step =     1868 Time Avg = 2.601623E+00 Time/step= 2.583141E+00 ETA (HH:MM:SS) = 0:49:05
 [ 63%]  Time step     1870 of 3001 @ t_step =     1869 Time Avg = 2.601632E+00 Time/step= 2.617277E+00 ETA (HH:MM:SS) = 0:49:02
 [ 63%]  Time step     1871 of 3001 @ t_step =     1870 Time Avg = 2.601643E+00 Time/step= 2.622046E+00 ETA (HH:MM:SS) = 0:48:59
 [ 63%]  Time step     1872 of 3001 @ t_step =     1871 Time Avg = 2.601644E+00 Time/step= 2.603210E+00 ETA (HH:MM:SS) = 0:48:57
 [ 63%]  Time step     1873 of 3001 @ t_step =     1872 Time Avg = 2.601649E+00 Time/step= 2.612627E+00 ETA (HH:MM:SS) = 0:48:54
 [ 63%]  Time step     1874 of 3001 @ t_step =     1873 Time Avg = 2.601644E+00 Time/step= 2.590745E+00 ETA (HH:MM:SS) = 0:48:52
 [ 63%]  Time step     1875 of 3001 @ t_step =     1874 Time Avg = 2.601627E+00 Time/step= 2.570782E+00 ETA (HH:MM:SS) = 0:48:49
 [ 63%]  Time step     1876 of 3001 @ t_step =     1875 Time Avg = 2.601639E+00 Time/step= 2.623014E+00 ETA (HH:MM:SS) = 0:48:46
 [ 63%]  Time step     1877 of 3001 @ t_step =     1876 Time Avg = 2.601639E+00 Time/step= 2.601651E+00 ETA (HH:MM:SS) = 0:48:44
 [ 63%]  Time step     1878 of 3001 @ t_step =     1877 Time Avg = 2.601634E+00 Time/step= 2.593852E+00 ETA (HH:MM:SS) = 0:48:41
 [ 63%]  Time step     1879 of 3001 @ t_step =     1878 Time Avg = 2.601639E+00 Time/step= 2.610407E+00 ETA (HH:MM:SS) = 0:48:39
 [ 63%]  Time step     1880 of 3001 @ t_step =     1879 Time Avg = 2.601636E+00 Time/step= 2.594998E+00 ETA (HH:MM:SS) = 0:48:36
 [ 63%]  Time step     1881 of 3001 @ t_step =     1880 Time Avg = 2.601638E+00 Time/step= 2.606950E+00 ETA (HH:MM:SS) = 0:48:33
 [ 63%]  Time step     1882 of 3001 @ t_step =     1881 Time Avg = 2.601630E+00 Time/step= 2.586180E+00 ETA (HH:MM:SS) = 0:48:31
 [ 63%]  Time step     1883 of 3001 @ t_step =     1882 Time Avg = 2.601637E+00 Time/step= 2.613955E+00 ETA (HH:MM:SS) = 0:48:28
 [ 63%]  Time step     1884 of 3001 @ t_step =     1883 Time Avg = 2.601623E+00 Time/step= 2.575145E+00 ETA (HH:MM:SS) = 0:48:26
 [ 63%]  Time step     1885 of 3001 @ t_step =     1884 Time Avg = 2.601620E+00 Time/step= 2.597143E+00 ETA (HH:MM:SS) = 0:48:23
 [ 63%]  Time step     1886 of 3001 @ t_step =     1885 Time Avg = 2.601602E+00 Time/step= 2.567171E+00 ETA (HH:MM:SS) = 0:48:20
 [ 63%]  Time step     1887 of 3001 @ t_step =     1886 Time Avg = 2.601608E+00 Time/step= 2.613212E+00 ETA (HH:MM:SS) = 0:48:18
 [ 63%]  Time step     1888 of 3001 @ t_step =     1887 Time Avg = 2.601618E+00 Time/step= 2.621044E+00 ETA (HH:MM:SS) = 0:48:15
 [ 63%]  Time step     1889 of 3001 @ t_step =     1888 Time Avg = 2.601609E+00 Time/step= 2.583946E+00 ETA (HH:MM:SS) = 0:48:12
 [ 63%]  Time step     1890 of 3001 @ t_step =     1889 Time Avg = 2.601610E+00 Time/step= 2.603051E+00 ETA (HH:MM:SS) = 0:48:10
 [ 63%]  Time step     1891 of 3001 @ t_step =     1890 Time Avg = 2.601610E+00 Time/step= 2.602770E+00 ETA (HH:MM:SS) = 0:48:07
 [ 64%]  Time step     1892 of 3001 @ t_step =     1891 Time Avg = 2.601605E+00 Time/step= 2.591570E+00 ETA (HH:MM:SS) = 0:48:05
 [ 64%]  Time step     1893 of 3001 @ t_step =     1892 Time Avg = 2.601594E+00 Time/step= 2.580929E+00 ETA (HH:MM:SS) = 0:48:02
 [ 64%]  Time step     1894 of 3001 @ t_step =     1893 Time Avg = 2.601603E+00 Time/step= 2.618442E+00 ETA (HH:MM:SS) = 0:47:59
 [ 64%]  Time step     1895 of 3001 @ t_step =     1894 Time Avg = 2.601599E+00 Time/step= 2.594086E+00 ETA (HH:MM:SS) = 0:47:57
 [ 64%]  Time step     1896 of 3001 @ t_step =     1895 Time Avg = 2.601599E+00 Time/step= 2.601658E+00 ETA (HH:MM:SS) = 0:47:54
 [ 64%]  Time step     1897 of 3001 @ t_step =     1896 Time Avg = 2.601591E+00 Time/step= 2.585325E+00 ETA (HH:MM:SS) = 0:47:52
 [ 64%]  Time step     1898 of 3001 @ t_step =     1897 Time Avg = 2.601583E+00 Time/step= 2.587245E+00 ETA (HH:MM:SS) = 0:47:49
 [ 64%]  Time step     1899 of 3001 @ t_step =     1898 Time Avg = 2.601586E+00 Time/step= 2.607002E+00 ETA (HH:MM:SS) = 0:47:46
 [ 64%]  Time step     1900 of 3001 @ t_step =     1899 Time Avg = 2.601568E+00 Time/step= 2.566779E+00 ETA (HH:MM:SS) = 0:47:44
 [ 64%]  Time step     1901 of 3001 @ t_step =     1900 Time Avg = 2.601575E+00 Time/step= 2.615268E+00 ETA (HH:MM:SS) = 0:47:41
 [ 64%]  Time step     1902 of 3001 @ t_step =     1901 Time Avg = 2.601595E+00 Time/step= 2.640837E+00 ETA (HH:MM:SS) = 0:47:39
 [ 64%]  Time step     1903 of 3001 @ t_step =     1902 Time Avg = 2.601596E+00 Time/step= 2.602226E+00 ETA (HH:MM:SS) = 0:47:36
 [ 64%]  Time step     1904 of 3001 @ t_step =     1903 Time Avg = 2.601588E+00 Time/step= 2.587367E+00 ETA (HH:MM:SS) = 0:47:33
 [ 64%]  Time step     1905 of 3001 @ t_step =     1904 Time Avg = 2.601588E+00 Time/step= 2.601233E+00 ETA (HH:MM:SS) = 0:47:31
 [ 64%]  Time step     1906 of 3001 @ t_step =     1905 Time Avg = 2.601582E+00 Time/step= 2.589691E+00 ETA (HH:MM:SS) = 0:47:28
 [ 64%]  Time step     1907 of 3001 @ t_step =     1906 Time Avg = 2.601573E+00 Time/step= 2.585036E+00 ETA (HH:MM:SS) = 0:47:26
 [ 64%]  Time step     1908 of 3001 @ t_step =     1907 Time Avg = 2.601570E+00 Time/step= 2.596468E+00 ETA (HH:MM:SS) = 0:47:23
 [ 64%]  Time step     1909 of 3001 @ t_step =     1908 Time Avg = 2.601561E+00 Time/step= 2.582671E+00 ETA (HH:MM:SS) = 0:47:20
 [ 64%]  Time step     1910 of 3001 @ t_step =     1909 Time Avg = 2.601550E+00 Time/step= 2.580930E+00 ETA (HH:MM:SS) = 0:47:18
 [ 64%]  Time step     1911 of 3001 @ t_step =     1910 Time Avg = 2.601549E+00 Time/step= 2.599762E+00 ETA (HH:MM:SS) = 0:47:15
 [ 64%]  Time step     1912 of 3001 @ t_step =     1911 Time Avg = 2.601547E+00 Time/step= 2.597429E+00 ETA (HH:MM:SS) = 0:47:13
 [ 64%]  Time step     1913 of 3001 @ t_step =     1912 Time Avg = 2.601543E+00 Time/step= 2.593786E+00 ETA (HH:MM:SS) = 0:47:10
 [ 64%]  Time step     1914 of 3001 @ t_step =     1913 Time Avg = 2.601529E+00 Time/step= 2.575907E+00 ETA (HH:MM:SS) = 0:47:07
 [ 64%]  Time step     1915 of 3001 @ t_step =     1914 Time Avg = 2.601531E+00 Time/step= 2.604565E+00 ETA (HH:MM:SS) = 0:47:05
 [ 64%]  Time step     1916 of 3001 @ t_step =     1915 Time Avg = 2.601541E+00 Time/step= 2.621709E+00 ETA (HH:MM:SS) = 0:47:02
 [ 64%]  Time step     1917 of 3001 @ t_step =     1916 Time Avg = 2.601537E+00 Time/step= 2.593210E+00 ETA (HH:MM:SS) = 0:47:00
 [ 64%]  Time step     1918 of 3001 @ t_step =     1917 Time Avg = 2.601533E+00 Time/step= 2.594150E+00 ETA (HH:MM:SS) = 0:46:57
 [ 64%]  Time step     1919 of 3001 @ t_step =     1918 Time Avg = 2.601537E+00 Time/step= 2.608902E+00 ETA (HH:MM:SS) = 0:46:54
 [ 64%]  Time step     1920 of 3001 @ t_step =     1919 Time Avg = 2.601560E+00 Time/step= 2.645893E+00 ETA (HH:MM:SS) = 0:46:52
 [ 64%]  Time step     1921 of 3001 @ t_step =     1920 Time Avg = 2.601560E+00 Time/step= 2.600726E+00 ETA (HH:MM:SS) = 0:46:49
 [ 65%]  Time step     1922 of 3001 @ t_step =     1921 Time Avg = 2.601560E+00 Time/step= 2.602770E+00 ETA (HH:MM:SS) = 0:46:47
 [ 65%]  Time step     1923 of 3001 @ t_step =     1922 Time Avg = 2.601566E+00 Time/step= 2.613437E+00 ETA (HH:MM:SS) = 0:46:44
 [ 65%]  Time step     1924 of 3001 @ t_step =     1923 Time Avg = 2.601567E+00 Time/step= 2.601941E+00 ETA (HH:MM:SS) = 0:46:41
 [ 65%]  Time step     1925 of 3001 @ t_step =     1924 Time Avg = 2.601553E+00 Time/step= 2.574702E+00 ETA (HH:MM:SS) = 0:46:39
 [ 65%]  Time step     1926 of 3001 @ t_step =     1925 Time Avg = 2.601545E+00 Time/step= 2.586898E+00 ETA (HH:MM:SS) = 0:46:36
 [ 65%]  Time step     1927 of 3001 @ t_step =     1926 Time Avg = 2.601557E+00 Time/step= 2.624269E+00 ETA (HH:MM:SS) = 0:46:34
 [ 65%]  Time step     1928 of 3001 @ t_step =     1927 Time Avg = 2.601553E+00 Time/step= 2.593699E+00 ETA (HH:MM:SS) = 0:46:31
 [ 65%]  Time step     1929 of 3001 @ t_step =     1928 Time Avg = 2.601557E+00 Time/step= 2.610181E+00 ETA (HH:MM:SS) = 0:46:28
 [ 65%]  Time step     1930 of 3001 @ t_step =     1929 Time Avg = 2.601553E+00 Time/step= 2.593686E+00 ETA (HH:MM:SS) = 0:46:26
 [ 65%]  Time step     1931 of 3001 @ t_step =     1930 Time Avg = 2.601537E+00 Time/step= 2.571235E+00 ETA (HH:MM:SS) = 0:46:23
 [ 65%]  Time step     1932 of 3001 @ t_step =     1931 Time Avg = 2.601529E+00 Time/step= 2.585656E+00 ETA (HH:MM:SS) = 0:46:21
 [ 65%]  Time step     1933 of 3001 @ t_step =     1932 Time Avg = 2.601537E+00 Time/step= 2.616228E+00 ETA (HH:MM:SS) = 0:46:18
 [ 65%]  Time step     1934 of 3001 @ t_step =     1933 Time Avg = 2.601535E+00 Time/step= 2.598491E+00 ETA (HH:MM:SS) = 0:46:15
 [ 65%]  Time step     1935 of 3001 @ t_step =     1934 Time Avg = 2.601531E+00 Time/step= 2.592894E+00 ETA (HH:MM:SS) = 0:46:13
 [ 65%]  Time step     1936 of 3001 @ t_step =     1935 Time Avg = 2.601541E+00 Time/step= 2.621218E+00 ETA (HH:MM:SS) = 0:46:10
 [ 65%]  Time step     1937 of 3001 @ t_step =     1936 Time Avg = 2.601530E+00 Time/step= 2.579716E+00 ETA (HH:MM:SS) = 0:46:08
 [ 65%]  Time step     1938 of 3001 @ t_step =     1937 Time Avg = 2.601516E+00 Time/step= 2.575879E+00 ETA (HH:MM:SS) = 0:46:05
 [ 65%]  Time step     1939 of 3001 @ t_step =     1938 Time Avg = 2.601511E+00 Time/step= 2.591943E+00 ETA (HH:MM:SS) = 0:46:02
 [ 65%]  Time step     1940 of 3001 @ t_step =     1939 Time Avg = 2.601514E+00 Time/step= 2.606509E+00 ETA (HH:MM:SS) = 0:46:00
 [ 65%]  Time step     1941 of 3001 @ t_step =     1940 Time Avg = 2.601508E+00 Time/step= 2.589260E+00 ETA (HH:MM:SS) = 0:45:57
 [ 65%]  Time step     1942 of 3001 @ t_step =     1941 Time Avg = 2.601516E+00 Time/step= 2.616957E+00 ETA (HH:MM:SS) = 0:45:55
 [ 65%]  Time step     1943 of 3001 @ t_step =     1942 Time Avg = 2.601510E+00 Time/step= 2.591213E+00 ETA (HH:MM:SS) = 0:45:52
 [ 65%]  Time step     1944 of 3001 @ t_step =     1943 Time Avg = 2.601506E+00 Time/step= 2.592544E+00 ETA (HH:MM:SS) = 0:45:49
 [ 65%]  Time step     1945 of 3001 @ t_step =     1944 Time Avg = 2.601502E+00 Time/step= 2.593840E+00 ETA (HH:MM:SS) = 0:45:47
 [ 65%]  Time step     1946 of 3001 @ t_step =     1945 Time Avg = 2.601494E+00 Time/step= 2.585506E+00 ETA (HH:MM:SS) = 0:45:44
 [ 65%]  Time step     1947 of 3001 @ t_step =     1946 Time Avg = 2.601504E+00 Time/step= 2.621328E+00 ETA (HH:MM:SS) = 0:45:41
 [ 65%]  Time step     1948 of 3001 @ t_step =     1947 Time Avg = 2.601497E+00 Time/step= 2.587722E+00 ETA (HH:MM:SS) = 0:45:39
 [ 65%]  Time step     1949 of 3001 @ t_step =     1948 Time Avg = 2.601491E+00 Time/step= 2.589422E+00 ETA (HH:MM:SS) = 0:45:36
 [ 65%]  Time step     1950 of 3001 @ t_step =     1949 Time Avg = 2.601493E+00 Time/step= 2.605556E+00 ETA (HH:MM:SS) = 0:45:34
 [ 65%]  Time step     1951 of 3001 @ t_step =     1950 Time Avg = 2.601486E+00 Time/step= 2.587755E+00 ETA (HH:MM:SS) = 0:45:31
 [ 66%]  Time step     1952 of 3001 @ t_step =     1951 Time Avg = 2.601513E+00 Time/step= 2.654897E+00 ETA (HH:MM:SS) = 0:45:28
 [ 66%]  Time step     1953 of 3001 @ t_step =     1952 Time Avg = 2.601503E+00 Time/step= 2.583053E+00 ETA (HH:MM:SS) = 0:45:26
 [ 66%]  Time step     1954 of 3001 @ t_step =     1953 Time Avg = 2.601496E+00 Time/step= 2.585953E+00 ETA (HH:MM:SS) = 0:45:23
 [ 66%]  Time step     1955 of 3001 @ t_step =     1954 Time Avg = 2.601506E+00 Time/step= 2.622398E+00 ETA (HH:MM:SS) = 0:45:21
 [ 66%]  Time step     1956 of 3001 @ t_step =     1955 Time Avg = 2.601500E+00 Time/step= 2.589391E+00 ETA (HH:MM:SS) = 0:45:18
 [ 66%]  Time step     1957 of 3001 @ t_step =     1956 Time Avg = 2.601499E+00 Time/step= 2.599117E+00 ETA (HH:MM:SS) = 0:45:15
 [ 66%]  Time step     1958 of 3001 @ t_step =     1957 Time Avg = 2.601492E+00 Time/step= 2.587710E+00 ETA (HH:MM:SS) = 0:45:13
 [ 66%]  Time step     1959 of 3001 @ t_step =     1958 Time Avg = 2.601484E+00 Time/step= 2.587287E+00 ETA (HH:MM:SS) = 0:45:10
 [ 66%]  Time step     1960 of 3001 @ t_step =     1959 Time Avg = 2.601495E+00 Time/step= 2.622087E+00 ETA (HH:MM:SS) = 0:45:08
 [ 66%]  Time step     1961 of 3001 @ t_step =     1960 Time Avg = 2.601485E+00 Time/step= 2.582827E+00 ETA (HH:MM:SS) = 0:45:05
 [ 66%]  Time step     1962 of 3001 @ t_step =     1961 Time Avg = 2.601489E+00 Time/step= 2.608902E+00 ETA (HH:MM:SS) = 0:45:02
 [ 66%]  Time step     1963 of 3001 @ t_step =     1962 Time Avg = 2.601494E+00 Time/step= 2.610951E+00 ETA (HH:MM:SS) = 0:45:00
 [ 66%]  Time step     1964 of 3001 @ t_step =     1963 Time Avg = 2.601489E+00 Time/step= 2.591654E+00 ETA (HH:MM:SS) = 0:44:57
 [ 66%]  Time step     1965 of 3001 @ t_step =     1964 Time Avg = 2.601484E+00 Time/step= 2.591348E+00 ETA (HH:MM:SS) = 0:44:55
 [ 66%]  Time step     1966 of 3001 @ t_step =     1965 Time Avg = 2.601486E+00 Time/step= 2.604779E+00 ETA (HH:MM:SS) = 0:44:52
 [ 66%]  Time step     1967 of 3001 @ t_step =     1966 Time Avg = 2.601495E+00 Time/step= 2.619250E+00 ETA (HH:MM:SS) = 0:44:49
 [ 66%]  Time step     1968 of 3001 @ t_step =     1967 Time Avg = 2.601486E+00 Time/step= 2.584371E+00 ETA (HH:MM:SS) = 0:44:47
 [ 66%]  Time step     1969 of 3001 @ t_step =     1968 Time Avg = 2.601478E+00 Time/step= 2.586197E+00 ETA (HH:MM:SS) = 0:44:44
 [ 66%]  Time step     1970 of 3001 @ t_step =     1969 Time Avg = 2.601479E+00 Time/step= 2.602926E+00 ETA (HH:MM:SS) = 0:44:42
 [ 66%]  Time step     1971 of 3001 @ t_step =     1970 Time Avg = 2.601481E+00 Time/step= 2.604936E+00 ETA (HH:MM:SS) = 0:44:39
 [ 66%]  Time step     1972 of 3001 @ t_step =     1971 Time Avg = 2.601477E+00 Time/step= 2.593751E+00 ETA (HH:MM:SS) = 0:44:36
 [ 66%]  Time step     1973 of 3001 @ t_step =     1972 Time Avg = 2.601463E+00 Time/step= 2.573702E+00 ETA (HH:MM:SS) = 0:44:34
 [ 66%]  Time step     1974 of 3001 @ t_step =     1973 Time Avg = 2.601453E+00 Time/step= 2.581743E+00 ETA (HH:MM:SS) = 0:44:31
 [ 66%]  Time step     1975 of 3001 @ t_step =     1974 Time Avg = 2.601442E+00 Time/step= 2.580430E+00 ETA (HH:MM:SS) = 0:44:29
 [ 66%]  Time step     1976 of 3001 @ t_step =     1975 Time Avg = 2.601457E+00 Time/step= 2.631357E+00 ETA (HH:MM:SS) = 0:44:26
 [ 66%]  Time step     1977 of 3001 @ t_step =     1976 Time Avg = 2.601453E+00 Time/step= 2.594064E+00 ETA (HH:MM:SS) = 0:44:23
 [ 66%]  Time step     1978 of 3001 @ t_step =     1977 Time Avg = 2.601440E+00 Time/step= 2.575945E+00 ETA (HH:MM:SS) = 0:44:21
 [ 66%]  Time step     1979 of 3001 @ t_step =     1978 Time Avg = 2.601443E+00 Time/step= 2.606642E+00 ETA (HH:MM:SS) = 0:44:18
 [ 66%]  Time step     1980 of 3001 @ t_step =     1979 Time Avg = 2.601444E+00 Time/step= 2.603101E+00 ETA (HH:MM:SS) = 0:44:16
 [ 66%]  Time step     1981 of 3001 @ t_step =     1980 Time Avg = 2.601445E+00 Time/step= 2.602943E+00 ETA (HH:MM:SS) = 0:44:13
 [ 67%]  Time step     1982 of 3001 @ t_step =     1981 Time Avg = 2.601443E+00 Time/step= 2.597496E+00 ETA (HH:MM:SS) = 0:44:10
 [ 67%]  Time step     1983 of 3001 @ t_step =     1982 Time Avg = 2.601451E+00 Time/step= 2.618757E+00 ETA (HH:MM:SS) = 0:44:08
 [ 67%]  Time step     1984 of 3001 @ t_step =     1983 Time Avg = 2.601465E+00 Time/step= 2.628952E+00 ETA (HH:MM:SS) = 0:44:05
 [ 67%]  Time step     1985 of 3001 @ t_step =     1984 Time Avg = 2.601464E+00 Time/step= 2.598073E+00 ETA (HH:MM:SS) = 0:44:03
 [ 67%]  Time step     1986 of 3001 @ t_step =     1985 Time Avg = 2.601456E+00 Time/step= 2.587171E+00 ETA (HH:MM:SS) = 0:44:00
 [ 67%]  Time step     1987 of 3001 @ t_step =     1986 Time Avg = 2.601452E+00 Time/step= 2.592921E+00 ETA (HH:MM:SS) = 0:43:57
 [ 67%]  Time step     1988 of 3001 @ t_step =     1987 Time Avg = 2.601458E+00 Time/step= 2.612767E+00 ETA (HH:MM:SS) = 0:43:55
 [ 67%]  Time step     1989 of 3001 @ t_step =     1988 Time Avg = 2.601465E+00 Time/step= 2.616389E+00 ETA (HH:MM:SS) = 0:43:52
 [ 67%]  Time step     1990 of 3001 @ t_step =     1989 Time Avg = 2.601467E+00 Time/step= 2.603975E+00 ETA (HH:MM:SS) = 0:43:50
 [ 67%]  Time step     1991 of 3001 @ t_step =     1990 Time Avg = 2.601465E+00 Time/step= 2.598966E+00 ETA (HH:MM:SS) = 0:43:47
 [ 67%]  Time step     1992 of 3001 @ t_step =     1991 Time Avg = 2.601463E+00 Time/step= 2.597376E+00 ETA (HH:MM:SS) = 0:43:44
 [ 67%]  Time step     1993 of 3001 @ t_step =     1992 Time Avg = 2.601465E+00 Time/step= 2.604196E+00 ETA (HH:MM:SS) = 0:43:42
 [ 67%]  Time step     1994 of 3001 @ t_step =     1993 Time Avg = 2.601460E+00 Time/step= 2.591655E+00 ETA (HH:MM:SS) = 0:43:39
 [ 67%]  Time step     1995 of 3001 @ t_step =     1994 Time Avg = 2.601454E+00 Time/step= 2.589800E+00 ETA (HH:MM:SS) = 0:43:37
 [ 67%]  Time step     1996 of 3001 @ t_step =     1995 Time Avg = 2.601438E+00 Time/step= 2.569722E+00 ETA (HH:MM:SS) = 0:43:34
 [ 67%]  Time step     1997 of 3001 @ t_step =     1996 Time Avg = 2.601435E+00 Time/step= 2.596421E+00 ETA (HH:MM:SS) = 0:43:31
 [ 67%]  Time step     1998 of 3001 @ t_step =     1997 Time Avg = 2.601434E+00 Time/step= 2.599519E+00 ETA (HH:MM:SS) = 0:43:29
 [ 67%]  Time step     1999 of 3001 @ t_step =     1998 Time Avg = 2.601439E+00 Time/step= 2.610861E+00 ETA (HH:MM:SS) = 0:43:26
 [ 67%]  Time step     2000 of 3001 @ t_step =     1999 Time Avg = 2.601427E+00 Time/step= 2.576901E+00 ETA (HH:MM:SS) = 0:43:24
 [ 67%]  Time step     2001 of 3001 @ t_step =     2000 Time Avg = 2.601423E+00 Time/step= 2.593906E+00 ETA (HH:MM:SS) = 0:43:21
 [ 67%]  Time step     2002 of 3001 @ t_step =     2001 Time Avg = 2.601438E+00 Time/step= 2.630538E+00 ETA (HH:MM:SS) = 0:43:18
 [ 67%]  Time step     2003 of 3001 @ t_step =     2002 Time Avg = 2.601440E+00 Time/step= 2.605434E+00 ETA (HH:MM:SS) = 0:43:16
 [ 67%]  Time step     2004 of 3001 @ t_step =     2003 Time Avg = 2.601441E+00 Time/step= 2.603141E+00 ETA (HH:MM:SS) = 0:43:13
 [ 67%]  Time step     2005 of 3001 @ t_step =     2004 Time Avg = 2.601440E+00 Time/step= 2.600055E+00 ETA (HH:MM:SS) = 0:43:11
 [ 67%]  Time step     2006 of 3001 @ t_step =     2005 Time Avg = 2.601451E+00 Time/step= 2.623986E+00 ETA (HH:MM:SS) = 0:43:08
 [ 67%]  Time step     2007 of 3001 @ t_step =     2006 Time Avg = 2.601446E+00 Time/step= 2.591624E+00 ETA (HH:MM:SS) = 0:43:05
 [ 67%]  Time step     2008 of 3001 @ t_step =     2007 Time Avg = 2.601450E+00 Time/step= 2.609460E+00 ETA (HH:MM:SS) = 0:43:03
 [ 67%]  Time step     2009 of 3001 @ t_step =     2008 Time Avg = 2.601461E+00 Time/step= 2.623789E+00 ETA (HH:MM:SS) = 0:43:00
 [ 67%]  Time step     2010 of 3001 @ t_step =     2009 Time Avg = 2.601463E+00 Time/step= 2.604211E+00 ETA (HH:MM:SS) = 0:42:58
 [ 67%]  Time step     2011 of 3001 @ t_step =     2010 Time Avg = 2.601464E+00 Time/step= 2.604123E+00 ETA (HH:MM:SS) = 0:42:55
 [ 68%]  Time step     2012 of 3001 @ t_step =     2011 Time Avg = 2.601486E+00 Time/step= 2.645436E+00 ETA (HH:MM:SS) = 0:42:52
 [ 68%]  Time step     2013 of 3001 @ t_step =     2012 Time Avg = 2.601498E+00 Time/step= 2.626251E+00 ETA (HH:MM:SS) = 0:42:50
 [ 68%]  Time step     2014 of 3001 @ t_step =     2013 Time Avg = 2.601500E+00 Time/step= 2.605872E+00 ETA (HH:MM:SS) = 0:42:47
 [ 68%]  Time step     2015 of 3001 @ t_step =     2014 Time Avg = 2.601499E+00 Time/step= 2.598497E+00 ETA (HH:MM:SS) = 0:42:45
 [ 68%]  Time step     2016 of 3001 @ t_step =     2015 Time Avg = 2.601486E+00 Time/step= 2.575800E+00 ETA (HH:MM:SS) = 0:42:42
 [ 68%]  Time step     2017 of 3001 @ t_step =     2016 Time Avg = 2.601475E+00 Time/step= 2.579486E+00 ETA (HH:MM:SS) = 0:42:39
 [ 68%]  Time step     2018 of 3001 @ t_step =     2017 Time Avg = 2.601475E+00 Time/step= 2.601820E+00 ETA (HH:MM:SS) = 0:42:37
 [ 68%]  Time step     2019 of 3001 @ t_step =     2018 Time Avg = 2.601475E+00 Time/step= 2.601517E+00 ETA (HH:MM:SS) = 0:42:34
 [ 68%]  Time step     2020 of 3001 @ t_step =     2019 Time Avg = 2.601478E+00 Time/step= 2.606033E+00 ETA (HH:MM:SS) = 0:42:32
 [ 68%]  Time step     2021 of 3001 @ t_step =     2020 Time Avg = 2.601475E+00 Time/step= 2.596851E+00 ETA (HH:MM:SS) = 0:42:29
 [ 68%]  Time step     2022 of 3001 @ t_step =     2021 Time Avg = 2.601462E+00 Time/step= 2.575384E+00 ETA (HH:MM:SS) = 0:42:26
 [ 68%]  Time step     2023 of 3001 @ t_step =     2022 Time Avg = 2.601461E+00 Time/step= 2.598147E+00 ETA (HH:MM:SS) = 0:42:24
 [ 68%]  Time step     2024 of 3001 @ t_step =     2023 Time Avg = 2.601469E+00 Time/step= 2.618836E+00 ETA (HH:MM:SS) = 0:42:21
 [ 68%]  Time step     2025 of 3001 @ t_step =     2024 Time Avg = 2.601471E+00 Time/step= 2.603913E+00 ETA (HH:MM:SS) = 0:42:19
 [ 68%]  Time step     2026 of 3001 @ t_step =     2025 Time Avg = 2.601482E+00 Time/step= 2.623629E+00 ETA (HH:MM:SS) = 0:42:16
 [ 68%]  Time step     2027 of 3001 @ t_step =     2026 Time Avg = 2.601473E+00 Time/step= 2.583621E+00 ETA (HH:MM:SS) = 0:42:13
 [ 68%]  Time step     2028 of 3001 @ t_step =     2027 Time Avg = 2.601463E+00 Time/step= 2.581950E+00 ETA (HH:MM:SS) = 0:42:11
 [ 68%]  Time step     2029 of 3001 @ t_step =     2028 Time Avg = 2.601466E+00 Time/step= 2.606556E+00 ETA (HH:MM:SS) = 0:42:08
 [ 68%]  Time step     2030 of 3001 @ t_step =     2029 Time Avg = 2.601463E+00 Time/step= 2.597148E+00 ETA (HH:MM:SS) = 0:42:06
 [ 68%]  Time step     2031 of 3001 @ t_step =     2030 Time Avg = 2.601458E+00 Time/step= 2.590640E+00 ETA (HH:MM:SS) = 0:42:03
 [ 68%]  Time step     2032 of 3001 @ t_step =     2031 Time Avg = 2.601466E+00 Time/step= 2.616827E+00 ETA (HH:MM:SS) = 0:42:00
 [ 68%]  Time step     2033 of 3001 @ t_step =     2032 Time Avg = 2.601466E+00 Time/step= 2.602074E+00 ETA (HH:MM:SS) = 0:41:58
 [ 68%]  Time step     2034 of 3001 @ t_step =     2033 Time Avg = 2.601471E+00 Time/step= 2.612298E+00 ETA (HH:MM:SS) = 0:41:55
 [ 68%]  Time step     2035 of 3001 @ t_step =     2034 Time Avg = 2.601463E+00 Time/step= 2.585090E+00 ETA (HH:MM:SS) = 0:41:53
 [ 68%]  Time step     2036 of 3001 @ t_step =     2035 Time Avg = 2.601475E+00 Time/step= 2.624840E+00 ETA (HH:MM:SS) = 0:41:50
 [ 68%]  Time step     2037 of 3001 @ t_step =     2036 Time Avg = 2.601471E+00 Time/step= 2.594304E+00 ETA (HH:MM:SS) = 0:41:47
 [ 68%]  Time step     2038 of 3001 @ t_step =     2037 Time Avg = 2.601468E+00 Time/step= 2.595484E+00 ETA (HH:MM:SS) = 0:41:45
 [ 68%]  Time step     2039 of 3001 @ t_step =     2038 Time Avg = 2.601467E+00 Time/step= 2.599460E+00 ETA (HH:MM:SS) = 0:41:42
 [ 68%]  Time step     2040 of 3001 @ t_step =     2039 Time Avg = 2.601490E+00 Time/step= 2.648231E+00 ETA (HH:MM:SS) = 0:41:40
 [ 68%]  Time step     2041 of 3001 @ t_step =     2040 Time Avg = 2.601490E+00 Time/step= 2.600271E+00 ETA (HH:MM:SS) = 0:41:37
 [ 69%]  Time step     2042 of 3001 @ t_step =     2041 Time Avg = 2.601503E+00 Time/step= 2.628486E+00 ETA (HH:MM:SS) = 0:41:34
 [ 69%]  Time step     2043 of 3001 @ t_step =     2042 Time Avg = 2.601511E+00 Time/step= 2.618530E+00 ETA (HH:MM:SS) = 0:41:32
 [ 69%]  Time step     2044 of 3001 @ t_step =     2043 Time Avg = 2.601513E+00 Time/step= 2.604065E+00 ETA (HH:MM:SS) = 0:41:29
 [ 69%]  Time step     2045 of 3001 @ t_step =     2044 Time Avg = 2.601515E+00 Time/step= 2.606168E+00 ETA (HH:MM:SS) = 0:41:27
 [ 69%]  Time step     2046 of 3001 @ t_step =     2045 Time Avg = 2.601519E+00 Time/step= 2.609469E+00 ETA (HH:MM:SS) = 0:41:24
 [ 69%]  Time step     2047 of 3001 @ t_step =     2046 Time Avg = 2.601502E+00 Time/step= 2.567302E+00 ETA (HH:MM:SS) = 0:41:21
 [ 69%]  Time step     2048 of 3001 @ t_step =     2047 Time Avg = 2.601504E+00 Time/step= 2.605828E+00 ETA (HH:MM:SS) = 0:41:19
 [ 69%]  Time step     2049 of 3001 @ t_step =     2048 Time Avg = 2.601500E+00 Time/step= 2.593460E+00 ETA (HH:MM:SS) = 0:41:16
 [ 69%]  Time step     2050 of 3001 @ t_step =     2049 Time Avg = 2.601490E+00 Time/step= 2.581505E+00 ETA (HH:MM:SS) = 0:41:14
 [ 69%]  Time step     2051 of 3001 @ t_step =     2050 Time Avg = 2.601485E+00 Time/step= 2.590097E+00 ETA (HH:MM:SS) = 0:41:11
 [ 69%]  Time step     2052 of 3001 @ t_step =     2051 Time Avg = 2.601497E+00 Time/step= 2.625754E+00 ETA (HH:MM:SS) = 0:41:08
 [ 69%]  Time step     2053 of 3001 @ t_step =     2052 Time Avg = 2.601512E+00 Time/step= 2.633764E+00 ETA (HH:MM:SS) = 0:41:06
 [ 69%]  Time step     2054 of 3001 @ t_step =     2053 Time Avg = 2.601526E+00 Time/step= 2.630216E+00 ETA (HH:MM:SS) = 0:41:03
 [ 69%]  Time step     2055 of 3001 @ t_step =     2054 Time Avg = 2.601515E+00 Time/step= 2.578040E+00 ETA (HH:MM:SS) = 0:41:01
 [ 69%]  Time step     2056 of 3001 @ t_step =     2055 Time Avg = 2.601515E+00 Time/step= 2.601947E+00 ETA (HH:MM:SS) = 0:40:58
 [ 69%]  Time step     2057 of 3001 @ t_step =     2056 Time Avg = 2.601516E+00 Time/step= 2.602697E+00 ETA (HH:MM:SS) = 0:40:55
 [ 69%]  Time step     2058 of 3001 @ t_step =     2057 Time Avg = 2.601507E+00 Time/step= 2.584034E+00 ETA (HH:MM:SS) = 0:40:53
 [ 69%]  Time step     2059 of 3001 @ t_step =     2058 Time Avg = 2.601520E+00 Time/step= 2.627904E+00 ETA (HH:MM:SS) = 0:40:50
 [ 69%]  Time step     2060 of 3001 @ t_step =     2059 Time Avg = 2.601527E+00 Time/step= 2.614930E+00 ETA (HH:MM:SS) = 0:40:48
 [ 69%]  Time step     2061 of 3001 @ t_step =     2060 Time Avg = 2.601537E+00 Time/step= 2.623611E+00 ETA (HH:MM:SS) = 0:40:45
 [ 69%]  Time step     2062 of 3001 @ t_step =     2061 Time Avg = 2.601546E+00 Time/step= 2.618653E+00 ETA (HH:MM:SS) = 0:40:42
 [ 69%]  Time step     2063 of 3001 @ t_step =     2062 Time Avg = 2.601557E+00 Time/step= 2.625408E+00 ETA (HH:MM:SS) = 0:40:40
 [ 69%]  Time step     2064 of 3001 @ t_step =     2063 Time Avg = 2.601570E+00 Time/step= 2.628543E+00 ETA (HH:MM:SS) = 0:40:37
 [ 69%]  Time step     2065 of 3001 @ t_step =     2064 Time Avg = 2.601560E+00 Time/step= 2.580505E+00 ETA (HH:MM:SS) = 0:40:35
 [ 69%]  Time step     2066 of 3001 @ t_step =     2065 Time Avg = 2.601562E+00 Time/step= 2.604724E+00 ETA (HH:MM:SS) = 0:40:32
 [ 69%]  Time step     2067 of 3001 @ t_step =     2066 Time Avg = 2.601554E+00 Time/step= 2.585508E+00 ETA (HH:MM:SS) = 0:40:29
 [ 69%]  Time step     2068 of 3001 @ t_step =     2067 Time Avg = 2.601546E+00 Time/step= 2.586260E+00 ETA (HH:MM:SS) = 0:40:27
 [ 69%]  Time step     2069 of 3001 @ t_step =     2068 Time Avg = 2.601551E+00 Time/step= 2.611199E+00 ETA (HH:MM:SS) = 0:40:24
 [ 69%]  Time step     2070 of 3001 @ t_step =     2069 Time Avg = 2.601553E+00 Time/step= 2.604734E+00 ETA (HH:MM:SS) = 0:40:22
 [ 69%]  Time step     2071 of 3001 @ t_step =     2070 Time Avg = 2.601548E+00 Time/step= 2.591174E+00 ETA (HH:MM:SS) = 0:40:19
 [ 70%]  Time step     2072 of 3001 @ t_step =     2071 Time Avg = 2.601546E+00 Time/step= 2.598846E+00 ETA (HH:MM:SS) = 0:40:16
 [ 70%]  Time step     2073 of 3001 @ t_step =     2072 Time Avg = 2.601539E+00 Time/step= 2.586987E+00 ETA (HH:MM:SS) = 0:40:14
 [ 70%]  Time step     2074 of 3001 @ t_step =     2073 Time Avg = 2.601540E+00 Time/step= 2.603481E+00 ETA (HH:MM:SS) = 0:40:11
 [ 70%]  Time step     2075 of 3001 @ t_step =     2074 Time Avg = 2.601562E+00 Time/step= 2.646337E+00 ETA (HH:MM:SS) = 0:40:09
 [ 70%]  Time step     2076 of 3001 @ t_step =     2075 Time Avg = 2.601562E+00 Time/step= 2.600885E+00 ETA (HH:MM:SS) = 0:40:06
 [ 70%]  Time step     2077 of 3001 @ t_step =     2076 Time Avg = 2.601555E+00 Time/step= 2.587617E+00 ETA (HH:MM:SS) = 0:40:03
 [ 70%]  Time step     2078 of 3001 @ t_step =     2077 Time Avg = 2.601555E+00 Time/step= 2.602345E+00 ETA (HH:MM:SS) = 0:40:01
 [ 70%]  Time step     2079 of 3001 @ t_step =     2078 Time Avg = 2.601568E+00 Time/step= 2.628848E+00 ETA (HH:MM:SS) = 0:39:58
 [ 70%]  Time step     2080 of 3001 @ t_step =     2079 Time Avg = 2.601578E+00 Time/step= 2.622375E+00 ETA (HH:MM:SS) = 0:39:56
 [ 70%]  Time step     2081 of 3001 @ t_step =     2080 Time Avg = 2.601580E+00 Time/step= 2.605518E+00 ETA (HH:MM:SS) = 0:39:53
 [ 70%]  Time step     2082 of 3001 @ t_step =     2081 Time Avg = 2.601567E+00 Time/step= 2.574227E+00 ETA (HH:MM:SS) = 0:39:50
 [ 70%]  Time step     2083 of 3001 @ t_step =     2082 Time Avg = 2.601558E+00 Time/step= 2.581906E+00 ETA (HH:MM:SS) = 0:39:48
 [ 70%]  Time step     2084 of 3001 @ t_step =     2083 Time Avg = 2.601555E+00 Time/step= 2.595667E+00 ETA (HH:MM:SS) = 0:39:45
 [ 70%]  Time step     2085 of 3001 @ t_step =     2084 Time Avg = 2.601549E+00 Time/step= 2.590459E+00 ETA (HH:MM:SS) = 0:39:43
 [ 70%]  Time step     2086 of 3001 @ t_step =     2085 Time Avg = 2.601552E+00 Time/step= 2.607667E+00 ETA (HH:MM:SS) = 0:39:40
 [ 70%]  Time step     2087 of 3001 @ t_step =     2086 Time Avg = 2.601555E+00 Time/step= 2.605932E+00 ETA (HH:MM:SS) = 0:39:37
 [ 70%]  Time step     2088 of 3001 @ t_step =     2087 Time Avg = 2.601555E+00 Time/step= 2.603525E+00 ETA (HH:MM:SS) = 0:39:35
 [ 70%]  Time step     2089 of 3001 @ t_step =     2088 Time Avg = 2.601559E+00 Time/step= 2.608550E+00 ETA (HH:MM:SS) = 0:39:32
 [ 70%]  Time step     2090 of 3001 @ t_step =     2089 Time Avg = 2.601548E+00 Time/step= 2.578392E+00 ETA (HH:MM:SS) = 0:39:30
 [ 70%]  Time step     2091 of 3001 @ t_step =     2090 Time Avg = 2.601555E+00 Time/step= 2.616289E+00 ETA (HH:MM:SS) = 0:39:27
 [ 70%]  Time step     2092 of 3001 @ t_step =     2091 Time Avg = 2.601560E+00 Time/step= 2.611512E+00 ETA (HH:MM:SS) = 0:39:24
 [ 70%]  Time step     2093 of 3001 @ t_step =     2092 Time Avg = 2.601548E+00 Time/step= 2.578095E+00 ETA (HH:MM:SS) = 0:39:22
 [ 70%]  Time step     2094 of 3001 @ t_step =     2093 Time Avg = 2.601543E+00 Time/step= 2.590362E+00 ETA (HH:MM:SS) = 0:39:19
 [ 70%]  Time step     2095 of 3001 @ t_step =     2094 Time Avg = 2.601544E+00 Time/step= 2.603934E+00 ETA (HH:MM:SS) = 0:39:16
 [ 70%]  Time step     2096 of 3001 @ t_step =     2095 Time Avg = 2.601554E+00 Time/step= 2.621823E+00 ETA (HH:MM:SS) = 0:39:14
 [ 70%]  Time step     2097 of 3001 @ t_step =     2096 Time Avg = 2.601556E+00 Time/step= 2.605207E+00 ETA (HH:MM:SS) = 0:39:11
 [ 70%]  Time step     2098 of 3001 @ t_step =     2097 Time Avg = 2.601566E+00 Time/step= 2.622939E+00 ETA (HH:MM:SS) = 0:39:09
 [ 70%]  Time step     2099 of 3001 @ t_step =     2098 Time Avg = 2.601561E+00 Time/step= 2.591742E+00 ETA (HH:MM:SS) = 0:39:06
 [ 70%]  Time step     2100 of 3001 @ t_step =     2099 Time Avg = 2.601561E+00 Time/step= 2.602062E+00 ETA (HH:MM:SS) = 0:39:04
 [ 70%]  Time step     2101 of 3001 @ t_step =     2100 Time Avg = 2.601559E+00 Time/step= 2.595945E+00 ETA (HH:MM:SS) = 0:39:01
 [ 71%]  Time step     2102 of 3001 @ t_step =     2101 Time Avg = 2.601579E+00 Time/step= 2.643960E+00 ETA (HH:MM:SS) = 0:38:58
 [ 71%]  Time step     2103 of 3001 @ t_step =     2102 Time Avg = 2.601580E+00 Time/step= 2.603026E+00 ETA (HH:MM:SS) = 0:38:56
 [ 71%]  Time step     2104 of 3001 @ t_step =     2103 Time Avg = 2.601579E+00 Time/step= 2.601130E+00 ETA (HH:MM:SS) = 0:38:53
 [ 71%]  Time step     2105 of 3001 @ t_step =     2104 Time Avg = 2.601572E+00 Time/step= 2.585867E+00 ETA (HH:MM:SS) = 0:38:51
 [ 71%]  Time step     2106 of 3001 @ t_step =     2105 Time Avg = 2.601567E+00 Time/step= 2.591599E+00 ETA (HH:MM:SS) = 0:38:48
 [ 71%]  Time step     2107 of 3001 @ t_step =     2106 Time Avg = 2.601565E+00 Time/step= 2.597403E+00 ETA (HH:MM:SS) = 0:38:45
 [ 71%]  Time step     2108 of 3001 @ t_step =     2107 Time Avg = 2.601576E+00 Time/step= 2.624279E+00 ETA (HH:MM:SS) = 0:38:43
 [ 71%]  Time step     2109 of 3001 @ t_step =     2108 Time Avg = 2.601573E+00 Time/step= 2.595851E+00 ETA (HH:MM:SS) = 0:38:40
 [ 71%]  Time step     2110 of 3001 @ t_step =     2109 Time Avg = 2.601565E+00 Time/step= 2.584513E+00 ETA (HH:MM:SS) = 0:38:37
 [ 71%]  Time step     2111 of 3001 @ t_step =     2110 Time Avg = 2.601552E+00 Time/step= 2.574671E+00 ETA (HH:MM:SS) = 0:38:35
 [ 71%]  Time step     2112 of 3001 @ t_step =     2111 Time Avg = 2.601577E+00 Time/step= 2.654199E+00 ETA (HH:MM:SS) = 0:38:32
 [ 71%]  Time step     2113 of 3001 @ t_step =     2112 Time Avg = 2.601597E+00 Time/step= 2.643496E+00 ETA (HH:MM:SS) = 0:38:30
 [ 71%]  Time step     2114 of 3001 @ t_step =     2113 Time Avg = 2.601600E+00 Time/step= 2.607403E+00 ETA (HH:MM:SS) = 0:38:27
 [ 71%]  Time step     2115 of 3001 @ t_step =     2114 Time Avg = 2.601597E+00 Time/step= 2.595943E+00 ETA (HH:MM:SS) = 0:38:25
 [ 71%]  Time step     2116 of 3001 @ t_step =     2115 Time Avg = 2.601598E+00 Time/step= 2.602460E+00 ETA (HH:MM:SS) = 0:38:22
 [ 71%]  Time step     2117 of 3001 @ t_step =     2116 Time Avg = 2.601589E+00 Time/step= 2.582599E+00 ETA (HH:MM:SS) = 0:38:19
 [ 71%]  Time step     2118 of 3001 @ t_step =     2117 Time Avg = 2.601586E+00 Time/step= 2.595423E+00 ETA (HH:MM:SS) = 0:38:17
 [ 71%]  Time step     2119 of 3001 @ t_step =     2118 Time Avg = 2.601597E+00 Time/step= 2.625845E+00 ETA (HH:MM:SS) = 0:38:14
 [ 71%]  Time step     2120 of 3001 @ t_step =     2119 Time Avg = 2.601601E+00 Time/step= 2.609613E+00 ETA (HH:MM:SS) = 0:38:12
 [ 71%]  Time step     2121 of 3001 @ t_step =     2120 Time Avg = 2.601613E+00 Time/step= 2.626048E+00 ETA (HH:MM:SS) = 0:38:09
 [ 71%]  Time step     2122 of 3001 @ t_step =     2121 Time Avg = 2.601606E+00 Time/step= 2.587317E+00 ETA (HH:MM:SS) = 0:38:06
 [ 71%]  Time step     2123 of 3001 @ t_step =     2122 Time Avg = 2.601604E+00 Time/step= 2.597693E+00 ETA (HH:MM:SS) = 0:38:04
 [ 71%]  Time step     2124 of 3001 @ t_step =     2123 Time Avg = 2.601598E+00 Time/step= 2.588997E+00 ETA (HH:MM:SS) = 0:38:01
 [ 71%]  Time step     2125 of 3001 @ t_step =     2124 Time Avg = 2.601592E+00 Time/step= 2.589009E+00 ETA (HH:MM:SS) = 0:37:58
 [ 71%]  Time step     2126 of 3001 @ t_step =     2125 Time Avg = 2.601576E+00 Time/step= 2.567730E+00 ETA (HH:MM:SS) = 0:37:56
 [ 71%]  Time step     2127 of 3001 @ t_step =     2126 Time Avg = 2.601564E+00 Time/step= 2.576372E+00 ETA (HH:MM:SS) = 0:37:53
 [ 71%]  Time step     2128 of 3001 @ t_step =     2127 Time Avg = 2.601556E+00 Time/step= 2.583796E+00 ETA (HH:MM:SS) = 0:37:51
 [ 71%]  Time step     2129 of 3001 @ t_step =     2128 Time Avg = 2.601559E+00 Time/step= 2.607742E+00 ETA (HH:MM:SS) = 0:37:48
 [ 71%]  Time step     2130 of 3001 @ t_step =     2129 Time Avg = 2.601554E+00 Time/step= 2.590707E+00 ETA (HH:MM:SS) = 0:37:45
 [ 71%]  Time step     2131 of 3001 @ t_step =     2130 Time Avg = 2.601538E+00 Time/step= 2.568413E+00 ETA (HH:MM:SS) = 0:37:43
 [ 72%]  Time step     2132 of 3001 @ t_step =     2131 Time Avg = 2.601536E+00 Time/step= 2.596711E+00 ETA (HH:MM:SS) = 0:37:40
 [ 72%]  Time step     2133 of 3001 @ t_step =     2132 Time Avg = 2.601540E+00 Time/step= 2.609890E+00 ETA (HH:MM:SS) = 0:37:38
 [ 72%]  Time step     2134 of 3001 @ t_step =     2133 Time Avg = 2.601536E+00 Time/step= 2.593466E+00 ETA (HH:MM:SS) = 0:37:35
 [ 72%]  Time step     2135 of 3001 @ t_step =     2134 Time Avg = 2.601538E+00 Time/step= 2.606520E+00 ETA (HH:MM:SS) = 0:37:32
 [ 72%]  Time step     2136 of 3001 @ t_step =     2135 Time Avg = 2.601542E+00 Time/step= 2.608599E+00 ETA (HH:MM:SS) = 0:37:30
 [ 72%]  Time step     2137 of 3001 @ t_step =     2136 Time Avg = 2.601535E+00 Time/step= 2.586830E+00 ETA (HH:MM:SS) = 0:37:27
 [ 72%]  Time step     2138 of 3001 @ t_step =     2137 Time Avg = 2.601544E+00 Time/step= 2.621827E+00 ETA (HH:MM:SS) = 0:37:25
 [ 72%]  Time step     2139 of 3001 @ t_step =     2138 Time Avg = 2.601530E+00 Time/step= 2.571228E+00 ETA (HH:MM:SS) = 0:37:22
 [ 72%]  Time step     2140 of 3001 @ t_step =     2139 Time Avg = 2.601535E+00 Time/step= 2.611329E+00 ETA (HH:MM:SS) = 0:37:19
 [ 72%]  Time step     2141 of 3001 @ t_step =     2140 Time Avg = 2.601535E+00 Time/step= 2.601330E+00 ETA (HH:MM:SS) = 0:37:17
 [ 72%]  Time step     2142 of 3001 @ t_step =     2141 Time Avg = 2.601533E+00 Time/step= 2.598001E+00 ETA (HH:MM:SS) = 0:37:14
 [ 72%]  Time step     2143 of 3001 @ t_step =     2142 Time Avg = 2.601543E+00 Time/step= 2.623609E+00 ETA (HH:MM:SS) = 0:37:12
 [ 72%]  Time step     2144 of 3001 @ t_step =     2143 Time Avg = 2.601543E+00 Time/step= 2.600179E+00 ETA (HH:MM:SS) = 0:37:09
 [ 72%]  Time step     2145 of 3001 @ t_step =     2144 Time Avg = 2.601528E+00 Time/step= 2.571321E+00 ETA (HH:MM:SS) = 0:37:06
 [ 72%]  Time step     2146 of 3001 @ t_step =     2145 Time Avg = 2.601536E+00 Time/step= 2.617725E+00 ETA (HH:MM:SS) = 0:37:04
 [ 72%]  Time step     2147 of 3001 @ t_step =     2146 Time Avg = 2.601529E+00 Time/step= 2.585867E+00 ETA (HH:MM:SS) = 0:37:01
 [ 72%]  Time step     2148 of 3001 @ t_step =     2147 Time Avg = 2.601525E+00 Time/step= 2.593404E+00 ETA (HH:MM:SS) = 0:36:59
 [ 72%]  Time step     2149 of 3001 @ t_step =     2148 Time Avg = 2.601534E+00 Time/step= 2.620662E+00 ETA (HH:MM:SS) = 0:36:56
 [ 72%]  Time step     2150 of 3001 @ t_step =     2149 Time Avg = 2.601546E+00 Time/step= 2.627020E+00 ETA (HH:MM:SS) = 0:36:53
 [ 72%]  Time step     2151 of 3001 @ t_step =     2150 Time Avg = 2.601550E+00 Time/step= 2.609767E+00 ETA (HH:MM:SS) = 0:36:51
 [ 72%]  Time step     2152 of 3001 @ t_step =     2151 Time Avg = 2.601569E+00 Time/step= 2.643033E+00 ETA (HH:MM:SS) = 0:36:48
 [ 72%]  Time step     2153 of 3001 @ t_step =     2152 Time Avg = 2.601553E+00 Time/step= 2.566725E+00 ETA (HH:MM:SS) = 0:36:46
 [ 72%]  Time step     2154 of 3001 @ t_step =     2153 Time Avg = 2.601548E+00 Time/step= 2.592293E+00 ETA (HH:MM:SS) = 0:36:43
 [ 72%]  Time step     2155 of 3001 @ t_step =     2154 Time Avg = 2.601540E+00 Time/step= 2.584438E+00 ETA (HH:MM:SS) = 0:36:40
 [ 72%]  Time step     2156 of 3001 @ t_step =     2155 Time Avg = 2.601542E+00 Time/step= 2.604934E+00 ETA (HH:MM:SS) = 0:36:38
 [ 72%]  Time step     2157 of 3001 @ t_step =     2156 Time Avg = 2.601565E+00 Time/step= 2.652170E+00 ETA (HH:MM:SS) = 0:36:35
 [ 72%]  Time step     2158 of 3001 @ t_step =     2157 Time Avg = 2.601559E+00 Time/step= 2.588053E+00 ETA (HH:MM:SS) = 0:36:33
 [ 72%]  Time step     2159 of 3001 @ t_step =     2158 Time Avg = 2.601554E+00 Time/step= 2.590811E+00 ETA (HH:MM:SS) = 0:36:30
 [ 72%]  Time step     2160 of 3001 @ t_step =     2159 Time Avg = 2.601554E+00 Time/step= 2.602085E+00 ETA (HH:MM:SS) = 0:36:27
 [ 72%]  Time step     2161 of 3001 @ t_step =     2160 Time Avg = 2.601570E+00 Time/step= 2.634862E+00 ETA (HH:MM:SS) = 0:36:25
 [ 73%]  Time step     2162 of 3001 @ t_step =     2161 Time Avg = 2.601564E+00 Time/step= 2.588981E+00 ETA (HH:MM:SS) = 0:36:22
 [ 73%]  Time step     2163 of 3001 @ t_step =     2162 Time Avg = 2.601568E+00 Time/step= 2.609640E+00 ETA (HH:MM:SS) = 0:36:20
 [ 73%]  Time step     2164 of 3001 @ t_step =     2163 Time Avg = 2.601570E+00 Time/step= 2.607174E+00 ETA (HH:MM:SS) = 0:36:17
 [ 73%]  Time step     2165 of 3001 @ t_step =     2164 Time Avg = 2.601567E+00 Time/step= 2.595069E+00 ETA (HH:MM:SS) = 0:36:14
 [ 73%]  Time step     2166 of 3001 @ t_step =     2165 Time Avg = 2.601567E+00 Time/step= 2.600304E+00 ETA (HH:MM:SS) = 0:36:12
 [ 73%]  Time step     2167 of 3001 @ t_step =     2166 Time Avg = 2.601554E+00 Time/step= 2.573965E+00 ETA (HH:MM:SS) = 0:36:09
 [ 73%]  Time step     2168 of 3001 @ t_step =     2167 Time Avg = 2.601548E+00 Time/step= 2.588239E+00 ETA (HH:MM:SS) = 0:36:07
 [ 73%]  Time step     2169 of 3001 @ t_step =     2168 Time Avg = 2.601540E+00 Time/step= 2.584428E+00 ETA (HH:MM:SS) = 0:36:04
 [ 73%]  Time step     2170 of 3001 @ t_step =     2169 Time Avg = 2.601539E+00 Time/step= 2.600393E+00 ETA (HH:MM:SS) = 0:36:01
 [ 73%]  Time step     2171 of 3001 @ t_step =     2170 Time Avg = 2.601532E+00 Time/step= 2.586149E+00 ETA (HH:MM:SS) = 0:35:59
 [ 73%]  Time step     2172 of 3001 @ t_step =     2171 Time Avg = 2.601528E+00 Time/step= 2.592759E+00 ETA (HH:MM:SS) = 0:35:56
 [ 73%]  Time step     2173 of 3001 @ t_step =     2172 Time Avg = 2.601519E+00 Time/step= 2.581078E+00 ETA (HH:MM:SS) = 0:35:54
 [ 73%]  Time step     2174 of 3001 @ t_step =     2173 Time Avg = 2.601511E+00 Time/step= 2.584819E+00 ETA (HH:MM:SS) = 0:35:51
 [ 73%]  Time step     2175 of 3001 @ t_step =     2174 Time Avg = 2.601509E+00 Time/step= 2.597404E+00 ETA (HH:MM:SS) = 0:35:48
 [ 73%]  Time step     2176 of 3001 @ t_step =     2175 Time Avg = 2.601505E+00 Time/step= 2.591379E+00 ETA (HH:MM:SS) = 0:35:46
 [ 73%]  Time step     2177 of 3001 @ t_step =     2176 Time Avg = 2.601506E+00 Time/step= 2.605256E+00 ETA (HH:MM:SS) = 0:35:43
 [ 73%]  Time step     2178 of 3001 @ t_step =     2177 Time Avg = 2.601498E+00 Time/step= 2.583552E+00 ETA (HH:MM:SS) = 0:35:41
 [ 73%]  Time step     2179 of 3001 @ t_step =     2178 Time Avg = 2.601495E+00 Time/step= 2.595148E+00 ETA (HH:MM:SS) = 0:35:38
 [ 73%]  Time step     2180 of 3001 @ t_step =     2179 Time Avg = 2.601504E+00 Time/step= 2.620833E+00 ETA (HH:MM:SS) = 0:35:35
 [ 73%]  Time step     2181 of 3001 @ t_step =     2180 Time Avg = 2.601501E+00 Time/step= 2.594423E+00 ETA (HH:MM:SS) = 0:35:33
 [ 73%]  Time step     2182 of 3001 @ t_step =     2181 Time Avg = 2.601502E+00 Time/step= 2.605122E+00 ETA (HH:MM:SS) = 0:35:30
 [ 73%]  Time step     2183 of 3001 @ t_step =     2182 Time Avg = 2.601528E+00 Time/step= 2.657329E+00 ETA (HH:MM:SS) = 0:35:28
 [ 73%]  Time step     2184 of 3001 @ t_step =     2183 Time Avg = 2.601524E+00 Time/step= 2.592833E+00 ETA (HH:MM:SS) = 0:35:25
 [ 73%]  Time step     2185 of 3001 @ t_step =     2184 Time Avg = 2.601527E+00 Time/step= 2.608629E+00 ETA (HH:MM:SS) = 0:35:22
 [ 73%]  Time step     2186 of 3001 @ t_step =     2185 Time Avg = 2.601528E+00 Time/step= 2.603634E+00 ETA (HH:MM:SS) = 0:35:20
 [ 73%]  Time step     2187 of 3001 @ t_step =     2186 Time Avg = 2.601533E+00 Time/step= 2.610930E+00 ETA (HH:MM:SS) = 0:35:17
 [ 73%]  Time step     2188 of 3001 @ t_step =     2187 Time Avg = 2.601521E+00 Time/step= 2.576402E+00 ETA (HH:MM:SS) = 0:35:15
 [ 73%]  Time step     2189 of 3001 @ t_step =     2188 Time Avg = 2.601523E+00 Time/step= 2.605692E+00 ETA (HH:MM:SS) = 0:35:12
 [ 73%]  Time step     2190 of 3001 @ t_step =     2189 Time Avg = 2.601536E+00 Time/step= 2.630908E+00 ETA (HH:MM:SS) = 0:35:09
 [ 73%]  Time step     2191 of 3001 @ t_step =     2190 Time Avg = 2.601545E+00 Time/step= 2.620930E+00 ETA (HH:MM:SS) = 0:35:07
 [ 74%]  Time step     2192 of 3001 @ t_step =     2191 Time Avg = 2.601534E+00 Time/step= 2.576144E+00 ETA (HH:MM:SS) = 0:35:04
 [ 74%]  Time step     2193 of 3001 @ t_step =     2192 Time Avg = 2.601535E+00 Time/step= 2.603295E+00 ETA (HH:MM:SS) = 0:35:02
 [ 74%]  Time step     2194 of 3001 @ t_step =     2193 Time Avg = 2.601521E+00 Time/step= 2.572473E+00 ETA (HH:MM:SS) = 0:34:59
 [ 74%]  Time step     2195 of 3001 @ t_step =     2194 Time Avg = 2.601520E+00 Time/step= 2.599076E+00 ETA (HH:MM:SS) = 0:34:56
 [ 74%]  Time step     2196 of 3001 @ t_step =     2195 Time Avg = 2.601506E+00 Time/step= 2.569430E+00 ETA (HH:MM:SS) = 0:34:54
 [ 74%]  Time step     2197 of 3001 @ t_step =     2196 Time Avg = 2.601508E+00 Time/step= 2.608042E+00 ETA (HH:MM:SS) = 0:34:51
 [ 74%]  Time step     2198 of 3001 @ t_step =     2197 Time Avg = 2.601504E+00 Time/step= 2.592439E+00 ETA (HH:MM:SS) = 0:34:49
 [ 74%]  Time step     2199 of 3001 @ t_step =     2198 Time Avg = 2.601497E+00 Time/step= 2.585577E+00 ETA (HH:MM:SS) = 0:34:46
 [ 74%]  Time step     2200 of 3001 @ t_step =     2199 Time Avg = 2.601483E+00 Time/step= 2.569828E+00 ETA (HH:MM:SS) = 0:34:43
 [ 74%]  Time step     2201 of 3001 @ t_step =     2200 Time Avg = 2.601483E+00 Time/step= 2.601548E+00 ETA (HH:MM:SS) = 0:34:41
 [ 74%]  Time step     2202 of 3001 @ t_step =     2201 Time Avg = 2.601497E+00 Time/step= 2.632080E+00 ETA (HH:MM:SS) = 0:34:38
 [ 74%]  Time step     2203 of 3001 @ t_step =     2202 Time Avg = 2.601501E+00 Time/step= 2.610873E+00 ETA (HH:MM:SS) = 0:34:35
 [ 74%]  Time step     2204 of 3001 @ t_step =     2203 Time Avg = 2.601495E+00 Time/step= 2.588139E+00 ETA (HH:MM:SS) = 0:34:33
 [ 74%]  Time step     2205 of 3001 @ t_step =     2204 Time Avg = 2.601501E+00 Time/step= 2.614471E+00 ETA (HH:MM:SS) = 0:34:30
 [ 74%]  Time step     2206 of 3001 @ t_step =     2205 Time Avg = 2.601489E+00 Time/step= 2.576656E+00 ETA (HH:MM:SS) = 0:34:28
 [ 74%]  Time step     2207 of 3001 @ t_step =     2206 Time Avg = 2.601485E+00 Time/step= 2.592074E+00 ETA (HH:MM:SS) = 0:34:25
 [ 74%]  Time step     2208 of 3001 @ t_step =     2207 Time Avg = 2.601485E+00 Time/step= 2.601841E+00 ETA (HH:MM:SS) = 0:34:22
 [ 74%]  Time step     2209 of 3001 @ t_step =     2208 Time Avg = 2.601493E+00 Time/step= 2.618111E+00 ETA (HH:MM:SS) = 0:34:20
 [ 74%]  Time step     2210 of 3001 @ t_step =     2209 Time Avg = 2.601488E+00 Time/step= 2.589882E+00 ETA (HH:MM:SS) = 0:34:17
 [ 74%]  Time step     2211 of 3001 @ t_step =     2210 Time Avg = 2.601485E+00 Time/step= 2.594663E+00 ETA (HH:MM:SS) = 0:34:15
 [ 74%]  Time step     2212 of 3001 @ t_step =     2211 Time Avg = 2.601472E+00 Time/step= 2.573550E+00 ETA (HH:MM:SS) = 0:34:12
 [ 74%]  Time step     2213 of 3001 @ t_step =     2212 Time Avg = 2.601483E+00 Time/step= 2.626017E+00 ETA (HH:MM:SS) = 0:34:09
 [ 74%]  Time step     2214 of 3001 @ t_step =     2213 Time Avg = 2.601474E+00 Time/step= 2.582111E+00 ETA (HH:MM:SS) = 0:34:07
 [ 74%]  Time step     2215 of 3001 @ t_step =     2214 Time Avg = 2.601471E+00 Time/step= 2.594395E+00 ETA (HH:MM:SS) = 0:34:04
 [ 74%]  Time step     2216 of 3001 @ t_step =     2215 Time Avg = 2.601476E+00 Time/step= 2.612719E+00 ETA (HH:MM:SS) = 0:34:02
 [ 74%]  Time step     2217 of 3001 @ t_step =     2216 Time Avg = 2.601469E+00 Time/step= 2.586206E+00 ETA (HH:MM:SS) = 0:33:59
 [ 74%]  Time step     2218 of 3001 @ t_step =     2217 Time Avg = 2.601481E+00 Time/step= 2.626780E+00 ETA (HH:MM:SS) = 0:33:56
 [ 74%]  Time step     2219 of 3001 @ t_step =     2218 Time Avg = 2.601484E+00 Time/step= 2.608546E+00 ETA (HH:MM:SS) = 0:33:54
 [ 74%]  Time step     2220 of 3001 @ t_step =     2219 Time Avg = 2.601489E+00 Time/step= 2.613543E+00 ETA (HH:MM:SS) = 0:33:51
 [ 74%]  Time step     2221 of 3001 @ t_step =     2220 Time Avg = 2.601483E+00 Time/step= 2.588107E+00 ETA (HH:MM:SS) = 0:33:49
 [ 75%]  Time step     2222 of 3001 @ t_step =     2221 Time Avg = 2.601483E+00 Time/step= 2.601007E+00 ETA (HH:MM:SS) = 0:33:46
 [ 75%]  Time step     2223 of 3001 @ t_step =     2222 Time Avg = 2.601490E+00 Time/step= 2.617320E+00 ETA (HH:MM:SS) = 0:33:43
 [ 75%]  Time step     2224 of 3001 @ t_step =     2223 Time Avg = 2.601494E+00 Time/step= 2.609735E+00 ETA (HH:MM:SS) = 0:33:41
 [ 75%]  Time step     2225 of 3001 @ t_step =     2224 Time Avg = 2.601494E+00 Time/step= 2.601756E+00 ETA (HH:MM:SS) = 0:33:38
 [ 75%]  Time step     2226 of 3001 @ t_step =     2225 Time Avg = 2.601490E+00 Time/step= 2.593219E+00 ETA (HH:MM:SS) = 0:33:36
 [ 75%]  Time step     2227 of 3001 @ t_step =     2226 Time Avg = 2.601493E+00 Time/step= 2.607973E+00 ETA (HH:MM:SS) = 0:33:33
 [ 75%]  Time step     2228 of 3001 @ t_step =     2227 Time Avg = 2.601500E+00 Time/step= 2.617169E+00 ETA (HH:MM:SS) = 0:33:30
 [ 75%]  Time step     2229 of 3001 @ t_step =     2228 Time Avg = 2.601504E+00 Time/step= 2.609639E+00 ETA (HH:MM:SS) = 0:33:28
 [ 75%]  Time step     2230 of 3001 @ t_step =     2229 Time Avg = 2.601500E+00 Time/step= 2.593919E+00 ETA (HH:MM:SS) = 0:33:25
 [ 75%]  Time step     2231 of 3001 @ t_step =     2230 Time Avg = 2.601500E+00 Time/step= 2.599904E+00 ETA (HH:MM:SS) = 0:33:23
 [ 75%]  Time step     2232 of 3001 @ t_step =     2231 Time Avg = 2.601500E+00 Time/step= 2.601190E+00 ETA (HH:MM:SS) = 0:33:20
 [ 75%]  Time step     2233 of 3001 @ t_step =     2232 Time Avg = 2.601498E+00 Time/step= 2.597992E+00 ETA (HH:MM:SS) = 0:33:17
 [ 75%]  Time step     2234 of 3001 @ t_step =     2233 Time Avg = 2.601501E+00 Time/step= 2.607263E+00 ETA (HH:MM:SS) = 0:33:15
 [ 75%]  Time step     2235 of 3001 @ t_step =     2234 Time Avg = 2.601495E+00 Time/step= 2.588387E+00 ETA (HH:MM:SS) = 0:33:12
 [ 75%]  Time step     2236 of 3001 @ t_step =     2235 Time Avg = 2.601490E+00 Time/step= 2.590479E+00 ETA (HH:MM:SS) = 0:33:10
 [ 75%]  Time step     2237 of 3001 @ t_step =     2236 Time Avg = 2.601484E+00 Time/step= 2.588499E+00 ETA (HH:MM:SS) = 0:33:07
 [ 75%]  Time step     2238 of 3001 @ t_step =     2237 Time Avg = 2.601489E+00 Time/step= 2.611971E+00 ETA (HH:MM:SS) = 0:33:04
 [ 75%]  Time step     2239 of 3001 @ t_step =     2238 Time Avg = 2.601488E+00 Time/step= 2.599949E+00 ETA (HH:MM:SS) = 0:33:02
 [ 75%]  Time step     2240 of 3001 @ t_step =     2239 Time Avg = 2.601494E+00 Time/step= 2.615912E+00 ETA (HH:MM:SS) = 0:32:59
 [ 75%]  Time step     2241 of 3001 @ t_step =     2240 Time Avg = 2.601505E+00 Time/step= 2.626118E+00 ETA (HH:MM:SS) = 0:32:57
 [ 75%]  Time step     2242 of 3001 @ t_step =     2241 Time Avg = 2.601495E+00 Time/step= 2.577263E+00 ETA (HH:MM:SS) = 0:32:54
 [ 75%]  Time step     2243 of 3001 @ t_step =     2242 Time Avg = 2.601503E+00 Time/step= 2.620017E+00 ETA (HH:MM:SS) = 0:32:51
 [ 75%]  Time step     2244 of 3001 @ t_step =     2243 Time Avg = 2.601510E+00 Time/step= 2.618406E+00 ETA (HH:MM:SS) = 0:32:49
 [ 75%]  Time step     2245 of 3001 @ t_step =     2244 Time Avg = 2.601521E+00 Time/step= 2.624916E+00 ETA (HH:MM:SS) = 0:32:46
 [ 75%]  Time step     2246 of 3001 @ t_step =     2245 Time Avg = 2.601523E+00 Time/step= 2.605239E+00 ETA (HH:MM:SS) = 0:32:44
 [ 75%]  Time step     2247 of 3001 @ t_step =     2246 Time Avg = 2.601524E+00 Time/step= 2.605147E+00 ETA (HH:MM:SS) = 0:32:41
 [ 75%]  Time step     2248 of 3001 @ t_step =     2247 Time Avg = 2.601532E+00 Time/step= 2.618138E+00 ETA (HH:MM:SS) = 0:32:38
 [ 75%]  Time step     2249 of 3001 @ t_step =     2248 Time Avg = 2.601523E+00 Time/step= 2.582028E+00 ETA (HH:MM:SS) = 0:32:36
 [ 75%]  Time step     2250 of 3001 @ t_step =     2249 Time Avg = 2.601512E+00 Time/step= 2.576020E+00 ETA (HH:MM:SS) = 0:32:33
 [ 75%]  Time step     2251 of 3001 @ t_step =     2250 Time Avg = 2.601515E+00 Time/step= 2.609007E+00 ETA (HH:MM:SS) = 0:32:31
 [ 76%]  Time step     2252 of 3001 @ t_step =     2251 Time Avg = 2.601543E+00 Time/step= 2.665096E+00 ETA (HH:MM:SS) = 0:32:28
 [ 76%]  Time step     2253 of 3001 @ t_step =     2252 Time Avg = 2.601536E+00 Time/step= 2.585137E+00 ETA (HH:MM:SS) = 0:32:25
 [ 76%]  Time step     2254 of 3001 @ t_step =     2253 Time Avg = 2.601544E+00 Time/step= 2.620359E+00 ETA (HH:MM:SS) = 0:32:23
 [ 76%]  Time step     2255 of 3001 @ t_step =     2254 Time Avg = 2.601538E+00 Time/step= 2.587218E+00 ETA (HH:MM:SS) = 0:32:20
 [ 76%]  Time step     2256 of 3001 @ t_step =     2255 Time Avg = 2.601529E+00 Time/step= 2.581147E+00 ETA (HH:MM:SS) = 0:32:18
 [ 76%]  Time step     2257 of 3001 @ t_step =     2256 Time Avg = 2.601532E+00 Time/step= 2.608710E+00 ETA (HH:MM:SS) = 0:32:15
 [ 76%]  Time step     2258 of 3001 @ t_step =     2257 Time Avg = 2.601528E+00 Time/step= 2.591932E+00 ETA (HH:MM:SS) = 0:32:12
 [ 76%]  Time step     2259 of 3001 @ t_step =     2258 Time Avg = 2.601524E+00 Time/step= 2.593590E+00 ETA (HH:MM:SS) = 0:32:10
 [ 76%]  Time step     2260 of 3001 @ t_step =     2259 Time Avg = 2.601530E+00 Time/step= 2.615750E+00 ETA (HH:MM:SS) = 0:32:07
 [ 76%]  Time step     2261 of 3001 @ t_step =     2260 Time Avg = 2.601522E+00 Time/step= 2.581786E+00 ETA (HH:MM:SS) = 0:32:05
 [ 76%]  Time step     2262 of 3001 @ t_step =     2261 Time Avg = 2.601512E+00 Time/step= 2.580312E+00 ETA (HH:MM:SS) = 0:32:02
 [ 76%]  Time step     2263 of 3001 @ t_step =     2262 Time Avg = 2.601514E+00 Time/step= 2.605555E+00 ETA (HH:MM:SS) = 0:31:59
 [ 76%]  Time step     2264 of 3001 @ t_step =     2263 Time Avg = 2.601519E+00 Time/step= 2.612986E+00 ETA (HH:MM:SS) = 0:31:57
 [ 76%]  Time step     2265 of 3001 @ t_step =     2264 Time Avg = 2.601522E+00 Time/step= 2.606788E+00 ETA (HH:MM:SS) = 0:31:54
 [ 76%]  Time step     2266 of 3001 @ t_step =     2265 Time Avg = 2.601521E+00 Time/step= 2.601171E+00 ETA (HH:MM:SS) = 0:31:52
 [ 76%]  Time step     2267 of 3001 @ t_step =     2266 Time Avg = 2.601517E+00 Time/step= 2.592698E+00 ETA (HH:MM:SS) = 0:31:49
 [ 76%]  Time step     2268 of 3001 @ t_step =     2267 Time Avg = 2.601514E+00 Time/step= 2.592582E+00 ETA (HH:MM:SS) = 0:31:46
 [ 76%]  Time step     2269 of 3001 @ t_step =     2268 Time Avg = 2.601513E+00 Time/step= 2.600655E+00 ETA (HH:MM:SS) = 0:31:44
 [ 76%]  Time step     2270 of 3001 @ t_step =     2269 Time Avg = 2.601512E+00 Time/step= 2.599459E+00 ETA (HH:MM:SS) = 0:31:41
 [ 76%]  Time step     2271 of 3001 @ t_step =     2270 Time Avg = 2.601516E+00 Time/step= 2.609365E+00 ETA (HH:MM:SS) = 0:31:39
 [ 76%]  Time step     2272 of 3001 @ t_step =     2271 Time Avg = 2.601509E+00 Time/step= 2.586256E+00 ETA (HH:MM:SS) = 0:31:36
 [ 76%]  Time step     2273 of 3001 @ t_step =     2272 Time Avg = 2.601499E+00 Time/step= 2.579040E+00 ETA (HH:MM:SS) = 0:31:33
 [ 76%]  Time step     2274 of 3001 @ t_step =     2273 Time Avg = 2.601490E+00 Time/step= 2.580414E+00 ETA (HH:MM:SS) = 0:31:31
 [ 76%]  Time step     2275 of 3001 @ t_step =     2274 Time Avg = 2.601496E+00 Time/step= 2.616501E+00 ETA (HH:MM:SS) = 0:31:28
 [ 76%]  Time step     2276 of 3001 @ t_step =     2275 Time Avg = 2.601503E+00 Time/step= 2.616733E+00 ETA (HH:MM:SS) = 0:31:26
 [ 76%]  Time step     2277 of 3001 @ t_step =     2276 Time Avg = 2.601507E+00 Time/step= 2.611361E+00 ETA (HH:MM:SS) = 0:31:23
 [ 76%]  Time step     2278 of 3001 @ t_step =     2277 Time Avg = 2.601505E+00 Time/step= 2.596709E+00 ETA (HH:MM:SS) = 0:31:20
 [ 76%]  Time step     2279 of 3001 @ t_step =     2278 Time Avg = 2.601495E+00 Time/step= 2.578275E+00 ETA (HH:MM:SS) = 0:31:18
 [ 76%]  Time step     2280 of 3001 @ t_step =     2279 Time Avg = 2.601501E+00 Time/step= 2.613708E+00 ETA (HH:MM:SS) = 0:31:15
 [ 76%]  Time step     2281 of 3001 @ t_step =     2280 Time Avg = 2.601511E+00 Time/step= 2.624285E+00 ETA (HH:MM:SS) = 0:31:13
 [ 77%]  Time step     2282 of 3001 @ t_step =     2281 Time Avg = 2.601505E+00 Time/step= 2.588579E+00 ETA (HH:MM:SS) = 0:31:10
 [ 77%]  Time step     2283 of 3001 @ t_step =     2282 Time Avg = 2.601514E+00 Time/step= 2.621268E+00 ETA (HH:MM:SS) = 0:31:07
 [ 77%]  Time step     2284 of 3001 @ t_step =     2283 Time Avg = 2.601499E+00 Time/step= 2.567318E+00 ETA (HH:MM:SS) = 0:31:05
 [ 77%]  Time step     2285 of 3001 @ t_step =     2284 Time Avg = 2.601507E+00 Time/step= 2.621651E+00 ETA (HH:MM:SS) = 0:31:02
 [ 77%]  Time step     2286 of 3001 @ t_step =     2285 Time Avg = 2.601506E+00 Time/step= 2.597668E+00 ETA (HH:MM:SS) = 0:31:00
 [ 77%]  Time step     2287 of 3001 @ t_step =     2286 Time Avg = 2.601513E+00 Time/step= 2.619241E+00 ETA (HH:MM:SS) = 0:30:57
 [ 77%]  Time step     2288 of 3001 @ t_step =     2287 Time Avg = 2.601531E+00 Time/step= 2.642600E+00 ETA (HH:MM:SS) = 0:30:54
 [ 77%]  Time step     2289 of 3001 @ t_step =     2288 Time Avg = 2.601526E+00 Time/step= 2.589740E+00 ETA (HH:MM:SS) = 0:30:52
 [ 77%]  Time step     2290 of 3001 @ t_step =     2289 Time Avg = 2.601533E+00 Time/step= 2.617894E+00 ETA (HH:MM:SS) = 0:30:49
 [ 77%]  Time step     2291 of 3001 @ t_step =     2290 Time Avg = 2.601534E+00 Time/step= 2.602843E+00 ETA (HH:MM:SS) = 0:30:47
 [ 77%]  Time step     2292 of 3001 @ t_step =     2291 Time Avg = 2.601532E+00 Time/step= 2.597618E+00 ETA (HH:MM:SS) = 0:30:44
 [ 77%]  Time step     2293 of 3001 @ t_step =     2292 Time Avg = 2.601521E+00 Time/step= 2.576332E+00 ETA (HH:MM:SS) = 0:30:41
 [ 77%]  Time step     2294 of 3001 @ t_step =     2293 Time Avg = 2.601513E+00 Time/step= 2.582062E+00 ETA (HH:MM:SS) = 0:30:39
 [ 77%]  Time step     2295 of 3001 @ t_step =     2294 Time Avg = 2.601514E+00 Time/step= 2.605035E+00 ETA (HH:MM:SS) = 0:30:36
 [ 77%]  Time step     2296 of 3001 @ t_step =     2295 Time Avg = 2.601505E+00 Time/step= 2.580616E+00 ETA (HH:MM:SS) = 0:30:34
 [ 77%]  Time step     2297 of 3001 @ t_step =     2296 Time Avg = 2.601503E+00 Time/step= 2.597266E+00 ETA (HH:MM:SS) = 0:30:31
 [ 77%]  Time step     2298 of 3001 @ t_step =     2297 Time Avg = 2.601504E+00 Time/step= 2.602368E+00 ETA (HH:MM:SS) = 0:30:28
 [ 77%]  Time step     2299 of 3001 @ t_step =     2298 Time Avg = 2.601517E+00 Time/step= 2.632980E+00 ETA (HH:MM:SS) = 0:30:26
 [ 77%]  Time step     2300 of 3001 @ t_step =     2299 Time Avg = 2.601527E+00 Time/step= 2.623099E+00 ETA (HH:MM:SS) = 0:30:23
 [ 77%]  Time step     2301 of 3001 @ t_step =     2300 Time Avg = 2.601531E+00 Time/step= 2.611445E+00 ETA (HH:MM:SS) = 0:30:21
 [ 77%]  Time step     2302 of 3001 @ t_step =     2301 Time Avg = 2.601559E+00 Time/step= 2.665580E+00 ETA (HH:MM:SS) = 0:30:18
 [ 77%]  Time step     2303 of 3001 @ t_step =     2302 Time Avg = 2.601554E+00 Time/step= 2.590061E+00 ETA (HH:MM:SS) = 0:30:15
 [ 77%]  Time step     2304 of 3001 @ t_step =     2303 Time Avg = 2.601548E+00 Time/step= 2.588304E+00 ETA (HH:MM:SS) = 0:30:13
 [ 77%]  Time step     2305 of 3001 @ t_step =     2304 Time Avg = 2.601550E+00 Time/step= 2.604521E+00 ETA (HH:MM:SS) = 0:30:10
 [ 77%]  Time step     2306 of 3001 @ t_step =     2305 Time Avg = 2.601537E+00 Time/step= 2.573220E+00 ETA (HH:MM:SS) = 0:30:08
 [ 77%]  Time step     2307 of 3001 @ t_step =     2306 Time Avg = 2.601534E+00 Time/step= 2.593567E+00 ETA (HH:MM:SS) = 0:30:05
 [ 77%]  Time step     2308 of 3001 @ t_step =     2307 Time Avg = 2.601550E+00 Time/step= 2.638955E+00 ETA (HH:MM:SS) = 0:30:02
 [ 77%]  Time step     2309 of 3001 @ t_step =     2308 Time Avg = 2.601550E+00 Time/step= 2.602604E+00 ETA (HH:MM:SS) = 0:30:00
 [ 77%]  Time step     2310 of 3001 @ t_step =     2309 Time Avg = 2.601549E+00 Time/step= 2.599272E+00 ETA (HH:MM:SS) = 0:29:57
 [ 77%]  Time step     2311 of 3001 @ t_step =     2310 Time Avg = 2.601538E+00 Time/step= 2.574670E+00 ETA (HH:MM:SS) = 0:29:55
 [ 78%]  Time step     2312 of 3001 @ t_step =     2311 Time Avg = 2.601531E+00 Time/step= 2.584684E+00 ETA (HH:MM:SS) = 0:29:52
 [ 78%]  Time step     2313 of 3001 @ t_step =     2312 Time Avg = 2.601531E+00 Time/step= 2.601800E+00 ETA (HH:MM:SS) = 0:29:49
 [ 78%]  Time step     2314 of 3001 @ t_step =     2313 Time Avg = 2.601534E+00 Time/step= 2.608162E+00 ETA (HH:MM:SS) = 0:29:47
 [ 78%]  Time step     2315 of 3001 @ t_step =     2314 Time Avg = 2.601539E+00 Time/step= 2.615145E+00 ETA (HH:MM:SS) = 0:29:44
 [ 78%]  Time step     2316 of 3001 @ t_step =     2315 Time Avg = 2.601533E+00 Time/step= 2.587423E+00 ETA (HH:MM:SS) = 0:29:42
 [ 78%]  Time step     2317 of 3001 @ t_step =     2316 Time Avg = 2.601528E+00 Time/step= 2.589435E+00 ETA (HH:MM:SS) = 0:29:39
 [ 78%]  Time step     2318 of 3001 @ t_step =     2317 Time Avg = 2.601535E+00 Time/step= 2.617067E+00 ETA (HH:MM:SS) = 0:29:36
 [ 78%]  Time step     2319 of 3001 @ t_step =     2318 Time Avg = 2.601525E+00 Time/step= 2.579361E+00 ETA (HH:MM:SS) = 0:29:34
 [ 78%]  Time step     2320 of 3001 @ t_step =     2319 Time Avg = 2.601548E+00 Time/step= 2.655267E+00 ETA (HH:MM:SS) = 0:29:31
 [ 78%]  Time step     2321 of 3001 @ t_step =     2320 Time Avg = 2.601547E+00 Time/step= 2.598539E+00 ETA (HH:MM:SS) = 0:29:29
 [ 78%]  Time step     2322 of 3001 @ t_step =     2321 Time Avg = 2.601541E+00 Time/step= 2.587964E+00 ETA (HH:MM:SS) = 0:29:26
 [ 78%]  Time step     2323 of 3001 @ t_step =     2322 Time Avg = 2.601545E+00 Time/step= 2.610317E+00 ETA (HH:MM:SS) = 0:29:23
 [ 78%]  Time step     2324 of 3001 @ t_step =     2323 Time Avg = 2.601549E+00 Time/step= 2.609717E+00 ETA (HH:MM:SS) = 0:29:21
 [ 78%]  Time step     2325 of 3001 @ t_step =     2324 Time Avg = 2.601548E+00 Time/step= 2.599853E+00 ETA (HH:MM:SS) = 0:29:18
 [ 78%]  Time step     2326 of 3001 @ t_step =     2325 Time Avg = 2.601548E+00 Time/step= 2.602586E+00 ETA (HH:MM:SS) = 0:29:16
 [ 78%]  Time step     2327 of 3001 @ t_step =     2326 Time Avg = 2.601539E+00 Time/step= 2.581012E+00 ETA (HH:MM:SS) = 0:29:13
 [ 78%]  Time step     2328 of 3001 @ t_step =     2327 Time Avg = 2.601540E+00 Time/step= 2.602903E+00 ETA (HH:MM:SS) = 0:29:10
 [ 78%]  Time step     2329 of 3001 @ t_step =     2328 Time Avg = 2.601536E+00 Time/step= 2.592314E+00 ETA (HH:MM:SS) = 0:29:08
 [ 78%]  Time step     2330 of 3001 @ t_step =     2329 Time Avg = 2.601529E+00 Time/step= 2.584377E+00 ETA (HH:MM:SS) = 0:29:05
 [ 78%]  Time step     2331 of 3001 @ t_step =     2330 Time Avg = 2.601540E+00 Time/step= 2.627445E+00 ETA (HH:MM:SS) = 0:29:03
 [ 78%]  Time step     2332 of 3001 @ t_step =     2331 Time Avg = 2.601539E+00 Time/step= 2.600637E+00 ETA (HH:MM:SS) = 0:29:00
 [ 78%]  Time step     2333 of 3001 @ t_step =     2332 Time Avg = 2.601548E+00 Time/step= 2.620435E+00 ETA (HH:MM:SS) = 0:28:57
 [ 78%]  Time step     2334 of 3001 @ t_step =     2333 Time Avg = 2.601548E+00 Time/step= 2.603528E+00 ETA (HH:MM:SS) = 0:28:55
 [ 78%]  Time step     2335 of 3001 @ t_step =     2334 Time Avg = 2.601540E+00 Time/step= 2.583089E+00 ETA (HH:MM:SS) = 0:28:52
 [ 78%]  Time step     2336 of 3001 @ t_step =     2335 Time Avg = 2.601541E+00 Time/step= 2.602641E+00 ETA (HH:MM:SS) = 0:28:50
 [ 78%]  Time step     2337 of 3001 @ t_step =     2336 Time Avg = 2.601544E+00 Time/step= 2.608946E+00 ETA (HH:MM:SS) = 0:28:47
 [ 78%]  Time step     2338 of 3001 @ t_step =     2337 Time Avg = 2.601547E+00 Time/step= 2.607164E+00 ETA (HH:MM:SS) = 0:28:44
 [ 78%]  Time step     2339 of 3001 @ t_step =     2338 Time Avg = 2.601553E+00 Time/step= 2.616858E+00 ETA (HH:MM:SS) = 0:28:42
 [ 78%]  Time step     2340 of 3001 @ t_step =     2339 Time Avg = 2.601547E+00 Time/step= 2.588301E+00 ETA (HH:MM:SS) = 0:28:39
 [ 78%]  Time step     2341 of 3001 @ t_step =     2340 Time Avg = 2.601544E+00 Time/step= 2.593856E+00 ETA (HH:MM:SS) = 0:28:37
 [ 79%]  Time step     2342 of 3001 @ t_step =     2341 Time Avg = 2.601560E+00 Time/step= 2.637777E+00 ETA (HH:MM:SS) = 0:28:34
 [ 79%]  Time step     2343 of 3001 @ t_step =     2342 Time Avg = 2.601558E+00 Time/step= 2.597550E+00 ETA (HH:MM:SS) = 0:28:31
 [ 79%]  Time step     2344 of 3001 @ t_step =     2343 Time Avg = 2.601560E+00 Time/step= 2.605350E+00 ETA (HH:MM:SS) = 0:28:29
 [ 79%]  Time step     2345 of 3001 @ t_step =     2344 Time Avg = 2.601555E+00 Time/step= 2.591633E+00 ETA (HH:MM:SS) = 0:28:26
 [ 79%]  Time step     2346 of 3001 @ t_step =     2345 Time Avg = 2.601561E+00 Time/step= 2.616052E+00 ETA (HH:MM:SS) = 0:28:24
 [ 79%]  Time step     2347 of 3001 @ t_step =     2346 Time Avg = 2.601555E+00 Time/step= 2.585787E+00 ETA (HH:MM:SS) = 0:28:21
 [ 79%]  Time step     2348 of 3001 @ t_step =     2347 Time Avg = 2.601550E+00 Time/step= 2.590650E+00 ETA (HH:MM:SS) = 0:28:18
 [ 79%]  Time step     2349 of 3001 @ t_step =     2348 Time Avg = 2.601546E+00 Time/step= 2.591848E+00 ETA (HH:MM:SS) = 0:28:16
 [ 79%]  Time step     2350 of 3001 @ t_step =     2349 Time Avg = 2.601547E+00 Time/step= 2.604250E+00 ETA (HH:MM:SS) = 0:28:13
 [ 79%]  Time step     2351 of 3001 @ t_step =     2350 Time Avg = 2.601545E+00 Time/step= 2.596941E+00 ETA (HH:MM:SS) = 0:28:11
 [ 79%]  Time step     2352 of 3001 @ t_step =     2351 Time Avg = 2.601556E+00 Time/step= 2.626127E+00 ETA (HH:MM:SS) = 0:28:08
 [ 79%]  Time step     2353 of 3001 @ t_step =     2352 Time Avg = 2.601560E+00 Time/step= 2.611770E+00 ETA (HH:MM:SS) = 0:28:05
 [ 79%]  Time step     2354 of 3001 @ t_step =     2353 Time Avg = 2.601552E+00 Time/step= 2.583240E+00 ETA (HH:MM:SS) = 0:28:03
 [ 79%]  Time step     2355 of 3001 @ t_step =     2354 Time Avg = 2.601557E+00 Time/step= 2.612059E+00 ETA (HH:MM:SS) = 0:28:00
 [ 79%]  Time step     2356 of 3001 @ t_step =     2355 Time Avg = 2.601554E+00 Time/step= 2.596423E+00 ETA (HH:MM:SS) = 0:27:58
 [ 79%]  Time step     2357 of 3001 @ t_step =     2356 Time Avg = 2.601556E+00 Time/step= 2.604408E+00 ETA (HH:MM:SS) = 0:27:55
 [ 79%]  Time step     2358 of 3001 @ t_step =     2357 Time Avg = 2.601550E+00 Time/step= 2.589377E+00 ETA (HH:MM:SS) = 0:27:52
 [ 79%]  Time step     2359 of 3001 @ t_step =     2358 Time Avg = 2.601550E+00 Time/step= 2.600345E+00 ETA (HH:MM:SS) = 0:27:50
 [ 79%]  Time step     2360 of 3001 @ t_step =     2359 Time Avg = 2.601555E+00 Time/step= 2.613383E+00 ETA (HH:MM:SS) = 0:27:47
 [ 79%]  Time step     2361 of 3001 @ t_step =     2360 Time Avg = 2.601559E+00 Time/step= 2.611330E+00 ETA (HH:MM:SS) = 0:27:44
 [ 79%]  Time step     2362 of 3001 @ t_step =     2361 Time Avg = 2.601558E+00 Time/step= 2.598634E+00 ETA (HH:MM:SS) = 0:27:42
 [ 79%]  Time step     2363 of 3001 @ t_step =     2362 Time Avg = 2.601558E+00 Time/step= 2.601087E+00 ETA (HH:MM:SS) = 0:27:39
 [ 79%]  Time step     2364 of 3001 @ t_step =     2363 Time Avg = 2.601566E+00 Time/step= 2.621843E+00 ETA (HH:MM:SS) = 0:27:37
 [ 79%]  Time step     2365 of 3001 @ t_step =     2364 Time Avg = 2.601569E+00 Time/step= 2.608718E+00 ETA (HH:MM:SS) = 0:27:34
 [ 79%]  Time step     2366 of 3001 @ t_step =     2365 Time Avg = 2.601573E+00 Time/step= 2.609414E+00 ETA (HH:MM:SS) = 0:27:31
 [ 79%]  Time step     2367 of 3001 @ t_step =     2366 Time Avg = 2.601573E+00 Time/step= 2.603139E+00 ETA (HH:MM:SS) = 0:27:29
 [ 79%]  Time step     2368 of 3001 @ t_step =     2367 Time Avg = 2.601568E+00 Time/step= 2.588694E+00 ETA (HH:MM:SS) = 0:27:26
 [ 79%]  Time step     2369 of 3001 @ t_step =     2368 Time Avg = 2.601568E+00 Time/step= 2.601689E+00 ETA (HH:MM:SS) = 0:27:24
 [ 79%]  Time step     2370 of 3001 @ t_step =     2369 Time Avg = 2.601562E+00 Time/step= 2.586767E+00 ETA (HH:MM:SS) = 0:27:21
 [ 79%]  Time step     2371 of 3001 @ t_step =     2370 Time Avg = 2.601561E+00 Time/step= 2.600365E+00 ETA (HH:MM:SS) = 0:27:18
 [ 80%]  Time step     2372 of 3001 @ t_step =     2371 Time Avg = 2.601563E+00 Time/step= 2.604900E+00 ETA (HH:MM:SS) = 0:27:16
 [ 80%]  Time step     2373 of 3001 @ t_step =     2372 Time Avg = 2.601560E+00 Time/step= 2.596602E+00 ETA (HH:MM:SS) = 0:27:13
 [ 80%]  Time step     2374 of 3001 @ t_step =     2373 Time Avg = 2.601560E+00 Time/step= 2.599614E+00 ETA (HH:MM:SS) = 0:27:11
 [ 80%]  Time step     2375 of 3001 @ t_step =     2374 Time Avg = 2.601553E+00 Time/step= 2.584638E+00 ETA (HH:MM:SS) = 0:27:08
 [ 80%]  Time step     2376 of 3001 @ t_step =     2375 Time Avg = 2.601546E+00 Time/step= 2.585565E+00 ETA (HH:MM:SS) = 0:27:05
 [ 80%]  Time step     2377 of 3001 @ t_step =     2376 Time Avg = 2.601539E+00 Time/step= 2.586399E+00 ETA (HH:MM:SS) = 0:27:03
 [ 80%]  Time step     2378 of 3001 @ t_step =     2377 Time Avg = 2.601538E+00 Time/step= 2.597538E+00 ETA (HH:MM:SS) = 0:27:00
 [ 80%]  Time step     2379 of 3001 @ t_step =     2378 Time Avg = 2.601540E+00 Time/step= 2.607695E+00 ETA (HH:MM:SS) = 0:26:58
 [ 80%]  Time step     2380 of 3001 @ t_step =     2379 Time Avg = 2.601540E+00 Time/step= 2.601635E+00 ETA (HH:MM:SS) = 0:26:55
 [ 80%]  Time step     2381 of 3001 @ t_step =     2380 Time Avg = 2.601539E+00 Time/step= 2.598203E+00 ETA (HH:MM:SS) = 0:26:52
 [ 80%]  Time step     2382 of 3001 @ t_step =     2381 Time Avg = 2.601530E+00 Time/step= 2.581185E+00 ETA (HH:MM:SS) = 0:26:50
 [ 80%]  Time step     2383 of 3001 @ t_step =     2382 Time Avg = 2.601526E+00 Time/step= 2.589953E+00 ETA (HH:MM:SS) = 0:26:47
 [ 80%]  Time step     2384 of 3001 @ t_step =     2383 Time Avg = 2.601531E+00 Time/step= 2.614741E+00 ETA (HH:MM:SS) = 0:26:45
 [ 80%]  Time step     2385 of 3001 @ t_step =     2384 Time Avg = 2.601533E+00 Time/step= 2.606306E+00 ETA (HH:MM:SS) = 0:26:42
 [ 80%]  Time step     2386 of 3001 @ t_step =     2385 Time Avg = 2.601529E+00 Time/step= 2.592512E+00 ETA (HH:MM:SS) = 0:26:39
 [ 80%]  Time step     2387 of 3001 @ t_step =     2386 Time Avg = 2.601521E+00 Time/step= 2.581424E+00 ETA (HH:MM:SS) = 0:26:37
 [ 80%]  Time step     2388 of 3001 @ t_step =     2387 Time Avg = 2.601534E+00 Time/step= 2.633852E+00 ETA (HH:MM:SS) = 0:26:34
 [ 80%]  Time step     2389 of 3001 @ t_step =     2388 Time Avg = 2.601530E+00 Time/step= 2.591007E+00 ETA (HH:MM:SS) = 0:26:32
 [ 80%]  Time step     2390 of 3001 @ t_step =     2389 Time Avg = 2.601542E+00 Time/step= 2.630197E+00 ETA (HH:MM:SS) = 0:26:29
 [ 80%]  Time step     2391 of 3001 @ t_step =     2390 Time Avg = 2.601551E+00 Time/step= 2.624096E+00 ETA (HH:MM:SS) = 0:26:26
 [ 80%]  Time step     2392 of 3001 @ t_step =     2391 Time Avg = 2.601551E+00 Time/step= 2.600575E+00 ETA (HH:MM:SS) = 0:26:24
 [ 80%]  Time step     2393 of 3001 @ t_step =     2392 Time Avg = 2.601546E+00 Time/step= 2.589054E+00 ETA (HH:MM:SS) = 0:26:21
 [ 80%]  Time step     2394 of 3001 @ t_step =     2393 Time Avg = 2.601537E+00 Time/step= 2.581461E+00 ETA (HH:MM:SS) = 0:26:19
 [ 80%]  Time step     2395 of 3001 @ t_step =     2394 Time Avg = 2.601543E+00 Time/step= 2.615078E+00 ETA (HH:MM:SS) = 0:26:16
 [ 80%]  Time step     2396 of 3001 @ t_step =     2395 Time Avg = 2.601553E+00 Time/step= 2.626082E+00 ETA (HH:MM:SS) = 0:26:13
 [ 80%]  Time step     2397 of 3001 @ t_step =     2396 Time Avg = 2.601554E+00 Time/step= 2.602746E+00 ETA (HH:MM:SS) = 0:26:11
 [ 80%]  Time step     2398 of 3001 @ t_step =     2397 Time Avg = 2.601548E+00 Time/step= 2.587023E+00 ETA (HH:MM:SS) = 0:26:08
 [ 80%]  Time step     2399 of 3001 @ t_step =     2398 Time Avg = 2.601552E+00 Time/step= 2.611852E+00 ETA (HH:MM:SS) = 0:26:06
 [ 80%]  Time step     2400 of 3001 @ t_step =     2399 Time Avg = 2.601553E+00 Time/step= 2.604435E+00 ETA (HH:MM:SS) = 0:26:03
 [ 80%]  Time step     2401 of 3001 @ t_step =     2400 Time Avg = 2.601561E+00 Time/step= 2.620506E+00 ETA (HH:MM:SS) = 0:26:00
 [ 81%]  Time step     2402 of 3001 @ t_step =     2401 Time Avg = 2.601579E+00 Time/step= 2.644300E+00 ETA (HH:MM:SS) = 0:25:58
 [ 81%]  Time step     2403 of 3001 @ t_step =     2402 Time Avg = 2.601589E+00 Time/step= 2.625347E+00 ETA (HH:MM:SS) = 0:25:55
 [ 81%]  Time step     2404 of 3001 @ t_step =     2403 Time Avg = 2.601585E+00 Time/step= 2.591497E+00 ETA (HH:MM:SS) = 0:25:53
 [ 81%]  Time step     2405 of 3001 @ t_step =     2404 Time Avg = 2.601569E+00 Time/step= 2.563996E+00 ETA (HH:MM:SS) = 0:25:50
 [ 81%]  Time step     2406 of 3001 @ t_step =     2405 Time Avg = 2.601571E+00 Time/step= 2.607341E+00 ETA (HH:MM:SS) = 0:25:47
 [ 81%]  Time step     2407 of 3001 @ t_step =     2406 Time Avg = 2.601564E+00 Time/step= 2.583309E+00 ETA (HH:MM:SS) = 0:25:45
 [ 81%]  Time step     2408 of 3001 @ t_step =     2407 Time Avg = 2.601555E+00 Time/step= 2.579993E+00 ETA (HH:MM:SS) = 0:25:42
 [ 81%]  Time step     2409 of 3001 @ t_step =     2408 Time Avg = 2.601555E+00 Time/step= 2.602141E+00 ETA (HH:MM:SS) = 0:25:40
 [ 81%]  Time step     2410 of 3001 @ t_step =     2409 Time Avg = 2.601541E+00 Time/step= 2.567539E+00 ETA (HH:MM:SS) = 0:25:37
 [ 81%]  Time step     2411 of 3001 @ t_step =     2410 Time Avg = 2.601533E+00 Time/step= 2.582448E+00 ETA (HH:MM:SS) = 0:25:34
 [ 81%]  Time step     2412 of 3001 @ t_step =     2411 Time Avg = 2.601530E+00 Time/step= 2.594878E+00 ETA (HH:MM:SS) = 0:25:32
 [ 81%]  Time step     2413 of 3001 @ t_step =     2412 Time Avg = 2.601533E+00 Time/step= 2.607293E+00 ETA (HH:MM:SS) = 0:25:29
 [ 81%]  Time step     2414 of 3001 @ t_step =     2413 Time Avg = 2.601541E+00 Time/step= 2.620647E+00 ETA (HH:MM:SS) = 0:25:27
 [ 81%]  Time step     2415 of 3001 @ t_step =     2414 Time Avg = 2.601552E+00 Time/step= 2.629190E+00 ETA (HH:MM:SS) = 0:25:24
 [ 81%]  Time step     2416 of 3001 @ t_step =     2415 Time Avg = 2.601556E+00 Time/step= 2.610023E+00 ETA (HH:MM:SS) = 0:25:21
 [ 81%]  Time step     2417 of 3001 @ t_step =     2416 Time Avg = 2.601548E+00 Time/step= 2.582524E+00 ETA (HH:MM:SS) = 0:25:19
 [ 81%]  Time step     2418 of 3001 @ t_step =     2417 Time Avg = 2.601542E+00 Time/step= 2.588727E+00 ETA (HH:MM:SS) = 0:25:16
 [ 81%]  Time step     2419 of 3001 @ t_step =     2418 Time Avg = 2.601530E+00 Time/step= 2.572152E+00 ETA (HH:MM:SS) = 0:25:14
 [ 81%]  Time step     2420 of 3001 @ t_step =     2419 Time Avg = 2.601534E+00 Time/step= 2.611522E+00 ETA (HH:MM:SS) = 0:25:11
 [ 81%]  Time step     2421 of 3001 @ t_step =     2420 Time Avg = 2.601525E+00 Time/step= 2.577983E+00 ETA (HH:MM:SS) = 0:25:08
 [ 81%]  Time step     2422 of 3001 @ t_step =     2421 Time Avg = 2.601531E+00 Time/step= 2.616526E+00 ETA (HH:MM:SS) = 0:25:06
 [ 81%]  Time step     2423 of 3001 @ t_step =     2422 Time Avg = 2.601541E+00 Time/step= 2.625054E+00 ETA (HH:MM:SS) = 0:25:03
 [ 81%]  Time step     2424 of 3001 @ t_step =     2423 Time Avg = 2.601550E+00 Time/step= 2.624651E+00 ETA (HH:MM:SS) = 0:25:01
 [ 81%]  Time step     2425 of 3001 @ t_step =     2424 Time Avg = 2.601551E+00 Time/step= 2.603591E+00 ETA (HH:MM:SS) = 0:24:58
 [ 81%]  Time step     2426 of 3001 @ t_step =     2425 Time Avg = 2.601557E+00 Time/step= 2.615498E+00 ETA (HH:MM:SS) = 0:24:55
 [ 81%]  Time step     2427 of 3001 @ t_step =     2426 Time Avg = 2.601561E+00 Time/step= 2.612530E+00 ETA (HH:MM:SS) = 0:24:53
 [ 81%]  Time step     2428 of 3001 @ t_step =     2427 Time Avg = 2.601544E+00 Time/step= 2.559910E+00 ETA (HH:MM:SS) = 0:24:50
 [ 81%]  Time step     2429 of 3001 @ t_step =     2428 Time Avg = 2.601550E+00 Time/step= 2.617021E+00 ETA (HH:MM:SS) = 0:24:48
 [ 81%]  Time step     2430 of 3001 @ t_step =     2429 Time Avg = 2.601547E+00 Time/step= 2.593108E+00 ETA (HH:MM:SS) = 0:24:45
 [ 81%]  Time step     2431 of 3001 @ t_step =     2430 Time Avg = 2.601537E+00 Time/step= 2.576803E+00 ETA (HH:MM:SS) = 0:24:42
 [ 82%]  Time step     2432 of 3001 @ t_step =     2431 Time Avg = 2.601543E+00 Time/step= 2.617254E+00 ETA (HH:MM:SS) = 0:24:40
 [ 82%]  Time step     2433 of 3001 @ t_step =     2432 Time Avg = 2.601542E+00 Time/step= 2.598779E+00 ETA (HH:MM:SS) = 0:24:37
 [ 82%]  Time step     2434 of 3001 @ t_step =     2433 Time Avg = 2.601531E+00 Time/step= 2.573463E+00 ETA (HH:MM:SS) = 0:24:35
 [ 82%]  Time step     2435 of 3001 @ t_step =     2434 Time Avg = 2.601528E+00 Time/step= 2.594814E+00 ETA (HH:MM:SS) = 0:24:32
 [ 82%]  Time step     2436 of 3001 @ t_step =     2435 Time Avg = 2.601518E+00 Time/step= 2.578815E+00 ETA (HH:MM:SS) = 0:24:29
 [ 82%]  Time step     2437 of 3001 @ t_step =     2436 Time Avg = 2.601526E+00 Time/step= 2.619997E+00 ETA (HH:MM:SS) = 0:24:27
 [ 82%]  Time step     2438 of 3001 @ t_step =     2437 Time Avg = 2.601535E+00 Time/step= 2.623845E+00 ETA (HH:MM:SS) = 0:24:24
 [ 82%]  Time step     2439 of 3001 @ t_step =     2438 Time Avg = 2.601540E+00 Time/step= 2.612302E+00 ETA (HH:MM:SS) = 0:24:22
 [ 82%]  Time step     2440 of 3001 @ t_step =     2439 Time Avg = 2.601543E+00 Time/step= 2.610648E+00 ETA (HH:MM:SS) = 0:24:19
 [ 82%]  Time step     2441 of 3001 @ t_step =     2440 Time Avg = 2.601547E+00 Time/step= 2.611107E+00 ETA (HH:MM:SS) = 0:24:16
 [ 82%]  Time step     2442 of 3001 @ t_step =     2441 Time Avg = 2.601549E+00 Time/step= 2.605499E+00 ETA (HH:MM:SS) = 0:24:14
 [ 82%]  Time step     2443 of 3001 @ t_step =     2442 Time Avg = 2.601549E+00 Time/step= 2.601435E+00 ETA (HH:MM:SS) = 0:24:11
 [ 82%]  Time step     2444 of 3001 @ t_step =     2443 Time Avg = 2.601541E+00 Time/step= 2.582445E+00 ETA (HH:MM:SS) = 0:24:09
 [ 82%]  Time step     2445 of 3001 @ t_step =     2444 Time Avg = 2.601549E+00 Time/step= 2.621984E+00 ETA (HH:MM:SS) = 0:24:06
 [ 82%]  Time step     2446 of 3001 @ t_step =     2445 Time Avg = 2.601547E+00 Time/step= 2.594634E+00 ETA (HH:MM:SS) = 0:24:03
 [ 82%]  Time step     2447 of 3001 @ t_step =     2446 Time Avg = 2.601545E+00 Time/step= 2.598511E+00 ETA (HH:MM:SS) = 0:24:01
 [ 82%]  Time step     2448 of 3001 @ t_step =     2447 Time Avg = 2.601540E+00 Time/step= 2.588193E+00 ETA (HH:MM:SS) = 0:23:58
 [ 82%]  Time step     2449 of 3001 @ t_step =     2448 Time Avg = 2.601535E+00 Time/step= 2.589155E+00 ETA (HH:MM:SS) = 0:23:56
 [ 82%]  Time step     2450 of 3001 @ t_step =     2449 Time Avg = 2.601528E+00 Time/step= 2.584924E+00 ETA (HH:MM:SS) = 0:23:53
 [ 82%]  Time step     2451 of 3001 @ t_step =     2450 Time Avg = 2.601525E+00 Time/step= 2.594345E+00 ETA (HH:MM:SS) = 0:23:50
 [ 82%]  Time step     2452 of 3001 @ t_step =     2451 Time Avg = 2.601535E+00 Time/step= 2.624907E+00 ETA (HH:MM:SS) = 0:23:48
 [ 82%]  Time step     2453 of 3001 @ t_step =     2452 Time Avg = 2.601533E+00 Time/step= 2.598654E+00 ETA (HH:MM:SS) = 0:23:45
 [ 82%]  Time step     2454 of 3001 @ t_step =     2453 Time Avg = 2.601525E+00 Time/step= 2.580585E+00 ETA (HH:MM:SS) = 0:23:43
 [ 82%]  Time step     2455 of 3001 @ t_step =     2454 Time Avg = 2.601512E+00 Time/step= 2.569041E+00 ETA (HH:MM:SS) = 0:23:40
 [ 82%]  Time step     2456 of 3001 @ t_step =     2455 Time Avg = 2.601520E+00 Time/step= 2.620854E+00 ETA (HH:MM:SS) = 0:23:37
 [ 82%]  Time step     2457 of 3001 @ t_step =     2456 Time Avg = 2.601520E+00 Time/step= 2.603158E+00 ETA (HH:MM:SS) = 0:23:35
 [ 82%]  Time step     2458 of 3001 @ t_step =     2457 Time Avg = 2.601529E+00 Time/step= 2.622724E+00 ETA (HH:MM:SS) = 0:23:32
 [ 82%]  Time step     2459 of 3001 @ t_step =     2458 Time Avg = 2.601520E+00 Time/step= 2.580742E+00 ETA (HH:MM:SS) = 0:23:30
 [ 82%]  Time step     2460 of 3001 @ t_step =     2459 Time Avg = 2.601520E+00 Time/step= 2.600626E+00 ETA (HH:MM:SS) = 0:23:27
 [ 82%]  Time step     2461 of 3001 @ t_step =     2460 Time Avg = 2.601519E+00 Time/step= 2.598897E+00 ETA (HH:MM:SS) = 0:23:24
 [ 83%]  Time step     2462 of 3001 @ t_step =     2461 Time Avg = 2.601516E+00 Time/step= 2.593614E+00 ETA (HH:MM:SS) = 0:23:22
 [ 83%]  Time step     2463 of 3001 @ t_step =     2462 Time Avg = 2.601521E+00 Time/step= 2.614195E+00 ETA (HH:MM:SS) = 0:23:19
 [ 83%]  Time step     2464 of 3001 @ t_step =     2463 Time Avg = 2.601519E+00 Time/step= 2.597834E+00 ETA (HH:MM:SS) = 0:23:17
 [ 83%]  Time step     2465 of 3001 @ t_step =     2464 Time Avg = 2.601515E+00 Time/step= 2.590094E+00 ETA (HH:MM:SS) = 0:23:14
 [ 83%]  Time step     2466 of 3001 @ t_step =     2465 Time Avg = 2.601512E+00 Time/step= 2.595756E+00 ETA (HH:MM:SS) = 0:23:11
 [ 83%]  Time step     2467 of 3001 @ t_step =     2466 Time Avg = 2.601515E+00 Time/step= 2.608565E+00 ETA (HH:MM:SS) = 0:23:09
 [ 83%]  Time step     2468 of 3001 @ t_step =     2467 Time Avg = 2.601516E+00 Time/step= 2.603673E+00 ETA (HH:MM:SS) = 0:23:06
 [ 83%]  Time step     2469 of 3001 @ t_step =     2468 Time Avg = 2.601512E+00 Time/step= 2.590846E+00 ETA (HH:MM:SS) = 0:23:04
 [ 83%]  Time step     2470 of 3001 @ t_step =     2469 Time Avg = 2.601504E+00 Time/step= 2.582230E+00 ETA (HH:MM:SS) = 0:23:01
 [ 83%]  Time step     2471 of 3001 @ t_step =     2470 Time Avg = 2.601500E+00 Time/step= 2.591410E+00 ETA (HH:MM:SS) = 0:22:58
 [ 83%]  Time step     2472 of 3001 @ t_step =     2471 Time Avg = 2.601500E+00 Time/step= 2.602855E+00 ETA (HH:MM:SS) = 0:22:56
 [ 83%]  Time step     2473 of 3001 @ t_step =     2472 Time Avg = 2.601483E+00 Time/step= 2.559033E+00 ETA (HH:MM:SS) = 0:22:53
 [ 83%]  Time step     2474 of 3001 @ t_step =     2473 Time Avg = 2.601486E+00 Time/step= 2.608019E+00 ETA (HH:MM:SS) = 0:22:50
 [ 83%]  Time step     2475 of 3001 @ t_step =     2474 Time Avg = 2.601478E+00 Time/step= 2.581979E+00 ETA (HH:MM:SS) = 0:22:48
 [ 83%]  Time step     2476 of 3001 @ t_step =     2475 Time Avg = 2.601482E+00 Time/step= 2.611315E+00 ETA (HH:MM:SS) = 0:22:45
 [ 83%]  Time step     2477 of 3001 @ t_step =     2476 Time Avg = 2.601484E+00 Time/step= 2.605883E+00 ETA (HH:MM:SS) = 0:22:43
 [ 83%]  Time step     2478 of 3001 @ t_step =     2477 Time Avg = 2.601473E+00 Time/step= 2.575332E+00 ETA (HH:MM:SS) = 0:22:40
 [ 83%]  Time step     2479 of 3001 @ t_step =     2478 Time Avg = 2.601471E+00 Time/step= 2.597169E+00 ETA (HH:MM:SS) = 0:22:37
 [ 83%]  Time step     2480 of 3001 @ t_step =     2479 Time Avg = 2.601473E+00 Time/step= 2.605921E+00 ETA (HH:MM:SS) = 0:22:35
 [ 83%]  Time step     2481 of 3001 @ t_step =     2480 Time Avg = 2.601474E+00 Time/step= 2.602451E+00 ETA (HH:MM:SS) = 0:22:32
 [ 83%]  Time step     2482 of 3001 @ t_step =     2481 Time Avg = 2.601471E+00 Time/step= 2.594130E+00 ETA (HH:MM:SS) = 0:22:30
 [ 83%]  Time step     2483 of 3001 @ t_step =     2482 Time Avg = 2.601474E+00 Time/step= 2.609782E+00 ETA (HH:MM:SS) = 0:22:27
 [ 83%]  Time step     2484 of 3001 @ t_step =     2483 Time Avg = 2.601474E+00 Time/step= 2.602053E+00 ETA (HH:MM:SS) = 0:22:24
 [ 83%]  Time step     2485 of 3001 @ t_step =     2484 Time Avg = 2.601476E+00 Time/step= 2.605242E+00 ETA (HH:MM:SS) = 0:22:22
 [ 83%]  Time step     2486 of 3001 @ t_step =     2485 Time Avg = 2.601467E+00 Time/step= 2.579218E+00 ETA (HH:MM:SS) = 0:22:19
 [ 83%]  Time step     2487 of 3001 @ t_step =     2486 Time Avg = 2.601467E+00 Time/step= 2.601429E+00 ETA (HH:MM:SS) = 0:22:17
 [ 83%]  Time step     2488 of 3001 @ t_step =     2487 Time Avg = 2.601471E+00 Time/step= 2.612374E+00 ETA (HH:MM:SS) = 0:22:14
 [ 83%]  Time step     2489 of 3001 @ t_step =     2488 Time Avg = 2.601466E+00 Time/step= 2.587491E+00 ETA (HH:MM:SS) = 0:22:11
 [ 83%]  Time step     2490 of 3001 @ t_step =     2489 Time Avg = 2.601463E+00 Time/step= 2.594146E+00 ETA (HH:MM:SS) = 0:22:09
 [ 83%]  Time step     2491 of 3001 @ t_step =     2490 Time Avg = 2.601464E+00 Time/step= 2.605064E+00 ETA (HH:MM:SS) = 0:22:06
 [ 84%]  Time step     2492 of 3001 @ t_step =     2491 Time Avg = 2.601465E+00 Time/step= 2.604915E+00 ETA (HH:MM:SS) = 0:22:04
 [ 84%]  Time step     2493 of 3001 @ t_step =     2492 Time Avg = 2.601455E+00 Time/step= 2.576083E+00 ETA (HH:MM:SS) = 0:22:01
 [ 84%]  Time step     2494 of 3001 @ t_step =     2493 Time Avg = 2.601455E+00 Time/step= 2.600776E+00 ETA (HH:MM:SS) = 0:21:58
 [ 84%]  Time step     2495 of 3001 @ t_step =     2494 Time Avg = 2.601453E+00 Time/step= 2.596104E+00 ETA (HH:MM:SS) = 0:21:56
 [ 84%]  Time step     2496 of 3001 @ t_step =     2495 Time Avg = 2.601446E+00 Time/step= 2.584957E+00 ETA (HH:MM:SS) = 0:21:53
 [ 84%]  Time step     2497 of 3001 @ t_step =     2496 Time Avg = 2.601433E+00 Time/step= 2.567274E+00 ETA (HH:MM:SS) = 0:21:51
 [ 84%]  Time step     2498 of 3001 @ t_step =     2497 Time Avg = 2.601439E+00 Time/step= 2.617349E+00 ETA (HH:MM:SS) = 0:21:48
 [ 84%]  Time step     2499 of 3001 @ t_step =     2498 Time Avg = 2.601437E+00 Time/step= 2.596663E+00 ETA (HH:MM:SS) = 0:21:45
 [ 84%]  Time step     2500 of 3001 @ t_step =     2499 Time Avg = 2.601431E+00 Time/step= 2.585989E+00 ETA (HH:MM:SS) = 0:21:43
 [ 84%]  Time step     2501 of 3001 @ t_step =     2500 Time Avg = 2.601437E+00 Time/step= 2.617631E+00 ETA (HH:MM:SS) = 0:21:40
 [ 84%]  Time step     2502 of 3001 @ t_step =     2501 Time Avg = 2.601455E+00 Time/step= 2.645141E+00 ETA (HH:MM:SS) = 0:21:38
 [ 84%]  Time step     2503 of 3001 @ t_step =     2502 Time Avg = 2.601469E+00 Time/step= 2.637244E+00 ETA (HH:MM:SS) = 0:21:35
 [ 84%]  Time step     2504 of 3001 @ t_step =     2503 Time Avg = 2.601473E+00 Time/step= 2.611985E+00 ETA (HH:MM:SS) = 0:21:32
 [ 84%]  Time step     2505 of 3001 @ t_step =     2504 Time Avg = 2.601480E+00 Time/step= 2.618108E+00 ETA (HH:MM:SS) = 0:21:30
 [ 84%]  Time step     2506 of 3001 @ t_step =     2505 Time Avg = 2.601484E+00 Time/step= 2.611097E+00 ETA (HH:MM:SS) = 0:21:27
 [ 84%]  Time step     2507 of 3001 @ t_step =     2506 Time Avg = 2.601483E+00 Time/step= 2.599699E+00 ETA (HH:MM:SS) = 0:21:25
 [ 84%]  Time step     2508 of 3001 @ t_step =     2507 Time Avg = 2.601475E+00 Time/step= 2.581044E+00 ETA (HH:MM:SS) = 0:21:22
 [ 84%]  Time step     2509 of 3001 @ t_step =     2508 Time Avg = 2.601479E+00 Time/step= 2.612184E+00 ETA (HH:MM:SS) = 0:21:19
 [ 84%]  Time step     2510 of 3001 @ t_step =     2509 Time Avg = 2.601478E+00 Time/step= 2.599668E+00 ETA (HH:MM:SS) = 0:21:17
 [ 84%]  Time step     2511 of 3001 @ t_step =     2510 Time Avg = 2.601486E+00 Time/step= 2.621403E+00 ETA (HH:MM:SS) = 0:21:14
 [ 84%]  Time step     2512 of 3001 @ t_step =     2511 Time Avg = 2.601493E+00 Time/step= 2.617123E+00 ETA (HH:MM:SS) = 0:21:12
 [ 84%]  Time step     2513 of 3001 @ t_step =     2512 Time Avg = 2.601485E+00 Time/step= 2.581161E+00 ETA (HH:MM:SS) = 0:21:09
 [ 84%]  Time step     2514 of 3001 @ t_step =     2513 Time Avg = 2.601476E+00 Time/step= 2.581086E+00 ETA (HH:MM:SS) = 0:21:06
 [ 84%]  Time step     2515 of 3001 @ t_step =     2514 Time Avg = 2.601485E+00 Time/step= 2.622032E+00 ETA (HH:MM:SS) = 0:21:04
 [ 84%]  Time step     2516 of 3001 @ t_step =     2515 Time Avg = 2.601481E+00 Time/step= 2.591269E+00 ETA (HH:MM:SS) = 0:21:01
 [ 84%]  Time step     2517 of 3001 @ t_step =     2516 Time Avg = 2.601478E+00 Time/step= 2.594126E+00 ETA (HH:MM:SS) = 0:20:59
 [ 84%]  Time step     2518 of 3001 @ t_step =     2517 Time Avg = 2.601480E+00 Time/step= 2.606365E+00 ETA (HH:MM:SS) = 0:20:56
 [ 84%]  Time step     2519 of 3001 @ t_step =     2518 Time Avg = 2.601481E+00 Time/step= 2.604824E+00 ETA (HH:MM:SS) = 0:20:53
 [ 84%]  Time step     2520 of 3001 @ t_step =     2519 Time Avg = 2.601487E+00 Time/step= 2.617929E+00 ETA (HH:MM:SS) = 0:20:51
 [ 84%]  Time step     2521 of 3001 @ t_step =     2520 Time Avg = 2.601498E+00 Time/step= 2.628907E+00 ETA (HH:MM:SS) = 0:20:48
 [ 85%]  Time step     2522 of 3001 @ t_step =     2521 Time Avg = 2.601523E+00 Time/step= 2.663769E+00 ETA (HH:MM:SS) = 0:20:46
 [ 85%]  Time step     2523 of 3001 @ t_step =     2522 Time Avg = 2.601520E+00 Time/step= 2.593041E+00 ETA (HH:MM:SS) = 0:20:43
 [ 85%]  Time step     2524 of 3001 @ t_step =     2523 Time Avg = 2.601515E+00 Time/step= 2.589893E+00 ETA (HH:MM:SS) = 0:20:40
 [ 85%]  Time step     2525 of 3001 @ t_step =     2524 Time Avg = 2.601512E+00 Time/step= 2.595022E+00 ETA (HH:MM:SS) = 0:20:38
 [ 85%]  Time step     2526 of 3001 @ t_step =     2525 Time Avg = 2.601505E+00 Time/step= 2.582300E+00 ETA (HH:MM:SS) = 0:20:35
 [ 85%]  Time step     2527 of 3001 @ t_step =     2526 Time Avg = 2.601499E+00 Time/step= 2.585515E+00 ETA (HH:MM:SS) = 0:20:33
 [ 85%]  Time step     2528 of 3001 @ t_step =     2527 Time Avg = 2.601497E+00 Time/step= 2.598836E+00 ETA (HH:MM:SS) = 0:20:30
 [ 85%]  Time step     2529 of 3001 @ t_step =     2528 Time Avg = 2.601498E+00 Time/step= 2.602707E+00 ETA (HH:MM:SS) = 0:20:27
 [ 85%]  Time step     2530 of 3001 @ t_step =     2529 Time Avg = 2.601502E+00 Time/step= 2.610786E+00 ETA (HH:MM:SS) = 0:20:25
 [ 85%]  Time step     2531 of 3001 @ t_step =     2530 Time Avg = 2.601489E+00 Time/step= 2.569561E+00 ETA (HH:MM:SS) = 0:20:22
 [ 85%]  Time step     2532 of 3001 @ t_step =     2531 Time Avg = 2.601499E+00 Time/step= 2.627542E+00 ETA (HH:MM:SS) = 0:20:20
 [ 85%]  Time step     2533 of 3001 @ t_step =     2532 Time Avg = 2.601502E+00 Time/step= 2.607468E+00 ETA (HH:MM:SS) = 0:20:17
 [ 85%]  Time step     2534 of 3001 @ t_step =     2533 Time Avg = 2.601494E+00 Time/step= 2.582858E+00 ETA (HH:MM:SS) = 0:20:14
 [ 85%]  Time step     2535 of 3001 @ t_step =     2534 Time Avg = 2.601491E+00 Time/step= 2.593607E+00 ETA (HH:MM:SS) = 0:20:12
 [ 85%]  Time step     2536 of 3001 @ t_step =     2535 Time Avg = 2.601488E+00 Time/step= 2.594475E+00 ETA (HH:MM:SS) = 0:20:09
 [ 85%]  Time step     2537 of 3001 @ t_step =     2536 Time Avg = 2.601491E+00 Time/step= 2.607738E+00 ETA (HH:MM:SS) = 0:20:07
 [ 85%]  Time step     2538 of 3001 @ t_step =     2537 Time Avg = 2.601483E+00 Time/step= 2.580581E+00 ETA (HH:MM:SS) = 0:20:04
 [ 85%]  Time step     2539 of 3001 @ t_step =     2538 Time Avg = 2.601488E+00 Time/step= 2.614084E+00 ETA (HH:MM:SS) = 0:20:01
 [ 85%]  Time step     2540 of 3001 @ t_step =     2539 Time Avg = 2.601481E+00 Time/step= 2.585814E+00 ETA (HH:MM:SS) = 0:19:59
 [ 85%]  Time step     2541 of 3001 @ t_step =     2540 Time Avg = 2.601476E+00 Time/step= 2.587959E+00 ETA (HH:MM:SS) = 0:19:56
 [ 85%]  Time step     2542 of 3001 @ t_step =     2541 Time Avg = 2.601474E+00 Time/step= 2.595558E+00 ETA (HH:MM:SS) = 0:19:54
 [ 85%]  Time step     2543 of 3001 @ t_step =     2542 Time Avg = 2.601474E+00 Time/step= 2.601893E+00 ETA (HH:MM:SS) = 0:19:51
 [ 85%]  Time step     2544 of 3001 @ t_step =     2543 Time Avg = 2.601459E+00 Time/step= 2.563788E+00 ETA (HH:MM:SS) = 0:19:48
 [ 85%]  Time step     2545 of 3001 @ t_step =     2544 Time Avg = 2.601454E+00 Time/step= 2.589179E+00 ETA (HH:MM:SS) = 0:19:46
 [ 85%]  Time step     2546 of 3001 @ t_step =     2545 Time Avg = 2.601454E+00 Time/step= 2.599984E+00 ETA (HH:MM:SS) = 0:19:43
 [ 85%]  Time step     2547 of 3001 @ t_step =     2546 Time Avg = 2.601464E+00 Time/step= 2.627023E+00 ETA (HH:MM:SS) = 0:19:41
 [ 85%]  Time step     2548 of 3001 @ t_step =     2547 Time Avg = 2.601465E+00 Time/step= 2.604782E+00 ETA (HH:MM:SS) = 0:19:38
 [ 85%]  Time step     2549 of 3001 @ t_step =     2548 Time Avg = 2.601464E+00 Time/step= 2.599742E+00 ETA (HH:MM:SS) = 0:19:35
 [ 85%]  Time step     2550 of 3001 @ t_step =     2549 Time Avg = 2.601470E+00 Time/step= 2.615805E+00 ETA (HH:MM:SS) = 0:19:33
 [ 85%]  Time step     2551 of 3001 @ t_step =     2550 Time Avg = 2.601467E+00 Time/step= 2.594871E+00 ETA (HH:MM:SS) = 0:19:30
 [ 86%]  Time step     2552 of 3001 @ t_step =     2551 Time Avg = 2.601479E+00 Time/step= 2.630001E+00 ETA (HH:MM:SS) = 0:19:28
 [ 86%]  Time step     2553 of 3001 @ t_step =     2552 Time Avg = 2.601486E+00 Time/step= 2.621135E+00 ETA (HH:MM:SS) = 0:19:25
 [ 86%]  Time step     2554 of 3001 @ t_step =     2553 Time Avg = 2.601497E+00 Time/step= 2.629660E+00 ETA (HH:MM:SS) = 0:19:22
 [ 86%]  Time step     2555 of 3001 @ t_step =     2554 Time Avg = 2.601498E+00 Time/step= 2.602146E+00 ETA (HH:MM:SS) = 0:19:20
 [ 86%]  Time step     2556 of 3001 @ t_step =     2555 Time Avg = 2.601501E+00 Time/step= 2.609067E+00 ETA (HH:MM:SS) = 0:19:17
 [ 86%]  Time step     2557 of 3001 @ t_step =     2556 Time Avg = 2.601497E+00 Time/step= 2.591242E+00 ETA (HH:MM:SS) = 0:19:15
 [ 86%]  Time step     2558 of 3001 @ t_step =     2557 Time Avg = 2.601504E+00 Time/step= 2.619234E+00 ETA (HH:MM:SS) = 0:19:12
 [ 86%]  Time step     2559 of 3001 @ t_step =     2558 Time Avg = 2.601525E+00 Time/step= 2.657267E+00 ETA (HH:MM:SS) = 0:19:09
 [ 86%]  Time step     2560 of 3001 @ t_step =     2559 Time Avg = 2.601519E+00 Time/step= 2.585741E+00 ETA (HH:MM:SS) = 0:19:07
 [ 86%]  Time step     2561 of 3001 @ t_step =     2560 Time Avg = 2.601511E+00 Time/step= 2.581192E+00 ETA (HH:MM:SS) = 0:19:04
 [ 86%]  Time step     2562 of 3001 @ t_step =     2561 Time Avg = 2.601517E+00 Time/step= 2.615931E+00 ETA (HH:MM:SS) = 0:19:02
 [ 86%]  Time step     2563 of 3001 @ t_step =     2562 Time Avg = 2.601515E+00 Time/step= 2.597322E+00 ETA (HH:MM:SS) = 0:18:59
 [ 86%]  Time step     2564 of 3001 @ t_step =     2563 Time Avg = 2.601509E+00 Time/step= 2.586141E+00 ETA (HH:MM:SS) = 0:18:56
 [ 86%]  Time step     2565 of 3001 @ t_step =     2564 Time Avg = 2.601504E+00 Time/step= 2.588903E+00 ETA (HH:MM:SS) = 0:18:54
 [ 86%]  Time step     2566 of 3001 @ t_step =     2565 Time Avg = 2.601499E+00 Time/step= 2.588122E+00 ETA (HH:MM:SS) = 0:18:51
 [ 86%]  Time step     2567 of 3001 @ t_step =     2566 Time Avg = 2.601478E+00 Time/step= 2.548237E+00 ETA (HH:MM:SS) = 0:18:49
 [ 86%]  Time step     2568 of 3001 @ t_step =     2567 Time Avg = 2.601487E+00 Time/step= 2.624528E+00 ETA (HH:MM:SS) = 0:18:46
 [ 86%]  Time step     2569 of 3001 @ t_step =     2568 Time Avg = 2.601476E+00 Time/step= 2.571604E+00 ETA (HH:MM:SS) = 0:18:43
 [ 86%]  Time step     2570 of 3001 @ t_step =     2569 Time Avg = 2.601475E+00 Time/step= 2.599501E+00 ETA (HH:MM:SS) = 0:18:41
 [ 86%]  Time step     2571 of 3001 @ t_step =     2570 Time Avg = 2.601481E+00 Time/step= 2.616203E+00 ETA (HH:MM:SS) = 0:18:38
 [ 86%]  Time step     2572 of 3001 @ t_step =     2571 Time Avg = 2.601479E+00 Time/step= 2.598551E+00 ETA (HH:MM:SS) = 0:18:36
 [ 86%]  Time step     2573 of 3001 @ t_step =     2572 Time Avg = 2.601481E+00 Time/step= 2.605907E+00 ETA (HH:MM:SS) = 0:18:33
 [ 86%]  Time step     2574 of 3001 @ t_step =     2573 Time Avg = 2.601475E+00 Time/step= 2.584598E+00 ETA (HH:MM:SS) = 0:18:30
 [ 86%]  Time step     2575 of 3001 @ t_step =     2574 Time Avg = 2.601475E+00 Time/step= 2.602353E+00 ETA (HH:MM:SS) = 0:18:28
 [ 86%]  Time step     2576 of 3001 @ t_step =     2575 Time Avg = 2.601471E+00 Time/step= 2.591079E+00 ETA (HH:MM:SS) = 0:18:25
 [ 86%]  Time step     2577 of 3001 @ t_step =     2576 Time Avg = 2.601478E+00 Time/step= 2.620151E+00 ETA (HH:MM:SS) = 0:18:23
 [ 86%]  Time step     2578 of 3001 @ t_step =     2577 Time Avg = 2.601463E+00 Time/step= 2.563382E+00 ETA (HH:MM:SS) = 0:18:20
 [ 86%]  Time step     2579 of 3001 @ t_step =     2578 Time Avg = 2.601468E+00 Time/step= 2.612731E+00 ETA (HH:MM:SS) = 0:18:17
 [ 86%]  Time step     2580 of 3001 @ t_step =     2579 Time Avg = 2.601465E+00 Time/step= 2.593137E+00 ETA (HH:MM:SS) = 0:18:15
 [ 86%]  Time step     2581 of 3001 @ t_step =     2580 Time Avg = 2.601469E+00 Time/step= 2.612384E+00 ETA (HH:MM:SS) = 0:18:12
 [ 87%]  Time step     2582 of 3001 @ t_step =     2581 Time Avg = 2.601477E+00 Time/step= 2.622776E+00 ETA (HH:MM:SS) = 0:18:10
 [ 87%]  Time step     2583 of 3001 @ t_step =     2582 Time Avg = 2.601473E+00 Time/step= 2.592136E+00 ETA (HH:MM:SS) = 0:18:07
 [ 87%]  Time step     2584 of 3001 @ t_step =     2583 Time Avg = 2.601485E+00 Time/step= 2.632282E+00 ETA (HH:MM:SS) = 0:18:04
 [ 87%]  Time step     2585 of 3001 @ t_step =     2584 Time Avg = 2.601482E+00 Time/step= 2.593107E+00 ETA (HH:MM:SS) = 0:18:02
 [ 87%]  Time step     2586 of 3001 @ t_step =     2585 Time Avg = 2.601482E+00 Time/step= 2.600811E+00 ETA (HH:MM:SS) = 0:17:59
 [ 87%]  Time step     2587 of 3001 @ t_step =     2586 Time Avg = 2.601482E+00 Time/step= 2.602240E+00 ETA (HH:MM:SS) = 0:17:57
 [ 87%]  Time step     2588 of 3001 @ t_step =     2587 Time Avg = 2.601485E+00 Time/step= 2.608072E+00 ETA (HH:MM:SS) = 0:17:54
 [ 87%]  Time step     2589 of 3001 @ t_step =     2588 Time Avg = 2.601480E+00 Time/step= 2.589325E+00 ETA (HH:MM:SS) = 0:17:51
 [ 87%]  Time step     2590 of 3001 @ t_step =     2589 Time Avg = 2.601484E+00 Time/step= 2.612579E+00 ETA (HH:MM:SS) = 0:17:49
 [ 87%]  Time step     2591 of 3001 @ t_step =     2590 Time Avg = 2.601478E+00 Time/step= 2.584763E+00 ETA (HH:MM:SS) = 0:17:46
 [ 87%]  Time step     2592 of 3001 @ t_step =     2591 Time Avg = 2.601471E+00 Time/step= 2.583115E+00 ETA (HH:MM:SS) = 0:17:44
 [ 87%]  Time step     2593 of 3001 @ t_step =     2592 Time Avg = 2.601472E+00 Time/step= 2.606038E+00 ETA (HH:MM:SS) = 0:17:41
 [ 87%]  Time step     2594 of 3001 @ t_step =     2593 Time Avg = 2.601464E+00 Time/step= 2.580102E+00 ETA (HH:MM:SS) = 0:17:38
 [ 87%]  Time step     2595 of 3001 @ t_step =     2594 Time Avg = 2.601467E+00 Time/step= 2.608827E+00 ETA (HH:MM:SS) = 0:17:36
 [ 87%]  Time step     2596 of 3001 @ t_step =     2595 Time Avg = 2.601463E+00 Time/step= 2.590667E+00 ETA (HH:MM:SS) = 0:17:33
 [ 87%]  Time step     2597 of 3001 @ t_step =     2596 Time Avg = 2.601483E+00 Time/step= 2.653885E+00 ETA (HH:MM:SS) = 0:17:30
 [ 87%]  Time step     2598 of 3001 @ t_step =     2597 Time Avg = 2.601481E+00 Time/step= 2.595490E+00 ETA (HH:MM:SS) = 0:17:28
 [ 87%]  Time step     2599 of 3001 @ t_step =     2598 Time Avg = 2.601479E+00 Time/step= 2.595866E+00 ETA (HH:MM:SS) = 0:17:25
 [ 87%]  Time step     2600 of 3001 @ t_step =     2599 Time Avg = 2.601468E+00 Time/step= 2.572778E+00 ETA (HH:MM:SS) = 0:17:23
 [ 87%]  Time step     2601 of 3001 @ t_step =     2600 Time Avg = 2.601464E+00 Time/step= 2.592003E+00 ETA (HH:MM:SS) = 0:17:20
 [ 87%]  Time step     2602 of 3001 @ t_step =     2601 Time Avg = 2.601487E+00 Time/step= 2.660326E+00 ETA (HH:MM:SS) = 0:17:17
 [ 87%]  Time step     2603 of 3001 @ t_step =     2602 Time Avg = 2.601489E+00 Time/step= 2.607778E+00 ETA (HH:MM:SS) = 0:17:15
 [ 87%]  Time step     2604 of 3001 @ t_step =     2603 Time Avg = 2.601491E+00 Time/step= 2.607354E+00 ETA (HH:MM:SS) = 0:17:12
 [ 87%]  Time step     2605 of 3001 @ t_step =     2604 Time Avg = 2.601494E+00 Time/step= 2.608686E+00 ETA (HH:MM:SS) = 0:17:10
 [ 87%]  Time step     2606 of 3001 @ t_step =     2605 Time Avg = 2.601499E+00 Time/step= 2.614554E+00 ETA (HH:MM:SS) = 0:17:07
 [ 87%]  Time step     2607 of 3001 @ t_step =     2606 Time Avg = 2.601508E+00 Time/step= 2.625922E+00 ETA (HH:MM:SS) = 0:17:04
 [ 87%]  Time step     2608 of 3001 @ t_step =     2607 Time Avg = 2.601512E+00 Time/step= 2.610641E+00 ETA (HH:MM:SS) = 0:17:02
 [ 87%]  Time step     2609 of 3001 @ t_step =     2608 Time Avg = 2.601513E+00 Time/step= 2.604161E+00 ETA (HH:MM:SS) = 0:16:59
 [ 87%]  Time step     2610 of 3001 @ t_step =     2609 Time Avg = 2.601509E+00 Time/step= 2.591877E+00 ETA (HH:MM:SS) = 0:16:57
 [ 87%]  Time step     2611 of 3001 @ t_step =     2610 Time Avg = 2.601517E+00 Time/step= 2.622932E+00 ETA (HH:MM:SS) = 0:16:54
 [ 88%]  Time step     2612 of 3001 @ t_step =     2611 Time Avg = 2.601520E+00 Time/step= 2.608162E+00 ETA (HH:MM:SS) = 0:16:51
 [ 88%]  Time step     2613 of 3001 @ t_step =     2612 Time Avg = 2.601524E+00 Time/step= 2.613194E+00 ETA (HH:MM:SS) = 0:16:49
 [ 88%]  Time step     2614 of 3001 @ t_step =     2613 Time Avg = 2.601520E+00 Time/step= 2.589663E+00 ETA (HH:MM:SS) = 0:16:46
 [ 88%]  Time step     2615 of 3001 @ t_step =     2614 Time Avg = 2.601522E+00 Time/step= 2.606152E+00 ETA (HH:MM:SS) = 0:16:44
 [ 88%]  Time step     2616 of 3001 @ t_step =     2615 Time Avg = 2.601533E+00 Time/step= 2.629911E+00 ETA (HH:MM:SS) = 0:16:41
 [ 88%]  Time step     2617 of 3001 @ t_step =     2616 Time Avg = 2.601544E+00 Time/step= 2.630403E+00 ETA (HH:MM:SS) = 0:16:38
 [ 88%]  Time step     2618 of 3001 @ t_step =     2617 Time Avg = 2.601536E+00 Time/step= 2.581573E+00 ETA (HH:MM:SS) = 0:16:36
 [ 88%]  Time step     2619 of 3001 @ t_step =     2618 Time Avg = 2.601533E+00 Time/step= 2.593883E+00 ETA (HH:MM:SS) = 0:16:33
 [ 88%]  Time step     2620 of 3001 @ t_step =     2619 Time Avg = 2.601529E+00 Time/step= 2.590331E+00 ETA (HH:MM:SS) = 0:16:31
 [ 88%]  Time step     2621 of 3001 @ t_step =     2620 Time Avg = 2.601535E+00 Time/step= 2.618659E+00 ETA (HH:MM:SS) = 0:16:28
 [ 88%]  Time step     2622 of 3001 @ t_step =     2621 Time Avg = 2.601527E+00 Time/step= 2.580479E+00 ETA (HH:MM:SS) = 0:16:25
 [ 88%]  Time step     2623 of 3001 @ t_step =     2622 Time Avg = 2.601524E+00 Time/step= 2.594262E+00 ETA (HH:MM:SS) = 0:16:23
 [ 88%]  Time step     2624 of 3001 @ t_step =     2623 Time Avg = 2.601522E+00 Time/step= 2.596149E+00 ETA (HH:MM:SS) = 0:16:20
 [ 88%]  Time step     2625 of 3001 @ t_step =     2624 Time Avg = 2.601532E+00 Time/step= 2.626177E+00 ETA (HH:MM:SS) = 0:16:18
 [ 88%]  Time step     2626 of 3001 @ t_step =     2625 Time Avg = 2.601534E+00 Time/step= 2.607844E+00 ETA (HH:MM:SS) = 0:16:15
 [ 88%]  Time step     2627 of 3001 @ t_step =     2626 Time Avg = 2.601541E+00 Time/step= 2.620367E+00 ETA (HH:MM:SS) = 0:16:12
 [ 88%]  Time step     2628 of 3001 @ t_step =     2627 Time Avg = 2.601533E+00 Time/step= 2.578921E+00 ETA (HH:MM:SS) = 0:16:10
 [ 88%]  Time step     2629 of 3001 @ t_step =     2628 Time Avg = 2.601521E+00 Time/step= 2.570799E+00 ETA (HH:MM:SS) = 0:16:07
 [ 88%]  Time step     2630 of 3001 @ t_step =     2629 Time Avg = 2.601518E+00 Time/step= 2.592614E+00 ETA (HH:MM:SS) = 0:16:05
 [ 88%]  Time step     2631 of 3001 @ t_step =     2630 Time Avg = 2.601516E+00 Time/step= 2.596819E+00 ETA (HH:MM:SS) = 0:16:02
 [ 88%]  Time step     2632 of 3001 @ t_step =     2631 Time Avg = 2.601508E+00 Time/step= 2.581331E+00 ETA (HH:MM:SS) = 0:15:59
 [ 88%]  Time step     2633 of 3001 @ t_step =     2632 Time Avg = 2.601516E+00 Time/step= 2.620676E+00 ETA (HH:MM:SS) = 0:15:57
 [ 88%]  Time step     2634 of 3001 @ t_step =     2633 Time Avg = 2.601520E+00 Time/step= 2.612826E+00 ETA (HH:MM:SS) = 0:15:54
 [ 88%]  Time step     2635 of 3001 @ t_step =     2634 Time Avg = 2.601511E+00 Time/step= 2.579345E+00 ETA (HH:MM:SS) = 0:15:52
 [ 88%]  Time step     2636 of 3001 @ t_step =     2635 Time Avg = 2.601508E+00 Time/step= 2.592261E+00 ETA (HH:MM:SS) = 0:15:49
 [ 88%]  Time step     2637 of 3001 @ t_step =     2636 Time Avg = 2.601508E+00 Time/step= 2.601432E+00 ETA (HH:MM:SS) = 0:15:46
 [ 88%]  Time step     2638 of 3001 @ t_step =     2637 Time Avg = 2.601508E+00 Time/step= 2.600619E+00 ETA (HH:MM:SS) = 0:15:44
 [ 88%]  Time step     2639 of 3001 @ t_step =     2638 Time Avg = 2.601508E+00 Time/step= 2.602074E+00 ETA (HH:MM:SS) = 0:15:41
 [ 88%]  Time step     2640 of 3001 @ t_step =     2639 Time Avg = 2.601503E+00 Time/step= 2.588211E+00 ETA (HH:MM:SS) = 0:15:39
 [ 88%]  Time step     2641 of 3001 @ t_step =     2640 Time Avg = 2.601508E+00 Time/step= 2.614211E+00 ETA (HH:MM:SS) = 0:15:36
 [ 89%]  Time step     2642 of 3001 @ t_step =     2641 Time Avg = 2.601498E+00 Time/step= 2.577143E+00 ETA (HH:MM:SS) = 0:15:33
 [ 89%]  Time step     2643 of 3001 @ t_step =     2642 Time Avg = 2.601499E+00 Time/step= 2.604397E+00 ETA (HH:MM:SS) = 0:15:31
 [ 89%]  Time step     2644 of 3001 @ t_step =     2643 Time Avg = 2.601502E+00 Time/step= 2.608298E+00 ETA (HH:MM:SS) = 0:15:28
 [ 89%]  Time step     2645 of 3001 @ t_step =     2644 Time Avg = 2.601495E+00 Time/step= 2.582034E+00 ETA (HH:MM:SS) = 0:15:26
 [ 89%]  Time step     2646 of 3001 @ t_step =     2645 Time Avg = 2.601494E+00 Time/step= 2.599712E+00 ETA (HH:MM:SS) = 0:15:23
 [ 89%]  Time step     2647 of 3001 @ t_step =     2646 Time Avg = 2.601493E+00 Time/step= 2.598128E+00 ETA (HH:MM:SS) = 0:15:20
 [ 89%]  Time step     2648 of 3001 @ t_step =     2647 Time Avg = 2.601494E+00 Time/step= 2.604593E+00 ETA (HH:MM:SS) = 0:15:18
 [ 89%]  Time step     2649 of 3001 @ t_step =     2648 Time Avg = 2.601489E+00 Time/step= 2.589502E+00 ETA (HH:MM:SS) = 0:15:15
 [ 89%]  Time step     2650 of 3001 @ t_step =     2649 Time Avg = 2.601503E+00 Time/step= 2.638391E+00 ETA (HH:MM:SS) = 0:15:13
 [ 89%]  Time step     2651 of 3001 @ t_step =     2650 Time Avg = 2.601515E+00 Time/step= 2.631476E+00 ETA (HH:MM:SS) = 0:15:10
 [ 89%]  Time step     2652 of 3001 @ t_step =     2651 Time Avg = 2.601533E+00 Time/step= 2.651421E+00 ETA (HH:MM:SS) = 0:15:07
 [ 89%]  Time step     2653 of 3001 @ t_step =     2652 Time Avg = 2.601533E+00 Time/step= 2.600194E+00 ETA (HH:MM:SS) = 0:15:05
 [ 89%]  Time step     2654 of 3001 @ t_step =     2653 Time Avg = 2.601531E+00 Time/step= 2.597829E+00 ETA (HH:MM:SS) = 0:15:02
 [ 89%]  Time step     2655 of 3001 @ t_step =     2654 Time Avg = 2.601531E+00 Time/step= 2.600209E+00 ETA (HH:MM:SS) = 0:15:00
 [ 89%]  Time step     2656 of 3001 @ t_step =     2655 Time Avg = 2.601542E+00 Time/step= 2.630704E+00 ETA (HH:MM:SS) = 0:14:57
 [ 89%]  Time step     2657 of 3001 @ t_step =     2656 Time Avg = 2.601532E+00 Time/step= 2.574149E+00 ETA (HH:MM:SS) = 0:14:54
 [ 89%]  Time step     2658 of 3001 @ t_step =     2657 Time Avg = 2.601544E+00 Time/step= 2.633301E+00 ETA (HH:MM:SS) = 0:14:52
 [ 89%]  Time step     2659 of 3001 @ t_step =     2658 Time Avg = 2.601550E+00 Time/step= 2.617343E+00 ETA (HH:MM:SS) = 0:14:49
 [ 89%]  Time step     2660 of 3001 @ t_step =     2659 Time Avg = 2.601551E+00 Time/step= 2.604091E+00 ETA (HH:MM:SS) = 0:14:47
 [ 89%]  Time step     2661 of 3001 @ t_step =     2660 Time Avg = 2.601563E+00 Time/step= 2.633582E+00 ETA (HH:MM:SS) = 0:14:44
 [ 89%]  Time step     2662 of 3001 @ t_step =     2661 Time Avg = 2.601575E+00 Time/step= 2.633575E+00 ETA (HH:MM:SS) = 0:14:41
 [ 89%]  Time step     2663 of 3001 @ t_step =     2662 Time Avg = 2.601577E+00 Time/step= 2.607595E+00 ETA (HH:MM:SS) = 0:14:39
 [ 89%]  Time step     2664 of 3001 @ t_step =     2663 Time Avg = 2.601570E+00 Time/step= 2.582932E+00 ETA (HH:MM:SS) = 0:14:36
 [ 89%]  Time step     2665 of 3001 @ t_step =     2664 Time Avg = 2.601578E+00 Time/step= 2.622060E+00 ETA (HH:MM:SS) = 0:14:34
 [ 89%]  Time step     2666 of 3001 @ t_step =     2665 Time Avg = 2.601587E+00 Time/step= 2.625517E+00 ETA (HH:MM:SS) = 0:14:31
 [ 89%]  Time step     2667 of 3001 @ t_step =     2666 Time Avg = 2.601585E+00 Time/step= 2.598298E+00 ETA (HH:MM:SS) = 0:14:28
 [ 89%]  Time step     2668 of 3001 @ t_step =     2667 Time Avg = 2.601581E+00 Time/step= 2.590833E+00 ETA (HH:MM:SS) = 0:14:26
 [ 89%]  Time step     2669 of 3001 @ t_step =     2668 Time Avg = 2.601584E+00 Time/step= 2.609622E+00 ETA (HH:MM:SS) = 0:14:23
 [ 89%]  Time step     2670 of 3001 @ t_step =     2669 Time Avg = 2.601581E+00 Time/step= 2.591582E+00 ETA (HH:MM:SS) = 0:14:21
 [ 89%]  Time step     2671 of 3001 @ t_step =     2670 Time Avg = 2.601571E+00 Time/step= 2.576784E+00 ETA (HH:MM:SS) = 0:14:18
 [ 90%]  Time step     2672 of 3001 @ t_step =     2671 Time Avg = 2.601570E+00 Time/step= 2.598858E+00 ETA (HH:MM:SS) = 0:14:15
 [ 90%]  Time step     2673 of 3001 @ t_step =     2672 Time Avg = 2.601572E+00 Time/step= 2.604893E+00 ETA (HH:MM:SS) = 0:14:13
 [ 90%]  Time step     2674 of 3001 @ t_step =     2673 Time Avg = 2.601578E+00 Time/step= 2.618299E+00 ETA (HH:MM:SS) = 0:14:10
 [ 90%]  Time step     2675 of 3001 @ t_step =     2674 Time Avg = 2.601566E+00 Time/step= 2.571127E+00 ETA (HH:MM:SS) = 0:14:08
 [ 90%]  Time step     2676 of 3001 @ t_step =     2675 Time Avg = 2.601568E+00 Time/step= 2.607117E+00 ETA (HH:MM:SS) = 0:14:05
 [ 90%]  Time step     2677 of 3001 @ t_step =     2676 Time Avg = 2.601568E+00 Time/step= 2.599390E+00 ETA (HH:MM:SS) = 0:14:02
 [ 90%]  Time step     2678 of 3001 @ t_step =     2677 Time Avg = 2.601561E+00 Time/step= 2.584331E+00 ETA (HH:MM:SS) = 0:14:00
 [ 90%]  Time step     2679 of 3001 @ t_step =     2678 Time Avg = 2.601555E+00 Time/step= 2.584125E+00 ETA (HH:MM:SS) = 0:13:57
 [ 90%]  Time step     2680 of 3001 @ t_step =     2679 Time Avg = 2.601563E+00 Time/step= 2.623830E+00 ETA (HH:MM:SS) = 0:13:55
 [ 90%]  Time step     2681 of 3001 @ t_step =     2680 Time Avg = 2.601566E+00 Time/step= 2.608597E+00 ETA (HH:MM:SS) = 0:13:52
 [ 90%]  Time step     2682 of 3001 @ t_step =     2681 Time Avg = 2.601556E+00 Time/step= 2.576139E+00 ETA (HH:MM:SS) = 0:13:49
 [ 90%]  Time step     2683 of 3001 @ t_step =     2682 Time Avg = 2.601554E+00 Time/step= 2.594922E+00 ETA (HH:MM:SS) = 0:13:47
 [ 90%]  Time step     2684 of 3001 @ t_step =     2683 Time Avg = 2.601556E+00 Time/step= 2.608210E+00 ETA (HH:MM:SS) = 0:13:44
 [ 90%]  Time step     2685 of 3001 @ t_step =     2684 Time Avg = 2.601557E+00 Time/step= 2.604749E+00 ETA (HH:MM:SS) = 0:13:42
 [ 90%]  Time step     2686 of 3001 @ t_step =     2685 Time Avg = 2.601560E+00 Time/step= 2.608610E+00 ETA (HH:MM:SS) = 0:13:39
 [ 90%]  Time step     2687 of 3001 @ t_step =     2686 Time Avg = 2.601563E+00 Time/step= 2.609561E+00 ETA (HH:MM:SS) = 0:13:36
 [ 90%]  Time step     2688 of 3001 @ t_step =     2687 Time Avg = 2.601571E+00 Time/step= 2.623858E+00 ETA (HH:MM:SS) = 0:13:34
 [ 90%]  Time step     2689 of 3001 @ t_step =     2688 Time Avg = 2.601571E+00 Time/step= 2.599731E+00 ETA (HH:MM:SS) = 0:13:31
 [ 90%]  Time step     2690 of 3001 @ t_step =     2689 Time Avg = 2.601572E+00 Time/step= 2.605162E+00 ETA (HH:MM:SS) = 0:13:29
 [ 90%]  Time step     2691 of 3001 @ t_step =     2690 Time Avg = 2.601566E+00 Time/step= 2.584541E+00 ETA (HH:MM:SS) = 0:13:26
 [ 90%]  Time step     2692 of 3001 @ t_step =     2691 Time Avg = 2.601571E+00 Time/step= 2.617295E+00 ETA (HH:MM:SS) = 0:13:23
 [ 90%]  Time step     2693 of 3001 @ t_step =     2692 Time Avg = 2.601581E+00 Time/step= 2.628564E+00 ETA (HH:MM:SS) = 0:13:21
 [ 90%]  Time step     2694 of 3001 @ t_step =     2693 Time Avg = 2.601576E+00 Time/step= 2.585637E+00 ETA (HH:MM:SS) = 0:13:18
 [ 90%]  Time step     2695 of 3001 @ t_step =     2694 Time Avg = 2.601577E+00 Time/step= 2.605775E+00 ETA (HH:MM:SS) = 0:13:16
 [ 90%]  Time step     2696 of 3001 @ t_step =     2695 Time Avg = 2.601586E+00 Time/step= 2.626601E+00 ETA (HH:MM:SS) = 0:13:13
 [ 90%]  Time step     2697 of 3001 @ t_step =     2696 Time Avg = 2.601591E+00 Time/step= 2.614505E+00 ETA (HH:MM:SS) = 0:13:10
 [ 90%]  Time step     2698 of 3001 @ t_step =     2697 Time Avg = 2.601587E+00 Time/step= 2.590960E+00 ETA (HH:MM:SS) = 0:13:08
 [ 90%]  Time step     2699 of 3001 @ t_step =     2698 Time Avg = 2.601576E+00 Time/step= 2.571813E+00 ETA (HH:MM:SS) = 0:13:05
 [ 90%]  Time step     2700 of 3001 @ t_step =     2699 Time Avg = 2.601570E+00 Time/step= 2.583589E+00 ETA (HH:MM:SS) = 0:13:03
 [ 90%]  Time step     2701 of 3001 @ t_step =     2700 Time Avg = 2.601563E+00 Time/step= 2.583079E+00 ETA (HH:MM:SS) = 0:13:00
 [ 91%]  Time step     2702 of 3001 @ t_step =     2701 Time Avg = 2.601580E+00 Time/step= 2.649285E+00 ETA (HH:MM:SS) = 0:12:57
 [ 91%]  Time step     2703 of 3001 @ t_step =     2702 Time Avg = 2.601574E+00 Time/step= 2.584467E+00 ETA (HH:MM:SS) = 0:12:55
 [ 91%]  Time step     2704 of 3001 @ t_step =     2703 Time Avg = 2.601587E+00 Time/step= 2.636738E+00 ETA (HH:MM:SS) = 0:12:52
 [ 91%]  Time step     2705 of 3001 @ t_step =     2704 Time Avg = 2.601586E+00 Time/step= 2.598411E+00 ETA (HH:MM:SS) = 0:12:50
 [ 91%]  Time step     2706 of 3001 @ t_step =     2705 Time Avg = 2.601576E+00 Time/step= 2.574493E+00 ETA (HH:MM:SS) = 0:12:47
 [ 91%]  Time step     2707 of 3001 @ t_step =     2706 Time Avg = 2.601579E+00 Time/step= 2.611145E+00 ETA (HH:MM:SS) = 0:12:44
 [ 91%]  Time step     2708 of 3001 @ t_step =     2707 Time Avg = 2.601575E+00 Time/step= 2.590499E+00 ETA (HH:MM:SS) = 0:12:42
 [ 91%]  Time step     2709 of 3001 @ t_step =     2708 Time Avg = 2.601590E+00 Time/step= 2.640686E+00 ETA (HH:MM:SS) = 0:12:39
 [ 91%]  Time step     2710 of 3001 @ t_step =     2709 Time Avg = 2.601586E+00 Time/step= 2.590843E+00 ETA (HH:MM:SS) = 0:12:37
 [ 91%]  Time step     2711 of 3001 @ t_step =     2710 Time Avg = 2.601592E+00 Time/step= 2.617497E+00 ETA (HH:MM:SS) = 0:12:34
 [ 91%]  Time step     2712 of 3001 @ t_step =     2711 Time Avg = 2.601584E+00 Time/step= 2.581530E+00 ETA (HH:MM:SS) = 0:12:31
 [ 91%]  Time step     2713 of 3001 @ t_step =     2712 Time Avg = 2.601581E+00 Time/step= 2.592520E+00 ETA (HH:MM:SS) = 0:12:29
 [ 91%]  Time step     2714 of 3001 @ t_step =     2713 Time Avg = 2.601583E+00 Time/step= 2.607012E+00 ETA (HH:MM:SS) = 0:12:26
 [ 91%]  Time step     2715 of 3001 @ t_step =     2714 Time Avg = 2.601587E+00 Time/step= 2.612144E+00 ETA (HH:MM:SS) = 0:12:24
 [ 91%]  Time step     2716 of 3001 @ t_step =     2715 Time Avg = 2.601577E+00 Time/step= 2.576375E+00 ETA (HH:MM:SS) = 0:12:21
 [ 91%]  Time step     2717 of 3001 @ t_step =     2716 Time Avg = 2.601579E+00 Time/step= 2.605040E+00 ETA (HH:MM:SS) = 0:12:18
 [ 91%]  Time step     2718 of 3001 @ t_step =     2717 Time Avg = 2.601569E+00 Time/step= 2.575345E+00 ETA (HH:MM:SS) = 0:12:16
 [ 91%]  Time step     2719 of 3001 @ t_step =     2718 Time Avg = 2.601564E+00 Time/step= 2.588457E+00 ETA (HH:MM:SS) = 0:12:13
 [ 91%]  Time step     2720 of 3001 @ t_step =     2719 Time Avg = 2.601562E+00 Time/step= 2.595216E+00 ETA (HH:MM:SS) = 0:12:11
 [ 91%]  Time step     2721 of 3001 @ t_step =     2720 Time Avg = 2.601568E+00 Time/step= 2.617335E+00 ETA (HH:MM:SS) = 0:12:08
 [ 91%]  Time step     2722 of 3001 @ t_step =     2721 Time Avg = 2.601567E+00 Time/step= 2.599057E+00 ETA (HH:MM:SS) = 0:12:05
 [ 91%]  Time step     2723 of 3001 @ t_step =     2722 Time Avg = 2.601564E+00 Time/step= 2.592847E+00 ETA (HH:MM:SS) = 0:12:03
 [ 91%]  Time step     2724 of 3001 @ t_step =     2723 Time Avg = 2.601560E+00 Time/step= 2.593103E+00 ETA (HH:MM:SS) = 0:12:00
 [ 91%]  Time step     2725 of 3001 @ t_step =     2724 Time Avg = 2.601566E+00 Time/step= 2.617143E+00 ETA (HH:MM:SS) = 0:11:58
 [ 91%]  Time step     2726 of 3001 @ t_step =     2725 Time Avg = 2.601569E+00 Time/step= 2.608873E+00 ETA (HH:MM:SS) = 0:11:55
 [ 91%]  Time step     2727 of 3001 @ t_step =     2726 Time Avg = 2.601572E+00 Time/step= 2.609788E+00 ETA (HH:MM:SS) = 0:11:52
 [ 91%]  Time step     2728 of 3001 @ t_step =     2727 Time Avg = 2.601573E+00 Time/step= 2.605035E+00 ETA (HH:MM:SS) = 0:11:50
 [ 91%]  Time step     2729 of 3001 @ t_step =     2728 Time Avg = 2.601580E+00 Time/step= 2.619792E+00 ETA (HH:MM:SS) = 0:11:47
 [ 91%]  Time step     2730 of 3001 @ t_step =     2729 Time Avg = 2.601577E+00 Time/step= 2.592798E+00 ETA (HH:MM:SS) = 0:11:45
 [ 91%]  Time step     2731 of 3001 @ t_step =     2730 Time Avg = 2.601575E+00 Time/step= 2.595834E+00 ETA (HH:MM:SS) = 0:11:42
 [ 92%]  Time step     2732 of 3001 @ t_step =     2731 Time Avg = 2.601577E+00 Time/step= 2.609265E+00 ETA (HH:MM:SS) = 0:11:39
 [ 92%]  Time step     2733 of 3001 @ t_step =     2732 Time Avg = 2.601578E+00 Time/step= 2.603383E+00 ETA (HH:MM:SS) = 0:11:37
 [ 92%]  Time step     2734 of 3001 @ t_step =     2733 Time Avg = 2.601569E+00 Time/step= 2.577285E+00 ETA (HH:MM:SS) = 0:11:34
 [ 92%]  Time step     2735 of 3001 @ t_step =     2734 Time Avg = 2.601570E+00 Time/step= 2.603284E+00 ETA (HH:MM:SS) = 0:11:32
 [ 92%]  Time step     2736 of 3001 @ t_step =     2735 Time Avg = 2.601564E+00 Time/step= 2.586812E+00 ETA (HH:MM:SS) = 0:11:29
 [ 92%]  Time step     2737 of 3001 @ t_step =     2736 Time Avg = 2.601563E+00 Time/step= 2.598202E+00 ETA (HH:MM:SS) = 0:11:26
 [ 92%]  Time step     2738 of 3001 @ t_step =     2737 Time Avg = 2.601561E+00 Time/step= 2.595906E+00 ETA (HH:MM:SS) = 0:11:24
 [ 92%]  Time step     2739 of 3001 @ t_step =     2738 Time Avg = 2.601557E+00 Time/step= 2.591554E+00 ETA (HH:MM:SS) = 0:11:21
 [ 92%]  Time step     2740 of 3001 @ t_step =     2739 Time Avg = 2.601551E+00 Time/step= 2.584659E+00 ETA (HH:MM:SS) = 0:11:19
 [ 92%]  Time step     2741 of 3001 @ t_step =     2740 Time Avg = 2.601567E+00 Time/step= 2.644653E+00 ETA (HH:MM:SS) = 0:11:16
 [ 92%]  Time step     2742 of 3001 @ t_step =     2741 Time Avg = 2.601572E+00 Time/step= 2.614460E+00 ETA (HH:MM:SS) = 0:11:13
 [ 92%]  Time step     2743 of 3001 @ t_step =     2742 Time Avg = 2.601576E+00 Time/step= 2.613985E+00 ETA (HH:MM:SS) = 0:11:11
 [ 92%]  Time step     2744 of 3001 @ t_step =     2743 Time Avg = 2.601570E+00 Time/step= 2.584706E+00 ETA (HH:MM:SS) = 0:11:08
 [ 92%]  Time step     2745 of 3001 @ t_step =     2744 Time Avg = 2.601564E+00 Time/step= 2.585581E+00 ETA (HH:MM:SS) = 0:11:06
 [ 92%]  Time step     2746 of 3001 @ t_step =     2745 Time Avg = 2.601564E+00 Time/step= 2.599645E+00 ETA (HH:MM:SS) = 0:11:03
 [ 92%]  Time step     2747 of 3001 @ t_step =     2746 Time Avg = 2.601570E+00 Time/step= 2.619782E+00 ETA (HH:MM:SS) = 0:11:00
 [ 92%]  Time step     2748 of 3001 @ t_step =     2747 Time Avg = 2.601567E+00 Time/step= 2.594087E+00 ETA (HH:MM:SS) = 0:10:58
 [ 92%]  Time step     2749 of 3001 @ t_step =     2748 Time Avg = 2.601566E+00 Time/step= 2.598936E+00 ETA (HH:MM:SS) = 0:10:55
 [ 92%]  Time step     2750 of 3001 @ t_step =     2749 Time Avg = 2.601565E+00 Time/step= 2.596233E+00 ETA (HH:MM:SS) = 0:10:52
 [ 92%]  Time step     2751 of 3001 @ t_step =     2750 Time Avg = 2.601564E+00 Time/step= 2.600108E+00 ETA (HH:MM:SS) = 0:10:50
 [ 92%]  Time step     2752 of 3001 @ t_step =     2751 Time Avg = 2.601572E+00 Time/step= 2.623569E+00 ETA (HH:MM:SS) = 0:10:47
 [ 92%]  Time step     2753 of 3001 @ t_step =     2752 Time Avg = 2.601584E+00 Time/step= 2.635707E+00 ETA (HH:MM:SS) = 0:10:45
 [ 92%]  Time step     2754 of 3001 @ t_step =     2753 Time Avg = 2.601574E+00 Time/step= 2.573386E+00 ETA (HH:MM:SS) = 0:10:42
 [ 92%]  Time step     2755 of 3001 @ t_step =     2754 Time Avg = 2.601567E+00 Time/step= 2.581394E+00 ETA (HH:MM:SS) = 0:10:39
 [ 92%]  Time step     2756 of 3001 @ t_step =     2755 Time Avg = 2.601562E+00 Time/step= 2.587535E+00 ETA (HH:MM:SS) = 0:10:37
 [ 92%]  Time step     2757 of 3001 @ t_step =     2756 Time Avg = 2.601562E+00 Time/step= 2.601104E+00 ETA (HH:MM:SS) = 0:10:34
 [ 92%]  Time step     2758 of 3001 @ t_step =     2757 Time Avg = 2.601563E+00 Time/step= 2.606769E+00 ETA (HH:MM:SS) = 0:10:32
 [ 92%]  Time step     2759 of 3001 @ t_step =     2758 Time Avg = 2.601564E+00 Time/step= 2.602210E+00 ETA (HH:MM:SS) = 0:10:29
 [ 92%]  Time step     2760 of 3001 @ t_step =     2759 Time Avg = 2.601577E+00 Time/step= 2.637889E+00 ETA (HH:MM:SS) = 0:10:26
 [ 92%]  Time step     2761 of 3001 @ t_step =     2760 Time Avg = 2.601589E+00 Time/step= 2.634509E+00 ETA (HH:MM:SS) = 0:10:24
 [ 93%]  Time step     2762 of 3001 @ t_step =     2761 Time Avg = 2.601603E+00 Time/step= 2.640066E+00 ETA (HH:MM:SS) = 0:10:21
 [ 93%]  Time step     2763 of 3001 @ t_step =     2762 Time Avg = 2.601606E+00 Time/step= 2.611622E+00 ETA (HH:MM:SS) = 0:10:19
 [ 93%]  Time step     2764 of 3001 @ t_step =     2763 Time Avg = 2.601613E+00 Time/step= 2.619884E+00 ETA (HH:MM:SS) = 0:10:16
 [ 93%]  Time step     2765 of 3001 @ t_step =     2764 Time Avg = 2.601619E+00 Time/step= 2.618722E+00 ETA (HH:MM:SS) = 0:10:13
 [ 93%]  Time step     2766 of 3001 @ t_step =     2765 Time Avg = 2.601620E+00 Time/step= 2.604037E+00 ETA (HH:MM:SS) = 0:10:11
 [ 93%]  Time step     2767 of 3001 @ t_step =     2766 Time Avg = 2.601619E+00 Time/step= 2.599322E+00 ETA (HH:MM:SS) = 0:10:08
 [ 93%]  Time step     2768 of 3001 @ t_step =     2767 Time Avg = 2.601622E+00 Time/step= 2.608851E+00 ETA (HH:MM:SS) = 0:10:06
 [ 93%]  Time step     2769 of 3001 @ t_step =     2768 Time Avg = 2.601619E+00 Time/step= 2.592763E+00 ETA (HH:MM:SS) = 0:10:03
 [ 93%]  Time step     2770 of 3001 @ t_step =     2769 Time Avg = 2.601619E+00 Time/step= 2.601531E+00 ETA (HH:MM:SS) = 0:10:00
 [ 93%]  Time step     2771 of 3001 @ t_step =     2770 Time Avg = 2.601612E+00 Time/step= 2.582921E+00 ETA (HH:MM:SS) = 0:09:58
 [ 93%]  Time step     2772 of 3001 @ t_step =     2771 Time Avg = 2.601611E+00 Time/step= 2.599434E+00 ETA (HH:MM:SS) = 0:09:55
 [ 93%]  Time step     2773 of 3001 @ t_step =     2772 Time Avg = 2.601606E+00 Time/step= 2.586213E+00 ETA (HH:MM:SS) = 0:09:53
 [ 93%]  Time step     2774 of 3001 @ t_step =     2773 Time Avg = 2.601603E+00 Time/step= 2.595487E+00 ETA (HH:MM:SS) = 0:09:50
 [ 93%]  Time step     2775 of 3001 @ t_step =     2774 Time Avg = 2.601596E+00 Time/step= 2.581477E+00 ETA (HH:MM:SS) = 0:09:47
 [ 93%]  Time step     2776 of 3001 @ t_step =     2775 Time Avg = 2.601595E+00 Time/step= 2.597627E+00 ETA (HH:MM:SS) = 0:09:45
 [ 93%]  Time step     2777 of 3001 @ t_step =     2776 Time Avg = 2.601588E+00 Time/step= 2.584175E+00 ETA (HH:MM:SS) = 0:09:42
 [ 93%]  Time step     2778 of 3001 @ t_step =     2777 Time Avg = 2.601582E+00 Time/step= 2.582826E+00 ETA (HH:MM:SS) = 0:09:40
 [ 93%]  Time step     2779 of 3001 @ t_step =     2778 Time Avg = 2.601578E+00 Time/step= 2.590341E+00 ETA (HH:MM:SS) = 0:09:37
 [ 93%]  Time step     2780 of 3001 @ t_step =     2779 Time Avg = 2.601570E+00 Time/step= 2.581156E+00 ETA (HH:MM:SS) = 0:09:34
 [ 93%]  Time step     2781 of 3001 @ t_step =     2780 Time Avg = 2.601584E+00 Time/step= 2.639925E+00 ETA (HH:MM:SS) = 0:09:32
 [ 93%]  Time step     2782 of 3001 @ t_step =     2781 Time Avg = 2.601576E+00 Time/step= 2.580627E+00 ETA (HH:MM:SS) = 0:09:29
 [ 93%]  Time step     2783 of 3001 @ t_step =     2782 Time Avg = 2.601576E+00 Time/step= 2.598951E+00 ETA (HH:MM:SS) = 0:09:27
 [ 93%]  Time step     2784 of 3001 @ t_step =     2783 Time Avg = 2.601572E+00 Time/step= 2.591668E+00 ETA (HH:MM:SS) = 0:09:24
 [ 93%]  Time step     2785 of 3001 @ t_step =     2784 Time Avg = 2.601567E+00 Time/step= 2.587860E+00 ETA (HH:MM:SS) = 0:09:21
 [ 93%]  Time step     2786 of 3001 @ t_step =     2785 Time Avg = 2.601569E+00 Time/step= 2.605860E+00 ETA (HH:MM:SS) = 0:09:19
 [ 93%]  Time step     2787 of 3001 @ t_step =     2786 Time Avg = 2.601575E+00 Time/step= 2.620750E+00 ETA (HH:MM:SS) = 0:09:16
 [ 93%]  Time step     2788 of 3001 @ t_step =     2787 Time Avg = 2.601577E+00 Time/step= 2.604538E+00 ETA (HH:MM:SS) = 0:09:14
 [ 93%]  Time step     2789 of 3001 @ t_step =     2788 Time Avg = 2.601571E+00 Time/step= 2.586405E+00 ETA (HH:MM:SS) = 0:09:11
 [ 93%]  Time step     2790 of 3001 @ t_step =     2789 Time Avg = 2.601562E+00 Time/step= 2.577153E+00 ETA (HH:MM:SS) = 0:09:08
 [ 93%]  Time step     2791 of 3001 @ t_step =     2790 Time Avg = 2.601559E+00 Time/step= 2.591891E+00 ETA (HH:MM:SS) = 0:09:06
 [ 94%]  Time step     2792 of 3001 @ t_step =     2791 Time Avg = 2.601553E+00 Time/step= 2.586673E+00 ETA (HH:MM:SS) = 0:09:03
 [ 94%]  Time step     2793 of 3001 @ t_step =     2792 Time Avg = 2.601554E+00 Time/step= 2.602555E+00 ETA (HH:MM:SS) = 0:09:01
 [ 94%]  Time step     2794 of 3001 @ t_step =     2793 Time Avg = 2.601560E+00 Time/step= 2.618421E+00 ETA (HH:MM:SS) = 0:08:58
 [ 94%]  Time step     2795 of 3001 @ t_step =     2794 Time Avg = 2.601563E+00 Time/step= 2.609945E+00 ETA (HH:MM:SS) = 0:08:55
 [ 94%]  Time step     2796 of 3001 @ t_step =     2795 Time Avg = 2.601561E+00 Time/step= 2.595934E+00 ETA (HH:MM:SS) = 0:08:53
 [ 94%]  Time step     2797 of 3001 @ t_step =     2796 Time Avg = 2.601564E+00 Time/step= 2.610957E+00 ETA (HH:MM:SS) = 0:08:50
 [ 94%]  Time step     2798 of 3001 @ t_step =     2797 Time Avg = 2.601568E+00 Time/step= 2.611898E+00 ETA (HH:MM:SS) = 0:08:48
 [ 94%]  Time step     2799 of 3001 @ t_step =     2798 Time Avg = 2.601570E+00 Time/step= 2.607010E+00 ETA (HH:MM:SS) = 0:08:45
 [ 94%]  Time step     2800 of 3001 @ t_step =     2799 Time Avg = 2.601567E+00 Time/step= 2.594582E+00 ETA (HH:MM:SS) = 0:08:42
 [ 94%]  Time step     2801 of 3001 @ t_step =     2800 Time Avg = 2.601566E+00 Time/step= 2.597439E+00 ETA (HH:MM:SS) = 0:08:40
 [ 94%]  Time step     2802 of 3001 @ t_step =     2801 Time Avg = 2.601585E+00 Time/step= 2.655010E+00 ETA (HH:MM:SS) = 0:08:37
 [ 94%]  Time step     2803 of 3001 @ t_step =     2802 Time Avg = 2.601576E+00 Time/step= 2.575362E+00 ETA (HH:MM:SS) = 0:08:35
 [ 94%]  Time step     2804 of 3001 @ t_step =     2803 Time Avg = 2.601576E+00 Time/step= 2.602468E+00 ETA (HH:MM:SS) = 0:08:32
 [ 94%]  Time step     2805 of 3001 @ t_step =     2804 Time Avg = 2.601576E+00 Time/step= 2.602421E+00 ETA (HH:MM:SS) = 0:08:29
 [ 94%]  Time step     2806 of 3001 @ t_step =     2805 Time Avg = 2.601562E+00 Time/step= 2.560464E+00 ETA (HH:MM:SS) = 0:08:27
 [ 94%]  Time step     2807 of 3001 @ t_step =     2806 Time Avg = 2.601550E+00 Time/step= 2.570097E+00 ETA (HH:MM:SS) = 0:08:24
 [ 94%]  Time step     2808 of 3001 @ t_step =     2807 Time Avg = 2.601550E+00 Time/step= 2.600940E+00 ETA (HH:MM:SS) = 0:08:22
 [ 94%]  Time step     2809 of 3001 @ t_step =     2808 Time Avg = 2.601540E+00 Time/step= 2.574411E+00 ETA (HH:MM:SS) = 0:08:19
 [ 94%]  Time step     2810 of 3001 @ t_step =     2809 Time Avg = 2.601537E+00 Time/step= 2.591350E+00 ETA (HH:MM:SS) = 0:08:16
 [ 94%]  Time step     2811 of 3001 @ t_step =     2810 Time Avg = 2.601542E+00 Time/step= 2.615847E+00 ETA (HH:MM:SS) = 0:08:14
 [ 94%]  Time step     2812 of 3001 @ t_step =     2811 Time Avg = 2.601539E+00 Time/step= 2.592850E+00 ETA (HH:MM:SS) = 0:08:11
 [ 94%]  Time step     2813 of 3001 @ t_step =     2812 Time Avg = 2.601543E+00 Time/step= 2.613386E+00 ETA (HH:MM:SS) = 0:08:09
 [ 94%]  Time step     2814 of 3001 @ t_step =     2813 Time Avg = 2.601553E+00 Time/step= 2.629195E+00 ETA (HH:MM:SS) = 0:08:06
 [ 94%]  Time step     2815 of 3001 @ t_step =     2814 Time Avg = 2.601550E+00 Time/step= 2.593958E+00 ETA (HH:MM:SS) = 0:08:03
 [ 94%]  Time step     2816 of 3001 @ t_step =     2815 Time Avg = 2.601541E+00 Time/step= 2.575549E+00 ETA (HH:MM:SS) = 0:08:01
 [ 94%]  Time step     2817 of 3001 @ t_step =     2816 Time Avg = 2.601548E+00 Time/step= 2.622271E+00 ETA (HH:MM:SS) = 0:07:58
 [ 94%]  Time step     2818 of 3001 @ t_step =     2817 Time Avg = 2.601548E+00 Time/step= 2.601253E+00 ETA (HH:MM:SS) = 0:07:56
 [ 94%]  Time step     2819 of 3001 @ t_step =     2818 Time Avg = 2.601540E+00 Time/step= 2.577642E+00 ETA (HH:MM:SS) = 0:07:53
 [ 94%]  Time step     2820 of 3001 @ t_step =     2819 Time Avg = 2.601541E+00 Time/step= 2.604023E+00 ETA (HH:MM:SS) = 0:07:50
 [ 94%]  Time step     2821 of 3001 @ t_step =     2820 Time Avg = 2.601551E+00 Time/step= 2.630754E+00 ETA (HH:MM:SS) = 0:07:48
 [ 95%]  Time step     2822 of 3001 @ t_step =     2821 Time Avg = 2.601559E+00 Time/step= 2.624035E+00 ETA (HH:MM:SS) = 0:07:45
 [ 95%]  Time step     2823 of 3001 @ t_step =     2822 Time Avg = 2.601567E+00 Time/step= 2.623000E+00 ETA (HH:MM:SS) = 0:07:43
 [ 95%]  Time step     2824 of 3001 @ t_step =     2823 Time Avg = 2.601568E+00 Time/step= 2.606506E+00 ETA (HH:MM:SS) = 0:07:40
 [ 95%]  Time step     2825 of 3001 @ t_step =     2824 Time Avg = 2.601567E+00 Time/step= 2.597627E+00 ETA (HH:MM:SS) = 0:07:37
 [ 95%]  Time step     2826 of 3001 @ t_step =     2825 Time Avg = 2.601570E+00 Time/step= 2.609366E+00 ETA (HH:MM:SS) = 0:07:35
 [ 95%]  Time step     2827 of 3001 @ t_step =     2826 Time Avg = 2.601562E+00 Time/step= 2.578996E+00 ETA (HH:MM:SS) = 0:07:32
 [ 95%]  Time step     2828 of 3001 @ t_step =     2827 Time Avg = 2.601558E+00 Time/step= 2.590652E+00 ETA (HH:MM:SS) = 0:07:30
 [ 95%]  Time step     2829 of 3001 @ t_step =     2828 Time Avg = 2.601557E+00 Time/step= 2.600249E+00 ETA (HH:MM:SS) = 0:07:27
 [ 95%]  Time step     2830 of 3001 @ t_step =     2829 Time Avg = 2.601559E+00 Time/step= 2.606970E+00 ETA (HH:MM:SS) = 0:07:24
 [ 95%]  Time step     2831 of 3001 @ t_step =     2830 Time Avg = 2.601561E+00 Time/step= 2.605033E+00 ETA (HH:MM:SS) = 0:07:22
 [ 95%]  Time step     2832 of 3001 @ t_step =     2831 Time Avg = 2.601558E+00 Time/step= 2.594510E+00 ETA (HH:MM:SS) = 0:07:19
 [ 95%]  Time step     2833 of 3001 @ t_step =     2832 Time Avg = 2.601553E+00 Time/step= 2.586761E+00 ETA (HH:MM:SS) = 0:07:17
 [ 95%]  Time step     2834 of 3001 @ t_step =     2833 Time Avg = 2.601545E+00 Time/step= 2.578786E+00 ETA (HH:MM:SS) = 0:07:14
 [ 95%]  Time step     2835 of 3001 @ t_step =     2834 Time Avg = 2.601547E+00 Time/step= 2.608843E+00 ETA (HH:MM:SS) = 0:07:11
 [ 95%]  Time step     2836 of 3001 @ t_step =     2835 Time Avg = 2.601555E+00 Time/step= 2.622973E+00 ETA (HH:MM:SS) = 0:07:09
 [ 95%]  Time step     2837 of 3001 @ t_step =     2836 Time Avg = 2.601552E+00 Time/step= 2.594141E+00 ETA (HH:MM:SS) = 0:07:06
 [ 95%]  Time step     2838 of 3001 @ t_step =     2837 Time Avg = 2.601553E+00 Time/step= 2.604867E+00 ETA (HH:MM:SS) = 0:07:04
 [ 95%]  Time step     2839 of 3001 @ t_step =     2838 Time Avg = 2.601554E+00 Time/step= 2.602739E+00 ETA (HH:MM:SS) = 0:07:01
 [ 95%]  Time step     2840 of 3001 @ t_step =     2839 Time Avg = 2.601553E+00 Time/step= 2.598379E+00 ETA (HH:MM:SS) = 0:06:58
 [ 95%]  Time step     2841 of 3001 @ t_step =     2840 Time Avg = 2.601553E+00 Time/step= 2.601593E+00 ETA (HH:MM:SS) = 0:06:56
 [ 95%]  Time step     2842 of 3001 @ t_step =     2841 Time Avg = 2.601552E+00 Time/step= 2.599043E+00 ETA (HH:MM:SS) = 0:06:53
 [ 95%]  Time step     2843 of 3001 @ t_step =     2842 Time Avg = 2.601551E+00 Time/step= 2.598892E+00 ETA (HH:MM:SS) = 0:06:51
 [ 95%]  Time step     2844 of 3001 @ t_step =     2843 Time Avg = 2.601548E+00 Time/step= 2.592835E+00 ETA (HH:MM:SS) = 0:06:48
 [ 95%]  Time step     2845 of 3001 @ t_step =     2844 Time Avg = 2.601538E+00 Time/step= 2.573399E+00 ETA (HH:MM:SS) = 0:06:45
 [ 95%]  Time step     2846 of 3001 @ t_step =     2845 Time Avg = 2.601537E+00 Time/step= 2.598808E+00 ETA (HH:MM:SS) = 0:06:43
 [ 95%]  Time step     2847 of 3001 @ t_step =     2846 Time Avg = 2.601546E+00 Time/step= 2.627890E+00 ETA (HH:MM:SS) = 0:06:40
 [ 95%]  Time step     2848 of 3001 @ t_step =     2847 Time Avg = 2.601547E+00 Time/step= 2.603058E+00 ETA (HH:MM:SS) = 0:06:38
 [ 95%]  Time step     2849 of 3001 @ t_step =     2848 Time Avg = 2.601556E+00 Time/step= 2.627403E+00 ETA (HH:MM:SS) = 0:06:35
 [ 95%]  Time step     2850 of 3001 @ t_step =     2849 Time Avg = 2.601561E+00 Time/step= 2.615603E+00 ETA (HH:MM:SS) = 0:06:32
 [ 95%]  Time step     2851 of 3001 @ t_step =     2850 Time Avg = 2.601561E+00 Time/step= 2.603046E+00 ETA (HH:MM:SS) = 0:06:30
 [ 96%]  Time step     2852 of 3001 @ t_step =     2851 Time Avg = 2.601574E+00 Time/step= 2.638969E+00 ETA (HH:MM:SS) = 0:06:27
 [ 96%]  Time step     2853 of 3001 @ t_step =     2852 Time Avg = 2.601575E+00 Time/step= 2.603271E+00 ETA (HH:MM:SS) = 0:06:25
 [ 96%]  Time step     2854 of 3001 @ t_step =     2853 Time Avg = 2.601576E+00 Time/step= 2.605410E+00 ETA (HH:MM:SS) = 0:06:22
 [ 96%]  Time step     2855 of 3001 @ t_step =     2854 Time Avg = 2.601566E+00 Time/step= 2.572861E+00 ETA (HH:MM:SS) = 0:06:19
 [ 96%]  Time step     2856 of 3001 @ t_step =     2855 Time Avg = 2.601561E+00 Time/step= 2.585733E+00 ETA (HH:MM:SS) = 0:06:17
 [ 96%]  Time step     2857 of 3001 @ t_step =     2856 Time Avg = 2.601556E+00 Time/step= 2.588887E+00 ETA (HH:MM:SS) = 0:06:14
 [ 96%]  Time step     2858 of 3001 @ t_step =     2857 Time Avg = 2.601555E+00 Time/step= 2.596840E+00 ETA (HH:MM:SS) = 0:06:12
 [ 96%]  Time step     2859 of 3001 @ t_step =     2858 Time Avg = 2.601548E+00 Time/step= 2.582951E+00 ETA (HH:MM:SS) = 0:06:09
 [ 96%]  Time step     2860 of 3001 @ t_step =     2859 Time Avg = 2.601551E+00 Time/step= 2.610749E+00 ETA (HH:MM:SS) = 0:06:06
 [ 96%]  Time step     2861 of 3001 @ t_step =     2860 Time Avg = 2.601544E+00 Time/step= 2.581081E+00 ETA (HH:MM:SS) = 0:06:04
 [ 96%]  Time step     2862 of 3001 @ t_step =     2861 Time Avg = 2.601535E+00 Time/step= 2.574971E+00 ETA (HH:MM:SS) = 0:06:01
 [ 96%]  Time step     2863 of 3001 @ t_step =     2862 Time Avg = 2.601537E+00 Time/step= 2.606241E+00 ETA (HH:MM:SS) = 0:05:59
 [ 96%]  Time step     2864 of 3001 @ t_step =     2863 Time Avg = 2.601532E+00 Time/step= 2.589651E+00 ETA (HH:MM:SS) = 0:05:56
 [ 96%]  Time step     2865 of 3001 @ t_step =     2864 Time Avg = 2.601537E+00 Time/step= 2.613959E+00 ETA (HH:MM:SS) = 0:05:53
 [ 96%]  Time step     2866 of 3001 @ t_step =     2865 Time Avg = 2.601530E+00 Time/step= 2.583455E+00 ETA (HH:MM:SS) = 0:05:51
 [ 96%]  Time step     2867 of 3001 @ t_step =     2866 Time Avg = 2.601527E+00 Time/step= 2.590744E+00 ETA (HH:MM:SS) = 0:05:48
 [ 96%]  Time step     2868 of 3001 @ t_step =     2867 Time Avg = 2.601532E+00 Time/step= 2.616336E+00 ETA (HH:MM:SS) = 0:05:46
 [ 96%]  Time step     2869 of 3001 @ t_step =     2868 Time Avg = 2.601526E+00 Time/step= 2.586080E+00 ETA (HH:MM:SS) = 0:05:43
 [ 96%]  Time step     2870 of 3001 @ t_step =     2869 Time Avg = 2.601518E+00 Time/step= 2.577469E+00 ETA (HH:MM:SS) = 0:05:40
 [ 96%]  Time step     2871 of 3001 @ t_step =     2870 Time Avg = 2.601516E+00 Time/step= 2.595610E+00 ETA (HH:MM:SS) = 0:05:38
 [ 96%]  Time step     2872 of 3001 @ t_step =     2871 Time Avg = 2.601511E+00 Time/step= 2.585916E+00 ETA (HH:MM:SS) = 0:05:35
 [ 96%]  Time step     2873 of 3001 @ t_step =     2872 Time Avg = 2.601515E+00 Time/step= 2.612885E+00 ETA (HH:MM:SS) = 0:05:32
 [ 96%]  Time step     2874 of 3001 @ t_step =     2873 Time Avg = 2.601506E+00 Time/step= 2.578050E+00 ETA (HH:MM:SS) = 0:05:30
 [ 96%]  Time step     2875 of 3001 @ t_step =     2874 Time Avg = 2.601514E+00 Time/step= 2.623555E+00 ETA (HH:MM:SS) = 0:05:27
 [ 96%]  Time step     2876 of 3001 @ t_step =     2875 Time Avg = 2.601518E+00 Time/step= 2.612818E+00 ETA (HH:MM:SS) = 0:05:25
 [ 96%]  Time step     2877 of 3001 @ t_step =     2876 Time Avg = 2.601513E+00 Time/step= 2.588512E+00 ETA (HH:MM:SS) = 0:05:22
 [ 96%]  Time step     2878 of 3001 @ t_step =     2877 Time Avg = 2.601524E+00 Time/step= 2.632674E+00 ETA (HH:MM:SS) = 0:05:19
 [ 96%]  Time step     2879 of 3001 @ t_step =     2878 Time Avg = 2.601520E+00 Time/step= 2.590594E+00 ETA (HH:MM:SS) = 0:05:17
 [ 96%]  Time step     2880 of 3001 @ t_step =     2879 Time Avg = 2.601520E+00 Time/step= 2.598953E+00 ETA (HH:MM:SS) = 0:05:14
 [ 96%]  Time step     2881 of 3001 @ t_step =     2880 Time Avg = 2.601514E+00 Time/step= 2.586090E+00 ETA (HH:MM:SS) = 0:05:12
 [ 97%]  Time step     2882 of 3001 @ t_step =     2881 Time Avg = 2.601524E+00 Time/step= 2.628964E+00 ETA (HH:MM:SS) = 0:05:09
 [ 97%]  Time step     2883 of 3001 @ t_step =     2882 Time Avg = 2.601519E+00 Time/step= 2.587826E+00 ETA (HH:MM:SS) = 0:05:06
 [ 97%]  Time step     2884 of 3001 @ t_step =     2883 Time Avg = 2.601518E+00 Time/step= 2.599642E+00 ETA (HH:MM:SS) = 0:05:04
 [ 97%]  Time step     2885 of 3001 @ t_step =     2884 Time Avg = 2.601524E+00 Time/step= 2.617675E+00 ETA (HH:MM:SS) = 0:05:01
 [ 97%]  Time step     2886 of 3001 @ t_step =     2885 Time Avg = 2.601524E+00 Time/step= 2.600833E+00 ETA (HH:MM:SS) = 0:04:59
 [ 97%]  Time step     2887 of 3001 @ t_step =     2886 Time Avg = 2.601524E+00 Time/step= 2.602401E+00 ETA (HH:MM:SS) = 0:04:56
 [ 97%]  Time step     2888 of 3001 @ t_step =     2887 Time Avg = 2.601512E+00 Time/step= 2.566950E+00 ETA (HH:MM:SS) = 0:04:53
 [ 97%]  Time step     2889 of 3001 @ t_step =     2888 Time Avg = 2.601508E+00 Time/step= 2.588692E+00 ETA (HH:MM:SS) = 0:04:51
 [ 97%]  Time step     2890 of 3001 @ t_step =     2889 Time Avg = 2.601501E+00 Time/step= 2.582744E+00 ETA (HH:MM:SS) = 0:04:48
 [ 97%]  Time step     2891 of 3001 @ t_step =     2890 Time Avg = 2.601494E+00 Time/step= 2.581175E+00 ETA (HH:MM:SS) = 0:04:46
 [ 97%]  Time step     2892 of 3001 @ t_step =     2891 Time Avg = 2.601506E+00 Time/step= 2.634688E+00 ETA (HH:MM:SS) = 0:04:43
 [ 97%]  Time step     2893 of 3001 @ t_step =     2892 Time Avg = 2.601513E+00 Time/step= 2.622943E+00 ETA (HH:MM:SS) = 0:04:40
 [ 97%]  Time step     2894 of 3001 @ t_step =     2893 Time Avg = 2.601510E+00 Time/step= 2.591648E+00 ETA (HH:MM:SS) = 0:04:38
 [ 97%]  Time step     2895 of 3001 @ t_step =     2894 Time Avg = 2.601507E+00 Time/step= 2.595063E+00 ETA (HH:MM:SS) = 0:04:35
 [ 97%]  Time step     2896 of 3001 @ t_step =     2895 Time Avg = 2.601506E+00 Time/step= 2.597646E+00 ETA (HH:MM:SS) = 0:04:33
 [ 97%]  Time step     2897 of 3001 @ t_step =     2896 Time Avg = 2.601507E+00 Time/step= 2.603831E+00 ETA (HH:MM:SS) = 0:04:30
 [ 97%]  Time step     2898 of 3001 @ t_step =     2897 Time Avg = 2.601499E+00 Time/step= 2.579284E+00 ETA (HH:MM:SS) = 0:04:27
 [ 97%]  Time step     2899 of 3001 @ t_step =     2898 Time Avg = 2.601496E+00 Time/step= 2.591098E+00 ETA (HH:MM:SS) = 0:04:25
 [ 97%]  Time step     2900 of 3001 @ t_step =     2899 Time Avg = 2.601491E+00 Time/step= 2.587064E+00 ETA (HH:MM:SS) = 0:04:22
 [ 97%]  Time step     2901 of 3001 @ t_step =     2900 Time Avg = 2.601500E+00 Time/step= 2.627837E+00 ETA (HH:MM:SS) = 0:04:20
 [ 97%]  Time step     2902 of 3001 @ t_step =     2901 Time Avg = 2.601529E+00 Time/step= 2.686695E+00 ETA (HH:MM:SS) = 0:04:17
 [ 97%]  Time step     2903 of 3001 @ t_step =     2902 Time Avg = 2.601523E+00 Time/step= 2.584562E+00 ETA (HH:MM:SS) = 0:04:14
 [ 97%]  Time step     2904 of 3001 @ t_step =     2903 Time Avg = 2.601516E+00 Time/step= 2.580998E+00 ETA (HH:MM:SS) = 0:04:12
 [ 97%]  Time step     2905 of 3001 @ t_step =     2904 Time Avg = 2.601516E+00 Time/step= 2.599820E+00 ETA (HH:MM:SS) = 0:04:09
 [ 97%]  Time step     2906 of 3001 @ t_step =     2905 Time Avg = 2.601520E+00 Time/step= 2.614348E+00 ETA (HH:MM:SS) = 0:04:07
 [ 97%]  Time step     2907 of 3001 @ t_step =     2906 Time Avg = 2.601516E+00 Time/step= 2.589822E+00 ETA (HH:MM:SS) = 0:04:04
 [ 97%]  Time step     2908 of 3001 @ t_step =     2907 Time Avg = 2.601513E+00 Time/step= 2.594276E+00 ETA (HH:MM:SS) = 0:04:01
 [ 97%]  Time step     2909 of 3001 @ t_step =     2908 Time Avg = 2.601510E+00 Time/step= 2.592326E+00 ETA (HH:MM:SS) = 0:03:59
 [ 97%]  Time step     2910 of 3001 @ t_step =     2909 Time Avg = 2.601508E+00 Time/step= 2.594388E+00 ETA (HH:MM:SS) = 0:03:56
 [ 97%]  Time step     2911 of 3001 @ t_step =     2910 Time Avg = 2.601508E+00 Time/step= 2.601553E+00 ETA (HH:MM:SS) = 0:03:54
 [ 98%]  Time step     2912 of 3001 @ t_step =     2911 Time Avg = 2.601508E+00 Time/step= 2.603137E+00 ETA (HH:MM:SS) = 0:03:51
 [ 98%]  Time step     2913 of 3001 @ t_step =     2912 Time Avg = 2.601509E+00 Time/step= 2.603612E+00 ETA (HH:MM:SS) = 0:03:48
 [ 98%]  Time step     2914 of 3001 @ t_step =     2913 Time Avg = 2.601518E+00 Time/step= 2.628035E+00 ETA (HH:MM:SS) = 0:03:46
 [ 98%]  Time step     2915 of 3001 @ t_step =     2914 Time Avg = 2.601513E+00 Time/step= 2.587620E+00 ETA (HH:MM:SS) = 0:03:43
 [ 98%]  Time step     2916 of 3001 @ t_step =     2915 Time Avg = 2.601517E+00 Time/step= 2.612591E+00 ETA (HH:MM:SS) = 0:03:41
 [ 98%]  Time step     2917 of 3001 @ t_step =     2916 Time Avg = 2.601517E+00 Time/step= 2.601587E+00 ETA (HH:MM:SS) = 0:03:38
 [ 98%]  Time step     2918 of 3001 @ t_step =     2917 Time Avg = 2.601528E+00 Time/step= 2.631323E+00 ETA (HH:MM:SS) = 0:03:35
 [ 98%]  Time step     2919 of 3001 @ t_step =     2918 Time Avg = 2.601536E+00 Time/step= 2.626512E+00 ETA (HH:MM:SS) = 0:03:33
 [ 98%]  Time step     2920 of 3001 @ t_step =     2919 Time Avg = 2.601531E+00 Time/step= 2.586791E+00 ETA (HH:MM:SS) = 0:03:30
 [ 98%]  Time step     2921 of 3001 @ t_step =     2920 Time Avg = 2.601530E+00 Time/step= 2.597267E+00 ETA (HH:MM:SS) = 0:03:28
 [ 98%]  Time step     2922 of 3001 @ t_step =     2921 Time Avg = 2.601538E+00 Time/step= 2.626323E+00 ETA (HH:MM:SS) = 0:03:25
 [ 98%]  Time step     2923 of 3001 @ t_step =     2922 Time Avg = 2.601535E+00 Time/step= 2.593279E+00 ETA (HH:MM:SS) = 0:03:22
 [ 98%]  Time step     2924 of 3001 @ t_step =     2923 Time Avg = 2.601537E+00 Time/step= 2.607202E+00 ETA (HH:MM:SS) = 0:03:20
 [ 98%]  Time step     2925 of 3001 @ t_step =     2924 Time Avg = 2.601540E+00 Time/step= 2.610286E+00 ETA (HH:MM:SS) = 0:03:17
 [ 98%]  Time step     2926 of 3001 @ t_step =     2925 Time Avg = 2.601544E+00 Time/step= 2.613837E+00 ETA (HH:MM:SS) = 0:03:15
 [ 98%]  Time step     2927 of 3001 @ t_step =     2926 Time Avg = 2.601539E+00 Time/step= 2.585752E+00 ETA (HH:MM:SS) = 0:03:12
 [ 98%]  Time step     2928 of 3001 @ t_step =     2927 Time Avg = 2.601541E+00 Time/step= 2.606111E+00 ETA (HH:MM:SS) = 0:03:09
 [ 98%]  Time step     2929 of 3001 @ t_step =     2928 Time Avg = 2.601548E+00 Time/step= 2.622724E+00 ETA (HH:MM:SS) = 0:03:07
 [ 98%]  Time step     2930 of 3001 @ t_step =     2929 Time Avg = 2.601543E+00 Time/step= 2.587145E+00 ETA (HH:MM:SS) = 0:03:04
 [ 98%]  Time step     2931 of 3001 @ t_step =     2930 Time Avg = 2.601541E+00 Time/step= 2.595404E+00 ETA (HH:MM:SS) = 0:03:02
 [ 98%]  Time step     2932 of 3001 @ t_step =     2931 Time Avg = 2.601536E+00 Time/step= 2.586752E+00 ETA (HH:MM:SS) = 0:02:59
 [ 98%]  Time step     2933 of 3001 @ t_step =     2932 Time Avg = 2.601544E+00 Time/step= 2.625634E+00 ETA (HH:MM:SS) = 0:02:56
 [ 98%]  Time step     2934 of 3001 @ t_step =     2933 Time Avg = 2.601545E+00 Time/step= 2.603573E+00 ETA (HH:MM:SS) = 0:02:54
 [ 98%]  Time step     2935 of 3001 @ t_step =     2934 Time Avg = 2.601562E+00 Time/step= 2.651382E+00 ETA (HH:MM:SS) = 0:02:51
 [ 98%]  Time step     2936 of 3001 @ t_step =     2935 Time Avg = 2.601560E+00 Time/step= 2.598076E+00 ETA (HH:MM:SS) = 0:02:49
 [ 98%]  Time step     2937 of 3001 @ t_step =     2936 Time Avg = 2.601554E+00 Time/step= 2.581531E+00 ETA (HH:MM:SS) = 0:02:46
 [ 98%]  Time step     2938 of 3001 @ t_step =     2937 Time Avg = 2.601549E+00 Time/step= 2.587816E+00 ETA (HH:MM:SS) = 0:02:43
 [ 98%]  Time step     2939 of 3001 @ t_step =     2938 Time Avg = 2.601560E+00 Time/step= 2.633296E+00 ETA (HH:MM:SS) = 0:02:41
 [ 98%]  Time step     2940 of 3001 @ t_step =     2939 Time Avg = 2.601561E+00 Time/step= 2.604194E+00 ETA (HH:MM:SS) = 0:02:38
 [ 98%]  Time step     2941 of 3001 @ t_step =     2940 Time Avg = 2.601559E+00 Time/step= 2.597777E+00 ETA (HH:MM:SS) = 0:02:36
 [ 99%]  Time step     2942 of 3001 @ t_step =     2941 Time Avg = 2.601561E+00 Time/step= 2.606088E+00 ETA (HH:MM:SS) = 0:02:33
 [ 99%]  Time step     2943 of 3001 @ t_step =     2942 Time Avg = 2.601555E+00 Time/step= 2.584916E+00 ETA (HH:MM:SS) = 0:02:30
 [ 99%]  Time step     2944 of 3001 @ t_step =     2943 Time Avg = 2.601544E+00 Time/step= 2.567559E+00 ETA (HH:MM:SS) = 0:02:28
 [ 99%]  Time step     2945 of 3001 @ t_step =     2944 Time Avg = 2.601547E+00 Time/step= 2.610695E+00 ETA (HH:MM:SS) = 0:02:25
 [ 99%]  Time step     2946 of 3001 @ t_step =     2945 Time Avg = 2.601545E+00 Time/step= 2.597013E+00 ETA (HH:MM:SS) = 0:02:23
 [ 99%]  Time step     2947 of 3001 @ t_step =     2946 Time Avg = 2.601543E+00 Time/step= 2.594938E+00 ETA (HH:MM:SS) = 0:02:20
 [ 99%]  Time step     2948 of 3001 @ t_step =     2947 Time Avg = 2.601548E+00 Time/step= 2.614890E+00 ETA (HH:MM:SS) = 0:02:17
 [ 99%]  Time step     2949 of 3001 @ t_step =     2948 Time Avg = 2.601547E+00 Time/step= 2.599021E+00 ETA (HH:MM:SS) = 0:02:15
 [ 99%]  Time step     2950 of 3001 @ t_step =     2949 Time Avg = 2.601549E+00 Time/step= 2.608112E+00 ETA (HH:MM:SS) = 0:02:12
 [ 99%]  Time step     2951 of 3001 @ t_step =     2950 Time Avg = 2.601549E+00 Time/step= 2.602517E+00 ETA (HH:MM:SS) = 0:02:10
 [ 99%]  Time step     2952 of 3001 @ t_step =     2951 Time Avg = 2.601558E+00 Time/step= 2.627353E+00 ETA (HH:MM:SS) = 0:02:07
 [ 99%]  Time step     2953 of 3001 @ t_step =     2952 Time Avg = 2.601558E+00 Time/step= 2.600580E+00 ETA (HH:MM:SS) = 0:02:04
 [ 99%]  Time step     2954 of 3001 @ t_step =     2953 Time Avg = 2.601551E+00 Time/step= 2.583278E+00 ETA (HH:MM:SS) = 0:02:02
 [ 99%]  Time step     2955 of 3001 @ t_step =     2954 Time Avg = 2.601554E+00 Time/step= 2.608984E+00 ETA (HH:MM:SS) = 0:01:59
 [ 99%]  Time step     2956 of 3001 @ t_step =     2955 Time Avg = 2.601556E+00 Time/step= 2.608983E+00 ETA (HH:MM:SS) = 0:01:57
 [ 99%]  Time step     2957 of 3001 @ t_step =     2956 Time Avg = 2.601558E+00 Time/step= 2.606668E+00 ETA (HH:MM:SS) = 0:01:54
 [ 99%]  Time step     2958 of 3001 @ t_step =     2957 Time Avg = 2.601558E+00 Time/step= 2.601935E+00 ETA (HH:MM:SS) = 0:01:51
 [ 99%]  Time step     2959 of 3001 @ t_step =     2958 Time Avg = 2.601546E+00 Time/step= 2.565524E+00 ETA (HH:MM:SS) = 0:01:49
 [ 99%]  Time step     2960 of 3001 @ t_step =     2959 Time Avg = 2.601536E+00 Time/step= 2.571822E+00 ETA (HH:MM:SS) = 0:01:46
 [ 99%]  Time step     2961 of 3001 @ t_step =     2960 Time Avg = 2.601533E+00 Time/step= 2.593160E+00 ETA (HH:MM:SS) = 0:01:44
 [ 99%]  Time step     2962 of 3001 @ t_step =     2961 Time Avg = 2.601525E+00 Time/step= 2.578290E+00 ETA (HH:MM:SS) = 0:01:41
 [ 99%]  Time step     2963 of 3001 @ t_step =     2962 Time Avg = 2.601521E+00 Time/step= 2.588862E+00 ETA (HH:MM:SS) = 0:01:38
 [ 99%]  Time step     2964 of 3001 @ t_step =     2963 Time Avg = 2.601524E+00 Time/step= 2.609028E+00 ETA (HH:MM:SS) = 0:01:36
 [ 99%]  Time step     2965 of 3001 @ t_step =     2964 Time Avg = 2.601526E+00 Time/step= 2.608509E+00 ETA (HH:MM:SS) = 0:01:33
 [ 99%]  Time step     2966 of 3001 @ t_step =     2965 Time Avg = 2.601529E+00 Time/step= 2.611765E+00 ETA (HH:MM:SS) = 0:01:31
 [ 99%]  Time step     2967 of 3001 @ t_step =     2966 Time Avg = 2.601547E+00 Time/step= 2.653282E+00 ETA (HH:MM:SS) = 0:01:28
 [ 99%]  Time step     2968 of 3001 @ t_step =     2967 Time Avg = 2.601549E+00 Time/step= 2.608596E+00 ETA (HH:MM:SS) = 0:01:25
 [ 99%]  Time step     2969 of 3001 @ t_step =     2968 Time Avg = 2.601553E+00 Time/step= 2.611502E+00 ETA (HH:MM:SS) = 0:01:23
 [ 99%]  Time step     2970 of 3001 @ t_step =     2969 Time Avg = 2.601550E+00 Time/step= 2.595094E+00 ETA (HH:MM:SS) = 0:01:20
 [ 99%]  Time step     2971 of 3001 @ t_step =     2970 Time Avg = 2.601548E+00 Time/step= 2.595523E+00 ETA (HH:MM:SS) = 0:01:18
 [100%]  Time step     2972 of 3001 @ t_step =     2971 Time Avg = 2.601544E+00 Time/step= 2.587633E+00 ETA (HH:MM:SS) = 0:01:15
 [100%]  Time step     2973 of 3001 @ t_step =     2972 Time Avg = 2.601543E+00 Time/step= 2.598400E+00 ETA (HH:MM:SS) = 0:01:12
 [100%]  Time step     2974 of 3001 @ t_step =     2973 Time Avg = 2.601538E+00 Time/step= 2.588280E+00 ETA (HH:MM:SS) = 0:01:10
 [100%]  Time step     2975 of 3001 @ t_step =     2974 Time Avg = 2.601532E+00 Time/step= 2.584091E+00 ETA (HH:MM:SS) = 0:01:07
 [100%]  Time step     2976 of 3001 @ t_step =     2975 Time Avg = 2.601526E+00 Time/step= 2.581541E+00 ETA (HH:MM:SS) = 0:01:05
 [100%]  Time step     2977 of 3001 @ t_step =     2976 Time Avg = 2.601529E+00 Time/step= 2.612911E+00 ETA (HH:MM:SS) = 0:01:02
 [100%]  Time step     2978 of 3001 @ t_step =     2977 Time Avg = 2.601539E+00 Time/step= 2.630714E+00 ETA (HH:MM:SS) = 0:00:59
 [100%]  Time step     2979 of 3001 @ t_step =     2978 Time Avg = 2.601542E+00 Time/step= 2.610164E+00 ETA (HH:MM:SS) = 0:00:57
 [100%]  Time step     2980 of 3001 @ t_step =     2979 Time Avg = 2.601552E+00 Time/step= 2.629731E+00 ETA (HH:MM:SS) = 0:00:54
 [100%]  Time step     2981 of 3001 @ t_step =     2980 Time Avg = 2.601559E+00 Time/step= 2.624274E+00 ETA (HH:MM:SS) = 0:00:52
 [100%]  Time step     2982 of 3001 @ t_step =     2981 Time Avg = 2.601559E+00 Time/step= 2.600624E+00 ETA (HH:MM:SS) = 0:00:49
 [100%]  Time step     2983 of 3001 @ t_step =     2982 Time Avg = 2.601571E+00 Time/step= 2.636265E+00 ETA (HH:MM:SS) = 0:00:46
 [100%]  Time step     2984 of 3001 @ t_step =     2983 Time Avg = 2.601565E+00 Time/step= 2.586245E+00 ETA (HH:MM:SS) = 0:00:44
 [100%]  Time step     2985 of 3001 @ t_step =     2984 Time Avg = 2.601563E+00 Time/step= 2.593504E+00 ETA (HH:MM:SS) = 0:00:41
 [100%]  Time step     2986 of 3001 @ t_step =     2985 Time Avg = 2.601553E+00 Time/step= 2.572460E+00 ETA (HH:MM:SS) = 0:00:39
 [100%]  Time step     2987 of 3001 @ t_step =     2986 Time Avg = 2.601549E+00 Time/step= 2.590484E+00 ETA (HH:MM:SS) = 0:00:36
 [100%]  Time step     2988 of 3001 @ t_step =     2987 Time Avg = 2.601552E+00 Time/step= 2.608969E+00 ETA (HH:MM:SS) = 0:00:33
 [100%]  Time step     2989 of 3001 @ t_step =     2988 Time Avg = 2.601558E+00 Time/step= 2.620041E+00 ETA (HH:MM:SS) = 0:00:31
 [100%]  Time step     2990 of 3001 @ t_step =     2989 Time Avg = 2.601557E+00 Time/step= 2.599262E+00 ETA (HH:MM:SS) = 0:00:28
 [100%]  Time step     2991 of 3001 @ t_step =     2990 Time Avg = 2.601559E+00 Time/step= 2.607291E+00 ETA (HH:MM:SS) = 0:00:26
 [100%]  Time step     2992 of 3001 @ t_step =     2991 Time Avg = 2.601560E+00 Time/step= 2.603030E+00 ETA (HH:MM:SS) = 0:00:23
 [100%]  Time step     2993 of 3001 @ t_step =     2992 Time Avg = 2.601556E+00 Time/step= 2.590202E+00 ETA (HH:MM:SS) = 0:00:20
 [100%]  Time step     2994 of 3001 @ t_step =     2993 Time Avg = 2.601538E+00 Time/step= 2.549181E+00 ETA (HH:MM:SS) = 0:00:18
 [100%]  Time step     2995 of 3001 @ t_step =     2994 Time Avg = 2.601544E+00 Time/step= 2.619917E+00 ETA (HH:MM:SS) = 0:00:15
 [100%]  Time step     2996 of 3001 @ t_step =     2995 Time Avg = 2.601535E+00 Time/step= 2.572393E+00 ETA (HH:MM:SS) = 0:00:13
 [100%]  Time step     2997 of 3001 @ t_step =     2996 Time Avg = 2.601529E+00 Time/step= 2.583195E+00 ETA (HH:MM:SS) = 0:00:10
 [100%]  Time step     2998 of 3001 @ t_step =     2997 Time Avg = 2.601528E+00 Time/step= 2.598659E+00 ETA (HH:MM:SS) = 0:00:07
 [100%]  Time step     2999 of 3001 @ t_step =     2998 Time Avg = 2.601529E+00 Time/step= 2.604285E+00 ETA (HH:MM:SS) = 0:00:05
 [100%]  Time step     3000 of 3001 @ t_step =     2999 Time Avg = 2.601531E+00 Time/step= 2.610143E+00 ETA (HH:MM:SS) = 0:00:02
 Performance:   0.9124885002772013      ns/gp/eq/rhs

mfc: OK > :) Running post_process:

 Post-processing a 512x256x256 case on 8 rank(s)
 [  0%]  Saving        1 of 61 @ t_step =        0 Time Avg =     0.000000E+00 Time/step = 0.000000E+00 ETA (HH:MM:SS) = 0:00:00
 [  2%]  Saving        2 of 61 @ t_step =       50 Time Avg =     0.000000E+00 Time/step = 1.926907E+01 ETA (HH:MM:SS) = 0:00:00
 [  4%]  Saving        3 of 61 @ t_step =      100 Time Avg =     1.794725E+01 Time/step = 1.794725E+01 ETA (HH:MM:SS) = 0:17:20
 [  5%]  Saving        4 of 61 @ t_step =      150 Time Avg =     1.773878E+01 Time/step = 1.753031E+01 ETA (HH:MM:SS) = 0:16:51
 [  7%]  Saving        5 of 61 @ t_step =      200 Time Avg =     1.781705E+01 Time/step = 1.797360E+01 ETA (HH:MM:SS) = 0:16:37
 [  9%]  Saving        6 of 61 @ t_step =      250 Time Avg =     1.434000E+01 Time/step = 3.908848E+00 ETA (HH:MM:SS) = 0:13:08
 [ 10%]  Saving        7 of 61 @ t_step =      300 Time Avg =     1.224473E+01 Time/step = 3.863668E+00 ETA (HH:MM:SS) = 0:11:01
 [ 12%]  Saving        8 of 61 @ t_step =      350 Time Avg =     1.085297E+01 Time/step = 3.894141E+00 ETA (HH:MM:SS) = 0:09:35
 [ 14%]  Saving        9 of 61 @ t_step =      400 Time Avg =     9.862910E+00 Time/step = 3.922556E+00 ETA (HH:MM:SS) = 0:08:32
 [ 15%]  Saving       10 of 61 @ t_step =      450 Time Avg =     9.112667E+00 Time/step = 3.860969E+00 ETA (HH:MM:SS) = 0:07:44
 [ 17%]  Saving       11 of 61 @ t_step =      500 Time Avg =     8.525102E+00 Time/step = 3.824581E+00 ETA (HH:MM:SS) = 0:07:06
 [ 19%]  Saving       12 of 61 @ t_step =      550 Time Avg =     8.051785E+00 Time/step = 3.791926E+00 ETA (HH:MM:SS) = 0:06:34
 [ 20%]  Saving       13 of 61 @ t_step =      600 Time Avg =     7.678165E+00 Time/step = 3.941963E+00 ETA (HH:MM:SS) = 0:06:08
 [ 22%]  Saving       14 of 61 @ t_step =      650 Time Avg =     7.352693E+00 Time/step = 3.772503E+00 ETA (HH:MM:SS) = 0:05:45
 [ 24%]  Saving       15 of 61 @ t_step =      700 Time Avg =     7.077649E+00 Time/step = 3.777123E+00 ETA (HH:MM:SS) = 0:05:25
 [ 25%]  Saving       16 of 61 @ t_step =      750 Time Avg =     6.845612E+00 Time/step = 3.829139E+00 ETA (HH:MM:SS) = 0:05:08
 [ 27%]  Saving       17 of 61 @ t_step =      800 Time Avg =     6.643434E+00 Time/step = 3.812938E+00 ETA (HH:MM:SS) = 0:04:52
 [ 29%]  Saving       18 of 61 @ t_step =      850 Time Avg =     6.470710E+00 Time/step = 3.879854E+00 ETA (HH:MM:SS) = 0:04:38
 [ 30%]  Saving       19 of 61 @ t_step =      900 Time Avg =     6.315158E+00 Time/step = 3.826323E+00 ETA (HH:MM:SS) = 0:04:25
 [ 32%]  Saving       20 of 61 @ t_step =      950 Time Avg =     6.178682E+00 Time/step = 3.858591E+00 ETA (HH:MM:SS) = 0:04:13
 [ 34%]  Saving       21 of 61 @ t_step =     1000 Time Avg =     6.083619E+00 Time/step = 4.372477E+00 ETA (HH:MM:SS) = 0:04:03
 [ 35%]  Saving       22 of 61 @ t_step =     1050 Time Avg =     5.970084E+00 Time/step = 3.812923E+00 ETA (HH:MM:SS) = 0:03:52
 [ 37%]  Saving       23 of 61 @ t_step =     1100 Time Avg =     5.896464E+00 Time/step = 4.424060E+00 ETA (HH:MM:SS) = 0:03:44
 [ 39%]  Saving       24 of 61 @ t_step =     1150 Time Avg =     5.811938E+00 Time/step = 4.036896E+00 ETA (HH:MM:SS) = 0:03:35
 [ 40%]  Saving       25 of 61 @ t_step =     1200 Time Avg =     5.727129E+00 Time/step = 3.861335E+00 ETA (HH:MM:SS) = 0:03:26
 [ 42%]  Saving       26 of 61 @ t_step =     1250 Time Avg =     5.648669E+00 Time/step = 3.844095E+00 ETA (HH:MM:SS) = 0:03:17
 [ 44%]  Saving       27 of 61 @ t_step =     1300 Time Avg =     5.574800E+00 Time/step = 3.801937E+00 ETA (HH:MM:SS) = 0:03:09
 [ 45%]  Saving       28 of 61 @ t_step =     1350 Time Avg =     5.506207E+00 Time/step = 3.791390E+00 ETA (HH:MM:SS) = 0:03:01
 [ 47%]  Saving       29 of 61 @ t_step =     1400 Time Avg =     5.460464E+00 Time/step = 4.271132E+00 ETA (HH:MM:SS) = 0:02:54
 [ 49%]  Saving       30 of 61 @ t_step =     1450 Time Avg =     5.403448E+00 Time/step = 3.864011E+00 ETA (HH:MM:SS) = 0:02:47
 [ 50%]  Saving       31 of 61 @ t_step =     1500 Time Avg =     5.349998E+00 Time/step = 3.853419E+00 ETA (HH:MM:SS) = 0:02:40
 [ 52%]  Saving       32 of 61 @ t_step =     1550 Time Avg =     5.300346E+00 Time/step = 3.860418E+00 ETA (HH:MM:SS) = 0:02:33
 [ 54%]  Saving       33 of 61 @ t_step =     1600 Time Avg =     5.269292E+00 Time/step = 4.337665E+00 ETA (HH:MM:SS) = 0:02:27
 [ 55%]  Saving       34 of 61 @ t_step =     1650 Time Avg =     5.227462E+00 Time/step = 3.930737E+00 ETA (HH:MM:SS) = 0:02:21
 [ 57%]  Saving       35 of 61 @ t_step =     1700 Time Avg =     5.182488E+00 Time/step = 3.743321E+00 ETA (HH:MM:SS) = 0:02:14
 [ 59%]  Saving       36 of 61 @ t_step =     1750 Time Avg =     5.144458E+00 Time/step = 3.889470E+00 ETA (HH:MM:SS) = 0:02:08
 [ 60%]  Saving       37 of 61 @ t_step =     1800 Time Avg =     5.106701E+00 Time/step = 3.822975E+00 ETA (HH:MM:SS) = 0:02:02
 [ 62%]  Saving       38 of 61 @ t_step =     1850 Time Avg =     5.072691E+00 Time/step = 3.882316E+00 ETA (HH:MM:SS) = 0:01:56
 [ 64%]  Saving       39 of 61 @ t_step =     1900 Time Avg =     5.035575E+00 Time/step = 3.699398E+00 ETA (HH:MM:SS) = 0:01:50
 [ 65%]  Saving       40 of 61 @ t_step =     1950 Time Avg =     5.003344E+00 Time/step = 3.810818E+00 ETA (HH:MM:SS) = 0:01:45
 [ 67%]  Saving       41 of 61 @ t_step =     2000 Time Avg =     4.971891E+00 Time/step = 3.776691E+00 ETA (HH:MM:SS) = 0:01:39
 [ 69%]  Saving       42 of 61 @ t_step =     2050 Time Avg =     4.944492E+00 Time/step = 3.875915E+00 ETA (HH:MM:SS) = 0:01:33
 [ 70%]  Saving       43 of 61 @ t_step =     2100 Time Avg =     4.917890E+00 Time/step = 3.853814E+00 ETA (HH:MM:SS) = 0:01:28
 [ 72%]  Saving       44 of 61 @ t_step =     2150 Time Avg =     4.893549E+00 Time/step = 3.895558E+00 ETA (HH:MM:SS) = 0:01:23
 [ 74%]  Saving       45 of 61 @ t_step =     2200 Time Avg =     4.869707E+00 Time/step = 3.868341E+00 ETA (HH:MM:SS) = 0:01:17
 [ 75%]  Saving       46 of 61 @ t_step =     2250 Time Avg =     4.845738E+00 Time/step = 3.815064E+00 ETA (HH:MM:SS) = 0:01:12
 [ 77%]  Saving       47 of 61 @ t_step =     2300 Time Avg =     4.823822E+00 Time/step = 3.859545E+00 ETA (HH:MM:SS) = 0:01:07
 [ 79%]  Saving       48 of 61 @ t_step =     2350 Time Avg =     4.803216E+00 Time/step = 3.875922E+00 ETA (HH:MM:SS) = 0:01:02
 [ 80%]  Saving       49 of 61 @ t_step =     2400 Time Avg =     4.783507E+00 Time/step = 3.876886E+00 ETA (HH:MM:SS) = 0:00:57
 [ 82%]  Saving       50 of 61 @ t_step =     2450 Time Avg =     4.764324E+00 Time/step = 3.862730E+00 ETA (HH:MM:SS) = 0:00:52
 [ 84%]  Saving       51 of 61 @ t_step =     2500 Time Avg =     4.744096E+00 Time/step = 3.773186E+00 ETA (HH:MM:SS) = 0:00:47
 [ 85%]  Saving       52 of 61 @ t_step =     2550 Time Avg =     4.726048E+00 Time/step = 3.841671E+00 ETA (HH:MM:SS) = 0:00:42
 [ 87%]  Saving       53 of 61 @ t_step =     2600 Time Avg =     4.719724E+00 Time/step = 4.403550E+00 ETA (HH:MM:SS) = 0:00:37
 [ 89%]  Saving       54 of 61 @ t_step =     2650 Time Avg =     4.701545E+00 Time/step = 3.774377E+00 ETA (HH:MM:SS) = 0:00:32
 [ 90%]  Saving       55 of 61 @ t_step =     2700 Time Avg =     4.685253E+00 Time/step = 3.838071E+00 ETA (HH:MM:SS) = 0:00:28
 [ 92%]  Saving       56 of 61 @ t_step =     2750 Time Avg =     4.667604E+00 Time/step = 3.732222E+00 ETA (HH:MM:SS) = 0:00:23
 [ 94%]  Saving       57 of 61 @ t_step =     2800 Time Avg =     4.652039E+00 Time/step = 3.811541E+00 ETA (HH:MM:SS) = 0:00:18
 [ 95%]  Saving       58 of 61 @ t_step =     2850 Time Avg =     4.636942E+00 Time/step = 3.806616E+00 ETA (HH:MM:SS) = 0:00:13
 [ 97%]  Saving       59 of 61 @ t_step =     2900 Time Avg =     4.621147E+00 Time/step = 3.736582E+00 ETA (HH:MM:SS) = 0:00:09
 [ 99%]  Saving       60 of 61 @ t_step =     2950 Time Avg =     4.607594E+00 Time/step = 3.835080E+00 ETA (HH:MM:SS) = 0:00:04
 [100%]  Saving       61 of 61 @ t_step =     3000 Time Avg =     4.594765E+00 Time/step = 3.850718E+00 ETA (HH:MM:SS) = 0:00:00

+-----------------------------------------------------------------------------------------------------------+ 
| Finished mfc-bowshock-gpu:                                                                                |
| * Total-time:    8420s                               * Exit Code:     0                                   |
| * End-time:      07:57:30                            * End-date:      07:57:30                            |
+-----------------------------------------------------------------------------------------------------------+ 
