+-----------------------------------------------------------------------------------------------------------+ 
| MFC case # mfc-scc26-p3-cpu @ /scratch/jobs/35187881911/MFC/demo/scc26-p3-cpu/case.py:                    |
+-----------------------------------------------------------------------------------------------------------+ 
| * Start-time     08:48:06                            * Start-date     08:48:06                            |
| * Partition      cpu                                 * Walltime       00:30:00                            |
| * Account        N/A                                 * Nodes          1                                   |
| * Job Name       mfc-scc26-p3-cpu                    * Engine         batch                               |
| * QoS            N/A                                 * Binary         N/A                                 |
| * Queue System   SLURM                               * Email          N/A                                 |
+-----------------------------------------------------------------------------------------------------------+ 

host        : cpu-node1
nodes/tasks : 1 x 4
mpirun      : /work/openmpi/5.0.10/bin/mpirun
fabric      : ibp129s0 (UCX_TLS=rc,sm,self)

mfc: OK > :) Running syscheck:

 [TEST] MPI: call mpi_init(ierr)
 [TEST] MPI: call mpi_init(ierr)
 [TEST] MPI: call mpi_init(ierr)
 [TEST] MPI: call mpi_init(ierr)
 [TEST] MPI: call mpi_comm_rank(MPI_COMM_WORLD, rank, ierr)
 [TEST] MPI: call mpi_comm_rank(MPI_COMM_WORLD, rank, ierr)
 [TEST] MPI: call mpi_comm_rank(MPI_COMM_WORLD, rank, ierr)
 [TEST] MPI: call mpi_barrier(MPI_COMM_WORLD, ierr)
 [TEST] MPI: call mpi_comm_rank(MPI_COMM_WORLD, rank, ierr)
 [TEST] MPI: call assert(rank >= 0)
 [TEST] MPI: call mpi_comm_size(MPI_COMM_WORLD, nRanks, ierr)
 [TEST] MPI: call assert(nRanks > 0 .and. rank < nRanks)
 [SKIP] ACC: devtype = acc_get_device_type()
 [SKIP] ACC: num_devices = acc_get_num_devices(devtype)
 [SKIP] ACC: call assert(num_devices > 0)
 [SKIP] ACC: call acc_set_device_num(mod(rank, nRanks), devtype)
 [SKIP] ACC: allocate(arr(1:N))
 [SKIP] ACC: !$acc enter data create(arr(1:N))
 [SKIP] ACC: !$acc parallel loop
 [SKIP] ACC: !$acc update host(arr(1:N))
 [SKIP] ACC: !$acc exit data delete(arr)
 [SKIP] OMP: num_devices_omp = omp_get_num_devices()
 [SKIP] OMP: call assert(num_devices_omp > 0)
 [SKIP] OMP: call omp_set_default_device(mod(rank, nRanks))
 [TEST] MPI: call mpi_barrier(MPI_COMM_WORLD, ierr)
 [TEST] MPI: call mpi_finalize(ierr)
 
 Syscheck: PASSED.

mfc: OK > :) Running pre_process:

 Pre-processing a 239x59x0 case on 4 rank(s)
 Processing patch           1
 Processing patch           2
 Processing patch           3
 Elapsed Time   2.6938000000000129E-002

mfc: OK > :) Running simulation:

 Simulating a regular 239x59x0 case on 4 rank(s) on CPUs.
 [  0%]  Time step        1 of 2813 @ t_step =        0 Time Avg = 0.000000E+00 Time/step= 0.000000E+00 ETA (HH:MM:SS) = 0:00:00
 [  1%]  Time step        2 of 2813 @ t_step =        1 Time Avg = 0.000000E+00 Time/step= 1.951500E-02 ETA (HH:MM:SS) = 0:00:00
 [  1%]  Time step        3 of 2813 @ t_step =        2 Time Avg = 0.000000E+00 Time/step= 1.768100E-02 ETA (HH:MM:SS) = 0:00:00
 [  1%]  Time step        4 of 2813 @ t_step =        3 Time Avg = 1.799400E-02 Time/step= 1.799400E-02 ETA (HH:MM:SS) = 0:00:50
 [  1%]  Time step        5 of 2813 @ t_step =        4 Time Avg = 1.778500E-02 Time/step= 1.757600E-02 ETA (HH:MM:SS) = 0:00:49
 [  1%]  Time step        6 of 2813 @ t_step =        5 Time Avg = 1.787333E-02 Time/step= 1.805000E-02 ETA (HH:MM:SS) = 0:00:50
 [  1%]  Time step        7 of 2813 @ t_step =        6 Time Avg = 1.785100E-02 Time/step= 1.778400E-02 ETA (HH:MM:SS) = 0:00:50
 [  1%]  Time step        8 of 2813 @ t_step =        7 Time Avg = 1.796180E-02 Time/step= 1.840500E-02 ETA (HH:MM:SS) = 0:00:50
 [  1%]  Time step        9 of 2813 @ t_step =        8 Time Avg = 1.796433E-02 Time/step= 1.797700E-02 ETA (HH:MM:SS) = 0:00:50
 [  1%]  Time step       10 of 2813 @ t_step =        9 Time Avg = 1.803143E-02 Time/step= 1.843400E-02 ETA (HH:MM:SS) = 0:00:50
 [  1%]  Time step       11 of 2813 @ t_step =       10 Time Avg = 1.806312E-02 Time/step= 1.828500E-02 ETA (HH:MM:SS) = 0:00:50
 [  1%]  Time step       12 of 2813 @ t_step =       11 Time Avg = 1.808822E-02 Time/step= 1.828900E-02 ETA (HH:MM:SS) = 0:00:50
 [  1%]  Time step       13 of 2813 @ t_step =       12 Time Avg = 1.807520E-02 Time/step= 1.795800E-02 ETA (HH:MM:SS) = 0:00:50
 [  1%]  Time step       14 of 2813 @ t_step =       13 Time Avg = 1.805700E-02 Time/step= 1.787500E-02 ETA (HH:MM:SS) = 0:00:50
 [  1%]  Time step       15 of 2813 @ t_step =       14 Time Avg = 1.803783E-02 Time/step= 1.782700E-02 ETA (HH:MM:SS) = 0:00:50
 [  1%]  Time step       16 of 2813 @ t_step =       15 Time Avg = 1.804808E-02 Time/step= 1.817100E-02 ETA (HH:MM:SS) = 0:00:50
 [  1%]  Time step       17 of 2813 @ t_step =       16 Time Avg = 1.803400E-02 Time/step= 1.785100E-02 ETA (HH:MM:SS) = 0:00:50
 [  1%]  Time step       18 of 2813 @ t_step =       17 Time Avg = 1.802907E-02 Time/step= 1.796000E-02 ETA (HH:MM:SS) = 0:00:50
 [  1%]  Time step       19 of 2813 @ t_step =       18 Time Avg = 1.804194E-02 Time/step= 1.823500E-02 ETA (HH:MM:SS) = 0:00:50
 [  1%]  Time step       20 of 2813 @ t_step =       19 Time Avg = 1.803188E-02 Time/step= 1.787100E-02 ETA (HH:MM:SS) = 0:00:50
 [  1%]  Time step       21 of 2813 @ t_step =       20 Time Avg = 1.802872E-02 Time/step= 1.797500E-02 ETA (HH:MM:SS) = 0:00:50
 [  1%]  Time step       22 of 2813 @ t_step =       21 Time Avg = 1.802568E-02 Time/step= 1.797100E-02 ETA (HH:MM:SS) = 0:00:50
 [  1%]  Time step       23 of 2813 @ t_step =       22 Time Avg = 1.801550E-02 Time/step= 1.782200E-02 ETA (HH:MM:SS) = 0:00:50
 [  1%]  Time step       24 of 2813 @ t_step =       23 Time Avg = 1.801871E-02 Time/step= 1.808300E-02 ETA (HH:MM:SS) = 0:00:50
 [  1%]  Time step       25 of 2813 @ t_step =       24 Time Avg = 1.801486E-02 Time/step= 1.793400E-02 ETA (HH:MM:SS) = 0:00:50
 [  1%]  Time step       26 of 2813 @ t_step =       25 Time Avg = 1.800570E-02 Time/step= 1.780400E-02 ETA (HH:MM:SS) = 0:00:50
 [  1%]  Time step       27 of 2813 @ t_step =       26 Time Avg = 1.799171E-02 Time/step= 1.767000E-02 ETA (HH:MM:SS) = 0:00:50
 [  1%]  Time step       28 of 2813 @ t_step =       27 Time Avg = 1.799468E-02 Time/step= 1.806600E-02 ETA (HH:MM:SS) = 0:00:50
 [  1%]  Time step       29 of 2813 @ t_step =       28 Time Avg = 1.798462E-02 Time/step= 1.773300E-02 ETA (HH:MM:SS) = 0:00:50
 [  2%]  Time step       30 of 2813 @ t_step =       29 Time Avg = 1.799185E-02 Time/step= 1.818000E-02 ETA (HH:MM:SS) = 0:00:50
 [  2%]  Time step       31 of 2813 @ t_step =       30 Time Avg = 1.800486E-02 Time/step= 1.835600E-02 ETA (HH:MM:SS) = 0:00:50
 [  2%]  Time step       32 of 2813 @ t_step =       31 Time Avg = 1.800548E-02 Time/step= 1.802300E-02 ETA (HH:MM:SS) = 0:00:50
 [  2%]  Time step       33 of 2813 @ t_step =       32 Time Avg = 1.802263E-02 Time/step= 1.852000E-02 ETA (HH:MM:SS) = 0:00:50
 [  2%]  Time step       34 of 2813 @ t_step =       33 Time Avg = 1.801100E-02 Time/step= 1.766200E-02 ETA (HH:MM:SS) = 0:00:50
 [  2%]  Time step       35 of 2813 @ t_step =       34 Time Avg = 1.801091E-02 Time/step= 1.800800E-02 ETA (HH:MM:SS) = 0:00:50
 [  2%]  Time step       36 of 2813 @ t_step =       35 Time Avg = 1.799800E-02 Time/step= 1.758500E-02 ETA (HH:MM:SS) = 0:00:49
 [  2%]  Time step       37 of 2813 @ t_step =       36 Time Avg = 1.799938E-02 Time/step= 1.804500E-02 ETA (HH:MM:SS) = 0:00:49
 [  2%]  Time step       38 of 2813 @ t_step =       37 Time Avg = 1.798837E-02 Time/step= 1.761400E-02 ETA (HH:MM:SS) = 0:00:49
 [  2%]  Time step       39 of 2813 @ t_step =       38 Time Avg = 1.797792E-02 Time/step= 1.761200E-02 ETA (HH:MM:SS) = 0:00:49
 [  2%]  Time step       40 of 2813 @ t_step =       39 Time Avg = 1.796765E-02 Time/step= 1.759800E-02 ETA (HH:MM:SS) = 0:00:49
 [  2%]  Time step       41 of 2813 @ t_step =       40 Time Avg = 1.796576E-02 Time/step= 1.789600E-02 ETA (HH:MM:SS) = 0:00:49
 [  2%]  Time step       42 of 2813 @ t_step =       41 Time Avg = 1.796441E-02 Time/step= 1.791300E-02 ETA (HH:MM:SS) = 0:00:49
 [  2%]  Time step       43 of 2813 @ t_step =       42 Time Avg = 1.796168E-02 Time/step= 1.785500E-02 ETA (HH:MM:SS) = 0:00:49
 [  2%]  Time step       44 of 2813 @ t_step =       43 Time Avg = 1.796293E-02 Time/step= 1.801300E-02 ETA (HH:MM:SS) = 0:00:49
 [  2%]  Time step       45 of 2813 @ t_step =       44 Time Avg = 1.795374E-02 Time/step= 1.757700E-02 ETA (HH:MM:SS) = 0:00:49
 [  2%]  Time step       46 of 2813 @ t_step =       45 Time Avg = 1.795635E-02 Time/step= 1.806600E-02 ETA (HH:MM:SS) = 0:00:49
 [  2%]  Time step       47 of 2813 @ t_step =       46 Time Avg = 1.794727E-02 Time/step= 1.755700E-02 ETA (HH:MM:SS) = 0:00:49
 [  2%]  Time step       48 of 2813 @ t_step =       47 Time Avg = 1.794729E-02 Time/step= 1.794800E-02 ETA (HH:MM:SS) = 0:00:49
 [  2%]  Time step       49 of 2813 @ t_step =       48 Time Avg = 1.794428E-02 Time/step= 1.780900E-02 ETA (HH:MM:SS) = 0:00:49
 [  2%]  Time step       50 of 2813 @ t_step =       49 Time Avg = 1.793813E-02 Time/step= 1.765500E-02 ETA (HH:MM:SS) = 0:00:49
 [  2%]  Time step       51 of 2813 @ t_step =       50 Time Avg = 1.792969E-02 Time/step= 1.753300E-02 ETA (HH:MM:SS) = 0:00:49
 [  2%]  Time step       52 of 2813 @ t_step =       51 Time Avg = 1.792786E-02 Time/step= 1.784000E-02 ETA (HH:MM:SS) = 0:00:49
 [  2%]  Time step       53 of 2813 @ t_step =       52 Time Avg = 1.792612E-02 Time/step= 1.784100E-02 ETA (HH:MM:SS) = 0:00:49
 [  2%]  Time step       54 of 2813 @ t_step =       53 Time Avg = 1.791982E-02 Time/step= 1.760500E-02 ETA (HH:MM:SS) = 0:00:49
 [  2%]  Time step       55 of 2813 @ t_step =       54 Time Avg = 1.792263E-02 Time/step= 1.806600E-02 ETA (HH:MM:SS) = 0:00:49
 [  2%]  Time step       56 of 2813 @ t_step =       55 Time Avg = 1.791760E-02 Time/step= 1.765600E-02 ETA (HH:MM:SS) = 0:00:49
 [  2%]  Time step       57 of 2813 @ t_step =       56 Time Avg = 1.791859E-02 Time/step= 1.797100E-02 ETA (HH:MM:SS) = 0:00:49
 [  3%]  Time step       58 of 2813 @ t_step =       57 Time Avg = 1.791262E-02 Time/step= 1.759000E-02 ETA (HH:MM:SS) = 0:00:49
 [  3%]  Time step       59 of 2813 @ t_step =       58 Time Avg = 1.790745E-02 Time/step= 1.762300E-02 ETA (HH:MM:SS) = 0:00:49
 [  3%]  Time step       60 of 2813 @ t_step =       59 Time Avg = 1.792489E-02 Time/step= 1.890200E-02 ETA (HH:MM:SS) = 0:00:49
 [  3%]  Time step       61 of 2813 @ t_step =       60 Time Avg = 1.793188E-02 Time/step= 1.833000E-02 ETA (HH:MM:SS) = 0:00:49
 [  3%]  Time step       62 of 2813 @ t_step =       61 Time Avg = 1.793869E-02 Time/step= 1.833400E-02 ETA (HH:MM:SS) = 0:00:49
 [  3%]  Time step       63 of 2813 @ t_step =       62 Time Avg = 1.793772E-02 Time/step= 1.788000E-02 ETA (HH:MM:SS) = 0:00:49
 [  3%]  Time step       64 of 2813 @ t_step =       63 Time Avg = 1.793782E-02 Time/step= 1.794400E-02 ETA (HH:MM:SS) = 0:00:49
 [  3%]  Time step       65 of 2813 @ t_step =       64 Time Avg = 1.794735E-02 Time/step= 1.852900E-02 ETA (HH:MM:SS) = 0:00:49
 [  3%]  Time step       66 of 2813 @ t_step =       65 Time Avg = 1.795060E-02 Time/step= 1.815200E-02 ETA (HH:MM:SS) = 0:00:49
 [  3%]  Time step       67 of 2813 @ t_step =       66 Time Avg = 1.794850E-02 Time/step= 1.781600E-02 ETA (HH:MM:SS) = 0:00:49
 [  3%]  Time step       68 of 2813 @ t_step =       67 Time Avg = 1.794317E-02 Time/step= 1.760200E-02 ETA (HH:MM:SS) = 0:00:49
 [  3%]  Time step       69 of 2813 @ t_step =       68 Time Avg = 1.793859E-02 Time/step= 1.764100E-02 ETA (HH:MM:SS) = 0:00:49
 [  3%]  Time step       70 of 2813 @ t_step =       69 Time Avg = 1.793676E-02 Time/step= 1.781600E-02 ETA (HH:MM:SS) = 0:00:49
 [  3%]  Time step       71 of 2813 @ t_step =       70 Time Avg = 1.793999E-02 Time/step= 1.815600E-02 ETA (HH:MM:SS) = 0:00:49
 [  3%]  Time step       72 of 2813 @ t_step =       71 Time Avg = 1.793878E-02 Time/step= 1.785700E-02 ETA (HH:MM:SS) = 0:00:49
 [  3%]  Time step       73 of 2813 @ t_step =       72 Time Avg = 1.793739E-02 Time/step= 1.784100E-02 ETA (HH:MM:SS) = 0:00:49
 [  3%]  Time step       74 of 2813 @ t_step =       73 Time Avg = 1.793262E-02 Time/step= 1.759900E-02 ETA (HH:MM:SS) = 0:00:49
 [  3%]  Time step       75 of 2813 @ t_step =       74 Time Avg = 1.793108E-02 Time/step= 1.782200E-02 ETA (HH:MM:SS) = 0:00:49
 [  3%]  Time step       76 of 2813 @ t_step =       75 Time Avg = 1.793170E-02 Time/step= 1.797600E-02 ETA (HH:MM:SS) = 0:00:49
 [  3%]  Time step       77 of 2813 @ t_step =       76 Time Avg = 1.793950E-02 Time/step= 1.850900E-02 ETA (HH:MM:SS) = 0:00:49
 [  3%]  Time step       78 of 2813 @ t_step =       77 Time Avg = 1.793768E-02 Time/step= 1.780300E-02 ETA (HH:MM:SS) = 0:00:49
 [  3%]  Time step       79 of 2813 @ t_step =       78 Time Avg = 1.794316E-02 Time/step= 1.835400E-02 ETA (HH:MM:SS) = 0:00:49
 [  3%]  Time step       80 of 2813 @ t_step =       79 Time Avg = 1.793969E-02 Time/step= 1.767600E-02 ETA (HH:MM:SS) = 0:00:49
 [  3%]  Time step       81 of 2813 @ t_step =       80 Time Avg = 1.794341E-02 Time/step= 1.823000E-02 ETA (HH:MM:SS) = 0:00:49
 [  3%]  Time step       82 of 2813 @ t_step =       81 Time Avg = 1.793892E-02 Time/step= 1.758900E-02 ETA (HH:MM:SS) = 0:00:48
 [  3%]  Time step       83 of 2813 @ t_step =       82 Time Avg = 1.793540E-02 Time/step= 1.765700E-02 ETA (HH:MM:SS) = 0:00:48
 [  3%]  Time step       84 of 2813 @ t_step =       83 Time Avg = 1.795627E-02 Time/step= 1.962600E-02 ETA (HH:MM:SS) = 0:00:49
 [  3%]  Time step       85 of 2813 @ t_step =       84 Time Avg = 1.795620E-02 Time/step= 1.795000E-02 ETA (HH:MM:SS) = 0:00:48
 [  4%]  Time step       86 of 2813 @ t_step =       85 Time Avg = 1.797401E-02 Time/step= 1.943500E-02 ETA (HH:MM:SS) = 0:00:49
 [  4%]  Time step       87 of 2813 @ t_step =       86 Time Avg = 1.797081E-02 Time/step= 1.770500E-02 ETA (HH:MM:SS) = 0:00:48
 [  4%]  Time step       88 of 2813 @ t_step =       87 Time Avg = 1.796862E-02 Time/step= 1.778500E-02 ETA (HH:MM:SS) = 0:00:48
 [  4%]  Time step       89 of 2813 @ t_step =       88 Time Avg = 1.797681E-02 Time/step= 1.867300E-02 ETA (HH:MM:SS) = 0:00:48
 [  4%]  Time step       90 of 2813 @ t_step =       89 Time Avg = 1.798146E-02 Time/step= 1.838100E-02 ETA (HH:MM:SS) = 0:00:48
 [  4%]  Time step       91 of 2813 @ t_step =       90 Time Avg = 1.798102E-02 Time/step= 1.794300E-02 ETA (HH:MM:SS) = 0:00:48
 [  4%]  Time step       92 of 2813 @ t_step =       91 Time Avg = 1.798194E-02 Time/step= 1.806300E-02 ETA (HH:MM:SS) = 0:00:48
 [  4%]  Time step       93 of 2813 @ t_step =       92 Time Avg = 1.798042E-02 Time/step= 1.784500E-02 ETA (HH:MM:SS) = 0:00:48
 [  4%]  Time step       94 of 2813 @ t_step =       93 Time Avg = 1.798045E-02 Time/step= 1.798300E-02 ETA (HH:MM:SS) = 0:00:48
 [  4%]  Time step       95 of 2813 @ t_step =       94 Time Avg = 1.797638E-02 Time/step= 1.760600E-02 ETA (HH:MM:SS) = 0:00:48
 [  4%]  Time step       96 of 2813 @ t_step =       95 Time Avg = 1.797633E-02 Time/step= 1.797200E-02 ETA (HH:MM:SS) = 0:00:48
 [  4%]  Time step       97 of 2813 @ t_step =       96 Time Avg = 1.797198E-02 Time/step= 1.756700E-02 ETA (HH:MM:SS) = 0:00:48
 [  4%]  Time step       98 of 2813 @ t_step =       97 Time Avg = 1.797181E-02 Time/step= 1.795600E-02 ETA (HH:MM:SS) = 0:00:48
 [  4%]  Time step       99 of 2813 @ t_step =       98 Time Avg = 1.797161E-02 Time/step= 1.795300E-02 ETA (HH:MM:SS) = 0:00:48
 [  4%]  Time step      100 of 2813 @ t_step =       99 Time Avg = 1.797054E-02 Time/step= 1.786700E-02 ETA (HH:MM:SS) = 0:00:48
 [  4%]  Time step      101 of 2813 @ t_step =      100 Time Avg = 1.797104E-02 Time/step= 1.802000E-02 ETA (HH:MM:SS) = 0:00:48
 [  4%]  Time step      102 of 2813 @ t_step =      101 Time Avg = 1.796659E-02 Time/step= 1.753000E-02 ETA (HH:MM:SS) = 0:00:48
 [  4%]  Time step      103 of 2813 @ t_step =      102 Time Avg = 1.796799E-02 Time/step= 1.810700E-02 ETA (HH:MM:SS) = 0:00:48
 [  4%]  Time step      104 of 2813 @ t_step =      103 Time Avg = 1.796442E-02 Time/step= 1.760700E-02 ETA (HH:MM:SS) = 0:00:48
 [  4%]  Time step      105 of 2813 @ t_step =      104 Time Avg = 1.796598E-02 Time/step= 1.812400E-02 ETA (HH:MM:SS) = 0:00:48
 [  4%]  Time step      106 of 2813 @ t_step =      105 Time Avg = 1.796308E-02 Time/step= 1.766700E-02 ETA (HH:MM:SS) = 0:00:48
 [  4%]  Time step      107 of 2813 @ t_step =      106 Time Avg = 1.796530E-02 Time/step= 1.819400E-02 ETA (HH:MM:SS) = 0:00:48
 [  4%]  Time step      108 of 2813 @ t_step =      107 Time Avg = 1.796328E-02 Time/step= 1.775300E-02 ETA (HH:MM:SS) = 0:00:48
 [  4%]  Time step      109 of 2813 @ t_step =      108 Time Avg = 1.796362E-02 Time/step= 1.800000E-02 ETA (HH:MM:SS) = 0:00:48
 [  4%]  Time step      110 of 2813 @ t_step =      109 Time Avg = 1.796243E-02 Time/step= 1.783600E-02 ETA (HH:MM:SS) = 0:00:48
 [  4%]  Time step      111 of 2813 @ t_step =      110 Time Avg = 1.795910E-02 Time/step= 1.760300E-02 ETA (HH:MM:SS) = 0:00:48
 [  4%]  Time step      112 of 2813 @ t_step =      111 Time Avg = 1.795588E-02 Time/step= 1.760800E-02 ETA (HH:MM:SS) = 0:00:48
 [  4%]  Time step      113 of 2813 @ t_step =      112 Time Avg = 1.795697E-02 Time/step= 1.807600E-02 ETA (HH:MM:SS) = 0:00:48
 [  5%]  Time step      114 of 2813 @ t_step =      113 Time Avg = 1.795645E-02 Time/step= 1.789900E-02 ETA (HH:MM:SS) = 0:00:48
 [  5%]  Time step      115 of 2813 @ t_step =      114 Time Avg = 1.795557E-02 Time/step= 1.785800E-02 ETA (HH:MM:SS) = 0:00:48
 [  5%]  Time step      116 of 2813 @ t_step =      115 Time Avg = 1.795495E-02 Time/step= 1.788500E-02 ETA (HH:MM:SS) = 0:00:48
 [  5%]  Time step      117 of 2813 @ t_step =      116 Time Avg = 1.795236E-02 Time/step= 1.766000E-02 ETA (HH:MM:SS) = 0:00:48
 [  5%]  Time step      118 of 2813 @ t_step =      117 Time Avg = 1.795848E-02 Time/step= 1.865600E-02 ETA (HH:MM:SS) = 0:00:48
 [  5%]  Time step      119 of 2813 @ t_step =      118 Time Avg = 1.795895E-02 Time/step= 1.801300E-02 ETA (HH:MM:SS) = 0:00:48
 [  5%]  Time step      120 of 2813 @ t_step =      119 Time Avg = 1.795838E-02 Time/step= 1.789300E-02 ETA (HH:MM:SS) = 0:00:48
 [  5%]  Time step      121 of 2813 @ t_step =      120 Time Avg = 1.795476E-02 Time/step= 1.753100E-02 ETA (HH:MM:SS) = 0:00:48
 [  5%]  Time step      122 of 2813 @ t_step =      121 Time Avg = 1.795497E-02 Time/step= 1.797900E-02 ETA (HH:MM:SS) = 0:00:48
 [  5%]  Time step      123 of 2813 @ t_step =      122 Time Avg = 1.795158E-02 Time/step= 1.754900E-02 ETA (HH:MM:SS) = 0:00:48
 [  5%]  Time step      124 of 2813 @ t_step =      123 Time Avg = 1.795026E-02 Time/step= 1.779200E-02 ETA (HH:MM:SS) = 0:00:48
 [  5%]  Time step      125 of 2813 @ t_step =      124 Time Avg = 1.794622E-02 Time/step= 1.745700E-02 ETA (HH:MM:SS) = 0:00:48
 [  5%]  Time step      126 of 2813 @ t_step =      125 Time Avg = 1.794367E-02 Time/step= 1.763200E-02 ETA (HH:MM:SS) = 0:00:48
 [  5%]  Time step      127 of 2813 @ t_step =      126 Time Avg = 1.794219E-02 Time/step= 1.776100E-02 ETA (HH:MM:SS) = 0:00:48
 [  5%]  Time step      128 of 2813 @ t_step =      127 Time Avg = 1.794502E-02 Time/step= 1.829500E-02 ETA (HH:MM:SS) = 0:00:48
 [  5%]  Time step      129 of 2813 @ t_step =      128 Time Avg = 1.794641E-02 Time/step= 1.812100E-02 ETA (HH:MM:SS) = 0:00:48
 [  5%]  Time step      130 of 2813 @ t_step =      129 Time Avg = 1.794693E-02 Time/step= 1.801200E-02 ETA (HH:MM:SS) = 0:00:48
 [  5%]  Time step      131 of 2813 @ t_step =      130 Time Avg = 1.794685E-02 Time/step= 1.793700E-02 ETA (HH:MM:SS) = 0:00:48
 [  5%]  Time step      132 of 2813 @ t_step =      131 Time Avg = 1.794731E-02 Time/step= 1.800600E-02 ETA (HH:MM:SS) = 0:00:48
 [  5%]  Time step      133 of 2813 @ t_step =      132 Time Avg = 1.794596E-02 Time/step= 1.777200E-02 ETA (HH:MM:SS) = 0:00:48
 [  5%]  Time step      134 of 2813 @ t_step =      133 Time Avg = 1.794291E-02 Time/step= 1.754600E-02 ETA (HH:MM:SS) = 0:00:48
 [  5%]  Time step      135 of 2813 @ t_step =      134 Time Avg = 1.794281E-02 Time/step= 1.793000E-02 ETA (HH:MM:SS) = 0:00:48
 [  5%]  Time step      136 of 2813 @ t_step =      135 Time Avg = 1.793962E-02 Time/step= 1.751800E-02 ETA (HH:MM:SS) = 0:00:48
 [  5%]  Time step      137 of 2813 @ t_step =      136 Time Avg = 1.793937E-02 Time/step= 1.790600E-02 ETA (HH:MM:SS) = 0:00:48
 [  5%]  Time step      138 of 2813 @ t_step =      137 Time Avg = 1.793634E-02 Time/step= 1.753100E-02 ETA (HH:MM:SS) = 0:00:47
 [  5%]  Time step      139 of 2813 @ t_step =      138 Time Avg = 1.793349E-02 Time/step= 1.754900E-02 ETA (HH:MM:SS) = 0:00:47
 [  5%]  Time step      140 of 2813 @ t_step =      139 Time Avg = 1.793310E-02 Time/step= 1.788000E-02 ETA (HH:MM:SS) = 0:00:47
 [  5%]  Time step      141 of 2813 @ t_step =      140 Time Avg = 1.793019E-02 Time/step= 1.753100E-02 ETA (HH:MM:SS) = 0:00:47
 [  6%]  Time step      142 of 2813 @ t_step =      141 Time Avg = 1.793081E-02 Time/step= 1.801700E-02 ETA (HH:MM:SS) = 0:00:47
 [  6%]  Time step      143 of 2813 @ t_step =      142 Time Avg = 1.792831E-02 Time/step= 1.758000E-02 ETA (HH:MM:SS) = 0:00:47
 [  6%]  Time step      144 of 2813 @ t_step =      143 Time Avg = 1.792913E-02 Time/step= 1.804400E-02 ETA (HH:MM:SS) = 0:00:47
 [  6%]  Time step      145 of 2813 @ t_step =      144 Time Avg = 1.792602E-02 Time/step= 1.748800E-02 ETA (HH:MM:SS) = 0:00:47
 [  6%]  Time step      146 of 2813 @ t_step =      145 Time Avg = 1.792344E-02 Time/step= 1.755700E-02 ETA (HH:MM:SS) = 0:00:47
 [  6%]  Time step      147 of 2813 @ t_step =      146 Time Avg = 1.792578E-02 Time/step= 1.826100E-02 ETA (HH:MM:SS) = 0:00:47
 [  6%]  Time step      148 of 2813 @ t_step =      147 Time Avg = 1.792788E-02 Time/step= 1.822900E-02 ETA (HH:MM:SS) = 0:00:47
 [  6%]  Time step      149 of 2813 @ t_step =      148 Time Avg = 1.792590E-02 Time/step= 1.764000E-02 ETA (HH:MM:SS) = 0:00:47
 [  6%]  Time step      150 of 2813 @ t_step =      149 Time Avg = 1.792337E-02 Time/step= 1.755300E-02 ETA (HH:MM:SS) = 0:00:47
 [  6%]  Time step      151 of 2813 @ t_step =      150 Time Avg = 1.792118E-02 Time/step= 1.759900E-02 ETA (HH:MM:SS) = 0:00:47
 [  6%]  Time step      152 of 2813 @ t_step =      151 Time Avg = 1.792033E-02 Time/step= 1.779500E-02 ETA (HH:MM:SS) = 0:00:47
 [  6%]  Time step      153 of 2813 @ t_step =      152 Time Avg = 1.792096E-02 Time/step= 1.801500E-02 ETA (HH:MM:SS) = 0:00:47
 [  6%]  Time step      154 of 2813 @ t_step =      153 Time Avg = 1.792012E-02 Time/step= 1.779400E-02 ETA (HH:MM:SS) = 0:00:47
 [  6%]  Time step      155 of 2813 @ t_step =      154 Time Avg = 1.791964E-02 Time/step= 1.784800E-02 ETA (HH:MM:SS) = 0:00:47
 [  6%]  Time step      156 of 2813 @ t_step =      155 Time Avg = 1.791708E-02 Time/step= 1.752700E-02 ETA (HH:MM:SS) = 0:00:47
 [  6%]  Time step      157 of 2813 @ t_step =      156 Time Avg = 1.791747E-02 Time/step= 1.797800E-02 ETA (HH:MM:SS) = 0:00:47
 [  6%]  Time step      158 of 2813 @ t_step =      157 Time Avg = 1.791685E-02 Time/step= 1.782100E-02 ETA (HH:MM:SS) = 0:00:47
 [  6%]  Time step      159 of 2813 @ t_step =      158 Time Avg = 1.791712E-02 Time/step= 1.795900E-02 ETA (HH:MM:SS) = 0:00:47
 [  6%]  Time step      160 of 2813 @ t_step =      159 Time Avg = 1.791635E-02 Time/step= 1.779600E-02 ETA (HH:MM:SS) = 0:00:47
 [  6%]  Time step      161 of 2813 @ t_step =      160 Time Avg = 1.791429E-02 Time/step= 1.759100E-02 ETA (HH:MM:SS) = 0:00:47
 [  6%]  Time step      162 of 2813 @ t_step =      161 Time Avg = 1.791318E-02 Time/step= 1.773800E-02 ETA (HH:MM:SS) = 0:00:47
 [  6%]  Time step      163 of 2813 @ t_step =      162 Time Avg = 1.791294E-02 Time/step= 1.787400E-02 ETA (HH:MM:SS) = 0:00:47
 [  6%]  Time step      164 of 2813 @ t_step =      163 Time Avg = 1.791254E-02 Time/step= 1.784900E-02 ETA (HH:MM:SS) = 0:00:47
 [  6%]  Time step      165 of 2813 @ t_step =      164 Time Avg = 1.791044E-02 Time/step= 1.757300E-02 ETA (HH:MM:SS) = 0:00:47
 [  6%]  Time step      166 of 2813 @ t_step =      165 Time Avg = 1.791155E-02 Time/step= 1.809100E-02 ETA (HH:MM:SS) = 0:00:47
 [  6%]  Time step      167 of 2813 @ t_step =      166 Time Avg = 1.790985E-02 Time/step= 1.763300E-02 ETA (HH:MM:SS) = 0:00:47
 [  6%]  Time step      168 of 2813 @ t_step =      167 Time Avg = 1.791096E-02 Time/step= 1.809300E-02 ETA (HH:MM:SS) = 0:00:47
 [  6%]  Time step      169 of 2813 @ t_step =      168 Time Avg = 1.790898E-02 Time/step= 1.758200E-02 ETA (HH:MM:SS) = 0:00:47
 [  7%]  Time step      170 of 2813 @ t_step =      169 Time Avg = 1.790834E-02 Time/step= 1.780200E-02 ETA (HH:MM:SS) = 0:00:47
 [  7%]  Time step      171 of 2813 @ t_step =      170 Time Avg = 1.790622E-02 Time/step= 1.755200E-02 ETA (HH:MM:SS) = 0:00:47
 [  7%]  Time step      172 of 2813 @ t_step =      171 Time Avg = 1.790480E-02 Time/step= 1.766700E-02 ETA (HH:MM:SS) = 0:00:47
 [  7%]  Time step      173 of 2813 @ t_step =      172 Time Avg = 1.790366E-02 Time/step= 1.771000E-02 ETA (HH:MM:SS) = 0:00:47
 [  7%]  Time step      174 of 2813 @ t_step =      173 Time Avg = 1.790202E-02 Time/step= 1.762300E-02 ETA (HH:MM:SS) = 0:00:47
 [  7%]  Time step      175 of 2813 @ t_step =      174 Time Avg = 1.790252E-02 Time/step= 1.798800E-02 ETA (HH:MM:SS) = 0:00:47
 [  7%]  Time step      176 of 2813 @ t_step =      175 Time Avg = 1.790672E-02 Time/step= 1.862900E-02 ETA (HH:MM:SS) = 0:00:47
 [  7%]  Time step      177 of 2813 @ t_step =      176 Time Avg = 1.790682E-02 Time/step= 1.792400E-02 ETA (HH:MM:SS) = 0:00:47
 [  7%]  Time step      178 of 2813 @ t_step =      177 Time Avg = 1.790648E-02 Time/step= 1.784800E-02 ETA (HH:MM:SS) = 0:00:47
 [  7%]  Time step      179 of 2813 @ t_step =      178 Time Avg = 1.790473E-02 Time/step= 1.759800E-02 ETA (HH:MM:SS) = 0:00:47
 [  7%]  Time step      180 of 2813 @ t_step =      179 Time Avg = 1.790339E-02 Time/step= 1.766800E-02 ETA (HH:MM:SS) = 0:00:47
 [  7%]  Time step      181 of 2813 @ t_step =      180 Time Avg = 1.790300E-02 Time/step= 1.783400E-02 ETA (HH:MM:SS) = 0:00:47
 [  7%]  Time step      182 of 2813 @ t_step =      181 Time Avg = 1.790155E-02 Time/step= 1.764300E-02 ETA (HH:MM:SS) = 0:00:47
 [  7%]  Time step      183 of 2813 @ t_step =      182 Time Avg = 1.790118E-02 Time/step= 1.783600E-02 ETA (HH:MM:SS) = 0:00:47
 [  7%]  Time step      184 of 2813 @ t_step =      183 Time Avg = 1.790023E-02 Time/step= 1.772800E-02 ETA (HH:MM:SS) = 0:00:47
 [  7%]  Time step      185 of 2813 @ t_step =      184 Time Avg = 1.790047E-02 Time/step= 1.794400E-02 ETA (HH:MM:SS) = 0:00:47
 [  7%]  Time step      186 of 2813 @ t_step =      185 Time Avg = 1.790004E-02 Time/step= 1.782300E-02 ETA (HH:MM:SS) = 0:00:47
 [  7%]  Time step      187 of 2813 @ t_step =      186 Time Avg = 1.789844E-02 Time/step= 1.760500E-02 ETA (HH:MM:SS) = 0:00:47
 [  7%]  Time step      188 of 2813 @ t_step =      187 Time Avg = 1.789666E-02 Time/step= 1.756900E-02 ETA (HH:MM:SS) = 0:00:46
 [  7%]  Time step      189 of 2813 @ t_step =      188 Time Avg = 1.789665E-02 Time/step= 1.789500E-02 ETA (HH:MM:SS) = 0:00:46
 [  7%]  Time step      190 of 2813 @ t_step =      189 Time Avg = 1.789707E-02 Time/step= 1.797600E-02 ETA (HH:MM:SS) = 0:00:46
 [  7%]  Time step      191 of 2813 @ t_step =      190 Time Avg = 1.789661E-02 Time/step= 1.781000E-02 ETA (HH:MM:SS) = 0:00:46
 [  7%]  Time step      192 of 2813 @ t_step =      191 Time Avg = 1.789705E-02 Time/step= 1.797900E-02 ETA (HH:MM:SS) = 0:00:46
 [  7%]  Time step      193 of 2813 @ t_step =      192 Time Avg = 1.790569E-02 Time/step= 1.954000E-02 ETA (HH:MM:SS) = 0:00:46
 [  7%]  Time step      194 of 2813 @ t_step =      193 Time Avg = 1.790516E-02 Time/step= 1.780400E-02 ETA (HH:MM:SS) = 0:00:46
 [  7%]  Time step      195 of 2813 @ t_step =      194 Time Avg = 1.790541E-02 Time/step= 1.795200E-02 ETA (HH:MM:SS) = 0:00:46
 [  7%]  Time step      196 of 2813 @ t_step =      195 Time Avg = 1.790503E-02 Time/step= 1.783300E-02 ETA (HH:MM:SS) = 0:00:46
 [  7%]  Time step      197 of 2813 @ t_step =      196 Time Avg = 1.790899E-02 Time/step= 1.867300E-02 ETA (HH:MM:SS) = 0:00:46
 [  8%]  Time step      198 of 2813 @ t_step =      197 Time Avg = 1.790703E-02 Time/step= 1.752600E-02 ETA (HH:MM:SS) = 0:00:46
 [  8%]  Time step      199 of 2813 @ t_step =      198 Time Avg = 1.790656E-02 Time/step= 1.781600E-02 ETA (HH:MM:SS) = 0:00:46
 [  8%]  Time step      200 of 2813 @ t_step =      199 Time Avg = 1.790638E-02 Time/step= 1.787000E-02 ETA (HH:MM:SS) = 0:00:46
 [  8%]  Time step      201 of 2813 @ t_step =      200 Time Avg = 1.790494E-02 Time/step= 1.762200E-02 ETA (HH:MM:SS) = 0:00:46
 [  8%]  Time step      202 of 2813 @ t_step =      201 Time Avg = 1.790531E-02 Time/step= 1.797900E-02 ETA (HH:MM:SS) = 0:00:46
 [  8%]  Time step      203 of 2813 @ t_step =      202 Time Avg = 1.790572E-02 Time/step= 1.798700E-02 ETA (HH:MM:SS) = 0:00:46
 [  8%]  Time step      204 of 2813 @ t_step =      203 Time Avg = 1.790599E-02 Time/step= 1.796000E-02 ETA (HH:MM:SS) = 0:00:46
 [  8%]  Time step      205 of 2813 @ t_step =      204 Time Avg = 1.790950E-02 Time/step= 1.861500E-02 ETA (HH:MM:SS) = 0:00:46
 [  8%]  Time step      206 of 2813 @ t_step =      205 Time Avg = 1.790839E-02 Time/step= 1.768500E-02 ETA (HH:MM:SS) = 0:00:46
 [  8%]  Time step      207 of 2813 @ t_step =      206 Time Avg = 1.790863E-02 Time/step= 1.795600E-02 ETA (HH:MM:SS) = 0:00:46
 [  8%]  Time step      208 of 2813 @ t_step =      207 Time Avg = 1.790825E-02 Time/step= 1.783100E-02 ETA (HH:MM:SS) = 0:00:46
 [  8%]  Time step      209 of 2813 @ t_step =      208 Time Avg = 1.790790E-02 Time/step= 1.783700E-02 ETA (HH:MM:SS) = 0:00:46
 [  8%]  Time step      210 of 2813 @ t_step =      209 Time Avg = 1.790807E-02 Time/step= 1.794300E-02 ETA (HH:MM:SS) = 0:00:46
 [  8%]  Time step      211 of 2813 @ t_step =      210 Time Avg = 1.790655E-02 Time/step= 1.759100E-02 ETA (HH:MM:SS) = 0:00:46
 [  8%]  Time step      212 of 2813 @ t_step =      211 Time Avg = 1.790693E-02 Time/step= 1.798700E-02 ETA (HH:MM:SS) = 0:00:46
 [  8%]  Time step      213 of 2813 @ t_step =      212 Time Avg = 1.790762E-02 Time/step= 1.805100E-02 ETA (HH:MM:SS) = 0:00:46
 [  8%]  Time step      214 of 2813 @ t_step =      213 Time Avg = 1.790787E-02 Time/step= 1.796000E-02 ETA (HH:MM:SS) = 0:00:46
 [  8%]  Time step      215 of 2813 @ t_step =      214 Time Avg = 1.790640E-02 Time/step= 1.759600E-02 ETA (HH:MM:SS) = 0:00:46
 [  8%]  Time step      216 of 2813 @ t_step =      215 Time Avg = 1.790709E-02 Time/step= 1.805500E-02 ETA (HH:MM:SS) = 0:00:46
 [  8%]  Time step      217 of 2813 @ t_step =      216 Time Avg = 1.790678E-02 Time/step= 1.784000E-02 ETA (HH:MM:SS) = 0:00:46
 [  8%]  Time step      218 of 2813 @ t_step =      217 Time Avg = 1.790689E-02 Time/step= 1.793000E-02 ETA (HH:MM:SS) = 0:00:46
 [  8%]  Time step      219 of 2813 @ t_step =      218 Time Avg = 1.790635E-02 Time/step= 1.779100E-02 ETA (HH:MM:SS) = 0:00:46
 [  8%]  Time step      220 of 2813 @ t_step =      219 Time Avg = 1.790589E-02 Time/step= 1.780700E-02 ETA (HH:MM:SS) = 0:00:46
 [  8%]  Time step      221 of 2813 @ t_step =      220 Time Avg = 1.790418E-02 Time/step= 1.753200E-02 ETA (HH:MM:SS) = 0:00:46
 [  8%]  Time step      222 of 2813 @ t_step =      221 Time Avg = 1.790416E-02 Time/step= 1.790100E-02 ETA (HH:MM:SS) = 0:00:46
 [  8%]  Time step      223 of 2813 @ t_step =      222 Time Avg = 1.790383E-02 Time/step= 1.783000E-02 ETA (HH:MM:SS) = 0:00:46
 [  8%]  Time step      224 of 2813 @ t_step =      223 Time Avg = 1.790467E-02 Time/step= 1.809000E-02 ETA (HH:MM:SS) = 0:00:46
 [  8%]  Time step      225 of 2813 @ t_step =      224 Time Avg = 1.790447E-02 Time/step= 1.786100E-02 ETA (HH:MM:SS) = 0:00:46
 [  8%]  Time step      226 of 2813 @ t_step =      225 Time Avg = 1.790286E-02 Time/step= 1.754400E-02 ETA (HH:MM:SS) = 0:00:46
 [  9%]  Time step      227 of 2813 @ t_step =      226 Time Avg = 1.790244E-02 Time/step= 1.781000E-02 ETA (HH:MM:SS) = 0:00:46
 [  9%]  Time step      228 of 2813 @ t_step =      227 Time Avg = 1.790273E-02 Time/step= 1.796800E-02 ETA (HH:MM:SS) = 0:00:46
 [  9%]  Time step      229 of 2813 @ t_step =      228 Time Avg = 1.790145E-02 Time/step= 1.761200E-02 ETA (HH:MM:SS) = 0:00:46
 [  9%]  Time step      230 of 2813 @ t_step =      229 Time Avg = 1.790189E-02 Time/step= 1.800100E-02 ETA (HH:MM:SS) = 0:00:46
 [  9%]  Time step      231 of 2813 @ t_step =      230 Time Avg = 1.790041E-02 Time/step= 1.756500E-02 ETA (HH:MM:SS) = 0:00:46
 [  9%]  Time step      232 of 2813 @ t_step =      231 Time Avg = 1.790075E-02 Time/step= 1.797800E-02 ETA (HH:MM:SS) = 0:00:46
 [  9%]  Time step      233 of 2813 @ t_step =      232 Time Avg = 1.789977E-02 Time/step= 1.767600E-02 ETA (HH:MM:SS) = 0:00:46
 [  9%]  Time step      234 of 2813 @ t_step =      233 Time Avg = 1.790274E-02 Time/step= 1.858700E-02 ETA (HH:MM:SS) = 0:00:46
 [  9%]  Time step      235 of 2813 @ t_step =      234 Time Avg = 1.790226E-02 Time/step= 1.779100E-02 ETA (HH:MM:SS) = 0:00:46
 [  9%]  Time step      236 of 2813 @ t_step =      235 Time Avg = 1.790168E-02 Time/step= 1.776600E-02 ETA (HH:MM:SS) = 0:00:46
 [  9%]  Time step      237 of 2813 @ t_step =      236 Time Avg = 1.790189E-02 Time/step= 1.795100E-02 ETA (HH:MM:SS) = 0:00:46
 [  9%]  Time step      238 of 2813 @ t_step =      237 Time Avg = 1.790031E-02 Time/step= 1.753100E-02 ETA (HH:MM:SS) = 0:00:46
 [  9%]  Time step      239 of 2813 @ t_step =      238 Time Avg = 1.790051E-02 Time/step= 1.794800E-02 ETA (HH:MM:SS) = 0:00:46
 [  9%]  Time step      240 of 2813 @ t_step =      239 Time Avg = 1.789916E-02 Time/step= 1.758000E-02 ETA (HH:MM:SS) = 0:00:46
 [  9%]  Time step      241 of 2813 @ t_step =      240 Time Avg = 1.789795E-02 Time/step= 1.761200E-02 ETA (HH:MM:SS) = 0:00:46
 [  9%]  Time step      242 of 2813 @ t_step =      241 Time Avg = 1.789659E-02 Time/step= 1.757300E-02 ETA (HH:MM:SS) = 0:00:46
 [  9%]  Time step      243 of 2813 @ t_step =      242 Time Avg = 1.789548E-02 Time/step= 1.763000E-02 ETA (HH:MM:SS) = 0:00:45
 [  9%]  Time step      244 of 2813 @ t_step =      243 Time Avg = 1.789442E-02 Time/step= 1.763900E-02 ETA (HH:MM:SS) = 0:00:45
 [  9%]  Time step      245 of 2813 @ t_step =      244 Time Avg = 1.789404E-02 Time/step= 1.780300E-02 ETA (HH:MM:SS) = 0:00:45
 [  9%]  Time step      246 of 2813 @ t_step =      245 Time Avg = 1.789314E-02 Time/step= 1.767400E-02 ETA (HH:MM:SS) = 0:00:45
 [  9%]  Time step      247 of 2813 @ t_step =      246 Time Avg = 1.789183E-02 Time/step= 1.757400E-02 ETA (HH:MM:SS) = 0:00:45
 [  9%]  Time step      248 of 2813 @ t_step =      247 Time Avg = 1.789315E-02 Time/step= 1.821600E-02 ETA (HH:MM:SS) = 0:00:45
 [  9%]  Time step      249 of 2813 @ t_step =      248 Time Avg = 1.789176E-02 Time/step= 1.755100E-02 ETA (HH:MM:SS) = 0:00:45
 [  9%]  Time step      250 of 2813 @ t_step =      249 Time Avg = 1.789376E-02 Time/step= 1.838500E-02 ETA (HH:MM:SS) = 0:00:45
 [  9%]  Time step      251 of 2813 @ t_step =      250 Time Avg = 1.789653E-02 Time/step= 1.858200E-02 ETA (HH:MM:SS) = 0:00:45
 [  9%]  Time step      252 of 2813 @ t_step =      251 Time Avg = 1.789851E-02 Time/step= 1.838900E-02 ETA (HH:MM:SS) = 0:00:45
 [  9%]  Time step      253 of 2813 @ t_step =      252 Time Avg = 1.789940E-02 Time/step= 1.812100E-02 ETA (HH:MM:SS) = 0:00:45
 [  9%]  Time step      254 of 2813 @ t_step =      253 Time Avg = 1.789847E-02 Time/step= 1.766600E-02 ETA (HH:MM:SS) = 0:00:45
 [ 10%]  Time step      255 of 2813 @ t_step =      254 Time Avg = 1.789774E-02 Time/step= 1.771400E-02 ETA (HH:MM:SS) = 0:00:45
 [ 10%]  Time step      256 of 2813 @ t_step =      255 Time Avg = 1.789797E-02 Time/step= 1.795700E-02 ETA (HH:MM:SS) = 0:00:45
 [ 10%]  Time step      257 of 2813 @ t_step =      256 Time Avg = 1.789714E-02 Time/step= 1.768700E-02 ETA (HH:MM:SS) = 0:00:45
 [ 10%]  Time step      258 of 2813 @ t_step =      257 Time Avg = 1.789718E-02 Time/step= 1.790600E-02 ETA (HH:MM:SS) = 0:00:45
 [ 10%]  Time step      259 of 2813 @ t_step =      258 Time Avg = 1.789593E-02 Time/step= 1.757700E-02 ETA (HH:MM:SS) = 0:00:45
 [ 10%]  Time step      260 of 2813 @ t_step =      259 Time Avg = 1.789614E-02 Time/step= 1.795100E-02 ETA (HH:MM:SS) = 0:00:45
 [ 10%]  Time step      261 of 2813 @ t_step =      260 Time Avg = 1.789582E-02 Time/step= 1.781300E-02 ETA (HH:MM:SS) = 0:00:45
 [ 10%]  Time step      262 of 2813 @ t_step =      261 Time Avg = 1.789614E-02 Time/step= 1.798000E-02 ETA (HH:MM:SS) = 0:00:45
 [ 10%]  Time step      263 of 2813 @ t_step =      262 Time Avg = 1.789843E-02 Time/step= 1.849200E-02 ETA (HH:MM:SS) = 0:00:45
 [ 10%]  Time step      264 of 2813 @ t_step =      263 Time Avg = 1.789797E-02 Time/step= 1.777800E-02 ETA (HH:MM:SS) = 0:00:45
 [ 10%]  Time step      265 of 2813 @ t_step =      264 Time Avg = 1.789845E-02 Time/step= 1.802200E-02 ETA (HH:MM:SS) = 0:00:45
 [ 10%]  Time step      266 of 2813 @ t_step =      265 Time Avg = 1.789830E-02 Time/step= 1.786000E-02 ETA (HH:MM:SS) = 0:00:45
 [ 10%]  Time step      267 of 2813 @ t_step =      266 Time Avg = 1.789825E-02 Time/step= 1.788500E-02 ETA (HH:MM:SS) = 0:00:45
 [ 10%]  Time step      268 of 2813 @ t_step =      267 Time Avg = 1.789774E-02 Time/step= 1.776200E-02 ETA (HH:MM:SS) = 0:00:45
 [ 10%]  Time step      269 of 2813 @ t_step =      268 Time Avg = 1.789817E-02 Time/step= 1.801300E-02 ETA (HH:MM:SS) = 0:00:45
 [ 10%]  Time step      270 of 2813 @ t_step =      269 Time Avg = 1.789741E-02 Time/step= 1.769500E-02 ETA (HH:MM:SS) = 0:00:45
 [ 10%]  Time step      271 of 2813 @ t_step =      270 Time Avg = 1.789791E-02 Time/step= 1.803300E-02 ETA (HH:MM:SS) = 0:00:45
 [ 10%]  Time step      272 of 2813 @ t_step =      271 Time Avg = 1.789663E-02 Time/step= 1.755200E-02 ETA (HH:MM:SS) = 0:00:45
 [ 10%]  Time step      273 of 2813 @ t_step =      272 Time Avg = 1.789701E-02 Time/step= 1.800100E-02 ETA (HH:MM:SS) = 0:00:45
 [ 10%]  Time step      274 of 2813 @ t_step =      273 Time Avg = 1.789658E-02 Time/step= 1.777800E-02 ETA (HH:MM:SS) = 0:00:45
 [ 10%]  Time step      275 of 2813 @ t_step =      274 Time Avg = 1.789609E-02 Time/step= 1.776400E-02 ETA (HH:MM:SS) = 0:00:45
 [ 10%]  Time step      276 of 2813 @ t_step =      275 Time Avg = 1.789511E-02 Time/step= 1.762900E-02 ETA (HH:MM:SS) = 0:00:45
 [ 10%]  Time step      277 of 2813 @ t_step =      276 Time Avg = 1.789397E-02 Time/step= 1.758200E-02 ETA (HH:MM:SS) = 0:00:45
 [ 10%]  Time step      278 of 2813 @ t_step =      277 Time Avg = 1.789449E-02 Time/step= 1.803800E-02 ETA (HH:MM:SS) = 0:00:45
 [ 10%]  Time step      279 of 2813 @ t_step =      278 Time Avg = 1.789460E-02 Time/step= 1.792400E-02 ETA (HH:MM:SS) = 0:00:45
 [ 10%]  Time step      280 of 2813 @ t_step =      279 Time Avg = 1.789342E-02 Time/step= 1.756900E-02 ETA (HH:MM:SS) = 0:00:45
 [ 10%]  Time step      281 of 2813 @ t_step =      280 Time Avg = 1.789226E-02 Time/step= 1.757100E-02 ETA (HH:MM:SS) = 0:00:45
 [ 10%]  Time step      282 of 2813 @ t_step =      281 Time Avg = 1.789279E-02 Time/step= 1.804000E-02 ETA (HH:MM:SS) = 0:00:45
 [ 11%]  Time step      283 of 2813 @ t_step =      282 Time Avg = 1.789534E-02 Time/step= 1.860700E-02 ETA (HH:MM:SS) = 0:00:45
 [ 11%]  Time step      284 of 2813 @ t_step =      283 Time Avg = 1.789714E-02 Time/step= 1.840000E-02 ETA (HH:MM:SS) = 0:00:45
 [ 11%]  Time step      285 of 2813 @ t_step =      284 Time Avg = 1.789890E-02 Time/step= 1.839300E-02 ETA (HH:MM:SS) = 0:00:45
 [ 11%]  Time step      286 of 2813 @ t_step =      285 Time Avg = 1.790110E-02 Time/step= 1.852200E-02 ETA (HH:MM:SS) = 0:00:45
 [ 11%]  Time step      287 of 2813 @ t_step =      286 Time Avg = 1.790182E-02 Time/step= 1.810700E-02 ETA (HH:MM:SS) = 0:00:45
 [ 11%]  Time step      288 of 2813 @ t_step =      287 Time Avg = 1.790205E-02 Time/step= 1.796600E-02 ETA (HH:MM:SS) = 0:00:45
 [ 11%]  Time step      289 of 2813 @ t_step =      288 Time Avg = 1.790216E-02 Time/step= 1.793500E-02 ETA (HH:MM:SS) = 0:00:45
 [ 11%]  Time step      290 of 2813 @ t_step =      289 Time Avg = 1.790142E-02 Time/step= 1.768900E-02 ETA (HH:MM:SS) = 0:00:45
 [ 11%]  Time step      291 of 2813 @ t_step =      290 Time Avg = 1.790024E-02 Time/step= 1.756100E-02 ETA (HH:MM:SS) = 0:00:45
 [ 11%]  Time step      292 of 2813 @ t_step =      291 Time Avg = 1.790208E-02 Time/step= 1.843300E-02 ETA (HH:MM:SS) = 0:00:45
 [ 11%]  Time step      293 of 2813 @ t_step =      292 Time Avg = 1.790258E-02 Time/step= 1.804700E-02 ETA (HH:MM:SS) = 0:00:45
 [ 11%]  Time step      294 of 2813 @ t_step =      293 Time Avg = 1.790189E-02 Time/step= 1.770100E-02 ETA (HH:MM:SS) = 0:00:45
 [ 11%]  Time step      295 of 2813 @ t_step =      294 Time Avg = 1.790085E-02 Time/step= 1.759800E-02 ETA (HH:MM:SS) = 0:00:45
 [ 11%]  Time step      296 of 2813 @ t_step =      295 Time Avg = 1.790056E-02 Time/step= 1.781600E-02 ETA (HH:MM:SS) = 0:00:45
 [ 11%]  Time step      297 of 2813 @ t_step =      296 Time Avg = 1.790106E-02 Time/step= 1.804800E-02 ETA (HH:MM:SS) = 0:00:45
 [ 11%]  Time step      298 of 2813 @ t_step =      297 Time Avg = 1.789975E-02 Time/step= 1.751300E-02 ETA (HH:MM:SS) = 0:00:45
 [ 11%]  Time step      299 of 2813 @ t_step =      298 Time Avg = 1.790007E-02 Time/step= 1.799600E-02 ETA (HH:MM:SS) = 0:00:45
 [ 11%]  Time step      300 of 2813 @ t_step =      299 Time Avg = 1.789907E-02 Time/step= 1.760400E-02 ETA (HH:MM:SS) = 0:00:44
 [ 11%]  Time step      301 of 2813 @ t_step =      300 Time Avg = 1.789950E-02 Time/step= 1.802700E-02 ETA (HH:MM:SS) = 0:00:44
 [ 11%]  Time step      302 of 2813 @ t_step =      301 Time Avg = 1.789918E-02 Time/step= 1.780400E-02 ETA (HH:MM:SS) = 0:00:44
 [ 11%]  Time step      303 of 2813 @ t_step =      302 Time Avg = 1.789815E-02 Time/step= 1.759000E-02 ETA (HH:MM:SS) = 0:00:44
 [ 11%]  Time step      304 of 2813 @ t_step =      303 Time Avg = 1.789692E-02 Time/step= 1.752600E-02 ETA (HH:MM:SS) = 0:00:44
 [ 11%]  Time step      305 of 2813 @ t_step =      304 Time Avg = 1.789690E-02 Time/step= 1.789200E-02 ETA (HH:MM:SS) = 0:00:44
 [ 11%]  Time step      306 of 2813 @ t_step =      305 Time Avg = 1.789807E-02 Time/step= 1.825100E-02 ETA (HH:MM:SS) = 0:00:44
 [ 11%]  Time step      307 of 2813 @ t_step =      306 Time Avg = 1.789760E-02 Time/step= 1.775600E-02 ETA (HH:MM:SS) = 0:00:44
 [ 11%]  Time step      308 of 2813 @ t_step =      307 Time Avg = 1.789714E-02 Time/step= 1.775800E-02 ETA (HH:MM:SS) = 0:00:44
 [ 11%]  Time step      309 of 2813 @ t_step =      308 Time Avg = 1.789617E-02 Time/step= 1.759900E-02 ETA (HH:MM:SS) = 0:00:44
 [ 11%]  Time step      310 of 2813 @ t_step =      309 Time Avg = 1.789643E-02 Time/step= 1.797600E-02 ETA (HH:MM:SS) = 0:00:44
 [ 12%]  Time step      311 of 2813 @ t_step =      310 Time Avg = 1.789526E-02 Time/step= 1.753700E-02 ETA (HH:MM:SS) = 0:00:44
 [ 12%]  Time step      312 of 2813 @ t_step =      311 Time Avg = 1.789421E-02 Time/step= 1.757000E-02 ETA (HH:MM:SS) = 0:00:44
 [ 12%]  Time step      313 of 2813 @ t_step =      312 Time Avg = 1.789317E-02 Time/step= 1.757100E-02 ETA (HH:MM:SS) = 0:00:44
 [ 12%]  Time step      314 of 2813 @ t_step =      313 Time Avg = 1.789284E-02 Time/step= 1.779100E-02 ETA (HH:MM:SS) = 0:00:44
 [ 12%]  Time step      315 of 2813 @ t_step =      314 Time Avg = 1.789301E-02 Time/step= 1.794700E-02 ETA (HH:MM:SS) = 0:00:44
 [ 12%]  Time step      316 of 2813 @ t_step =      315 Time Avg = 1.789178E-02 Time/step= 1.750600E-02 ETA (HH:MM:SS) = 0:00:44
 [ 12%]  Time step      317 of 2813 @ t_step =      316 Time Avg = 1.789219E-02 Time/step= 1.802300E-02 ETA (HH:MM:SS) = 0:00:44
 [ 12%]  Time step      318 of 2813 @ t_step =      317 Time Avg = 1.789106E-02 Time/step= 1.753500E-02 ETA (HH:MM:SS) = 0:00:44
 [ 12%]  Time step      319 of 2813 @ t_step =      318 Time Avg = 1.789016E-02 Time/step= 1.760500E-02 ETA (HH:MM:SS) = 0:00:44
 [ 12%]  Time step      320 of 2813 @ t_step =      319 Time Avg = 1.788911E-02 Time/step= 1.755800E-02 ETA (HH:MM:SS) = 0:00:44
 [ 12%]  Time step      321 of 2813 @ t_step =      320 Time Avg = 1.789122E-02 Time/step= 1.856000E-02 ETA (HH:MM:SS) = 0:00:44
 [ 12%]  Time step      322 of 2813 @ t_step =      321 Time Avg = 1.789042E-02 Time/step= 1.763600E-02 ETA (HH:MM:SS) = 0:00:44
 [ 12%]  Time step      323 of 2813 @ t_step =      322 Time Avg = 1.789059E-02 Time/step= 1.794500E-02 ETA (HH:MM:SS) = 0:00:44
 [ 12%]  Time step      324 of 2813 @ t_step =      323 Time Avg = 1.789153E-02 Time/step= 1.819200E-02 ETA (HH:MM:SS) = 0:00:44
 [ 12%]  Time step      325 of 2813 @ t_step =      324 Time Avg = 1.789040E-02 Time/step= 1.752900E-02 ETA (HH:MM:SS) = 0:00:44
 [ 12%]  Time step      326 of 2813 @ t_step =      325 Time Avg = 1.789018E-02 Time/step= 1.781900E-02 ETA (HH:MM:SS) = 0:00:44
 [ 12%]  Time step      327 of 2813 @ t_step =      326 Time Avg = 1.788907E-02 Time/step= 1.753100E-02 ETA (HH:MM:SS) = 0:00:44
 [ 12%]  Time step      328 of 2813 @ t_step =      327 Time Avg = 1.789049E-02 Time/step= 1.834900E-02 ETA (HH:MM:SS) = 0:00:44
 [ 12%]  Time step      329 of 2813 @ t_step =      328 Time Avg = 1.788949E-02 Time/step= 1.756700E-02 ETA (HH:MM:SS) = 0:00:44
 [ 12%]  Time step      330 of 2813 @ t_step =      329 Time Avg = 1.789022E-02 Time/step= 1.812600E-02 ETA (HH:MM:SS) = 0:00:44
 [ 12%]  Time step      331 of 2813 @ t_step =      330 Time Avg = 1.788934E-02 Time/step= 1.760100E-02 ETA (HH:MM:SS) = 0:00:44
 [ 12%]  Time step      332 of 2813 @ t_step =      331 Time Avg = 1.788936E-02 Time/step= 1.789700E-02 ETA (HH:MM:SS) = 0:00:44
 [ 12%]  Time step      333 of 2813 @ t_step =      332 Time Avg = 1.788936E-02 Time/step= 1.789100E-02 ETA (HH:MM:SS) = 0:00:44
 [ 12%]  Time step      334 of 2813 @ t_step =      333 Time Avg = 1.789309E-02 Time/step= 1.912400E-02 ETA (HH:MM:SS) = 0:00:44
 [ 12%]  Time step      335 of 2813 @ t_step =      334 Time Avg = 1.789325E-02 Time/step= 1.794500E-02 ETA (HH:MM:SS) = 0:00:44
 [ 12%]  Time step      336 of 2813 @ t_step =      335 Time Avg = 1.789349E-02 Time/step= 1.797200E-02 ETA (HH:MM:SS) = 0:00:44
 [ 12%]  Time step      337 of 2813 @ t_step =      336 Time Avg = 1.789325E-02 Time/step= 1.781500E-02 ETA (HH:MM:SS) = 0:00:44
 [ 12%]  Time step      338 of 2813 @ t_step =      337 Time Avg = 1.789238E-02 Time/step= 1.760000E-02 ETA (HH:MM:SS) = 0:00:44
 [ 13%]  Time step      339 of 2813 @ t_step =      338 Time Avg = 1.789466E-02 Time/step= 1.866100E-02 ETA (HH:MM:SS) = 0:00:44
 [ 13%]  Time step      340 of 2813 @ t_step =      339 Time Avg = 1.789494E-02 Time/step= 1.798900E-02 ETA (HH:MM:SS) = 0:00:44
 [ 13%]  Time step      341 of 2813 @ t_step =      340 Time Avg = 1.789708E-02 Time/step= 1.861600E-02 ETA (HH:MM:SS) = 0:00:44
 [ 13%]  Time step      342 of 2813 @ t_step =      341 Time Avg = 1.789762E-02 Time/step= 1.808000E-02 ETA (HH:MM:SS) = 0:00:44
 [ 13%]  Time step      343 of 2813 @ t_step =      342 Time Avg = 1.789664E-02 Time/step= 1.756500E-02 ETA (HH:MM:SS) = 0:00:44
 [ 13%]  Time step      344 of 2813 @ t_step =      343 Time Avg = 1.789591E-02 Time/step= 1.764800E-02 ETA (HH:MM:SS) = 0:00:44
 [ 13%]  Time step      345 of 2813 @ t_step =      344 Time Avg = 1.789561E-02 Time/step= 1.779500E-02 ETA (HH:MM:SS) = 0:00:44
 [ 13%]  Time step      346 of 2813 @ t_step =      345 Time Avg = 1.789589E-02 Time/step= 1.798900E-02 ETA (HH:MM:SS) = 0:00:44
 [ 13%]  Time step      347 of 2813 @ t_step =      346 Time Avg = 1.789559E-02 Time/step= 1.779300E-02 ETA (HH:MM:SS) = 0:00:44
 [ 13%]  Time step      348 of 2813 @ t_step =      347 Time Avg = 1.789472E-02 Time/step= 1.759600E-02 ETA (HH:MM:SS) = 0:00:44
 [ 13%]  Time step      349 of 2813 @ t_step =      348 Time Avg = 1.789376E-02 Time/step= 1.756200E-02 ETA (HH:MM:SS) = 0:00:44
 [ 13%]  Time step      350 of 2813 @ t_step =      349 Time Avg = 1.789369E-02 Time/step= 1.787100E-02 ETA (HH:MM:SS) = 0:00:44
 [ 13%]  Time step      351 of 2813 @ t_step =      350 Time Avg = 1.789388E-02 Time/step= 1.795800E-02 ETA (HH:MM:SS) = 0:00:44
 [ 13%]  Time step      352 of 2813 @ t_step =      351 Time Avg = 1.789440E-02 Time/step= 1.807600E-02 ETA (HH:MM:SS) = 0:00:44
 [ 13%]  Time step      353 of 2813 @ t_step =      352 Time Avg = 1.789340E-02 Time/step= 1.754600E-02 ETA (HH:MM:SS) = 0:00:44
 [ 13%]  Time step      354 of 2813 @ t_step =      353 Time Avg = 1.789317E-02 Time/step= 1.781300E-02 ETA (HH:MM:SS) = 0:00:43
 [ 13%]  Time step      355 of 2813 @ t_step =      354 Time Avg = 1.789316E-02 Time/step= 1.788900E-02 ETA (HH:MM:SS) = 0:00:43
 [ 13%]  Time step      356 of 2813 @ t_step =      355 Time Avg = 1.789324E-02 Time/step= 1.791900E-02 ETA (HH:MM:SS) = 0:00:43
 [ 13%]  Time step      357 of 2813 @ t_step =      356 Time Avg = 1.789304E-02 Time/step= 1.782400E-02 ETA (HH:MM:SS) = 0:00:43
 [ 13%]  Time step      358 of 2813 @ t_step =      357 Time Avg = 1.789321E-02 Time/step= 1.795500E-02 ETA (HH:MM:SS) = 0:00:43
 [ 13%]  Time step      359 of 2813 @ t_step =      358 Time Avg = 1.789233E-02 Time/step= 1.757800E-02 ETA (HH:MM:SS) = 0:00:43
 [ 13%]  Time step      360 of 2813 @ t_step =      359 Time Avg = 1.789265E-02 Time/step= 1.800800E-02 ETA (HH:MM:SS) = 0:00:43
 [ 13%]  Time step      361 of 2813 @ t_step =      360 Time Avg = 1.789180E-02 Time/step= 1.758800E-02 ETA (HH:MM:SS) = 0:00:43
 [ 13%]  Time step      362 of 2813 @ t_step =      361 Time Avg = 1.789199E-02 Time/step= 1.796000E-02 ETA (HH:MM:SS) = 0:00:43
 [ 13%]  Time step      363 of 2813 @ t_step =      362 Time Avg = 1.789181E-02 Time/step= 1.782600E-02 ETA (HH:MM:SS) = 0:00:43
 [ 13%]  Time step      364 of 2813 @ t_step =      363 Time Avg = 1.789088E-02 Time/step= 1.755500E-02 ETA (HH:MM:SS) = 0:00:43
 [ 13%]  Time step      365 of 2813 @ t_step =      364 Time Avg = 1.788987E-02 Time/step= 1.752800E-02 ETA (HH:MM:SS) = 0:00:43
 [ 13%]  Time step      366 of 2813 @ t_step =      365 Time Avg = 1.788885E-02 Time/step= 1.751900E-02 ETA (HH:MM:SS) = 0:00:43
 [ 14%]  Time step      367 of 2813 @ t_step =      366 Time Avg = 1.788916E-02 Time/step= 1.800300E-02 ETA (HH:MM:SS) = 0:00:43
 [ 14%]  Time step      368 of 2813 @ t_step =      367 Time Avg = 1.788829E-02 Time/step= 1.757100E-02 ETA (HH:MM:SS) = 0:00:43
 [ 14%]  Time step      369 of 2813 @ t_step =      368 Time Avg = 1.788839E-02 Time/step= 1.792300E-02 ETA (HH:MM:SS) = 0:00:43
 [ 14%]  Time step      370 of 2813 @ t_step =      369 Time Avg = 1.788811E-02 Time/step= 1.778500E-02 ETA (HH:MM:SS) = 0:00:43
 [ 14%]  Time step      371 of 2813 @ t_step =      370 Time Avg = 1.788728E-02 Time/step= 1.758500E-02 ETA (HH:MM:SS) = 0:00:43
 [ 14%]  Time step      372 of 2813 @ t_step =      371 Time Avg = 1.788665E-02 Time/step= 1.765400E-02 ETA (HH:MM:SS) = 0:00:43
 [ 14%]  Time step      373 of 2813 @ t_step =      372 Time Avg = 1.788674E-02 Time/step= 1.791900E-02 ETA (HH:MM:SS) = 0:00:43
 [ 14%]  Time step      374 of 2813 @ t_step =      373 Time Avg = 1.788654E-02 Time/step= 1.781400E-02 ETA (HH:MM:SS) = 0:00:43
 [ 14%]  Time step      375 of 2813 @ t_step =      374 Time Avg = 1.788566E-02 Time/step= 1.755900E-02 ETA (HH:MM:SS) = 0:00:43
 [ 14%]  Time step      376 of 2813 @ t_step =      375 Time Avg = 1.788482E-02 Time/step= 1.757000E-02 ETA (HH:MM:SS) = 0:00:43
 [ 14%]  Time step      377 of 2813 @ t_step =      376 Time Avg = 1.788461E-02 Time/step= 1.781000E-02 ETA (HH:MM:SS) = 0:00:43
 [ 14%]  Time step      378 of 2813 @ t_step =      377 Time Avg = 1.788394E-02 Time/step= 1.763000E-02 ETA (HH:MM:SS) = 0:00:43
 [ 14%]  Time step      379 of 2813 @ t_step =      378 Time Avg = 1.788517E-02 Time/step= 1.834800E-02 ETA (HH:MM:SS) = 0:00:43
 [ 14%]  Time step      380 of 2813 @ t_step =      379 Time Avg = 1.788605E-02 Time/step= 1.821700E-02 ETA (HH:MM:SS) = 0:00:43
 [ 14%]  Time step      381 of 2813 @ t_step =      380 Time Avg = 1.788572E-02 Time/step= 1.776200E-02 ETA (HH:MM:SS) = 0:00:43
 [ 14%]  Time step      382 of 2813 @ t_step =      381 Time Avg = 1.788581E-02 Time/step= 1.792000E-02 ETA (HH:MM:SS) = 0:00:43
 [ 14%]  Time step      383 of 2813 @ t_step =      382 Time Avg = 1.788514E-02 Time/step= 1.763200E-02 ETA (HH:MM:SS) = 0:00:43
 [ 14%]  Time step      384 of 2813 @ t_step =      383 Time Avg = 1.788439E-02 Time/step= 1.759700E-02 ETA (HH:MM:SS) = 0:00:43
 [ 14%]  Time step      385 of 2813 @ t_step =      384 Time Avg = 1.788448E-02 Time/step= 1.791900E-02 ETA (HH:MM:SS) = 0:00:43
 [ 14%]  Time step      386 of 2813 @ t_step =      385 Time Avg = 1.788374E-02 Time/step= 1.760200E-02 ETA (HH:MM:SS) = 0:00:43
 [ 14%]  Time step      387 of 2813 @ t_step =      386 Time Avg = 1.788308E-02 Time/step= 1.763100E-02 ETA (HH:MM:SS) = 0:00:43
 [ 14%]  Time step      388 of 2813 @ t_step =      387 Time Avg = 1.788228E-02 Time/step= 1.757400E-02 ETA (HH:MM:SS) = 0:00:43
 [ 14%]  Time step      389 of 2813 @ t_step =      388 Time Avg = 1.788262E-02 Time/step= 1.801200E-02 ETA (HH:MM:SS) = 0:00:43
 [ 14%]  Time step      390 of 2813 @ t_step =      389 Time Avg = 1.788253E-02 Time/step= 1.784900E-02 ETA (HH:MM:SS) = 0:00:43
 [ 14%]  Time step      391 of 2813 @ t_step =      390 Time Avg = 1.788243E-02 Time/step= 1.784200E-02 ETA (HH:MM:SS) = 0:00:43
 [ 14%]  Time step      392 of 2813 @ t_step =      391 Time Avg = 1.788261E-02 Time/step= 1.795400E-02 ETA (HH:MM:SS) = 0:00:43
 [ 14%]  Time step      393 of 2813 @ t_step =      392 Time Avg = 1.788173E-02 Time/step= 1.753800E-02 ETA (HH:MM:SS) = 0:00:43
 [ 14%]  Time step      394 of 2813 @ t_step =      393 Time Avg = 1.788221E-02 Time/step= 1.807100E-02 ETA (HH:MM:SS) = 0:00:43
 [ 15%]  Time step      395 of 2813 @ t_step =      394 Time Avg = 1.788156E-02 Time/step= 1.762700E-02 ETA (HH:MM:SS) = 0:00:43
 [ 15%]  Time step      396 of 2813 @ t_step =      395 Time Avg = 1.788118E-02 Time/step= 1.773100E-02 ETA (HH:MM:SS) = 0:00:43
 [ 15%]  Time step      397 of 2813 @ t_step =      396 Time Avg = 1.788041E-02 Time/step= 1.758000E-02 ETA (HH:MM:SS) = 0:00:43
 [ 15%]  Time step      398 of 2813 @ t_step =      397 Time Avg = 1.787953E-02 Time/step= 1.753200E-02 ETA (HH:MM:SS) = 0:00:43
 [ 15%]  Time step      399 of 2813 @ t_step =      398 Time Avg = 1.787917E-02 Time/step= 1.773900E-02 ETA (HH:MM:SS) = 0:00:43
 [ 15%]  Time step      400 of 2813 @ t_step =      399 Time Avg = 1.787832E-02 Time/step= 1.754000E-02 ETA (HH:MM:SS) = 0:00:43
 [ 15%]  Time step      401 of 2813 @ t_step =      400 Time Avg = 1.787852E-02 Time/step= 1.795600E-02 ETA (HH:MM:SS) = 0:00:43
 [ 15%]  Time step      402 of 2813 @ t_step =      401 Time Avg = 1.787770E-02 Time/step= 1.755300E-02 ETA (HH:MM:SS) = 0:00:43
 [ 15%]  Time step      403 of 2813 @ t_step =      402 Time Avg = 1.787693E-02 Time/step= 1.757100E-02 ETA (HH:MM:SS) = 0:00:43
 [ 15%]  Time step      404 of 2813 @ t_step =      403 Time Avg = 1.787632E-02 Time/step= 1.763300E-02 ETA (HH:MM:SS) = 0:00:43
 [ 15%]  Time step      405 of 2813 @ t_step =      404 Time Avg = 1.787623E-02 Time/step= 1.784000E-02 ETA (HH:MM:SS) = 0:00:43
 [ 15%]  Time step      406 of 2813 @ t_step =      405 Time Avg = 1.787641E-02 Time/step= 1.794700E-02 ETA (HH:MM:SS) = 0:00:43
 [ 15%]  Time step      407 of 2813 @ t_step =      406 Time Avg = 1.787656E-02 Time/step= 1.793900E-02 ETA (HH:MM:SS) = 0:00:43
 [ 15%]  Time step      408 of 2813 @ t_step =      407 Time Avg = 1.787890E-02 Time/step= 1.882200E-02 ETA (HH:MM:SS) = 0:00:42
 [ 15%]  Time step      409 of 2813 @ t_step =      408 Time Avg = 1.787998E-02 Time/step= 1.831900E-02 ETA (HH:MM:SS) = 0:00:42
 [ 15%]  Time step      410 of 2813 @ t_step =      409 Time Avg = 1.788080E-02 Time/step= 1.821400E-02 ETA (HH:MM:SS) = 0:00:42
 [ 15%]  Time step      411 of 2813 @ t_step =      410 Time Avg = 1.788003E-02 Time/step= 1.756700E-02 ETA (HH:MM:SS) = 0:00:42
 [ 15%]  Time step      412 of 2813 @ t_step =      411 Time Avg = 1.788018E-02 Time/step= 1.794100E-02 ETA (HH:MM:SS) = 0:00:42
 [ 15%]  Time step      413 of 2813 @ t_step =      412 Time Avg = 1.788008E-02 Time/step= 1.783700E-02 ETA (HH:MM:SS) = 0:00:42
 [ 15%]  Time step      414 of 2813 @ t_step =      413 Time Avg = 1.787934E-02 Time/step= 1.757600E-02 ETA (HH:MM:SS) = 0:00:42
 [ 15%]  Time step      415 of 2813 @ t_step =      414 Time Avg = 1.787844E-02 Time/step= 1.750900E-02 ETA (HH:MM:SS) = 0:00:42
 [ 15%]  Time step      416 of 2813 @ t_step =      415 Time Avg = 1.787830E-02 Time/step= 1.781900E-02 ETA (HH:MM:SS) = 0:00:42
 [ 15%]  Time step      417 of 2813 @ t_step =      416 Time Avg = 1.787864E-02 Time/step= 1.802100E-02 ETA (HH:MM:SS) = 0:00:42
 [ 15%]  Time step      418 of 2813 @ t_step =      417 Time Avg = 1.787810E-02 Time/step= 1.765400E-02 ETA (HH:MM:SS) = 0:00:42
 [ 15%]  Time step      419 of 2813 @ t_step =      418 Time Avg = 1.787833E-02 Time/step= 1.797400E-02 ETA (HH:MM:SS) = 0:00:42
 [ 15%]  Time step      420 of 2813 @ t_step =      419 Time Avg = 1.787744E-02 Time/step= 1.750800E-02 ETA (HH:MM:SS) = 0:00:42
 [ 15%]  Time step      421 of 2813 @ t_step =      420 Time Avg = 1.787792E-02 Time/step= 1.807900E-02 ETA (HH:MM:SS) = 0:00:42
 [ 15%]  Time step      422 of 2813 @ t_step =      421 Time Avg = 1.787712E-02 Time/step= 1.754200E-02 ETA (HH:MM:SS) = 0:00:42
 [ 16%]  Time step      423 of 2813 @ t_step =      422 Time Avg = 1.787620E-02 Time/step= 1.749000E-02 ETA (HH:MM:SS) = 0:00:42
 [ 16%]  Time step      424 of 2813 @ t_step =      423 Time Avg = 1.787604E-02 Time/step= 1.780700E-02 ETA (HH:MM:SS) = 0:00:42
 [ 16%]  Time step      425 of 2813 @ t_step =      424 Time Avg = 1.787561E-02 Time/step= 1.769800E-02 ETA (HH:MM:SS) = 0:00:42
 [ 16%]  Time step      426 of 2813 @ t_step =      425 Time Avg = 1.787554E-02 Time/step= 1.784500E-02 ETA (HH:MM:SS) = 0:00:42
 [ 16%]  Time step      427 of 2813 @ t_step =      426 Time Avg = 1.787488E-02 Time/step= 1.759300E-02 ETA (HH:MM:SS) = 0:00:42
 [ 16%]  Time step      428 of 2813 @ t_step =      427 Time Avg = 1.787512E-02 Time/step= 1.797900E-02 ETA (HH:MM:SS) = 0:00:42
 [ 16%]  Time step      429 of 2813 @ t_step =      428 Time Avg = 1.787430E-02 Time/step= 1.752700E-02 ETA (HH:MM:SS) = 0:00:42
 [ 16%]  Time step      430 of 2813 @ t_step =      429 Time Avg = 1.787362E-02 Time/step= 1.758400E-02 ETA (HH:MM:SS) = 0:00:42
 [ 16%]  Time step      431 of 2813 @ t_step =      430 Time Avg = 1.787278E-02 Time/step= 1.751300E-02 ETA (HH:MM:SS) = 0:00:42
 [ 16%]  Time step      432 of 2813 @ t_step =      431 Time Avg = 1.787213E-02 Time/step= 1.759500E-02 ETA (HH:MM:SS) = 0:00:42
 [ 16%]  Time step      433 of 2813 @ t_step =      432 Time Avg = 1.787235E-02 Time/step= 1.796500E-02 ETA (HH:MM:SS) = 0:00:42
 [ 16%]  Time step      434 of 2813 @ t_step =      433 Time Avg = 1.787168E-02 Time/step= 1.758200E-02 ETA (HH:MM:SS) = 0:00:42
 [ 16%]  Time step      435 of 2813 @ t_step =      434 Time Avg = 1.787261E-02 Time/step= 1.827700E-02 ETA (HH:MM:SS) = 0:00:42
 [ 16%]  Time step      436 of 2813 @ t_step =      435 Time Avg = 1.787198E-02 Time/step= 1.759800E-02 ETA (HH:MM:SS) = 0:00:42
 [ 16%]  Time step      437 of 2813 @ t_step =      436 Time Avg = 1.787344E-02 Time/step= 1.850400E-02 ETA (HH:MM:SS) = 0:00:42
 [ 16%]  Time step      438 of 2813 @ t_step =      437 Time Avg = 1.787459E-02 Time/step= 1.837600E-02 ETA (HH:MM:SS) = 0:00:42
 [ 16%]  Time step      439 of 2813 @ t_step =      438 Time Avg = 1.787415E-02 Time/step= 1.768300E-02 ETA (HH:MM:SS) = 0:00:42
 [ 16%]  Time step      440 of 2813 @ t_step =      439 Time Avg = 1.787440E-02 Time/step= 1.798100E-02 ETA (HH:MM:SS) = 0:00:42
 [ 16%]  Time step      441 of 2813 @ t_step =      440 Time Avg = 1.787382E-02 Time/step= 1.762100E-02 ETA (HH:MM:SS) = 0:00:42
 [ 16%]  Time step      442 of 2813 @ t_step =      441 Time Avg = 1.787404E-02 Time/step= 1.797300E-02 ETA (HH:MM:SS) = 0:00:42
 [ 16%]  Time step      443 of 2813 @ t_step =      442 Time Avg = 1.787336E-02 Time/step= 1.757400E-02 ETA (HH:MM:SS) = 0:00:42
 [ 16%]  Time step      444 of 2813 @ t_step =      443 Time Avg = 1.787277E-02 Time/step= 1.761300E-02 ETA (HH:MM:SS) = 0:00:42
 [ 16%]  Time step      445 of 2813 @ t_step =      444 Time Avg = 1.787218E-02 Time/step= 1.761200E-02 ETA (HH:MM:SS) = 0:00:42
 [ 16%]  Time step      446 of 2813 @ t_step =      445 Time Avg = 1.787249E-02 Time/step= 1.800900E-02 ETA (HH:MM:SS) = 0:00:42
 [ 16%]  Time step      447 of 2813 @ t_step =      446 Time Avg = 1.787262E-02 Time/step= 1.793100E-02 ETA (HH:MM:SS) = 0:00:42
 [ 16%]  Time step      448 of 2813 @ t_step =      447 Time Avg = 1.787223E-02 Time/step= 1.769700E-02 ETA (HH:MM:SS) = 0:00:42
 [ 16%]  Time step      449 of 2813 @ t_step =      448 Time Avg = 1.787264E-02 Time/step= 1.805700E-02 ETA (HH:MM:SS) = 0:00:42
 [ 16%]  Time step      450 of 2813 @ t_step =      449 Time Avg = 1.787193E-02 Time/step= 1.755600E-02 ETA (HH:MM:SS) = 0:00:42
 [ 16%]  Time step      451 of 2813 @ t_step =      450 Time Avg = 1.787193E-02 Time/step= 1.787000E-02 ETA (HH:MM:SS) = 0:00:42
 [ 17%]  Time step      452 of 2813 @ t_step =      451 Time Avg = 1.787218E-02 Time/step= 1.798400E-02 ETA (HH:MM:SS) = 0:00:42
 [ 17%]  Time step      453 of 2813 @ t_step =      452 Time Avg = 1.787270E-02 Time/step= 1.810600E-02 ETA (HH:MM:SS) = 0:00:42
 [ 17%]  Time step      454 of 2813 @ t_step =      453 Time Avg = 1.787212E-02 Time/step= 1.761200E-02 ETA (HH:MM:SS) = 0:00:42
 [ 17%]  Time step      455 of 2813 @ t_step =      454 Time Avg = 1.787168E-02 Time/step= 1.767200E-02 ETA (HH:MM:SS) = 0:00:42
 [ 17%]  Time step      456 of 2813 @ t_step =      455 Time Avg = 1.787097E-02 Time/step= 1.755200E-02 ETA (HH:MM:SS) = 0:00:42
 [ 17%]  Time step      457 of 2813 @ t_step =      456 Time Avg = 1.787060E-02 Time/step= 1.770300E-02 ETA (HH:MM:SS) = 0:00:42
 [ 17%]  Time step      458 of 2813 @ t_step =      457 Time Avg = 1.787088E-02 Time/step= 1.799800E-02 ETA (HH:MM:SS) = 0:00:42
 [ 17%]  Time step      459 of 2813 @ t_step =      458 Time Avg = 1.787030E-02 Time/step= 1.760400E-02 ETA (HH:MM:SS) = 0:00:42
 [ 17%]  Time step      460 of 2813 @ t_step =      459 Time Avg = 1.787024E-02 Time/step= 1.784500E-02 ETA (HH:MM:SS) = 0:00:42
 [ 17%]  Time step      461 of 2813 @ t_step =      460 Time Avg = 1.786962E-02 Time/step= 1.758600E-02 ETA (HH:MM:SS) = 0:00:42
 [ 17%]  Time step      462 of 2813 @ t_step =      461 Time Avg = 1.786968E-02 Time/step= 1.789800E-02 ETA (HH:MM:SS) = 0:00:42
 [ 17%]  Time step      463 of 2813 @ t_step =      462 Time Avg = 1.786931E-02 Time/step= 1.769900E-02 ETA (HH:MM:SS) = 0:00:41
 [ 17%]  Time step      464 of 2813 @ t_step =      463 Time Avg = 1.786970E-02 Time/step= 1.804700E-02 ETA (HH:MM:SS) = 0:00:41
 [ 17%]  Time step      465 of 2813 @ t_step =      464 Time Avg = 1.786920E-02 Time/step= 1.764100E-02 ETA (HH:MM:SS) = 0:00:41
 [ 17%]  Time step      466 of 2813 @ t_step =      465 Time Avg = 1.787086E-02 Time/step= 1.863800E-02 ETA (HH:MM:SS) = 0:00:41
 [ 17%]  Time step      467 of 2813 @ t_step =      466 Time Avg = 1.787137E-02 Time/step= 1.810600E-02 ETA (HH:MM:SS) = 0:00:41
 [ 17%]  Time step      468 of 2813 @ t_step =      467 Time Avg = 1.787149E-02 Time/step= 1.792700E-02 ETA (HH:MM:SS) = 0:00:41
 [ 17%]  Time step      469 of 2813 @ t_step =      468 Time Avg = 1.787204E-02 Time/step= 1.812800E-02 ETA (HH:MM:SS) = 0:00:41
 [ 17%]  Time step      470 of 2813 @ t_step =      469 Time Avg = 1.787194E-02 Time/step= 1.782800E-02 ETA (HH:MM:SS) = 0:00:41
 [ 17%]  Time step      471 of 2813 @ t_step =      470 Time Avg = 1.787240E-02 Time/step= 1.808400E-02 ETA (HH:MM:SS) = 0:00:41
 [ 17%]  Time step      472 of 2813 @ t_step =      471 Time Avg = 1.787212E-02 Time/step= 1.774100E-02 ETA (HH:MM:SS) = 0:00:41
 [ 17%]  Time step      473 of 2813 @ t_step =      472 Time Avg = 1.787148E-02 Time/step= 1.757300E-02 ETA (HH:MM:SS) = 0:00:41
 [ 17%]  Time step      474 of 2813 @ t_step =      473 Time Avg = 1.787109E-02 Time/step= 1.768600E-02 ETA (HH:MM:SS) = 0:00:41
 [ 17%]  Time step      475 of 2813 @ t_step =      474 Time Avg = 1.787118E-02 Time/step= 1.791500E-02 ETA (HH:MM:SS) = 0:00:41
 [ 17%]  Time step      476 of 2813 @ t_step =      475 Time Avg = 1.787173E-02 Time/step= 1.813100E-02 ETA (HH:MM:SS) = 0:00:41
 [ 17%]  Time step      477 of 2813 @ t_step =      476 Time Avg = 1.787164E-02 Time/step= 1.783100E-02 ETA (HH:MM:SS) = 0:00:41
 [ 17%]  Time step      478 of 2813 @ t_step =      477 Time Avg = 1.787166E-02 Time/step= 1.788100E-02 ETA (HH:MM:SS) = 0:00:41
 [ 17%]  Time step      479 of 2813 @ t_step =      478 Time Avg = 1.787183E-02 Time/step= 1.795200E-02 ETA (HH:MM:SS) = 0:00:41
 [ 18%]  Time step      480 of 2813 @ t_step =      479 Time Avg = 1.787216E-02 Time/step= 1.802700E-02 ETA (HH:MM:SS) = 0:00:41
 [ 18%]  Time step      481 of 2813 @ t_step =      480 Time Avg = 1.787213E-02 Time/step= 1.785700E-02 ETA (HH:MM:SS) = 0:00:41
 [ 18%]  Time step      482 of 2813 @ t_step =      481 Time Avg = 1.787240E-02 Time/step= 1.800200E-02 ETA (HH:MM:SS) = 0:00:41
 [ 18%]  Time step      483 of 2813 @ t_step =      482 Time Avg = 1.787174E-02 Time/step= 1.755800E-02 ETA (HH:MM:SS) = 0:00:41
 [ 18%]  Time step      484 of 2813 @ t_step =      483 Time Avg = 1.787225E-02 Time/step= 1.811600E-02 ETA (HH:MM:SS) = 0:00:41
 [ 18%]  Time step      485 of 2813 @ t_step =      484 Time Avg = 1.787157E-02 Time/step= 1.754600E-02 ETA (HH:MM:SS) = 0:00:41
 [ 18%]  Time step      486 of 2813 @ t_step =      485 Time Avg = 1.787212E-02 Time/step= 1.813400E-02 ETA (HH:MM:SS) = 0:00:41
 [ 18%]  Time step      487 of 2813 @ t_step =      486 Time Avg = 1.787145E-02 Time/step= 1.754800E-02 ETA (HH:MM:SS) = 0:00:41
 [ 18%]  Time step      488 of 2813 @ t_step =      487 Time Avg = 1.787099E-02 Time/step= 1.764800E-02 ETA (HH:MM:SS) = 0:00:41
 [ 18%]  Time step      489 of 2813 @ t_step =      488 Time Avg = 1.787035E-02 Time/step= 1.756300E-02 ETA (HH:MM:SS) = 0:00:41
 [ 18%]  Time step      490 of 2813 @ t_step =      489 Time Avg = 1.787115E-02 Time/step= 1.825700E-02 ETA (HH:MM:SS) = 0:00:41
 [ 18%]  Time step      491 of 2813 @ t_step =      490 Time Avg = 1.787068E-02 Time/step= 1.764300E-02 ETA (HH:MM:SS) = 0:00:41
 [ 18%]  Time step      492 of 2813 @ t_step =      491 Time Avg = 1.787084E-02 Time/step= 1.795000E-02 ETA (HH:MM:SS) = 0:00:41
 [ 18%]  Time step      493 of 2813 @ t_step =      492 Time Avg = 1.787085E-02 Time/step= 1.787400E-02 ETA (HH:MM:SS) = 0:00:41
 [ 18%]  Time step      494 of 2813 @ t_step =      493 Time Avg = 1.787036E-02 Time/step= 1.763200E-02 ETA (HH:MM:SS) = 0:00:41
 [ 18%]  Time step      495 of 2813 @ t_step =      494 Time Avg = 1.787206E-02 Time/step= 1.870800E-02 ETA (HH:MM:SS) = 0:00:41
 [ 18%]  Time step      496 of 2813 @ t_step =      495 Time Avg = 1.787195E-02 Time/step= 1.781600E-02 ETA (HH:MM:SS) = 0:00:41
 [ 18%]  Time step      497 of 2813 @ t_step =      496 Time Avg = 1.787198E-02 Time/step= 1.788800E-02 ETA (HH:MM:SS) = 0:00:41
 [ 18%]  Time step      498 of 2813 @ t_step =      497 Time Avg = 1.787175E-02 Time/step= 1.775700E-02 ETA (HH:MM:SS) = 0:00:41
 [ 18%]  Time step      499 of 2813 @ t_step =      498 Time Avg = 1.787146E-02 Time/step= 1.772800E-02 ETA (HH:MM:SS) = 0:00:41
 [ 18%]  Time step      500 of 2813 @ t_step =      499 Time Avg = 1.787144E-02 Time/step= 1.786200E-02 ETA (HH:MM:SS) = 0:00:41
 [ 18%]  Time step      501 of 2813 @ t_step =      500 Time Avg = 1.787157E-02 Time/step= 1.793700E-02 ETA (HH:MM:SS) = 0:00:41
 [ 18%]  Time step      502 of 2813 @ t_step =      501 Time Avg = 1.787170E-02 Time/step= 1.793600E-02 ETA (HH:MM:SS) = 0:00:41
 [ 18%]  Time step      503 of 2813 @ t_step =      502 Time Avg = 1.787135E-02 Time/step= 1.769600E-02 ETA (HH:MM:SS) = 0:00:41
 [ 18%]  Time step      504 of 2813 @ t_step =      503 Time Avg = 1.787075E-02 Time/step= 1.757200E-02 ETA (HH:MM:SS) = 0:00:41
 [ 18%]  Time step      505 of 2813 @ t_step =      504 Time Avg = 1.787056E-02 Time/step= 1.777300E-02 ETA (HH:MM:SS) = 0:00:41
 [ 18%]  Time step      506 of 2813 @ t_step =      505 Time Avg = 1.787034E-02 Time/step= 1.776200E-02 ETA (HH:MM:SS) = 0:00:41
 [ 18%]  Time step      507 of 2813 @ t_step =      506 Time Avg = 1.787017E-02 Time/step= 1.778400E-02 ETA (HH:MM:SS) = 0:00:41
 [ 19%]  Time step      508 of 2813 @ t_step =      507 Time Avg = 1.786970E-02 Time/step= 1.763000E-02 ETA (HH:MM:SS) = 0:00:41
 [ 19%]  Time step      509 of 2813 @ t_step =      508 Time Avg = 1.786982E-02 Time/step= 1.793400E-02 ETA (HH:MM:SS) = 0:00:41
 [ 19%]  Time step      510 of 2813 @ t_step =      509 Time Avg = 1.787008E-02 Time/step= 1.799900E-02 ETA (HH:MM:SS) = 0:00:41
 [ 19%]  Time step      511 of 2813 @ t_step =      510 Time Avg = 1.787040E-02 Time/step= 1.803600E-02 ETA (HH:MM:SS) = 0:00:41
 [ 19%]  Time step      512 of 2813 @ t_step =      511 Time Avg = 1.787064E-02 Time/step= 1.799000E-02 ETA (HH:MM:SS) = 0:00:41
 [ 19%]  Time step      513 of 2813 @ t_step =      512 Time Avg = 1.787086E-02 Time/step= 1.798500E-02 ETA (HH:MM:SS) = 0:00:41
 [ 19%]  Time step      514 of 2813 @ t_step =      513 Time Avg = 1.787150E-02 Time/step= 1.819900E-02 ETA (HH:MM:SS) = 0:00:41
 [ 19%]  Time step      515 of 2813 @ t_step =      514 Time Avg = 1.787132E-02 Time/step= 1.777800E-02 ETA (HH:MM:SS) = 0:00:41
 [ 19%]  Time step      516 of 2813 @ t_step =      515 Time Avg = 1.787150E-02 Time/step= 1.796300E-02 ETA (HH:MM:SS) = 0:00:41
 [ 19%]  Time step      517 of 2813 @ t_step =      516 Time Avg = 1.787179E-02 Time/step= 1.802000E-02 ETA (HH:MM:SS) = 0:00:41
 [ 19%]  Time step      518 of 2813 @ t_step =      517 Time Avg = 1.787200E-02 Time/step= 1.797800E-02 ETA (HH:MM:SS) = 0:00:41
 [ 19%]  Time step      519 of 2813 @ t_step =      518 Time Avg = 1.787235E-02 Time/step= 1.805400E-02 ETA (HH:MM:SS) = 0:00:40
 [ 19%]  Time step      520 of 2813 @ t_step =      519 Time Avg = 1.787244E-02 Time/step= 1.792200E-02 ETA (HH:MM:SS) = 0:00:40
 [ 19%]  Time step      521 of 2813 @ t_step =      520 Time Avg = 1.787265E-02 Time/step= 1.797700E-02 ETA (HH:MM:SS) = 0:00:40
 [ 19%]  Time step      522 of 2813 @ t_step =      521 Time Avg = 1.787359E-02 Time/step= 1.836200E-02 ETA (HH:MM:SS) = 0:00:40
 [ 19%]  Time step      523 of 2813 @ t_step =      522 Time Avg = 1.787349E-02 Time/step= 1.782100E-02 ETA (HH:MM:SS) = 0:00:40
 [ 19%]  Time step      524 of 2813 @ t_step =      523 Time Avg = 1.787579E-02 Time/step= 1.907000E-02 ETA (HH:MM:SS) = 0:00:40
 [ 19%]  Time step      525 of 2813 @ t_step =      524 Time Avg = 1.787555E-02 Time/step= 1.775300E-02 ETA (HH:MM:SS) = 0:00:40
 [ 19%]  Time step      526 of 2813 @ t_step =      525 Time Avg = 1.787632E-02 Time/step= 1.827900E-02 ETA (HH:MM:SS) = 0:00:40
 [ 19%]  Time step      527 of 2813 @ t_step =      526 Time Avg = 1.787628E-02 Time/step= 1.785300E-02 ETA (HH:MM:SS) = 0:00:40
 [ 19%]  Time step      528 of 2813 @ t_step =      527 Time Avg = 1.787609E-02 Time/step= 1.777900E-02 ETA (HH:MM:SS) = 0:00:40
 [ 19%]  Time step      529 of 2813 @ t_step =      528 Time Avg = 1.787569E-02 Time/step= 1.766500E-02 ETA (HH:MM:SS) = 0:00:40
 [ 19%]  Time step      530 of 2813 @ t_step =      529 Time Avg = 1.787613E-02 Time/step= 1.810500E-02 ETA (HH:MM:SS) = 0:00:40
 [ 19%]  Time step      531 of 2813 @ t_step =      530 Time Avg = 1.787576E-02 Time/step= 1.768300E-02 ETA (HH:MM:SS) = 0:00:40
 [ 19%]  Time step      532 of 2813 @ t_step =      531 Time Avg = 1.787624E-02 Time/step= 1.812800E-02 ETA (HH:MM:SS) = 0:00:40
 [ 19%]  Time step      533 of 2813 @ t_step =      532 Time Avg = 1.787598E-02 Time/step= 1.774100E-02 ETA (HH:MM:SS) = 0:00:40
 [ 19%]  Time step      534 of 2813 @ t_step =      533 Time Avg = 1.787679E-02 Time/step= 1.830400E-02 ETA (HH:MM:SS) = 0:00:40
 [ 19%]  Time step      535 of 2813 @ t_step =      534 Time Avg = 1.787656E-02 Time/step= 1.775800E-02 ETA (HH:MM:SS) = 0:00:40
 [ 20%]  Time step      536 of 2813 @ t_step =      535 Time Avg = 1.787679E-02 Time/step= 1.799700E-02 ETA (HH:MM:SS) = 0:00:40
 [ 20%]  Time step      537 of 2813 @ t_step =      536 Time Avg = 1.787644E-02 Time/step= 1.768800E-02 ETA (HH:MM:SS) = 0:00:40
 [ 20%]  Time step      538 of 2813 @ t_step =      537 Time Avg = 1.787669E-02 Time/step= 1.801300E-02 ETA (HH:MM:SS) = 0:00:40
 [ 20%]  Time step      539 of 2813 @ t_step =      538 Time Avg = 1.787678E-02 Time/step= 1.792200E-02 ETA (HH:MM:SS) = 0:00:40
 [ 20%]  Time step      540 of 2813 @ t_step =      539 Time Avg = 1.787707E-02 Time/step= 1.803300E-02 ETA (HH:MM:SS) = 0:00:40
 [ 20%]  Time step      541 of 2813 @ t_step =      540 Time Avg = 1.787714E-02 Time/step= 1.791600E-02 ETA (HH:MM:SS) = 0:00:40
 [ 20%]  Time step      542 of 2813 @ t_step =      541 Time Avg = 1.787728E-02 Time/step= 1.795500E-02 ETA (HH:MM:SS) = 0:00:40
 [ 20%]  Time step      543 of 2813 @ t_step =      542 Time Avg = 1.787740E-02 Time/step= 1.793800E-02 ETA (HH:MM:SS) = 0:00:40
 [ 20%]  Time step      544 of 2813 @ t_step =      543 Time Avg = 1.787751E-02 Time/step= 1.793800E-02 ETA (HH:MM:SS) = 0:00:40
 [ 20%]  Time step      545 of 2813 @ t_step =      544 Time Avg = 1.787776E-02 Time/step= 1.801400E-02 ETA (HH:MM:SS) = 0:00:40
 [ 20%]  Time step      546 of 2813 @ t_step =      545 Time Avg = 1.787743E-02 Time/step= 1.769900E-02 ETA (HH:MM:SS) = 0:00:40
 [ 20%]  Time step      547 of 2813 @ t_step =      546 Time Avg = 1.787683E-02 Time/step= 1.755200E-02 ETA (HH:MM:SS) = 0:00:40
 [ 20%]  Time step      548 of 2813 @ t_step =      547 Time Avg = 1.787698E-02 Time/step= 1.795800E-02 ETA (HH:MM:SS) = 0:00:40
 [ 20%]  Time step      549 of 2813 @ t_step =      548 Time Avg = 1.787721E-02 Time/step= 1.800300E-02 ETA (HH:MM:SS) = 0:00:40
 [ 20%]  Time step      550 of 2813 @ t_step =      549 Time Avg = 1.787676E-02 Time/step= 1.763200E-02 ETA (HH:MM:SS) = 0:00:40
 [ 20%]  Time step      551 of 2813 @ t_step =      550 Time Avg = 1.787623E-02 Time/step= 1.758600E-02 ETA (HH:MM:SS) = 0:00:40
 [ 20%]  Time step      552 of 2813 @ t_step =      551 Time Avg = 1.787585E-02 Time/step= 1.766600E-02 ETA (HH:MM:SS) = 0:00:40
 [ 20%]  Time step      553 of 2813 @ t_step =      552 Time Avg = 1.787694E-02 Time/step= 1.847300E-02 ETA (HH:MM:SS) = 0:00:40
 [ 20%]  Time step      554 of 2813 @ t_step =      553 Time Avg = 1.787728E-02 Time/step= 1.806600E-02 ETA (HH:MM:SS) = 0:00:40
 [ 20%]  Time step      555 of 2813 @ t_step =      554 Time Avg = 1.787776E-02 Time/step= 1.814500E-02 ETA (HH:MM:SS) = 0:00:40
 [ 20%]  Time step      556 of 2813 @ t_step =      555 Time Avg = 1.787739E-02 Time/step= 1.767000E-02 ETA (HH:MM:SS) = 0:00:40
 [ 20%]  Time step      557 of 2813 @ t_step =      556 Time Avg = 1.787701E-02 Time/step= 1.766500E-02 ETA (HH:MM:SS) = 0:00:40
 [ 20%]  Time step      558 of 2813 @ t_step =      557 Time Avg = 1.787665E-02 Time/step= 1.767900E-02 ETA (HH:MM:SS) = 0:00:40
 [ 20%]  Time step      559 of 2813 @ t_step =      558 Time Avg = 1.787641E-02 Time/step= 1.774300E-02 ETA (HH:MM:SS) = 0:00:40
 [ 20%]  Time step      560 of 2813 @ t_step =      559 Time Avg = 1.787617E-02 Time/step= 1.774100E-02 ETA (HH:MM:SS) = 0:00:40
 [ 20%]  Time step      561 of 2813 @ t_step =      560 Time Avg = 1.787577E-02 Time/step= 1.765500E-02 ETA (HH:MM:SS) = 0:00:40
 [ 20%]  Time step      562 of 2813 @ t_step =      561 Time Avg = 1.787599E-02 Time/step= 1.799700E-02 ETA (HH:MM:SS) = 0:00:40
 [ 20%]  Time step      563 of 2813 @ t_step =      562 Time Avg = 1.787546E-02 Time/step= 1.758200E-02 ETA (HH:MM:SS) = 0:00:40
 [ 21%]  Time step      564 of 2813 @ t_step =      563 Time Avg = 1.787566E-02 Time/step= 1.798800E-02 ETA (HH:MM:SS) = 0:00:40
 [ 21%]  Time step      565 of 2813 @ t_step =      564 Time Avg = 1.787561E-02 Time/step= 1.784700E-02 ETA (HH:MM:SS) = 0:00:40
 [ 21%]  Time step      566 of 2813 @ t_step =      565 Time Avg = 1.787509E-02 Time/step= 1.758300E-02 ETA (HH:MM:SS) = 0:00:40
 [ 21%]  Time step      567 of 2813 @ t_step =      566 Time Avg = 1.787474E-02 Time/step= 1.767700E-02 ETA (HH:MM:SS) = 0:00:40
 [ 21%]  Time step      568 of 2813 @ t_step =      567 Time Avg = 1.787478E-02 Time/step= 1.790000E-02 ETA (HH:MM:SS) = 0:00:40
 [ 21%]  Time step      569 of 2813 @ t_step =      568 Time Avg = 1.787489E-02 Time/step= 1.793400E-02 ETA (HH:MM:SS) = 0:00:40
 [ 21%]  Time step      570 of 2813 @ t_step =      569 Time Avg = 1.787512E-02 Time/step= 1.800800E-02 ETA (HH:MM:SS) = 0:00:40
 [ 21%]  Time step      571 of 2813 @ t_step =      570 Time Avg = 1.787516E-02 Time/step= 1.789500E-02 ETA (HH:MM:SS) = 0:00:40
 [ 21%]  Time step      572 of 2813 @ t_step =      571 Time Avg = 1.787529E-02 Time/step= 1.795100E-02 ETA (HH:MM:SS) = 0:00:40
 [ 21%]  Time step      573 of 2813 @ t_step =      572 Time Avg = 1.787570E-02 Time/step= 1.810600E-02 ETA (HH:MM:SS) = 0:00:40
 [ 21%]  Time step      574 of 2813 @ t_step =      573 Time Avg = 1.787564E-02 Time/step= 1.784200E-02 ETA (HH:MM:SS) = 0:00:40
 [ 21%]  Time step      575 of 2813 @ t_step =      574 Time Avg = 1.787594E-02 Time/step= 1.805000E-02 ETA (HH:MM:SS) = 0:00:40
 [ 21%]  Time step      576 of 2813 @ t_step =      575 Time Avg = 1.787609E-02 Time/step= 1.795900E-02 ETA (HH:MM:SS) = 0:00:39
 [ 21%]  Time step      577 of 2813 @ t_step =      576 Time Avg = 1.787639E-02 Time/step= 1.804800E-02 ETA (HH:MM:SS) = 0:00:39
 [ 21%]  Time step      578 of 2813 @ t_step =      577 Time Avg = 1.787644E-02 Time/step= 1.790500E-02 ETA (HH:MM:SS) = 0:00:39
 [ 21%]  Time step      579 of 2813 @ t_step =      578 Time Avg = 1.787599E-02 Time/step= 1.762200E-02 ETA (HH:MM:SS) = 0:00:39
 [ 21%]  Time step      580 of 2813 @ t_step =      579 Time Avg = 1.787562E-02 Time/step= 1.765800E-02 ETA (HH:MM:SS) = 0:00:39
 [ 21%]  Time step      581 of 2813 @ t_step =      580 Time Avg = 1.787589E-02 Time/step= 1.803400E-02 ETA (HH:MM:SS) = 0:00:39
 [ 21%]  Time step      582 of 2813 @ t_step =      581 Time Avg = 1.787750E-02 Time/step= 1.880800E-02 ETA (HH:MM:SS) = 0:00:39
 [ 21%]  Time step      583 of 2813 @ t_step =      582 Time Avg = 1.787802E-02 Time/step= 1.817600E-02 ETA (HH:MM:SS) = 0:00:39
 [ 21%]  Time step      584 of 2813 @ t_step =      583 Time Avg = 1.787828E-02 Time/step= 1.803200E-02 ETA (HH:MM:SS) = 0:00:39
 [ 21%]  Time step      585 of 2813 @ t_step =      584 Time Avg = 1.787827E-02 Time/step= 1.787200E-02 ETA (HH:MM:SS) = 0:00:39
 [ 21%]  Time step      586 of 2813 @ t_step =      585 Time Avg = 1.787833E-02 Time/step= 1.791600E-02 ETA (HH:MM:SS) = 0:00:39
 [ 21%]  Time step      587 of 2813 @ t_step =      586 Time Avg = 1.787834E-02 Time/step= 1.788200E-02 ETA (HH:MM:SS) = 0:00:39
 [ 21%]  Time step      588 of 2813 @ t_step =      587 Time Avg = 1.787852E-02 Time/step= 1.798400E-02 ETA (HH:MM:SS) = 0:00:39
 [ 21%]  Time step      589 of 2813 @ t_step =      588 Time Avg = 1.787861E-02 Time/step= 1.793000E-02 ETA (HH:MM:SS) = 0:00:39
 [ 21%]  Time step      590 of 2813 @ t_step =      589 Time Avg = 1.787887E-02 Time/step= 1.803300E-02 ETA (HH:MM:SS) = 0:00:39
 [ 21%]  Time step      591 of 2813 @ t_step =      590 Time Avg = 1.787902E-02 Time/step= 1.796400E-02 ETA (HH:MM:SS) = 0:00:39
 [ 22%]  Time step      592 of 2813 @ t_step =      591 Time Avg = 1.787959E-02 Time/step= 1.821500E-02 ETA (HH:MM:SS) = 0:00:39
 [ 22%]  Time step      593 of 2813 @ t_step =      592 Time Avg = 1.787979E-02 Time/step= 1.799900E-02 ETA (HH:MM:SS) = 0:00:39
 [ 22%]  Time step      594 of 2813 @ t_step =      593 Time Avg = 1.788020E-02 Time/step= 1.812400E-02 ETA (HH:MM:SS) = 0:00:39
 [ 22%]  Time step      595 of 2813 @ t_step =      594 Time Avg = 1.787988E-02 Time/step= 1.769100E-02 ETA (HH:MM:SS) = 0:00:39
 [ 22%]  Time step      596 of 2813 @ t_step =      595 Time Avg = 1.788016E-02 Time/step= 1.804300E-02 ETA (HH:MM:SS) = 0:00:39
 [ 22%]  Time step      597 of 2813 @ t_step =      596 Time Avg = 1.788057E-02 Time/step= 1.812400E-02 ETA (HH:MM:SS) = 0:00:39
 [ 22%]  Time step      598 of 2813 @ t_step =      597 Time Avg = 1.788095E-02 Time/step= 1.810500E-02 ETA (HH:MM:SS) = 0:00:39
 [ 22%]  Time step      599 of 2813 @ t_step =      598 Time Avg = 1.788068E-02 Time/step= 1.772000E-02 ETA (HH:MM:SS) = 0:00:39
 [ 22%]  Time step      600 of 2813 @ t_step =      599 Time Avg = 1.788107E-02 Time/step= 1.811300E-02 ETA (HH:MM:SS) = 0:00:39
 [ 22%]  Time step      601 of 2813 @ t_step =      600 Time Avg = 1.788086E-02 Time/step= 1.775900E-02 ETA (HH:MM:SS) = 0:00:39
 [ 22%]  Time step      602 of 2813 @ t_step =      601 Time Avg = 1.788088E-02 Time/step= 1.789500E-02 ETA (HH:MM:SS) = 0:00:39
 [ 22%]  Time step      603 of 2813 @ t_step =      602 Time Avg = 1.788060E-02 Time/step= 1.770700E-02 ETA (HH:MM:SS) = 0:00:39
 [ 22%]  Time step      604 of 2813 @ t_step =      603 Time Avg = 1.788081E-02 Time/step= 1.800800E-02 ETA (HH:MM:SS) = 0:00:39
 [ 22%]  Time step      605 of 2813 @ t_step =      604 Time Avg = 1.788039E-02 Time/step= 1.763200E-02 ETA (HH:MM:SS) = 0:00:39
 [ 22%]  Time step      606 of 2813 @ t_step =      605 Time Avg = 1.788083E-02 Time/step= 1.814200E-02 ETA (HH:MM:SS) = 0:00:39
 [ 22%]  Time step      607 of 2813 @ t_step =      606 Time Avg = 1.788043E-02 Time/step= 1.764300E-02 ETA (HH:MM:SS) = 0:00:39
 [ 22%]  Time step      608 of 2813 @ t_step =      607 Time Avg = 1.788053E-02 Time/step= 1.793900E-02 ETA (HH:MM:SS) = 0:00:39
 [ 22%]  Time step      609 of 2813 @ t_step =      608 Time Avg = 1.788063E-02 Time/step= 1.793900E-02 ETA (HH:MM:SS) = 0:00:39
 [ 22%]  Time step      610 of 2813 @ t_step =      609 Time Avg = 1.788098E-02 Time/step= 1.809700E-02 ETA (HH:MM:SS) = 0:00:39
 [ 22%]  Time step      611 of 2813 @ t_step =      610 Time Avg = 1.788225E-02 Time/step= 1.865200E-02 ETA (HH:MM:SS) = 0:00:39
 [ 22%]  Time step      612 of 2813 @ t_step =      611 Time Avg = 1.788215E-02 Time/step= 1.781900E-02 ETA (HH:MM:SS) = 0:00:39
 [ 22%]  Time step      613 of 2813 @ t_step =      612 Time Avg = 1.788196E-02 Time/step= 1.776500E-02 ETA (HH:MM:SS) = 0:00:39
 [ 22%]  Time step      614 of 2813 @ t_step =      613 Time Avg = 1.788190E-02 Time/step= 1.784600E-02 ETA (HH:MM:SS) = 0:00:39
 [ 22%]  Time step      615 of 2813 @ t_step =      614 Time Avg = 1.788227E-02 Time/step= 1.811300E-02 ETA (HH:MM:SS) = 0:00:39
 [ 22%]  Time step      616 of 2813 @ t_step =      615 Time Avg = 1.788202E-02 Time/step= 1.772400E-02 ETA (HH:MM:SS) = 0:00:39
 [ 22%]  Time step      617 of 2813 @ t_step =      616 Time Avg = 1.788212E-02 Time/step= 1.794600E-02 ETA (HH:MM:SS) = 0:00:39
 [ 22%]  Time step      618 of 2813 @ t_step =      617 Time Avg = 1.788233E-02 Time/step= 1.801300E-02 ETA (HH:MM:SS) = 0:00:39
 [ 22%]  Time step      619 of 2813 @ t_step =      618 Time Avg = 1.788255E-02 Time/step= 1.801400E-02 ETA (HH:MM:SS) = 0:00:39
 [ 23%]  Time step      620 of 2813 @ t_step =      619 Time Avg = 1.788283E-02 Time/step= 1.806000E-02 ETA (HH:MM:SS) = 0:00:39
 [ 23%]  Time step      621 of 2813 @ t_step =      620 Time Avg = 1.788347E-02 Time/step= 1.827700E-02 ETA (HH:MM:SS) = 0:00:39
 [ 23%]  Time step      622 of 2813 @ t_step =      621 Time Avg = 1.788325E-02 Time/step= 1.774600E-02 ETA (HH:MM:SS) = 0:00:39
 [ 23%]  Time step      623 of 2813 @ t_step =      622 Time Avg = 1.788370E-02 Time/step= 1.816100E-02 ETA (HH:MM:SS) = 0:00:39
 [ 23%]  Time step      624 of 2813 @ t_step =      623 Time Avg = 1.788355E-02 Time/step= 1.779000E-02 ETA (HH:MM:SS) = 0:00:39
 [ 23%]  Time step      625 of 2813 @ t_step =      624 Time Avg = 1.788380E-02 Time/step= 1.804200E-02 ETA (HH:MM:SS) = 0:00:39
 [ 23%]  Time step      626 of 2813 @ t_step =      625 Time Avg = 1.788369E-02 Time/step= 1.781300E-02 ETA (HH:MM:SS) = 0:00:39
 [ 23%]  Time step      627 of 2813 @ t_step =      626 Time Avg = 1.788431E-02 Time/step= 1.827000E-02 ETA (HH:MM:SS) = 0:00:39
 [ 23%]  Time step      628 of 2813 @ t_step =      627 Time Avg = 1.788411E-02 Time/step= 1.776000E-02 ETA (HH:MM:SS) = 0:00:39
 [ 23%]  Time step      629 of 2813 @ t_step =      628 Time Avg = 1.788429E-02 Time/step= 1.799600E-02 ETA (HH:MM:SS) = 0:00:39
 [ 23%]  Time step      630 of 2813 @ t_step =      629 Time Avg = 1.788461E-02 Time/step= 1.808900E-02 ETA (HH:MM:SS) = 0:00:39
 [ 23%]  Time step      631 of 2813 @ t_step =      630 Time Avg = 1.788502E-02 Time/step= 1.813800E-02 ETA (HH:MM:SS) = 0:00:39
 [ 23%]  Time step      632 of 2813 @ t_step =      631 Time Avg = 1.788484E-02 Time/step= 1.777500E-02 ETA (HH:MM:SS) = 0:00:39
 [ 23%]  Time step      633 of 2813 @ t_step =      632 Time Avg = 1.788529E-02 Time/step= 1.816600E-02 ETA (HH:MM:SS) = 0:00:38
 [ 23%]  Time step      634 of 2813 @ t_step =      633 Time Avg = 1.788503E-02 Time/step= 1.772400E-02 ETA (HH:MM:SS) = 0:00:38
 [ 23%]  Time step      635 of 2813 @ t_step =      634 Time Avg = 1.788537E-02 Time/step= 1.810100E-02 ETA (HH:MM:SS) = 0:00:38
 [ 23%]  Time step      636 of 2813 @ t_step =      635 Time Avg = 1.788513E-02 Time/step= 1.772800E-02 ETA (HH:MM:SS) = 0:00:38
 [ 23%]  Time step      637 of 2813 @ t_step =      636 Time Avg = 1.788561E-02 Time/step= 1.818900E-02 ETA (HH:MM:SS) = 0:00:38
 [ 23%]  Time step      638 of 2813 @ t_step =      637 Time Avg = 1.788534E-02 Time/step= 1.771700E-02 ETA (HH:MM:SS) = 0:00:38
 [ 23%]  Time step      639 of 2813 @ t_step =      638 Time Avg = 1.788583E-02 Time/step= 1.819600E-02 ETA (HH:MM:SS) = 0:00:38
 [ 23%]  Time step      640 of 2813 @ t_step =      639 Time Avg = 1.788561E-02 Time/step= 1.774600E-02 ETA (HH:MM:SS) = 0:00:38
 [ 23%]  Time step      641 of 2813 @ t_step =      640 Time Avg = 1.788662E-02 Time/step= 1.852900E-02 ETA (HH:MM:SS) = 0:00:38
 [ 23%]  Time step      642 of 2813 @ t_step =      641 Time Avg = 1.788706E-02 Time/step= 1.817000E-02 ETA (HH:MM:SS) = 0:00:38
 [ 23%]  Time step      643 of 2813 @ t_step =      642 Time Avg = 1.788798E-02 Time/step= 1.847700E-02 ETA (HH:MM:SS) = 0:00:38
 [ 23%]  Time step      644 of 2813 @ t_step =      643 Time Avg = 1.788816E-02 Time/step= 1.800000E-02 ETA (HH:MM:SS) = 0:00:38
 [ 23%]  Time step      645 of 2813 @ t_step =      644 Time Avg = 1.788911E-02 Time/step= 1.849900E-02 ETA (HH:MM:SS) = 0:00:38
 [ 23%]  Time step      646 of 2813 @ t_step =      645 Time Avg = 1.789007E-02 Time/step= 1.850700E-02 ETA (HH:MM:SS) = 0:00:38
 [ 23%]  Time step      647 of 2813 @ t_step =      646 Time Avg = 1.789060E-02 Time/step= 1.823400E-02 ETA (HH:MM:SS) = 0:00:38
 [ 24%]  Time step      648 of 2813 @ t_step =      647 Time Avg = 1.789083E-02 Time/step= 1.803900E-02 ETA (HH:MM:SS) = 0:00:38
 [ 24%]  Time step      649 of 2813 @ t_step =      648 Time Avg = 1.789104E-02 Time/step= 1.802100E-02 ETA (HH:MM:SS) = 0:00:38
 [ 24%]  Time step      650 of 2813 @ t_step =      649 Time Avg = 1.789145E-02 Time/step= 1.815600E-02 ETA (HH:MM:SS) = 0:00:38
 [ 24%]  Time step      651 of 2813 @ t_step =      650 Time Avg = 1.789232E-02 Time/step= 1.845900E-02 ETA (HH:MM:SS) = 0:00:38
 [ 24%]  Time step      652 of 2813 @ t_step =      651 Time Avg = 1.789311E-02 Time/step= 1.840600E-02 ETA (HH:MM:SS) = 0:00:38
 [ 24%]  Time step      653 of 2813 @ t_step =      652 Time Avg = 1.789385E-02 Time/step= 1.837300E-02 ETA (HH:MM:SS) = 0:00:38
 [ 24%]  Time step      654 of 2813 @ t_step =      653 Time Avg = 1.789412E-02 Time/step= 1.806600E-02 ETA (HH:MM:SS) = 0:00:38
 [ 24%]  Time step      655 of 2813 @ t_step =      654 Time Avg = 1.789434E-02 Time/step= 1.803800E-02 ETA (HH:MM:SS) = 0:00:38
 [ 24%]  Time step      656 of 2813 @ t_step =      655 Time Avg = 1.789463E-02 Time/step= 1.808700E-02 ETA (HH:MM:SS) = 0:00:38
 [ 24%]  Time step      657 of 2813 @ t_step =      656 Time Avg = 1.789483E-02 Time/step= 1.802400E-02 ETA (HH:MM:SS) = 0:00:38
 [ 24%]  Time step      658 of 2813 @ t_step =      657 Time Avg = 1.789504E-02 Time/step= 1.803400E-02 ETA (HH:MM:SS) = 0:00:38
 [ 24%]  Time step      659 of 2813 @ t_step =      658 Time Avg = 1.789594E-02 Time/step= 1.848600E-02 ETA (HH:MM:SS) = 0:00:38
 [ 24%]  Time step      660 of 2813 @ t_step =      659 Time Avg = 1.789674E-02 Time/step= 1.841900E-02 ETA (HH:MM:SS) = 0:00:38
 [ 24%]  Time step      661 of 2813 @ t_step =      660 Time Avg = 1.789761E-02 Time/step= 1.846800E-02 ETA (HH:MM:SS) = 0:00:38
 [ 24%]  Time step      662 of 2813 @ t_step =      661 Time Avg = 1.789825E-02 Time/step= 1.832000E-02 ETA (HH:MM:SS) = 0:00:38
 [ 24%]  Time step      663 of 2813 @ t_step =      662 Time Avg = 1.789894E-02 Time/step= 1.835500E-02 ETA (HH:MM:SS) = 0:00:38
 [ 24%]  Time step      664 of 2813 @ t_step =      663 Time Avg = 1.789907E-02 Time/step= 1.798700E-02 ETA (HH:MM:SS) = 0:00:38
 [ 24%]  Time step      665 of 2813 @ t_step =      664 Time Avg = 1.789927E-02 Time/step= 1.802800E-02 ETA (HH:MM:SS) = 0:00:38
 [ 24%]  Time step      666 of 2813 @ t_step =      665 Time Avg = 1.789953E-02 Time/step= 1.807400E-02 ETA (HH:MM:SS) = 0:00:38
 [ 24%]  Time step      667 of 2813 @ t_step =      666 Time Avg = 1.789993E-02 Time/step= 1.816500E-02 ETA (HH:MM:SS) = 0:00:38
 [ 24%]  Time step      668 of 2813 @ t_step =      667 Time Avg = 1.790029E-02 Time/step= 1.814200E-02 ETA (HH:MM:SS) = 0:00:38
 [ 24%]  Time step      669 of 2813 @ t_step =      668 Time Avg = 1.790062E-02 Time/step= 1.811900E-02 ETA (HH:MM:SS) = 0:00:38
 [ 24%]  Time step      670 of 2813 @ t_step =      669 Time Avg = 1.790074E-02 Time/step= 1.798000E-02 ETA (HH:MM:SS) = 0:00:38
 [ 24%]  Time step      671 of 2813 @ t_step =      670 Time Avg = 1.790069E-02 Time/step= 1.786800E-02 ETA (HH:MM:SS) = 0:00:38
 [ 24%]  Time step      672 of 2813 @ t_step =      671 Time Avg = 1.790066E-02 Time/step= 1.788100E-02 ETA (HH:MM:SS) = 0:00:38
 [ 24%]  Time step      673 of 2813 @ t_step =      672 Time Avg = 1.790035E-02 Time/step= 1.768800E-02 ETA (HH:MM:SS) = 0:00:38
 [ 24%]  Time step      674 of 2813 @ t_step =      673 Time Avg = 1.790058E-02 Time/step= 1.805500E-02 ETA (HH:MM:SS) = 0:00:38
 [ 24%]  Time step      675 of 2813 @ t_step =      674 Time Avg = 1.790036E-02 Time/step= 1.775700E-02 ETA (HH:MM:SS) = 0:00:38
 [ 24%]  Time step      676 of 2813 @ t_step =      675 Time Avg = 1.790030E-02 Time/step= 1.786000E-02 ETA (HH:MM:SS) = 0:00:38
 [ 25%]  Time step      677 of 2813 @ t_step =      676 Time Avg = 1.790025E-02 Time/step= 1.786600E-02 ETA (HH:MM:SS) = 0:00:38
 [ 25%]  Time step      678 of 2813 @ t_step =      677 Time Avg = 1.790068E-02 Time/step= 1.819100E-02 ETA (HH:MM:SS) = 0:00:38
 [ 25%]  Time step      679 of 2813 @ t_step =      678 Time Avg = 1.790094E-02 Time/step= 1.807600E-02 ETA (HH:MM:SS) = 0:00:38
 [ 25%]  Time step      680 of 2813 @ t_step =      679 Time Avg = 1.790187E-02 Time/step= 1.853100E-02 ETA (HH:MM:SS) = 0:00:38
 [ 25%]  Time step      681 of 2813 @ t_step =      680 Time Avg = 1.790172E-02 Time/step= 1.779900E-02 ETA (HH:MM:SS) = 0:00:38
 [ 25%]  Time step      682 of 2813 @ t_step =      681 Time Avg = 1.790165E-02 Time/step= 1.785500E-02 ETA (HH:MM:SS) = 0:00:38
 [ 25%]  Time step      683 of 2813 @ t_step =      682 Time Avg = 1.790142E-02 Time/step= 1.774300E-02 ETA (HH:MM:SS) = 0:00:38
 [ 25%]  Time step      684 of 2813 @ t_step =      683 Time Avg = 1.790164E-02 Time/step= 1.805100E-02 ETA (HH:MM:SS) = 0:00:38
 [ 25%]  Time step      685 of 2813 @ t_step =      684 Time Avg = 1.790193E-02 Time/step= 1.810200E-02 ETA (HH:MM:SS) = 0:00:38
 [ 25%]  Time step      686 of 2813 @ t_step =      685 Time Avg = 1.790163E-02 Time/step= 1.769600E-02 ETA (HH:MM:SS) = 0:00:38
 [ 25%]  Time step      687 of 2813 @ t_step =      686 Time Avg = 1.790175E-02 Time/step= 1.798000E-02 ETA (HH:MM:SS) = 0:00:38
 [ 25%]  Time step      688 of 2813 @ t_step =      687 Time Avg = 1.790192E-02 Time/step= 1.802200E-02 ETA (HH:MM:SS) = 0:00:38
 [ 25%]  Time step      689 of 2813 @ t_step =      688 Time Avg = 1.790207E-02 Time/step= 1.800700E-02 ETA (HH:MM:SS) = 0:00:38
 [ 25%]  Time step      690 of 2813 @ t_step =      689 Time Avg = 1.790221E-02 Time/step= 1.799800E-02 ETA (HH:MM:SS) = 0:00:38
 [ 25%]  Time step      691 of 2813 @ t_step =      690 Time Avg = 1.790238E-02 Time/step= 1.801700E-02 ETA (HH:MM:SS) = 0:00:37
 [ 25%]  Time step      692 of 2813 @ t_step =      691 Time Avg = 1.790255E-02 Time/step= 1.802000E-02 ETA (HH:MM:SS) = 0:00:37
 [ 25%]  Time step      693 of 2813 @ t_step =      692 Time Avg = 1.790269E-02 Time/step= 1.799900E-02 ETA (HH:MM:SS) = 0:00:37
 [ 25%]  Time step      694 of 2813 @ t_step =      693 Time Avg = 1.790258E-02 Time/step= 1.782800E-02 ETA (HH:MM:SS) = 0:00:37
 [ 25%]  Time step      695 of 2813 @ t_step =      694 Time Avg = 1.790248E-02 Time/step= 1.783100E-02 ETA (HH:MM:SS) = 0:00:37
 [ 25%]  Time step      696 of 2813 @ t_step =      695 Time Avg = 1.790231E-02 Time/step= 1.778500E-02 ETA (HH:MM:SS) = 0:00:37
 [ 25%]  Time step      697 of 2813 @ t_step =      696 Time Avg = 1.790253E-02 Time/step= 1.805700E-02 ETA (HH:MM:SS) = 0:00:37
 [ 25%]  Time step      698 of 2813 @ t_step =      697 Time Avg = 1.790399E-02 Time/step= 1.891800E-02 ETA (HH:MM:SS) = 0:00:37
 [ 25%]  Time step      699 of 2813 @ t_step =      698 Time Avg = 1.790480E-02 Time/step= 1.846200E-02 ETA (HH:MM:SS) = 0:00:37
 [ 25%]  Time step      700 of 2813 @ t_step =      699 Time Avg = 1.790536E-02 Time/step= 1.829600E-02 ETA (HH:MM:SS) = 0:00:37
 [ 25%]  Time step      701 of 2813 @ t_step =      700 Time Avg = 1.790564E-02 Time/step= 1.810600E-02 ETA (HH:MM:SS) = 0:00:37
 [ 25%]  Time step      702 of 2813 @ t_step =      701 Time Avg = 1.790556E-02 Time/step= 1.784500E-02 ETA (HH:MM:SS) = 0:00:37
 [ 25%]  Time step      703 of 2813 @ t_step =      702 Time Avg = 1.790597E-02 Time/step= 1.819500E-02 ETA (HH:MM:SS) = 0:00:37
 [ 25%]  Time step      704 of 2813 @ t_step =      703 Time Avg = 1.790602E-02 Time/step= 1.794300E-02 ETA (HH:MM:SS) = 0:00:37
 [ 26%]  Time step      705 of 2813 @ t_step =      704 Time Avg = 1.790611E-02 Time/step= 1.796500E-02 ETA (HH:MM:SS) = 0:00:37
 [ 26%]  Time step      706 of 2813 @ t_step =      705 Time Avg = 1.790607E-02 Time/step= 1.787800E-02 ETA (HH:MM:SS) = 0:00:37
 [ 26%]  Time step      707 of 2813 @ t_step =      706 Time Avg = 1.790609E-02 Time/step= 1.792400E-02 ETA (HH:MM:SS) = 0:00:37
 [ 26%]  Time step      708 of 2813 @ t_step =      707 Time Avg = 1.790658E-02 Time/step= 1.825200E-02 ETA (HH:MM:SS) = 0:00:37
 [ 26%]  Time step      709 of 2813 @ t_step =      708 Time Avg = 1.790715E-02 Time/step= 1.830900E-02 ETA (HH:MM:SS) = 0:00:37
 [ 26%]  Time step      710 of 2813 @ t_step =      709 Time Avg = 1.790701E-02 Time/step= 1.780300E-02 ETA (HH:MM:SS) = 0:00:37
 [ 26%]  Time step      711 of 2813 @ t_step =      710 Time Avg = 1.790728E-02 Time/step= 1.809700E-02 ETA (HH:MM:SS) = 0:00:37
 [ 26%]  Time step      712 of 2813 @ t_step =      711 Time Avg = 1.790727E-02 Time/step= 1.790600E-02 ETA (HH:MM:SS) = 0:00:37
 [ 26%]  Time step      713 of 2813 @ t_step =      712 Time Avg = 1.790714E-02 Time/step= 1.780900E-02 ETA (HH:MM:SS) = 0:00:37
 [ 26%]  Time step      714 of 2813 @ t_step =      713 Time Avg = 1.790786E-02 Time/step= 1.841900E-02 ETA (HH:MM:SS) = 0:00:37
 [ 26%]  Time step      715 of 2813 @ t_step =      714 Time Avg = 1.790822E-02 Time/step= 1.816900E-02 ETA (HH:MM:SS) = 0:00:37
 [ 26%]  Time step      716 of 2813 @ t_step =      715 Time Avg = 1.790845E-02 Time/step= 1.807100E-02 ETA (HH:MM:SS) = 0:00:37
 [ 26%]  Time step      717 of 2813 @ t_step =      716 Time Avg = 1.790846E-02 Time/step= 1.791600E-02 ETA (HH:MM:SS) = 0:00:37
 [ 26%]  Time step      718 of 2813 @ t_step =      717 Time Avg = 1.790874E-02 Time/step= 1.810800E-02 ETA (HH:MM:SS) = 0:00:37
 [ 26%]  Time step      719 of 2813 @ t_step =      718 Time Avg = 1.790881E-02 Time/step= 1.796000E-02 ETA (HH:MM:SS) = 0:00:37
 [ 26%]  Time step      720 of 2813 @ t_step =      719 Time Avg = 1.790886E-02 Time/step= 1.794200E-02 ETA (HH:MM:SS) = 0:00:37
 [ 26%]  Time step      721 of 2813 @ t_step =      720 Time Avg = 1.790899E-02 Time/step= 1.800400E-02 ETA (HH:MM:SS) = 0:00:37
 [ 26%]  Time step      722 of 2813 @ t_step =      721 Time Avg = 1.790936E-02 Time/step= 1.817800E-02 ETA (HH:MM:SS) = 0:00:37
 [ 26%]  Time step      723 of 2813 @ t_step =      722 Time Avg = 1.790938E-02 Time/step= 1.792300E-02 ETA (HH:MM:SS) = 0:00:37
 [ 26%]  Time step      724 of 2813 @ t_step =      723 Time Avg = 1.790929E-02 Time/step= 1.784300E-02 ETA (HH:MM:SS) = 0:00:37
 [ 26%]  Time step      725 of 2813 @ t_step =      724 Time Avg = 1.790961E-02 Time/step= 1.813700E-02 ETA (HH:MM:SS) = 0:00:37
 [ 26%]  Time step      726 of 2813 @ t_step =      725 Time Avg = 1.790956E-02 Time/step= 1.787800E-02 ETA (HH:MM:SS) = 0:00:37
 [ 26%]  Time step      727 of 2813 @ t_step =      726 Time Avg = 1.791028E-02 Time/step= 1.842800E-02 ETA (HH:MM:SS) = 0:00:37
 [ 26%]  Time step      728 of 2813 @ t_step =      727 Time Avg = 1.791054E-02 Time/step= 1.809600E-02 ETA (HH:MM:SS) = 0:00:37
 [ 26%]  Time step      729 of 2813 @ t_step =      728 Time Avg = 1.791090E-02 Time/step= 1.817300E-02 ETA (HH:MM:SS) = 0:00:37
 [ 26%]  Time step      730 of 2813 @ t_step =      729 Time Avg = 1.791138E-02 Time/step= 1.826500E-02 ETA (HH:MM:SS) = 0:00:37
 [ 26%]  Time step      731 of 2813 @ t_step =      730 Time Avg = 1.791121E-02 Time/step= 1.778700E-02 ETA (HH:MM:SS) = 0:00:37
 [ 26%]  Time step      732 of 2813 @ t_step =      731 Time Avg = 1.791165E-02 Time/step= 1.823000E-02 ETA (HH:MM:SS) = 0:00:37
 [ 27%]  Time step      733 of 2813 @ t_step =      732 Time Avg = 1.791147E-02 Time/step= 1.777800E-02 ETA (HH:MM:SS) = 0:00:37
 [ 27%]  Time step      734 of 2813 @ t_step =      733 Time Avg = 1.791190E-02 Time/step= 1.823000E-02 ETA (HH:MM:SS) = 0:00:37
 [ 27%]  Time step      735 of 2813 @ t_step =      734 Time Avg = 1.791211E-02 Time/step= 1.806100E-02 ETA (HH:MM:SS) = 0:00:37
 [ 27%]  Time step      736 of 2813 @ t_step =      735 Time Avg = 1.791256E-02 Time/step= 1.824600E-02 ETA (HH:MM:SS) = 0:00:37
 [ 27%]  Time step      737 of 2813 @ t_step =      736 Time Avg = 1.791286E-02 Time/step= 1.813000E-02 ETA (HH:MM:SS) = 0:00:37
 [ 27%]  Time step      738 of 2813 @ t_step =      737 Time Avg = 1.791316E-02 Time/step= 1.813600E-02 ETA (HH:MM:SS) = 0:00:37
 [ 27%]  Time step      739 of 2813 @ t_step =      738 Time Avg = 1.791345E-02 Time/step= 1.812300E-02 ETA (HH:MM:SS) = 0:00:37
 [ 27%]  Time step      740 of 2813 @ t_step =      739 Time Avg = 1.791334E-02 Time/step= 1.783300E-02 ETA (HH:MM:SS) = 0:00:37
 [ 27%]  Time step      741 of 2813 @ t_step =      740 Time Avg = 1.791357E-02 Time/step= 1.808700E-02 ETA (HH:MM:SS) = 0:00:37
 [ 27%]  Time step      742 of 2813 @ t_step =      741 Time Avg = 1.791350E-02 Time/step= 1.786000E-02 ETA (HH:MM:SS) = 0:00:37
 [ 27%]  Time step      743 of 2813 @ t_step =      742 Time Avg = 1.791366E-02 Time/step= 1.803100E-02 ETA (HH:MM:SS) = 0:00:37
 [ 27%]  Time step      744 of 2813 @ t_step =      743 Time Avg = 1.791381E-02 Time/step= 1.802300E-02 ETA (HH:MM:SS) = 0:00:37
 [ 27%]  Time step      745 of 2813 @ t_step =      744 Time Avg = 1.791358E-02 Time/step= 1.774300E-02 ETA (HH:MM:SS) = 0:00:37
 [ 27%]  Time step      746 of 2813 @ t_step =      745 Time Avg = 1.791379E-02 Time/step= 1.807000E-02 ETA (HH:MM:SS) = 0:00:37
 [ 27%]  Time step      747 of 2813 @ t_step =      746 Time Avg = 1.791390E-02 Time/step= 1.799700E-02 ETA (HH:MM:SS) = 0:00:37
 [ 27%]  Time step      748 of 2813 @ t_step =      747 Time Avg = 1.791375E-02 Time/step= 1.780300E-02 ETA (HH:MM:SS) = 0:00:36
 [ 27%]  Time step      749 of 2813 @ t_step =      748 Time Avg = 1.791369E-02 Time/step= 1.786800E-02 ETA (HH:MM:SS) = 0:00:36
 [ 27%]  Time step      750 of 2813 @ t_step =      749 Time Avg = 1.791411E-02 Time/step= 1.822800E-02 ETA (HH:MM:SS) = 0:00:36
 [ 27%]  Time step      751 of 2813 @ t_step =      750 Time Avg = 1.791424E-02 Time/step= 1.801100E-02 ETA (HH:MM:SS) = 0:00:36
 [ 27%]  Time step      752 of 2813 @ t_step =      751 Time Avg = 1.791459E-02 Time/step= 1.817700E-02 ETA (HH:MM:SS) = 0:00:36
 [ 27%]  Time step      753 of 2813 @ t_step =      752 Time Avg = 1.791448E-02 Time/step= 1.783000E-02 ETA (HH:MM:SS) = 0:00:36
 [ 27%]  Time step      754 of 2813 @ t_step =      753 Time Avg = 1.791485E-02 Time/step= 1.819300E-02 ETA (HH:MM:SS) = 0:00:36
 [ 27%]  Time step      755 of 2813 @ t_step =      754 Time Avg = 1.791478E-02 Time/step= 1.786300E-02 ETA (HH:MM:SS) = 0:00:36
 [ 27%]  Time step      756 of 2813 @ t_step =      755 Time Avg = 1.791548E-02 Time/step= 1.844400E-02 ETA (HH:MM:SS) = 0:00:36
 [ 27%]  Time step      757 of 2813 @ t_step =      756 Time Avg = 1.791581E-02 Time/step= 1.816600E-02 ETA (HH:MM:SS) = 0:00:36
 [ 27%]  Time step      758 of 2813 @ t_step =      757 Time Avg = 1.791631E-02 Time/step= 1.828900E-02 ETA (HH:MM:SS) = 0:00:36
 [ 27%]  Time step      759 of 2813 @ t_step =      758 Time Avg = 1.791597E-02 Time/step= 1.765800E-02 ETA (HH:MM:SS) = 0:00:36
 [ 27%]  Time step      760 of 2813 @ t_step =      759 Time Avg = 1.791593E-02 Time/step= 1.788800E-02 ETA (HH:MM:SS) = 0:00:36
 [ 28%]  Time step      761 of 2813 @ t_step =      760 Time Avg = 1.791642E-02 Time/step= 1.829100E-02 ETA (HH:MM:SS) = 0:00:36
 [ 28%]  Time step      762 of 2813 @ t_step =      761 Time Avg = 1.791631E-02 Time/step= 1.783300E-02 ETA (HH:MM:SS) = 0:00:36
 [ 28%]  Time step      763 of 2813 @ t_step =      762 Time Avg = 1.791685E-02 Time/step= 1.832000E-02 ETA (HH:MM:SS) = 0:00:36
 [ 28%]  Time step      764 of 2813 @ t_step =      763 Time Avg = 1.791669E-02 Time/step= 1.780100E-02 ETA (HH:MM:SS) = 0:00:36
 [ 28%]  Time step      765 of 2813 @ t_step =      764 Time Avg = 1.791704E-02 Time/step= 1.817800E-02 ETA (HH:MM:SS) = 0:00:36
 [ 28%]  Time step      766 of 2813 @ t_step =      765 Time Avg = 1.791686E-02 Time/step= 1.778400E-02 ETA (HH:MM:SS) = 0:00:36
 [ 28%]  Time step      767 of 2813 @ t_step =      766 Time Avg = 1.791672E-02 Time/step= 1.781100E-02 ETA (HH:MM:SS) = 0:00:36
 [ 28%]  Time step      768 of 2813 @ t_step =      767 Time Avg = 1.791653E-02 Time/step= 1.776700E-02 ETA (HH:MM:SS) = 0:00:36
 [ 28%]  Time step      769 of 2813 @ t_step =      768 Time Avg = 1.791690E-02 Time/step= 1.820200E-02 ETA (HH:MM:SS) = 0:00:36
 [ 28%]  Time step      770 of 2813 @ t_step =      769 Time Avg = 1.791701E-02 Time/step= 1.800000E-02 ETA (HH:MM:SS) = 0:00:36
 [ 28%]  Time step      771 of 2813 @ t_step =      770 Time Avg = 1.791682E-02 Time/step= 1.777000E-02 ETA (HH:MM:SS) = 0:00:36
 [ 28%]  Time step      772 of 2813 @ t_step =      771 Time Avg = 1.791678E-02 Time/step= 1.789000E-02 ETA (HH:MM:SS) = 0:00:36
 [ 28%]  Time step      773 of 2813 @ t_step =      772 Time Avg = 1.791707E-02 Time/step= 1.813500E-02 ETA (HH:MM:SS) = 0:00:36
 [ 28%]  Time step      774 of 2813 @ t_step =      773 Time Avg = 1.791724E-02 Time/step= 1.805300E-02 ETA (HH:MM:SS) = 0:00:36
 [ 28%]  Time step      775 of 2813 @ t_step =      774 Time Avg = 1.791756E-02 Time/step= 1.816400E-02 ETA (HH:MM:SS) = 0:00:36
 [ 28%]  Time step      776 of 2813 @ t_step =      775 Time Avg = 1.791748E-02 Time/step= 1.785200E-02 ETA (HH:MM:SS) = 0:00:36
 [ 28%]  Time step      777 of 2813 @ t_step =      776 Time Avg = 1.791793E-02 Time/step= 1.826400E-02 ETA (HH:MM:SS) = 0:00:36
 [ 28%]  Time step      778 of 2813 @ t_step =      777 Time Avg = 1.791781E-02 Time/step= 1.782700E-02 ETA (HH:MM:SS) = 0:00:36
 [ 28%]  Time step      779 of 2813 @ t_step =      778 Time Avg = 1.791776E-02 Time/step= 1.787900E-02 ETA (HH:MM:SS) = 0:00:36
 [ 28%]  Time step      780 of 2813 @ t_step =      779 Time Avg = 1.791762E-02 Time/step= 1.781100E-02 ETA (HH:MM:SS) = 0:00:36
 [ 28%]  Time step      781 of 2813 @ t_step =      780 Time Avg = 1.791812E-02 Time/step= 1.830800E-02 ETA (HH:MM:SS) = 0:00:36
 [ 28%]  Time step      782 of 2813 @ t_step =      781 Time Avg = 1.791794E-02 Time/step= 1.777300E-02 ETA (HH:MM:SS) = 0:00:36
 [ 28%]  Time step      783 of 2813 @ t_step =      782 Time Avg = 1.791811E-02 Time/step= 1.805600E-02 ETA (HH:MM:SS) = 0:00:36
 [ 28%]  Time step      784 of 2813 @ t_step =      783 Time Avg = 1.791790E-02 Time/step= 1.775200E-02 ETA (HH:MM:SS) = 0:00:36
 [ 28%]  Time step      785 of 2813 @ t_step =      784 Time Avg = 1.791909E-02 Time/step= 1.884500E-02 ETA (HH:MM:SS) = 0:00:36
 [ 28%]  Time step      786 of 2813 @ t_step =      785 Time Avg = 1.791930E-02 Time/step= 1.808300E-02 ETA (HH:MM:SS) = 0:00:36
 [ 28%]  Time step      787 of 2813 @ t_step =      786 Time Avg = 1.791974E-02 Time/step= 1.827000E-02 ETA (HH:MM:SS) = 0:00:36
 [ 28%]  Time step      788 of 2813 @ t_step =      787 Time Avg = 1.791950E-02 Time/step= 1.772900E-02 ETA (HH:MM:SS) = 0:00:36
 [ 29%]  Time step      789 of 2813 @ t_step =      788 Time Avg = 1.791994E-02 Time/step= 1.826200E-02 ETA (HH:MM:SS) = 0:00:36
 [ 29%]  Time step      790 of 2813 @ t_step =      789 Time Avg = 1.791986E-02 Time/step= 1.786400E-02 ETA (HH:MM:SS) = 0:00:36
 [ 29%]  Time step      791 of 2813 @ t_step =      790 Time Avg = 1.792044E-02 Time/step= 1.837400E-02 ETA (HH:MM:SS) = 0:00:36
 [ 29%]  Time step      792 of 2813 @ t_step =      791 Time Avg = 1.792064E-02 Time/step= 1.807900E-02 ETA (HH:MM:SS) = 0:00:36
 [ 29%]  Time step      793 of 2813 @ t_step =      792 Time Avg = 1.792097E-02 Time/step= 1.817700E-02 ETA (HH:MM:SS) = 0:00:36
 [ 29%]  Time step      794 of 2813 @ t_step =      793 Time Avg = 1.792089E-02 Time/step= 1.786000E-02 ETA (HH:MM:SS) = 0:00:36
 [ 29%]  Time step      795 of 2813 @ t_step =      794 Time Avg = 1.792122E-02 Time/step= 1.818500E-02 ETA (HH:MM:SS) = 0:00:36
 [ 29%]  Time step      796 of 2813 @ t_step =      795 Time Avg = 1.792109E-02 Time/step= 1.781300E-02 ETA (HH:MM:SS) = 0:00:36
 [ 29%]  Time step      797 of 2813 @ t_step =      796 Time Avg = 1.792115E-02 Time/step= 1.797500E-02 ETA (HH:MM:SS) = 0:00:36
 [ 29%]  Time step      798 of 2813 @ t_step =      797 Time Avg = 1.792107E-02 Time/step= 1.785700E-02 ETA (HH:MM:SS) = 0:00:36
 [ 29%]  Time step      799 of 2813 @ t_step =      798 Time Avg = 1.792132E-02 Time/step= 1.811400E-02 ETA (HH:MM:SS) = 0:00:36
 [ 29%]  Time step      800 of 2813 @ t_step =      799 Time Avg = 1.792198E-02 Time/step= 1.845000E-02 ETA (HH:MM:SS) = 0:00:36
 [ 29%]  Time step      801 of 2813 @ t_step =      800 Time Avg = 1.792166E-02 Time/step= 1.766600E-02 ETA (HH:MM:SS) = 0:00:36
 [ 29%]  Time step      802 of 2813 @ t_step =      801 Time Avg = 1.792154E-02 Time/step= 1.783000E-02 ETA (HH:MM:SS) = 0:00:36
 [ 29%]  Time step      803 of 2813 @ t_step =      802 Time Avg = 1.792181E-02 Time/step= 1.813800E-02 ETA (HH:MM:SS) = 0:00:36
 [ 29%]  Time step      804 of 2813 @ t_step =      803 Time Avg = 1.792169E-02 Time/step= 1.782100E-02 ETA (HH:MM:SS) = 0:00:36
 [ 29%]  Time step      805 of 2813 @ t_step =      804 Time Avg = 1.792200E-02 Time/step= 1.816900E-02 ETA (HH:MM:SS) = 0:00:35
 [ 29%]  Time step      806 of 2813 @ t_step =      805 Time Avg = 1.792191E-02 Time/step= 1.785100E-02 ETA (HH:MM:SS) = 0:00:35
 [ 29%]  Time step      807 of 2813 @ t_step =      806 Time Avg = 1.792198E-02 Time/step= 1.798100E-02 ETA (HH:MM:SS) = 0:00:35
 [ 29%]  Time step      808 of 2813 @ t_step =      807 Time Avg = 1.792155E-02 Time/step= 1.757800E-02 ETA (HH:MM:SS) = 0:00:35
 [ 29%]  Time step      809 of 2813 @ t_step =      808 Time Avg = 1.792188E-02 Time/step= 1.818300E-02 ETA (HH:MM:SS) = 0:00:35
 [ 29%]  Time step      810 of 2813 @ t_step =      809 Time Avg = 1.792188E-02 Time/step= 1.792100E-02 ETA (HH:MM:SS) = 0:00:35
 [ 29%]  Time step      811 of 2813 @ t_step =      810 Time Avg = 1.792245E-02 Time/step= 1.838200E-02 ETA (HH:MM:SS) = 0:00:35
 [ 29%]  Time step      812 of 2813 @ t_step =      811 Time Avg = 1.792233E-02 Time/step= 1.783200E-02 ETA (HH:MM:SS) = 0:00:35
 [ 29%]  Time step      813 of 2813 @ t_step =      812 Time Avg = 1.792239E-02 Time/step= 1.796300E-02 ETA (HH:MM:SS) = 0:00:35
 [ 29%]  Time step      814 of 2813 @ t_step =      813 Time Avg = 1.792308E-02 Time/step= 1.848300E-02 ETA (HH:MM:SS) = 0:00:35
 [ 29%]  Time step      815 of 2813 @ t_step =      814 Time Avg = 1.792351E-02 Time/step= 1.827800E-02 ETA (HH:MM:SS) = 0:00:35
 [ 29%]  Time step      816 of 2813 @ t_step =      815 Time Avg = 1.792344E-02 Time/step= 1.786400E-02 ETA (HH:MM:SS) = 0:00:35
 [ 30%]  Time step      817 of 2813 @ t_step =      816 Time Avg = 1.792345E-02 Time/step= 1.793300E-02 ETA (HH:MM:SS) = 0:00:35
 [ 30%]  Time step      818 of 2813 @ t_step =      817 Time Avg = 1.792334E-02 Time/step= 1.782900E-02 ETA (HH:MM:SS) = 0:00:35
 [ 30%]  Time step      819 of 2813 @ t_step =      818 Time Avg = 1.792369E-02 Time/step= 1.820800E-02 ETA (HH:MM:SS) = 0:00:35
 [ 30%]  Time step      820 of 2813 @ t_step =      819 Time Avg = 1.792353E-02 Time/step= 1.779700E-02 ETA (HH:MM:SS) = 0:00:35
 [ 30%]  Time step      821 of 2813 @ t_step =      820 Time Avg = 1.792372E-02 Time/step= 1.808200E-02 ETA (HH:MM:SS) = 0:00:35
 [ 30%]  Time step      822 of 2813 @ t_step =      821 Time Avg = 1.792355E-02 Time/step= 1.777900E-02 ETA (HH:MM:SS) = 0:00:35
 [ 30%]  Time step      823 of 2813 @ t_step =      822 Time Avg = 1.792377E-02 Time/step= 1.811000E-02 ETA (HH:MM:SS) = 0:00:35
 [ 30%]  Time step      824 of 2813 @ t_step =      823 Time Avg = 1.792371E-02 Time/step= 1.787400E-02 ETA (HH:MM:SS) = 0:00:35
 [ 30%]  Time step      825 of 2813 @ t_step =      824 Time Avg = 1.792390E-02 Time/step= 1.807800E-02 ETA (HH:MM:SS) = 0:00:35
 [ 30%]  Time step      826 of 2813 @ t_step =      825 Time Avg = 1.792392E-02 Time/step= 1.794200E-02 ETA (HH:MM:SS) = 0:00:35
 [ 30%]  Time step      827 of 2813 @ t_step =      826 Time Avg = 1.792420E-02 Time/step= 1.815500E-02 ETA (HH:MM:SS) = 0:00:35
 [ 30%]  Time step      828 of 2813 @ t_step =      827 Time Avg = 1.792413E-02 Time/step= 1.786000E-02 ETA (HH:MM:SS) = 0:00:35
 [ 30%]  Time step      829 of 2813 @ t_step =      828 Time Avg = 1.792445E-02 Time/step= 1.819100E-02 ETA (HH:MM:SS) = 0:00:35
 [ 30%]  Time step      830 of 2813 @ t_step =      829 Time Avg = 1.792437E-02 Time/step= 1.785900E-02 ETA (HH:MM:SS) = 0:00:35
 [ 30%]  Time step      831 of 2813 @ t_step =      830 Time Avg = 1.792481E-02 Time/step= 1.828900E-02 ETA (HH:MM:SS) = 0:00:35
 [ 30%]  Time step      832 of 2813 @ t_step =      831 Time Avg = 1.792468E-02 Time/step= 1.781700E-02 ETA (HH:MM:SS) = 0:00:35
 [ 30%]  Time step      833 of 2813 @ t_step =      832 Time Avg = 1.792475E-02 Time/step= 1.798600E-02 ETA (HH:MM:SS) = 0:00:35
 [ 30%]  Time step      834 of 2813 @ t_step =      833 Time Avg = 1.792468E-02 Time/step= 1.786400E-02 ETA (HH:MM:SS) = 0:00:35
 [ 30%]  Time step      835 of 2813 @ t_step =      834 Time Avg = 1.792504E-02 Time/step= 1.822100E-02 ETA (HH:MM:SS) = 0:00:35
 [ 30%]  Time step      836 of 2813 @ t_step =      835 Time Avg = 1.792487E-02 Time/step= 1.778500E-02 ETA (HH:MM:SS) = 0:00:35
 [ 30%]  Time step      837 of 2813 @ t_step =      836 Time Avg = 1.792533E-02 Time/step= 1.831000E-02 ETA (HH:MM:SS) = 0:00:35
 [ 30%]  Time step      838 of 2813 @ t_step =      837 Time Avg = 1.792519E-02 Time/step= 1.780400E-02 ETA (HH:MM:SS) = 0:00:35
 [ 30%]  Time step      839 of 2813 @ t_step =      838 Time Avg = 1.792561E-02 Time/step= 1.828100E-02 ETA (HH:MM:SS) = 0:00:35
 [ 30%]  Time step      840 of 2813 @ t_step =      839 Time Avg = 1.792536E-02 Time/step= 1.771300E-02 ETA (HH:MM:SS) = 0:00:35
 [ 30%]  Time step      841 of 2813 @ t_step =      840 Time Avg = 1.792567E-02 Time/step= 1.818800E-02 ETA (HH:MM:SS) = 0:00:35
 [ 30%]  Time step      842 of 2813 @ t_step =      841 Time Avg = 1.792542E-02 Time/step= 1.771500E-02 ETA (HH:MM:SS) = 0:00:35
 [ 30%]  Time step      843 of 2813 @ t_step =      842 Time Avg = 1.792600E-02 Time/step= 1.841000E-02 ETA (HH:MM:SS) = 0:00:35
 [ 30%]  Time step      844 of 2813 @ t_step =      843 Time Avg = 1.792646E-02 Time/step= 1.831300E-02 ETA (HH:MM:SS) = 0:00:35
 [ 31%]  Time step      845 of 2813 @ t_step =      844 Time Avg = 1.792653E-02 Time/step= 1.799100E-02 ETA (HH:MM:SS) = 0:00:35
 [ 31%]  Time step      846 of 2813 @ t_step =      845 Time Avg = 1.792643E-02 Time/step= 1.784300E-02 ETA (HH:MM:SS) = 0:00:35
 [ 31%]  Time step      847 of 2813 @ t_step =      846 Time Avg = 1.792643E-02 Time/step= 1.792000E-02 ETA (HH:MM:SS) = 0:00:35
 [ 31%]  Time step      848 of 2813 @ t_step =      847 Time Avg = 1.792637E-02 Time/step= 1.787800E-02 ETA (HH:MM:SS) = 0:00:35
 [ 31%]  Time step      849 of 2813 @ t_step =      848 Time Avg = 1.792639E-02 Time/step= 1.794400E-02 ETA (HH:MM:SS) = 0:00:35
 [ 31%]  Time step      850 of 2813 @ t_step =      849 Time Avg = 1.792632E-02 Time/step= 1.786700E-02 ETA (HH:MM:SS) = 0:00:35
 [ 31%]  Time step      851 of 2813 @ t_step =      850 Time Avg = 1.792623E-02 Time/step= 1.785200E-02 ETA (HH:MM:SS) = 0:00:35
 [ 31%]  Time step      852 of 2813 @ t_step =      851 Time Avg = 1.792643E-02 Time/step= 1.809000E-02 ETA (HH:MM:SS) = 0:00:35
 [ 31%]  Time step      853 of 2813 @ t_step =      852 Time Avg = 1.792642E-02 Time/step= 1.792400E-02 ETA (HH:MM:SS) = 0:00:35
 [ 31%]  Time step      854 of 2813 @ t_step =      853 Time Avg = 1.792634E-02 Time/step= 1.785800E-02 ETA (HH:MM:SS) = 0:00:35
 [ 31%]  Time step      855 of 2813 @ t_step =      854 Time Avg = 1.792657E-02 Time/step= 1.812300E-02 ETA (HH:MM:SS) = 0:00:35
 [ 31%]  Time step      856 of 2813 @ t_step =      855 Time Avg = 1.792620E-02 Time/step= 1.760700E-02 ETA (HH:MM:SS) = 0:00:35
 [ 31%]  Time step      857 of 2813 @ t_step =      856 Time Avg = 1.792631E-02 Time/step= 1.801900E-02 ETA (HH:MM:SS) = 0:00:35
 [ 31%]  Time step      858 of 2813 @ t_step =      857 Time Avg = 1.792657E-02 Time/step= 1.815200E-02 ETA (HH:MM:SS) = 0:00:35
 [ 31%]  Time step      859 of 2813 @ t_step =      858 Time Avg = 1.792633E-02 Time/step= 1.771900E-02 ETA (HH:MM:SS) = 0:00:35
 [ 31%]  Time step      860 of 2813 @ t_step =      859 Time Avg = 1.792648E-02 Time/step= 1.805400E-02 ETA (HH:MM:SS) = 0:00:35
 [ 31%]  Time step      861 of 2813 @ t_step =      860 Time Avg = 1.792661E-02 Time/step= 1.804100E-02 ETA (HH:MM:SS) = 0:00:34
 [ 31%]  Time step      862 of 2813 @ t_step =      861 Time Avg = 1.792672E-02 Time/step= 1.801700E-02 ETA (HH:MM:SS) = 0:00:34
 [ 31%]  Time step      863 of 2813 @ t_step =      862 Time Avg = 1.792654E-02 Time/step= 1.777200E-02 ETA (HH:MM:SS) = 0:00:34
 [ 31%]  Time step      864 of 2813 @ t_step =      863 Time Avg = 1.792658E-02 Time/step= 1.796200E-02 ETA (HH:MM:SS) = 0:00:34
 [ 31%]  Time step      865 of 2813 @ t_step =      864 Time Avg = 1.792690E-02 Time/step= 1.820600E-02 ETA (HH:MM:SS) = 0:00:34
 [ 31%]  Time step      866 of 2813 @ t_step =      865 Time Avg = 1.792692E-02 Time/step= 1.794700E-02 ETA (HH:MM:SS) = 0:00:34
 [ 31%]  Time step      867 of 2813 @ t_step =      866 Time Avg = 1.792695E-02 Time/step= 1.795200E-02 ETA (HH:MM:SS) = 0:00:34
 [ 31%]  Time step      868 of 2813 @ t_step =      867 Time Avg = 1.792687E-02 Time/step= 1.785100E-02 ETA (HH:MM:SS) = 0:00:34
 [ 31%]  Time step      869 of 2813 @ t_step =      868 Time Avg = 1.792652E-02 Time/step= 1.762600E-02 ETA (HH:MM:SS) = 0:00:34
 [ 31%]  Time step      870 of 2813 @ t_step =      869 Time Avg = 1.792668E-02 Time/step= 1.806500E-02 ETA (HH:MM:SS) = 0:00:34
 [ 31%]  Time step      871 of 2813 @ t_step =      870 Time Avg = 1.792632E-02 Time/step= 1.761400E-02 ETA (HH:MM:SS) = 0:00:34
 [ 31%]  Time step      872 of 2813 @ t_step =      871 Time Avg = 1.792650E-02 Time/step= 1.808800E-02 ETA (HH:MM:SS) = 0:00:34
 [ 31%]  Time step      873 of 2813 @ t_step =      872 Time Avg = 1.792631E-02 Time/step= 1.775900E-02 ETA (HH:MM:SS) = 0:00:34
 [ 32%]  Time step      874 of 2813 @ t_step =      873 Time Avg = 1.792610E-02 Time/step= 1.773900E-02 ETA (HH:MM:SS) = 0:00:34
 [ 32%]  Time step      875 of 2813 @ t_step =      874 Time Avg = 1.792600E-02 Time/step= 1.783800E-02 ETA (HH:MM:SS) = 0:00:34
 [ 32%]  Time step      876 of 2813 @ t_step =      875 Time Avg = 1.792586E-02 Time/step= 1.781100E-02 ETA (HH:MM:SS) = 0:00:34
 [ 32%]  Time step      877 of 2813 @ t_step =      876 Time Avg = 1.792590E-02 Time/step= 1.795400E-02 ETA (HH:MM:SS) = 0:00:34
 [ 32%]  Time step      878 of 2813 @ t_step =      877 Time Avg = 1.792548E-02 Time/step= 1.756400E-02 ETA (HH:MM:SS) = 0:00:34
 [ 32%]  Time step      879 of 2813 @ t_step =      878 Time Avg = 1.792542E-02 Time/step= 1.786900E-02 ETA (HH:MM:SS) = 0:00:34
 [ 32%]  Time step      880 of 2813 @ t_step =      879 Time Avg = 1.792506E-02 Time/step= 1.760900E-02 ETA (HH:MM:SS) = 0:00:34
 [ 32%]  Time step      881 of 2813 @ t_step =      880 Time Avg = 1.792503E-02 Time/step= 1.790300E-02 ETA (HH:MM:SS) = 0:00:34
 [ 32%]  Time step      882 of 2813 @ t_step =      881 Time Avg = 1.792475E-02 Time/step= 1.768000E-02 ETA (HH:MM:SS) = 0:00:34
 [ 32%]  Time step      883 of 2813 @ t_step =      882 Time Avg = 1.792440E-02 Time/step= 1.761700E-02 ETA (HH:MM:SS) = 0:00:34
 [ 32%]  Time step      884 of 2813 @ t_step =      883 Time Avg = 1.792430E-02 Time/step= 1.782900E-02 ETA (HH:MM:SS) = 0:00:34
 [ 32%]  Time step      885 of 2813 @ t_step =      884 Time Avg = 1.792422E-02 Time/step= 1.785900E-02 ETA (HH:MM:SS) = 0:00:34
 [ 32%]  Time step      886 of 2813 @ t_step =      885 Time Avg = 1.792398E-02 Time/step= 1.770900E-02 ETA (HH:MM:SS) = 0:00:34
 [ 32%]  Time step      887 of 2813 @ t_step =      886 Time Avg = 1.792371E-02 Time/step= 1.768500E-02 ETA (HH:MM:SS) = 0:00:34
 [ 32%]  Time step      888 of 2813 @ t_step =      887 Time Avg = 1.792368E-02 Time/step= 1.790200E-02 ETA (HH:MM:SS) = 0:00:34
 [ 32%]  Time step      889 of 2813 @ t_step =      888 Time Avg = 1.792329E-02 Time/step= 1.757600E-02 ETA (HH:MM:SS) = 0:00:34
 [ 32%]  Time step      890 of 2813 @ t_step =      889 Time Avg = 1.792285E-02 Time/step= 1.753000E-02 ETA (HH:MM:SS) = 0:00:34
 [ 32%]  Time step      891 of 2813 @ t_step =      890 Time Avg = 1.792250E-02 Time/step= 1.761800E-02 ETA (HH:MM:SS) = 0:00:34
 [ 32%]  Time step      892 of 2813 @ t_step =      891 Time Avg = 1.792244E-02 Time/step= 1.787000E-02 ETA (HH:MM:SS) = 0:00:34
 [ 32%]  Time step      893 of 2813 @ t_step =      892 Time Avg = 1.792295E-02 Time/step= 1.837600E-02 ETA (HH:MM:SS) = 0:00:34
 [ 32%]  Time step      894 of 2813 @ t_step =      893 Time Avg = 1.792244E-02 Time/step= 1.746800E-02 ETA (HH:MM:SS) = 0:00:34
 [ 32%]  Time step      895 of 2813 @ t_step =      894 Time Avg = 1.792273E-02 Time/step= 1.817400E-02 ETA (HH:MM:SS) = 0:00:34
 [ 32%]  Time step      896 of 2813 @ t_step =      895 Time Avg = 1.792248E-02 Time/step= 1.770800E-02 ETA (HH:MM:SS) = 0:00:34
 [ 32%]  Time step      897 of 2813 @ t_step =      896 Time Avg = 1.792248E-02 Time/step= 1.791500E-02 ETA (HH:MM:SS) = 0:00:34
 [ 32%]  Time step      898 of 2813 @ t_step =      897 Time Avg = 1.792206E-02 Time/step= 1.754900E-02 ETA (HH:MM:SS) = 0:00:34
 [ 32%]  Time step      899 of 2813 @ t_step =      898 Time Avg = 1.792186E-02 Time/step= 1.774300E-02 ETA (HH:MM:SS) = 0:00:34
 [ 32%]  Time step      900 of 2813 @ t_step =      899 Time Avg = 1.792187E-02 Time/step= 1.792900E-02 ETA (HH:MM:SS) = 0:00:34
 [ 32%]  Time step      901 of 2813 @ t_step =      900 Time Avg = 1.792208E-02 Time/step= 1.811400E-02 ETA (HH:MM:SS) = 0:00:34
 [ 33%]  Time step      902 of 2813 @ t_step =      901 Time Avg = 1.792214E-02 Time/step= 1.797700E-02 ETA (HH:MM:SS) = 0:00:34
 [ 33%]  Time step      903 of 2813 @ t_step =      902 Time Avg = 1.792220E-02 Time/step= 1.797700E-02 ETA (HH:MM:SS) = 0:00:34
 [ 33%]  Time step      904 of 2813 @ t_step =      903 Time Avg = 1.792209E-02 Time/step= 1.782300E-02 ETA (HH:MM:SS) = 0:00:34
 [ 33%]  Time step      905 of 2813 @ t_step =      904 Time Avg = 1.792157E-02 Time/step= 1.745400E-02 ETA (HH:MM:SS) = 0:00:34
 [ 33%]  Time step      906 of 2813 @ t_step =      905 Time Avg = 1.792119E-02 Time/step= 1.757200E-02 ETA (HH:MM:SS) = 0:00:34
 [ 33%]  Time step      907 of 2813 @ t_step =      906 Time Avg = 1.792077E-02 Time/step= 1.754000E-02 ETA (HH:MM:SS) = 0:00:34
 [ 33%]  Time step      908 of 2813 @ t_step =      907 Time Avg = 1.792042E-02 Time/step= 1.760800E-02 ETA (HH:MM:SS) = 0:00:34
 [ 33%]  Time step      909 of 2813 @ t_step =      908 Time Avg = 1.791988E-02 Time/step= 1.742800E-02 ETA (HH:MM:SS) = 0:00:34
 [ 33%]  Time step      910 of 2813 @ t_step =      909 Time Avg = 1.791978E-02 Time/step= 1.782900E-02 ETA (HH:MM:SS) = 0:00:34
 [ 33%]  Time step      911 of 2813 @ t_step =      910 Time Avg = 1.791938E-02 Time/step= 1.756200E-02 ETA (HH:MM:SS) = 0:00:34
 [ 33%]  Time step      912 of 2813 @ t_step =      911 Time Avg = 1.791896E-02 Time/step= 1.753800E-02 ETA (HH:MM:SS) = 0:00:34
 [ 33%]  Time step      913 of 2813 @ t_step =      912 Time Avg = 1.791874E-02 Time/step= 1.771700E-02 ETA (HH:MM:SS) = 0:00:34
 [ 33%]  Time step      914 of 2813 @ t_step =      913 Time Avg = 1.791821E-02 Time/step= 1.743900E-02 ETA (HH:MM:SS) = 0:00:34
 [ 33%]  Time step      915 of 2813 @ t_step =      914 Time Avg = 1.791809E-02 Time/step= 1.780900E-02 ETA (HH:MM:SS) = 0:00:34
 [ 33%]  Time step      916 of 2813 @ t_step =      915 Time Avg = 1.791792E-02 Time/step= 1.775500E-02 ETA (HH:MM:SS) = 0:00:33
 [ 33%]  Time step      917 of 2813 @ t_step =      916 Time Avg = 1.791784E-02 Time/step= 1.785200E-02 ETA (HH:MM:SS) = 0:00:33
 [ 33%]  Time step      918 of 2813 @ t_step =      917 Time Avg = 1.791739E-02 Time/step= 1.749900E-02 ETA (HH:MM:SS) = 0:00:33
 [ 33%]  Time step      919 of 2813 @ t_step =      918 Time Avg = 1.791759E-02 Time/step= 1.810500E-02 ETA (HH:MM:SS) = 0:00:33
 [ 33%]  Time step      920 of 2813 @ t_step =      919 Time Avg = 1.791708E-02 Time/step= 1.745300E-02 ETA (HH:MM:SS) = 0:00:33
 [ 33%]  Time step      921 of 2813 @ t_step =      920 Time Avg = 1.791655E-02 Time/step= 1.743000E-02 ETA (HH:MM:SS) = 0:00:33
 [ 33%]  Time step      922 of 2813 @ t_step =      921 Time Avg = 1.791660E-02 Time/step= 1.796300E-02 ETA (HH:MM:SS) = 0:00:33
 [ 33%]  Time step      923 of 2813 @ t_step =      922 Time Avg = 1.791639E-02 Time/step= 1.771700E-02 ETA (HH:MM:SS) = 0:00:33
 [ 33%]  Time step      924 of 2813 @ t_step =      923 Time Avg = 1.791593E-02 Time/step= 1.749700E-02 ETA (HH:MM:SS) = 0:00:33
 [ 33%]  Time step      925 of 2813 @ t_step =      924 Time Avg = 1.791544E-02 Time/step= 1.746300E-02 ETA (HH:MM:SS) = 0:00:33
 [ 33%]  Time step      926 of 2813 @ t_step =      925 Time Avg = 1.791499E-02 Time/step= 1.750100E-02 ETA (HH:MM:SS) = 0:00:33
 [ 33%]  Time step      927 of 2813 @ t_step =      926 Time Avg = 1.791453E-02 Time/step= 1.748500E-02 ETA (HH:MM:SS) = 0:00:33
 [ 33%]  Time step      928 of 2813 @ t_step =      927 Time Avg = 1.791403E-02 Time/step= 1.745800E-02 ETA (HH:MM:SS) = 0:00:33
 [ 33%]  Time step      929 of 2813 @ t_step =      928 Time Avg = 1.791356E-02 Time/step= 1.747800E-02 ETA (HH:MM:SS) = 0:00:33
 [ 34%]  Time step      930 of 2813 @ t_step =      929 Time Avg = 1.791395E-02 Time/step= 1.827200E-02 ETA (HH:MM:SS) = 0:00:33
 [ 34%]  Time step      931 of 2813 @ t_step =      930 Time Avg = 1.791399E-02 Time/step= 1.795500E-02 ETA (HH:MM:SS) = 0:00:33
 [ 34%]  Time step      932 of 2813 @ t_step =      931 Time Avg = 1.791376E-02 Time/step= 1.770000E-02 ETA (HH:MM:SS) = 0:00:33
 [ 34%]  Time step      933 of 2813 @ t_step =      932 Time Avg = 1.791326E-02 Time/step= 1.745100E-02 ETA (HH:MM:SS) = 0:00:33
 [ 34%]  Time step      934 of 2813 @ t_step =      933 Time Avg = 1.791304E-02 Time/step= 1.770400E-02 ETA (HH:MM:SS) = 0:00:33
 [ 34%]  Time step      935 of 2813 @ t_step =      934 Time Avg = 1.791267E-02 Time/step= 1.756800E-02 ETA (HH:MM:SS) = 0:00:33
 [ 34%]  Time step      936 of 2813 @ t_step =      935 Time Avg = 1.791220E-02 Time/step= 1.747000E-02 ETA (HH:MM:SS) = 0:00:33
 [ 34%]  Time step      937 of 2813 @ t_step =      936 Time Avg = 1.791204E-02 Time/step= 1.777200E-02 ETA (HH:MM:SS) = 0:00:33
 [ 34%]  Time step      938 of 2813 @ t_step =      937 Time Avg = 1.791154E-02 Time/step= 1.743800E-02 ETA (HH:MM:SS) = 0:00:33
 [ 34%]  Time step      939 of 2813 @ t_step =      938 Time Avg = 1.791145E-02 Time/step= 1.783200E-02 ETA (HH:MM:SS) = 0:00:33
 [ 34%]  Time step      940 of 2813 @ t_step =      939 Time Avg = 1.791215E-02 Time/step= 1.856300E-02 ETA (HH:MM:SS) = 0:00:33
 [ 34%]  Time step      941 of 2813 @ t_step =      940 Time Avg = 1.791212E-02 Time/step= 1.788600E-02 ETA (HH:MM:SS) = 0:00:33
 [ 34%]  Time step      942 of 2813 @ t_step =      941 Time Avg = 1.791162E-02 Time/step= 1.744300E-02 ETA (HH:MM:SS) = 0:00:33
 [ 34%]  Time step      943 of 2813 @ t_step =      942 Time Avg = 1.791157E-02 Time/step= 1.786500E-02 ETA (HH:MM:SS) = 0:00:33
 [ 34%]  Time step      944 of 2813 @ t_step =      943 Time Avg = 1.791110E-02 Time/step= 1.746800E-02 ETA (HH:MM:SS) = 0:00:33
 [ 34%]  Time step      945 of 2813 @ t_step =      944 Time Avg = 1.791064E-02 Time/step= 1.747500E-02 ETA (HH:MM:SS) = 0:00:33
 [ 34%]  Time step      946 of 2813 @ t_step =      945 Time Avg = 1.791057E-02 Time/step= 1.785100E-02 ETA (HH:MM:SS) = 0:00:33
 [ 34%]  Time step      947 of 2813 @ t_step =      946 Time Avg = 1.791008E-02 Time/step= 1.744100E-02 ETA (HH:MM:SS) = 0:00:33
 [ 34%]  Time step      948 of 2813 @ t_step =      947 Time Avg = 1.790996E-02 Time/step= 1.780100E-02 ETA (HH:MM:SS) = 0:00:33
 [ 34%]  Time step      949 of 2813 @ t_step =      948 Time Avg = 1.790949E-02 Time/step= 1.746300E-02 ETA (HH:MM:SS) = 0:00:33
 [ 34%]  Time step      950 of 2813 @ t_step =      949 Time Avg = 1.790902E-02 Time/step= 1.746200E-02 ETA (HH:MM:SS) = 0:00:33
 [ 34%]  Time step      951 of 2813 @ t_step =      950 Time Avg = 1.790926E-02 Time/step= 1.814200E-02 ETA (HH:MM:SS) = 0:00:33
 [ 34%]  Time step      952 of 2813 @ t_step =      951 Time Avg = 1.790917E-02 Time/step= 1.781900E-02 ETA (HH:MM:SS) = 0:00:33
 [ 34%]  Time step      953 of 2813 @ t_step =      952 Time Avg = 1.790918E-02 Time/step= 1.791900E-02 ETA (HH:MM:SS) = 0:00:33
 [ 34%]  Time step      954 of 2813 @ t_step =      953 Time Avg = 1.790875E-02 Time/step= 1.750400E-02 ETA (HH:MM:SS) = 0:00:33
 [ 34%]  Time step      955 of 2813 @ t_step =      954 Time Avg = 1.790852E-02 Time/step= 1.768700E-02 ETA (HH:MM:SS) = 0:00:33
 [ 34%]  Time step      956 of 2813 @ t_step =      955 Time Avg = 1.790815E-02 Time/step= 1.756100E-02 ETA (HH:MM:SS) = 0:00:33
 [ 34%]  Time step      957 of 2813 @ t_step =      956 Time Avg = 1.790809E-02 Time/step= 1.784800E-02 ETA (HH:MM:SS) = 0:00:33
 [ 35%]  Time step      958 of 2813 @ t_step =      957 Time Avg = 1.790760E-02 Time/step= 1.744400E-02 ETA (HH:MM:SS) = 0:00:33
 [ 35%]  Time step      959 of 2813 @ t_step =      958 Time Avg = 1.790816E-02 Time/step= 1.843500E-02 ETA (HH:MM:SS) = 0:00:33
 [ 35%]  Time step      960 of 2813 @ t_step =      959 Time Avg = 1.790835E-02 Time/step= 1.809800E-02 ETA (HH:MM:SS) = 0:00:33
 [ 35%]  Time step      961 of 2813 @ t_step =      960 Time Avg = 1.790800E-02 Time/step= 1.757300E-02 ETA (HH:MM:SS) = 0:00:33
 [ 35%]  Time step      962 of 2813 @ t_step =      961 Time Avg = 1.790781E-02 Time/step= 1.771700E-02 ETA (HH:MM:SS) = 0:00:33
 [ 35%]  Time step      963 of 2813 @ t_step =      962 Time Avg = 1.790748E-02 Time/step= 1.759400E-02 ETA (HH:MM:SS) = 0:00:33
 [ 35%]  Time step      964 of 2813 @ t_step =      963 Time Avg = 1.790705E-02 Time/step= 1.749700E-02 ETA (HH:MM:SS) = 0:00:33
 [ 35%]  Time step      965 of 2813 @ t_step =      964 Time Avg = 1.790688E-02 Time/step= 1.773800E-02 ETA (HH:MM:SS) = 0:00:33
 [ 35%]  Time step      966 of 2813 @ t_step =      965 Time Avg = 1.790671E-02 Time/step= 1.774800E-02 ETA (HH:MM:SS) = 0:00:33
 [ 35%]  Time step      967 of 2813 @ t_step =      966 Time Avg = 1.790635E-02 Time/step= 1.755600E-02 ETA (HH:MM:SS) = 0:00:33
 [ 35%]  Time step      968 of 2813 @ t_step =      967 Time Avg = 1.790598E-02 Time/step= 1.755700E-02 ETA (HH:MM:SS) = 0:00:33
 [ 35%]  Time step      969 of 2813 @ t_step =      968 Time Avg = 1.790559E-02 Time/step= 1.752100E-02 ETA (HH:MM:SS) = 0:00:33
 [ 35%]  Time step      970 of 2813 @ t_step =      969 Time Avg = 1.790531E-02 Time/step= 1.763600E-02 ETA (HH:MM:SS) = 0:00:32
 [ 35%]  Time step      971 of 2813 @ t_step =      970 Time Avg = 1.790518E-02 Time/step= 1.777900E-02 ETA (HH:MM:SS) = 0:00:32
 [ 35%]  Time step      972 of 2813 @ t_step =      971 Time Avg = 1.790512E-02 Time/step= 1.785000E-02 ETA (HH:MM:SS) = 0:00:32
 [ 35%]  Time step      973 of 2813 @ t_step =      972 Time Avg = 1.790498E-02 Time/step= 1.776700E-02 ETA (HH:MM:SS) = 0:00:32
 [ 35%]  Time step      974 of 2813 @ t_step =      973 Time Avg = 1.790497E-02 Time/step= 1.790000E-02 ETA (HH:MM:SS) = 0:00:32
 [ 35%]  Time step      975 of 2813 @ t_step =      974 Time Avg = 1.790457E-02 Time/step= 1.751000E-02 ETA (HH:MM:SS) = 0:00:32
 [ 35%]  Time step      976 of 2813 @ t_step =      975 Time Avg = 1.790413E-02 Time/step= 1.747700E-02 ETA (HH:MM:SS) = 0:00:32
 [ 35%]  Time step      977 of 2813 @ t_step =      976 Time Avg = 1.790373E-02 Time/step= 1.751900E-02 ETA (HH:MM:SS) = 0:00:32
 [ 35%]  Time step      978 of 2813 @ t_step =      977 Time Avg = 1.790335E-02 Time/step= 1.753200E-02 ETA (HH:MM:SS) = 0:00:32
 [ 35%]  Time step      979 of 2813 @ t_step =      978 Time Avg = 1.790331E-02 Time/step= 1.786700E-02 ETA (HH:MM:SS) = 0:00:32
 [ 35%]  Time step      980 of 2813 @ t_step =      979 Time Avg = 1.790290E-02 Time/step= 1.750200E-02 ETA (HH:MM:SS) = 0:00:32
 [ 35%]  Time step      981 of 2813 @ t_step =      980 Time Avg = 1.790245E-02 Time/step= 1.746500E-02 ETA (HH:MM:SS) = 0:00:32
 [ 35%]  Time step      982 of 2813 @ t_step =      981 Time Avg = 1.790199E-02 Time/step= 1.745100E-02 ETA (HH:MM:SS) = 0:00:32
 [ 35%]  Time step      983 of 2813 @ t_step =      982 Time Avg = 1.790160E-02 Time/step= 1.752000E-02 ETA (HH:MM:SS) = 0:00:32
 [ 35%]  Time step      984 of 2813 @ t_step =      983 Time Avg = 1.790169E-02 Time/step= 1.799000E-02 ETA (HH:MM:SS) = 0:00:32
 [ 35%]  Time step      985 of 2813 @ t_step =      984 Time Avg = 1.790131E-02 Time/step= 1.752900E-02 ETA (HH:MM:SS) = 0:00:32
 [ 36%]  Time step      986 of 2813 @ t_step =      985 Time Avg = 1.790093E-02 Time/step= 1.752300E-02 ETA (HH:MM:SS) = 0:00:32
 [ 36%]  Time step      987 of 2813 @ t_step =      986 Time Avg = 1.790057E-02 Time/step= 1.754400E-02 ETA (HH:MM:SS) = 0:00:32
 [ 36%]  Time step      988 of 2813 @ t_step =      987 Time Avg = 1.790088E-02 Time/step= 1.820800E-02 ETA (HH:MM:SS) = 0:00:32
 [ 36%]  Time step      989 of 2813 @ t_step =      988 Time Avg = 1.790061E-02 Time/step= 1.763500E-02 ETA (HH:MM:SS) = 0:00:32
 [ 36%]  Time step      990 of 2813 @ t_step =      989 Time Avg = 1.790051E-02 Time/step= 1.780200E-02 ETA (HH:MM:SS) = 0:00:32
 [ 36%]  Time step      991 of 2813 @ t_step =      990 Time Avg = 1.790067E-02 Time/step= 1.806200E-02 ETA (HH:MM:SS) = 0:00:32
 [ 36%]  Time step      992 of 2813 @ t_step =      991 Time Avg = 1.790026E-02 Time/step= 1.749500E-02 ETA (HH:MM:SS) = 0:00:32
 [ 36%]  Time step      993 of 2813 @ t_step =      992 Time Avg = 1.789992E-02 Time/step= 1.756500E-02 ETA (HH:MM:SS) = 0:00:32
 [ 36%]  Time step      994 of 2813 @ t_step =      993 Time Avg = 1.789966E-02 Time/step= 1.764000E-02 ETA (HH:MM:SS) = 0:00:32
 [ 36%]  Time step      995 of 2813 @ t_step =      994 Time Avg = 1.789950E-02 Time/step= 1.774000E-02 ETA (HH:MM:SS) = 0:00:32
 [ 36%]  Time step      996 of 2813 @ t_step =      995 Time Avg = 1.789952E-02 Time/step= 1.792200E-02 ETA (HH:MM:SS) = 0:00:32
 [ 36%]  Time step      997 of 2813 @ t_step =      996 Time Avg = 1.789912E-02 Time/step= 1.749800E-02 ETA (HH:MM:SS) = 0:00:32
 [ 36%]  Time step      998 of 2813 @ t_step =      997 Time Avg = 1.789913E-02 Time/step= 1.790600E-02 ETA (HH:MM:SS) = 0:00:32
 [ 36%]  Time step      999 of 2813 @ t_step =      998 Time Avg = 1.789896E-02 Time/step= 1.773600E-02 ETA (HH:MM:SS) = 0:00:32
 [ 36%]  Time step     1000 of 2813 @ t_step =      999 Time Avg = 1.789854E-02 Time/step= 1.747600E-02 ETA (HH:MM:SS) = 0:00:32
 [ 36%]  Time step     1001 of 2813 @ t_step =     1000 Time Avg = 1.789812E-02 Time/step= 1.748500E-02 ETA (HH:MM:SS) = 0:00:32
 [ 36%]  Time step     1002 of 2813 @ t_step =     1001 Time Avg = 1.789773E-02 Time/step= 1.750600E-02 ETA (HH:MM:SS) = 0:00:32
 [ 36%]  Time step     1003 of 2813 @ t_step =     1002 Time Avg = 1.789769E-02 Time/step= 1.785900E-02 ETA (HH:MM:SS) = 0:00:32
 [ 36%]  Time step     1004 of 2813 @ t_step =     1003 Time Avg = 1.789728E-02 Time/step= 1.748200E-02 ETA (HH:MM:SS) = 0:00:32
 [ 36%]  Time step     1005 of 2813 @ t_step =     1004 Time Avg = 1.789723E-02 Time/step= 1.785300E-02 ETA (HH:MM:SS) = 0:00:32
 [ 36%]  Time step     1006 of 2813 @ t_step =     1005 Time Avg = 1.789712E-02 Time/step= 1.778000E-02 ETA (HH:MM:SS) = 0:00:32
 [ 36%]  Time step     1007 of 2813 @ t_step =     1006 Time Avg = 1.789669E-02 Time/step= 1.746700E-02 ETA (HH:MM:SS) = 0:00:32
 [ 36%]  Time step     1008 of 2813 @ t_step =     1007 Time Avg = 1.789669E-02 Time/step= 1.789700E-02 ETA (HH:MM:SS) = 0:00:32
 [ 36%]  Time step     1009 of 2813 @ t_step =     1008 Time Avg = 1.789638E-02 Time/step= 1.758800E-02 ETA (HH:MM:SS) = 0:00:32
 [ 36%]  Time step     1010 of 2813 @ t_step =     1009 Time Avg = 1.789640E-02 Time/step= 1.791500E-02 ETA (HH:MM:SS) = 0:00:32
 [ 36%]  Time step     1011 of 2813 @ t_step =     1010 Time Avg = 1.789601E-02 Time/step= 1.750800E-02 ETA (HH:MM:SS) = 0:00:32
 [ 36%]  Time step     1012 of 2813 @ t_step =     1011 Time Avg = 1.789592E-02 Time/step= 1.780400E-02 ETA (HH:MM:SS) = 0:00:32
 [ 36%]  Time step     1013 of 2813 @ t_step =     1012 Time Avg = 1.789575E-02 Time/step= 1.771700E-02 ETA (HH:MM:SS) = 0:00:32
 [ 37%]  Time step     1014 of 2813 @ t_step =     1013 Time Avg = 1.789531E-02 Time/step= 1.745600E-02 ETA (HH:MM:SS) = 0:00:32
 [ 37%]  Time step     1015 of 2813 @ t_step =     1014 Time Avg = 1.789518E-02 Time/step= 1.776500E-02 ETA (HH:MM:SS) = 0:00:32
 [ 37%]  Time step     1016 of 2813 @ t_step =     1015 Time Avg = 1.789480E-02 Time/step= 1.750400E-02 ETA (HH:MM:SS) = 0:00:32
 [ 37%]  Time step     1017 of 2813 @ t_step =     1016 Time Avg = 1.789561E-02 Time/step= 1.872400E-02 ETA (HH:MM:SS) = 0:00:32
 [ 37%]  Time step     1018 of 2813 @ t_step =     1017 Time Avg = 1.789574E-02 Time/step= 1.802500E-02 ETA (HH:MM:SS) = 0:00:32
 [ 37%]  Time step     1019 of 2813 @ t_step =     1018 Time Avg = 1.789577E-02 Time/step= 1.792600E-02 ETA (HH:MM:SS) = 0:00:32
 [ 37%]  Time step     1020 of 2813 @ t_step =     1019 Time Avg = 1.789571E-02 Time/step= 1.783300E-02 ETA (HH:MM:SS) = 0:00:32
 [ 37%]  Time step     1021 of 2813 @ t_step =     1020 Time Avg = 1.789535E-02 Time/step= 1.753300E-02 ETA (HH:MM:SS) = 0:00:32
 [ 37%]  Time step     1022 of 2813 @ t_step =     1021 Time Avg = 1.789499E-02 Time/step= 1.752400E-02 ETA (HH:MM:SS) = 0:00:32
 [ 37%]  Time step     1023 of 2813 @ t_step =     1022 Time Avg = 1.789493E-02 Time/step= 1.783800E-02 ETA (HH:MM:SS) = 0:00:32
 [ 37%]  Time step     1024 of 2813 @ t_step =     1023 Time Avg = 1.789456E-02 Time/step= 1.751600E-02 ETA (HH:MM:SS) = 0:00:32
 [ 37%]  Time step     1025 of 2813 @ t_step =     1024 Time Avg = 1.789458E-02 Time/step= 1.791400E-02 ETA (HH:MM:SS) = 0:00:31
 [ 37%]  Time step     1026 of 2813 @ t_step =     1025 Time Avg = 1.789419E-02 Time/step= 1.750000E-02 ETA (HH:MM:SS) = 0:00:31
 [ 37%]  Time step     1027 of 2813 @ t_step =     1026 Time Avg = 1.789400E-02 Time/step= 1.769000E-02 ETA (HH:MM:SS) = 0:00:31
 [ 37%]  Time step     1028 of 2813 @ t_step =     1027 Time Avg = 1.789426E-02 Time/step= 1.816900E-02 ETA (HH:MM:SS) = 0:00:31
 [ 37%]  Time step     1029 of 2813 @ t_step =     1028 Time Avg = 1.789399E-02 Time/step= 1.761500E-02 ETA (HH:MM:SS) = 0:00:31
 [ 37%]  Time step     1030 of 2813 @ t_step =     1029 Time Avg = 1.789373E-02 Time/step= 1.762800E-02 ETA (HH:MM:SS) = 0:00:31
 [ 37%]  Time step     1031 of 2813 @ t_step =     1030 Time Avg = 1.789346E-02 Time/step= 1.761000E-02 ETA (HH:MM:SS) = 0:00:31
 [ 37%]  Time step     1032 of 2813 @ t_step =     1031 Time Avg = 1.789333E-02 Time/step= 1.776800E-02 ETA (HH:MM:SS) = 0:00:31
 [ 37%]  Time step     1033 of 2813 @ t_step =     1032 Time Avg = 1.789295E-02 Time/step= 1.750100E-02 ETA (HH:MM:SS) = 0:00:31
 [ 37%]  Time step     1034 of 2813 @ t_step =     1033 Time Avg = 1.789262E-02 Time/step= 1.755100E-02 ETA (HH:MM:SS) = 0:00:31
 [ 37%]  Time step     1035 of 2813 @ t_step =     1034 Time Avg = 1.789225E-02 Time/step= 1.751000E-02 ETA (HH:MM:SS) = 0:00:31
 [ 37%]  Time step     1036 of 2813 @ t_step =     1035 Time Avg = 1.789216E-02 Time/step= 1.780100E-02 ETA (HH:MM:SS) = 0:00:31
 [ 37%]  Time step     1037 of 2813 @ t_step =     1036 Time Avg = 1.789218E-02 Time/step= 1.791300E-02 ETA (HH:MM:SS) = 0:00:31
 [ 37%]  Time step     1038 of 2813 @ t_step =     1037 Time Avg = 1.789180E-02 Time/step= 1.749100E-02 ETA (HH:MM:SS) = 0:00:31
 [ 37%]  Time step     1039 of 2813 @ t_step =     1038 Time Avg = 1.789166E-02 Time/step= 1.775500E-02 ETA (HH:MM:SS) = 0:00:31
 [ 37%]  Time step     1040 of 2813 @ t_step =     1039 Time Avg = 1.789159E-02 Time/step= 1.781500E-02 ETA (HH:MM:SS) = 0:00:31
 [ 37%]  Time step     1041 of 2813 @ t_step =     1040 Time Avg = 1.789128E-02 Time/step= 1.756900E-02 ETA (HH:MM:SS) = 0:00:31
 [ 38%]  Time step     1042 of 2813 @ t_step =     1041 Time Avg = 1.789094E-02 Time/step= 1.754400E-02 ETA (HH:MM:SS) = 0:00:31
 [ 38%]  Time step     1043 of 2813 @ t_step =     1042 Time Avg = 1.789070E-02 Time/step= 1.763500E-02 ETA (HH:MM:SS) = 0:00:31
 [ 38%]  Time step     1044 of 2813 @ t_step =     1043 Time Avg = 1.789054E-02 Time/step= 1.772700E-02 ETA (HH:MM:SS) = 0:00:31
 [ 38%]  Time step     1045 of 2813 @ t_step =     1044 Time Avg = 1.789033E-02 Time/step= 1.766900E-02 ETA (HH:MM:SS) = 0:00:31
 [ 38%]  Time step     1046 of 2813 @ t_step =     1045 Time Avg = 1.789097E-02 Time/step= 1.856200E-02 ETA (HH:MM:SS) = 0:00:31
 [ 38%]  Time step     1047 of 2813 @ t_step =     1046 Time Avg = 1.789072E-02 Time/step= 1.762500E-02 ETA (HH:MM:SS) = 0:00:31
 [ 38%]  Time step     1048 of 2813 @ t_step =     1047 Time Avg = 1.789046E-02 Time/step= 1.762600E-02 ETA (HH:MM:SS) = 0:00:31
 [ 38%]  Time step     1049 of 2813 @ t_step =     1048 Time Avg = 1.789039E-02 Time/step= 1.781300E-02 ETA (HH:MM:SS) = 0:00:31
 [ 38%]  Time step     1050 of 2813 @ t_step =     1049 Time Avg = 1.789006E-02 Time/step= 1.755000E-02 ETA (HH:MM:SS) = 0:00:31
 [ 38%]  Time step     1051 of 2813 @ t_step =     1050 Time Avg = 1.788980E-02 Time/step= 1.761600E-02 ETA (HH:MM:SS) = 0:00:31
 [ 38%]  Time step     1052 of 2813 @ t_step =     1051 Time Avg = 1.788949E-02 Time/step= 1.756400E-02 ETA (HH:MM:SS) = 0:00:31
 [ 38%]  Time step     1053 of 2813 @ t_step =     1052 Time Avg = 1.788950E-02 Time/step= 1.789900E-02 ETA (HH:MM:SS) = 0:00:31
 [ 38%]  Time step     1054 of 2813 @ t_step =     1053 Time Avg = 1.788917E-02 Time/step= 1.754100E-02 ETA (HH:MM:SS) = 0:00:31
 [ 38%]  Time step     1055 of 2813 @ t_step =     1054 Time Avg = 1.788882E-02 Time/step= 1.751800E-02 ETA (HH:MM:SS) = 0:00:31
 [ 38%]  Time step     1056 of 2813 @ t_step =     1055 Time Avg = 1.788877E-02 Time/step= 1.783700E-02 ETA (HH:MM:SS) = 0:00:31
 [ 38%]  Time step     1057 of 2813 @ t_step =     1056 Time Avg = 1.788842E-02 Time/step= 1.752400E-02 ETA (HH:MM:SS) = 0:00:31
 [ 38%]  Time step     1058 of 2813 @ t_step =     1057 Time Avg = 1.788845E-02 Time/step= 1.791700E-02 ETA (HH:MM:SS) = 0:00:31
 [ 38%]  Time step     1059 of 2813 @ t_step =     1058 Time Avg = 1.788807E-02 Time/step= 1.748800E-02 ETA (HH:MM:SS) = 0:00:31
 [ 38%]  Time step     1060 of 2813 @ t_step =     1059 Time Avg = 1.788771E-02 Time/step= 1.750900E-02 ETA (HH:MM:SS) = 0:00:31
 [ 38%]  Time step     1061 of 2813 @ t_step =     1060 Time Avg = 1.788761E-02 Time/step= 1.778000E-02 ETA (HH:MM:SS) = 0:00:31
 [ 38%]  Time step     1062 of 2813 @ t_step =     1061 Time Avg = 1.788755E-02 Time/step= 1.782100E-02 ETA (HH:MM:SS) = 0:00:31
 [ 38%]  Time step     1063 of 2813 @ t_step =     1062 Time Avg = 1.788758E-02 Time/step= 1.791800E-02 ETA (HH:MM:SS) = 0:00:31
 [ 38%]  Time step     1064 of 2813 @ t_step =     1063 Time Avg = 1.788722E-02 Time/step= 1.750600E-02 ETA (HH:MM:SS) = 0:00:31
 [ 38%]  Time step     1065 of 2813 @ t_step =     1064 Time Avg = 1.788723E-02 Time/step= 1.790300E-02 ETA (HH:MM:SS) = 0:00:31
 [ 38%]  Time step     1066 of 2813 @ t_step =     1065 Time Avg = 1.788694E-02 Time/step= 1.758000E-02 ETA (HH:MM:SS) = 0:00:31
 [ 38%]  Time step     1067 of 2813 @ t_step =     1066 Time Avg = 1.788659E-02 Time/step= 1.751700E-02 ETA (HH:MM:SS) = 0:00:31
 [ 38%]  Time step     1068 of 2813 @ t_step =     1067 Time Avg = 1.788668E-02 Time/step= 1.798000E-02 ETA (HH:MM:SS) = 0:00:31
 [ 38%]  Time step     1069 of 2813 @ t_step =     1068 Time Avg = 1.788631E-02 Time/step= 1.749500E-02 ETA (HH:MM:SS) = 0:00:31
 [ 39%]  Time step     1070 of 2813 @ t_step =     1069 Time Avg = 1.788627E-02 Time/step= 1.783400E-02 ETA (HH:MM:SS) = 0:00:31
 [ 39%]  Time step     1071 of 2813 @ t_step =     1070 Time Avg = 1.788589E-02 Time/step= 1.748800E-02 ETA (HH:MM:SS) = 0:00:31
 [ 39%]  Time step     1072 of 2813 @ t_step =     1071 Time Avg = 1.788591E-02 Time/step= 1.790300E-02 ETA (HH:MM:SS) = 0:00:31
 [ 39%]  Time step     1073 of 2813 @ t_step =     1072 Time Avg = 1.788554E-02 Time/step= 1.749000E-02 ETA (HH:MM:SS) = 0:00:31
 [ 39%]  Time step     1074 of 2813 @ t_step =     1073 Time Avg = 1.788524E-02 Time/step= 1.756800E-02 ETA (HH:MM:SS) = 0:00:31
 [ 39%]  Time step     1075 of 2813 @ t_step =     1074 Time Avg = 1.788589E-02 Time/step= 1.857500E-02 ETA (HH:MM:SS) = 0:00:31
 [ 39%]  Time step     1076 of 2813 @ t_step =     1075 Time Avg = 1.788626E-02 Time/step= 1.829200E-02 ETA (HH:MM:SS) = 0:00:31
 [ 39%]  Time step     1077 of 2813 @ t_step =     1076 Time Avg = 1.788626E-02 Time/step= 1.788100E-02 ETA (HH:MM:SS) = 0:00:31
 [ 39%]  Time step     1078 of 2813 @ t_step =     1077 Time Avg = 1.788629E-02 Time/step= 1.791700E-02 ETA (HH:MM:SS) = 0:00:31
 [ 39%]  Time step     1079 of 2813 @ t_step =     1078 Time Avg = 1.788586E-02 Time/step= 1.742900E-02 ETA (HH:MM:SS) = 0:00:31
 [ 39%]  Time step     1080 of 2813 @ t_step =     1079 Time Avg = 1.788581E-02 Time/step= 1.783000E-02 ETA (HH:MM:SS) = 0:00:30
 [ 39%]  Time step     1081 of 2813 @ t_step =     1080 Time Avg = 1.788579E-02 Time/step= 1.786000E-02 ETA (HH:MM:SS) = 0:00:30
 [ 39%]  Time step     1082 of 2813 @ t_step =     1081 Time Avg = 1.788575E-02 Time/step= 1.785000E-02 ETA (HH:MM:SS) = 0:00:30
 [ 39%]  Time step     1083 of 2813 @ t_step =     1082 Time Avg = 1.788599E-02 Time/step= 1.814300E-02 ETA (HH:MM:SS) = 0:00:30
 [ 39%]  Time step     1084 of 2813 @ t_step =     1083 Time Avg = 1.788574E-02 Time/step= 1.760900E-02 ETA (HH:MM:SS) = 0:00:30
 [ 39%]  Time step     1085 of 2813 @ t_step =     1084 Time Avg = 1.788537E-02 Time/step= 1.748600E-02 ETA (HH:MM:SS) = 0:00:30
 [ 39%]  Time step     1086 of 2813 @ t_step =     1085 Time Avg = 1.788526E-02 Time/step= 1.777400E-02 ETA (HH:MM:SS) = 0:00:30
 [ 39%]  Time step     1087 of 2813 @ t_step =     1086 Time Avg = 1.788520E-02 Time/step= 1.781600E-02 ETA (HH:MM:SS) = 0:00:30
 [ 39%]  Time step     1088 of 2813 @ t_step =     1087 Time Avg = 1.788483E-02 Time/step= 1.748000E-02 ETA (HH:MM:SS) = 0:00:30
 [ 39%]  Time step     1089 of 2813 @ t_step =     1088 Time Avg = 1.788475E-02 Time/step= 1.780300E-02 ETA (HH:MM:SS) = 0:00:30
 [ 39%]  Time step     1090 of 2813 @ t_step =     1089 Time Avg = 1.788460E-02 Time/step= 1.772400E-02 ETA (HH:MM:SS) = 0:00:30
 [ 39%]  Time step     1091 of 2813 @ t_step =     1090 Time Avg = 1.788418E-02 Time/step= 1.742300E-02 ETA (HH:MM:SS) = 0:00:30
 [ 39%]  Time step     1092 of 2813 @ t_step =     1091 Time Avg = 1.788403E-02 Time/step= 1.772300E-02 ETA (HH:MM:SS) = 0:00:30
 [ 39%]  Time step     1093 of 2813 @ t_step =     1092 Time Avg = 1.788360E-02 Time/step= 1.741700E-02 ETA (HH:MM:SS) = 0:00:30
 [ 39%]  Time step     1094 of 2813 @ t_step =     1093 Time Avg = 1.788355E-02 Time/step= 1.783000E-02 ETA (HH:MM:SS) = 0:00:30
 [ 39%]  Time step     1095 of 2813 @ t_step =     1094 Time Avg = 1.788331E-02 Time/step= 1.761700E-02 ETA (HH:MM:SS) = 0:00:30
 [ 39%]  Time step     1096 of 2813 @ t_step =     1095 Time Avg = 1.788295E-02 Time/step= 1.749000E-02 ETA (HH:MM:SS) = 0:00:30
 [ 39%]  Time step     1097 of 2813 @ t_step =     1096 Time Avg = 1.788262E-02 Time/step= 1.752800E-02 ETA (HH:MM:SS) = 0:00:30
 [ 39%]  Time step     1098 of 2813 @ t_step =     1097 Time Avg = 1.788283E-02 Time/step= 1.810700E-02 ETA (HH:MM:SS) = 0:00:30
 [ 40%]  Time step     1099 of 2813 @ t_step =     1098 Time Avg = 1.788317E-02 Time/step= 1.825600E-02 ETA (HH:MM:SS) = 0:00:30
 [ 40%]  Time step     1100 of 2813 @ t_step =     1099 Time Avg = 1.788316E-02 Time/step= 1.787200E-02 ETA (HH:MM:SS) = 0:00:30
 [ 40%]  Time step     1101 of 2813 @ t_step =     1100 Time Avg = 1.788302E-02 Time/step= 1.773500E-02 ETA (HH:MM:SS) = 0:00:30
 [ 40%]  Time step     1102 of 2813 @ t_step =     1101 Time Avg = 1.788290E-02 Time/step= 1.774100E-02 ETA (HH:MM:SS) = 0:00:30
 [ 40%]  Time step     1103 of 2813 @ t_step =     1102 Time Avg = 1.788247E-02 Time/step= 1.741800E-02 ETA (HH:MM:SS) = 0:00:30
 [ 40%]  Time step     1104 of 2813 @ t_step =     1103 Time Avg = 1.788289E-02 Time/step= 1.834200E-02 ETA (HH:MM:SS) = 0:00:30
 [ 40%]  Time step     1105 of 2813 @ t_step =     1104 Time Avg = 1.788274E-02 Time/step= 1.771700E-02 ETA (HH:MM:SS) = 0:00:30
 [ 40%]  Time step     1106 of 2813 @ t_step =     1105 Time Avg = 1.788287E-02 Time/step= 1.803000E-02 ETA (HH:MM:SS) = 0:00:30
 [ 40%]  Time step     1107 of 2813 @ t_step =     1106 Time Avg = 1.788262E-02 Time/step= 1.760900E-02 ETA (HH:MM:SS) = 0:00:30
 [ 40%]  Time step     1108 of 2813 @ t_step =     1107 Time Avg = 1.788249E-02 Time/step= 1.773000E-02 ETA (HH:MM:SS) = 0:00:30
 [ 40%]  Time step     1109 of 2813 @ t_step =     1108 Time Avg = 1.788263E-02 Time/step= 1.804100E-02 ETA (HH:MM:SS) = 0:00:30
 [ 40%]  Time step     1110 of 2813 @ t_step =     1109 Time Avg = 1.788226E-02 Time/step= 1.747200E-02 ETA (HH:MM:SS) = 0:00:30
 [ 40%]  Time step     1111 of 2813 @ t_step =     1110 Time Avg = 1.788250E-02 Time/step= 1.815100E-02 ETA (HH:MM:SS) = 0:00:30
 [ 40%]  Time step     1112 of 2813 @ t_step =     1111 Time Avg = 1.788217E-02 Time/step= 1.751600E-02 ETA (HH:MM:SS) = 0:00:30
 [ 40%]  Time step     1113 of 2813 @ t_step =     1112 Time Avg = 1.788209E-02 Time/step= 1.779400E-02 ETA (HH:MM:SS) = 0:00:30
 [ 40%]  Time step     1114 of 2813 @ t_step =     1113 Time Avg = 1.788176E-02 Time/step= 1.751700E-02 ETA (HH:MM:SS) = 0:00:30
 [ 40%]  Time step     1115 of 2813 @ t_step =     1114 Time Avg = 1.788174E-02 Time/step= 1.785800E-02 ETA (HH:MM:SS) = 0:00:30
 [ 40%]  Time step     1116 of 2813 @ t_step =     1115 Time Avg = 1.788143E-02 Time/step= 1.753200E-02 ETA (HH:MM:SS) = 0:00:30
 [ 40%]  Time step     1117 of 2813 @ t_step =     1116 Time Avg = 1.788145E-02 Time/step= 1.790300E-02 ETA (HH:MM:SS) = 0:00:30
 [ 40%]  Time step     1118 of 2813 @ t_step =     1117 Time Avg = 1.788114E-02 Time/step= 1.753600E-02 ETA (HH:MM:SS) = 0:00:30
 [ 40%]  Time step     1119 of 2813 @ t_step =     1118 Time Avg = 1.788107E-02 Time/step= 1.780900E-02 ETA (HH:MM:SS) = 0:00:30
 [ 40%]  Time step     1120 of 2813 @ t_step =     1119 Time Avg = 1.788098E-02 Time/step= 1.777900E-02 ETA (HH:MM:SS) = 0:00:30
 [ 40%]  Time step     1121 of 2813 @ t_step =     1120 Time Avg = 1.788069E-02 Time/step= 1.755000E-02 ETA (HH:MM:SS) = 0:00:30
 [ 40%]  Time step     1122 of 2813 @ t_step =     1121 Time Avg = 1.788078E-02 Time/step= 1.798300E-02 ETA (HH:MM:SS) = 0:00:30
 [ 40%]  Time step     1123 of 2813 @ t_step =     1122 Time Avg = 1.788055E-02 Time/step= 1.763100E-02 ETA (HH:MM:SS) = 0:00:30
 [ 40%]  Time step     1124 of 2813 @ t_step =     1123 Time Avg = 1.788060E-02 Time/step= 1.793100E-02 ETA (HH:MM:SS) = 0:00:30
 [ 40%]  Time step     1125 of 2813 @ t_step =     1124 Time Avg = 1.788061E-02 Time/step= 1.789800E-02 ETA (HH:MM:SS) = 0:00:30
 [ 40%]  Time step     1126 of 2813 @ t_step =     1125 Time Avg = 1.788029E-02 Time/step= 1.752000E-02 ETA (HH:MM:SS) = 0:00:30
 [ 41%]  Time step     1127 of 2813 @ t_step =     1126 Time Avg = 1.788006E-02 Time/step= 1.761700E-02 ETA (HH:MM:SS) = 0:00:30
 [ 41%]  Time step     1128 of 2813 @ t_step =     1127 Time Avg = 1.788007E-02 Time/step= 1.788800E-02 ETA (HH:MM:SS) = 0:00:30
 [ 41%]  Time step     1129 of 2813 @ t_step =     1128 Time Avg = 1.788015E-02 Time/step= 1.797400E-02 ETA (HH:MM:SS) = 0:00:30
 [ 41%]  Time step     1130 of 2813 @ t_step =     1129 Time Avg = 1.788017E-02 Time/step= 1.789800E-02 ETA (HH:MM:SS) = 0:00:30
 [ 41%]  Time step     1131 of 2813 @ t_step =     1130 Time Avg = 1.788027E-02 Time/step= 1.800000E-02 ETA (HH:MM:SS) = 0:00:30
 [ 41%]  Time step     1132 of 2813 @ t_step =     1131 Time Avg = 1.788013E-02 Time/step= 1.771600E-02 ETA (HH:MM:SS) = 0:00:30
 [ 41%]  Time step     1133 of 2813 @ t_step =     1132 Time Avg = 1.788049E-02 Time/step= 1.828700E-02 ETA (HH:MM:SS) = 0:00:30
 [ 41%]  Time step     1134 of 2813 @ t_step =     1133 Time Avg = 1.788022E-02 Time/step= 1.757500E-02 ETA (HH:MM:SS) = 0:00:30
 [ 41%]  Time step     1135 of 2813 @ t_step =     1134 Time Avg = 1.788042E-02 Time/step= 1.811200E-02 ETA (HH:MM:SS) = 0:00:30
 [ 41%]  Time step     1136 of 2813 @ t_step =     1135 Time Avg = 1.788019E-02 Time/step= 1.761400E-02 ETA (HH:MM:SS) = 0:00:29
 [ 41%]  Time step     1137 of 2813 @ t_step =     1136 Time Avg = 1.788013E-02 Time/step= 1.781200E-02 ETA (HH:MM:SS) = 0:00:29
 [ 41%]  Time step     1138 of 2813 @ t_step =     1137 Time Avg = 1.788000E-02 Time/step= 1.774000E-02 ETA (HH:MM:SS) = 0:00:29
 [ 41%]  Time step     1139 of 2813 @ t_step =     1138 Time Avg = 1.787964E-02 Time/step= 1.746600E-02 ETA (HH:MM:SS) = 0:00:29
 [ 41%]  Time step     1140 of 2813 @ t_step =     1139 Time Avg = 1.787955E-02 Time/step= 1.777600E-02 ETA (HH:MM:SS) = 0:00:29
 [ 41%]  Time step     1141 of 2813 @ t_step =     1140 Time Avg = 1.787943E-02 Time/step= 1.774400E-02 ETA (HH:MM:SS) = 0:00:29
 [ 41%]  Time step     1142 of 2813 @ t_step =     1141 Time Avg = 1.787946E-02 Time/step= 1.792200E-02 ETA (HH:MM:SS) = 0:00:29
 [ 41%]  Time step     1143 of 2813 @ t_step =     1142 Time Avg = 1.787912E-02 Time/step= 1.749100E-02 ETA (HH:MM:SS) = 0:00:29
 [ 41%]  Time step     1144 of 2813 @ t_step =     1143 Time Avg = 1.787902E-02 Time/step= 1.776600E-02 ETA (HH:MM:SS) = 0:00:29
 [ 41%]  Time step     1145 of 2813 @ t_step =     1144 Time Avg = 1.787889E-02 Time/step= 1.772600E-02 ETA (HH:MM:SS) = 0:00:29
 [ 41%]  Time step     1146 of 2813 @ t_step =     1145 Time Avg = 1.787850E-02 Time/step= 1.742800E-02 ETA (HH:MM:SS) = 0:00:29
 [ 41%]  Time step     1147 of 2813 @ t_step =     1146 Time Avg = 1.787836E-02 Time/step= 1.772000E-02 ETA (HH:MM:SS) = 0:00:29
 [ 41%]  Time step     1148 of 2813 @ t_step =     1147 Time Avg = 1.787796E-02 Time/step= 1.742200E-02 ETA (HH:MM:SS) = 0:00:29
 [ 41%]  Time step     1149 of 2813 @ t_step =     1148 Time Avg = 1.787775E-02 Time/step= 1.763300E-02 ETA (HH:MM:SS) = 0:00:29
 [ 41%]  Time step     1150 of 2813 @ t_step =     1149 Time Avg = 1.787766E-02 Time/step= 1.778100E-02 ETA (HH:MM:SS) = 0:00:29
 [ 41%]  Time step     1151 of 2813 @ t_step =     1150 Time Avg = 1.787753E-02 Time/step= 1.772600E-02 ETA (HH:MM:SS) = 0:00:29
 [ 41%]  Time step     1152 of 2813 @ t_step =     1151 Time Avg = 1.787720E-02 Time/step= 1.750500E-02 ETA (HH:MM:SS) = 0:00:29
 [ 41%]  Time step     1153 of 2813 @ t_step =     1152 Time Avg = 1.787703E-02 Time/step= 1.767600E-02 ETA (HH:MM:SS) = 0:00:29
 [ 41%]  Time step     1154 of 2813 @ t_step =     1153 Time Avg = 1.787697E-02 Time/step= 1.781000E-02 ETA (HH:MM:SS) = 0:00:29
 [ 42%]  Time step     1155 of 2813 @ t_step =     1154 Time Avg = 1.787661E-02 Time/step= 1.746200E-02 ETA (HH:MM:SS) = 0:00:29
 [ 42%]  Time step     1156 of 2813 @ t_step =     1155 Time Avg = 1.787651E-02 Time/step= 1.776400E-02 ETA (HH:MM:SS) = 0:00:29
 [ 42%]  Time step     1157 of 2813 @ t_step =     1156 Time Avg = 1.787637E-02 Time/step= 1.771100E-02 ETA (HH:MM:SS) = 0:00:29
 [ 42%]  Time step     1158 of 2813 @ t_step =     1157 Time Avg = 1.787598E-02 Time/step= 1.743000E-02 ETA (HH:MM:SS) = 0:00:29
 [ 42%]  Time step     1159 of 2813 @ t_step =     1158 Time Avg = 1.787597E-02 Time/step= 1.785800E-02 ETA (HH:MM:SS) = 0:00:29
 [ 42%]  Time step     1160 of 2813 @ t_step =     1159 Time Avg = 1.787589E-02 Time/step= 1.778100E-02 ETA (HH:MM:SS) = 0:00:29
 [ 42%]  Time step     1161 of 2813 @ t_step =     1160 Time Avg = 1.787589E-02 Time/step= 1.788100E-02 ETA (HH:MM:SS) = 0:00:29
 [ 42%]  Time step     1162 of 2813 @ t_step =     1161 Time Avg = 1.787596E-02 Time/step= 1.795200E-02 ETA (HH:MM:SS) = 0:00:29
 [ 42%]  Time step     1163 of 2813 @ t_step =     1162 Time Avg = 1.787579E-02 Time/step= 1.767900E-02 ETA (HH:MM:SS) = 0:00:29
 [ 42%]  Time step     1164 of 2813 @ t_step =     1163 Time Avg = 1.787568E-02 Time/step= 1.775400E-02 ETA (HH:MM:SS) = 0:00:29
 [ 42%]  Time step     1165 of 2813 @ t_step =     1164 Time Avg = 1.787560E-02 Time/step= 1.777700E-02 ETA (HH:MM:SS) = 0:00:29
 [ 42%]  Time step     1166 of 2813 @ t_step =     1165 Time Avg = 1.787556E-02 Time/step= 1.783200E-02 ETA (HH:MM:SS) = 0:00:29
 [ 42%]  Time step     1167 of 2813 @ t_step =     1166 Time Avg = 1.787543E-02 Time/step= 1.772200E-02 ETA (HH:MM:SS) = 0:00:29
 [ 42%]  Time step     1168 of 2813 @ t_step =     1167 Time Avg = 1.787553E-02 Time/step= 1.799700E-02 ETA (HH:MM:SS) = 0:00:29
 [ 42%]  Time step     1169 of 2813 @ t_step =     1168 Time Avg = 1.787524E-02 Time/step= 1.753300E-02 ETA (HH:MM:SS) = 0:00:29
 [ 42%]  Time step     1170 of 2813 @ t_step =     1169 Time Avg = 1.787532E-02 Time/step= 1.797700E-02 ETA (HH:MM:SS) = 0:00:29
 [ 42%]  Time step     1171 of 2813 @ t_step =     1170 Time Avg = 1.787511E-02 Time/step= 1.762700E-02 ETA (HH:MM:SS) = 0:00:29
 [ 42%]  Time step     1172 of 2813 @ t_step =     1171 Time Avg = 1.787484E-02 Time/step= 1.755700E-02 ETA (HH:MM:SS) = 0:00:29
 [ 42%]  Time step     1173 of 2813 @ t_step =     1172 Time Avg = 1.787476E-02 Time/step= 1.778200E-02 ETA (HH:MM:SS) = 0:00:29
 [ 42%]  Time step     1174 of 2813 @ t_step =     1173 Time Avg = 1.787474E-02 Time/step= 1.784600E-02 ETA (HH:MM:SS) = 0:00:29
 [ 42%]  Time step     1175 of 2813 @ t_step =     1174 Time Avg = 1.787463E-02 Time/step= 1.774900E-02 ETA (HH:MM:SS) = 0:00:29
 [ 42%]  Time step     1176 of 2813 @ t_step =     1175 Time Avg = 1.787437E-02 Time/step= 1.756700E-02 ETA (HH:MM:SS) = 0:00:29
 [ 42%]  Time step     1177 of 2813 @ t_step =     1176 Time Avg = 1.787438E-02 Time/step= 1.789300E-02 ETA (HH:MM:SS) = 0:00:29
 [ 42%]  Time step     1178 of 2813 @ t_step =     1177 Time Avg = 1.787422E-02 Time/step= 1.768000E-02 ETA (HH:MM:SS) = 0:00:29
 [ 42%]  Time step     1179 of 2813 @ t_step =     1178 Time Avg = 1.787390E-02 Time/step= 1.750500E-02 ETA (HH:MM:SS) = 0:00:29
 [ 42%]  Time step     1180 of 2813 @ t_step =     1179 Time Avg = 1.787365E-02 Time/step= 1.757900E-02 ETA (HH:MM:SS) = 0:00:29
 [ 42%]  Time step     1181 of 2813 @ t_step =     1180 Time Avg = 1.787355E-02 Time/step= 1.775600E-02 ETA (HH:MM:SS) = 0:00:29
 [ 42%]  Time step     1182 of 2813 @ t_step =     1181 Time Avg = 1.787368E-02 Time/step= 1.802300E-02 ETA (HH:MM:SS) = 0:00:29
 [ 43%]  Time step     1183 of 2813 @ t_step =     1182 Time Avg = 1.787334E-02 Time/step= 1.747600E-02 ETA (HH:MM:SS) = 0:00:29
 [ 43%]  Time step     1184 of 2813 @ t_step =     1183 Time Avg = 1.787341E-02 Time/step= 1.795000E-02 ETA (HH:MM:SS) = 0:00:29
 [ 43%]  Time step     1185 of 2813 @ t_step =     1184 Time Avg = 1.787315E-02 Time/step= 1.757000E-02 ETA (HH:MM:SS) = 0:00:29
 [ 43%]  Time step     1186 of 2813 @ t_step =     1185 Time Avg = 1.787333E-02 Time/step= 1.808100E-02 ETA (HH:MM:SS) = 0:00:29
 [ 43%]  Time step     1187 of 2813 @ t_step =     1186 Time Avg = 1.787324E-02 Time/step= 1.777300E-02 ETA (HH:MM:SS) = 0:00:29
 [ 43%]  Time step     1188 of 2813 @ t_step =     1187 Time Avg = 1.787327E-02 Time/step= 1.790200E-02 ETA (HH:MM:SS) = 0:00:29
 [ 43%]  Time step     1189 of 2813 @ t_step =     1188 Time Avg = 1.787295E-02 Time/step= 1.750300E-02 ETA (HH:MM:SS) = 0:00:29
 [ 43%]  Time step     1190 of 2813 @ t_step =     1189 Time Avg = 1.787302E-02 Time/step= 1.795600E-02 ETA (HH:MM:SS) = 0:00:29
 [ 43%]  Time step     1191 of 2813 @ t_step =     1190 Time Avg = 1.787311E-02 Time/step= 1.798000E-02 ETA (HH:MM:SS) = 0:00:28
 [ 43%]  Time step     1192 of 2813 @ t_step =     1191 Time Avg = 1.787293E-02 Time/step= 1.765700E-02 ETA (HH:MM:SS) = 0:00:28
 [ 43%]  Time step     1193 of 2813 @ t_step =     1192 Time Avg = 1.787296E-02 Time/step= 1.790100E-02 ETA (HH:MM:SS) = 0:00:28
 [ 43%]  Time step     1194 of 2813 @ t_step =     1193 Time Avg = 1.787284E-02 Time/step= 1.773200E-02 ETA (HH:MM:SS) = 0:00:28
 [ 43%]  Time step     1195 of 2813 @ t_step =     1194 Time Avg = 1.787274E-02 Time/step= 1.776000E-02 ETA (HH:MM:SS) = 0:00:28
 [ 43%]  Time step     1196 of 2813 @ t_step =     1195 Time Avg = 1.787239E-02 Time/step= 1.745100E-02 ETA (HH:MM:SS) = 0:00:28
 [ 43%]  Time step     1197 of 2813 @ t_step =     1196 Time Avg = 1.787242E-02 Time/step= 1.791000E-02 ETA (HH:MM:SS) = 0:00:28
 [ 43%]  Time step     1198 of 2813 @ t_step =     1197 Time Avg = 1.787207E-02 Time/step= 1.745800E-02 ETA (HH:MM:SS) = 0:00:28
 [ 43%]  Time step     1199 of 2813 @ t_step =     1198 Time Avg = 1.787173E-02 Time/step= 1.746700E-02 ETA (HH:MM:SS) = 0:00:28
 [ 43%]  Time step     1200 of 2813 @ t_step =     1199 Time Avg = 1.787138E-02 Time/step= 1.744500E-02 ETA (HH:MM:SS) = 0:00:28
 [ 43%]  Time step     1201 of 2813 @ t_step =     1200 Time Avg = 1.787109E-02 Time/step= 1.752500E-02 ETA (HH:MM:SS) = 0:00:28
 [ 43%]  Time step     1202 of 2813 @ t_step =     1201 Time Avg = 1.787106E-02 Time/step= 1.783500E-02 ETA (HH:MM:SS) = 0:00:28
 [ 43%]  Time step     1203 of 2813 @ t_step =     1202 Time Avg = 1.787076E-02 Time/step= 1.751700E-02 ETA (HH:MM:SS) = 0:00:28
 [ 43%]  Time step     1204 of 2813 @ t_step =     1203 Time Avg = 1.787043E-02 Time/step= 1.746600E-02 ETA (HH:MM:SS) = 0:00:28
 [ 43%]  Time step     1205 of 2813 @ t_step =     1204 Time Avg = 1.787017E-02 Time/step= 1.756500E-02 ETA (HH:MM:SS) = 0:00:28
 [ 43%]  Time step     1206 of 2813 @ t_step =     1205 Time Avg = 1.786989E-02 Time/step= 1.752400E-02 ETA (HH:MM:SS) = 0:00:28
 [ 43%]  Time step     1207 of 2813 @ t_step =     1206 Time Avg = 1.786973E-02 Time/step= 1.768600E-02 ETA (HH:MM:SS) = 0:00:28
 [ 43%]  Time step     1208 of 2813 @ t_step =     1207 Time Avg = 1.786964E-02 Time/step= 1.775900E-02 ETA (HH:MM:SS) = 0:00:28
 [ 43%]  Time step     1209 of 2813 @ t_step =     1208 Time Avg = 1.786928E-02 Time/step= 1.743000E-02 ETA (HH:MM:SS) = 0:00:28
 [ 43%]  Time step     1210 of 2813 @ t_step =     1209 Time Avg = 1.786933E-02 Time/step= 1.793200E-02 ETA (HH:MM:SS) = 0:00:28
 [ 44%]  Time step     1211 of 2813 @ t_step =     1210 Time Avg = 1.786896E-02 Time/step= 1.743000E-02 ETA (HH:MM:SS) = 0:00:28
 [ 44%]  Time step     1212 of 2813 @ t_step =     1211 Time Avg = 1.786897E-02 Time/step= 1.787000E-02 ETA (HH:MM:SS) = 0:00:28
 [ 44%]  Time step     1213 of 2813 @ t_step =     1212 Time Avg = 1.786862E-02 Time/step= 1.745000E-02 ETA (HH:MM:SS) = 0:00:28
 [ 44%]  Time step     1214 of 2813 @ t_step =     1213 Time Avg = 1.786858E-02 Time/step= 1.782200E-02 ETA (HH:MM:SS) = 0:00:28
 [ 44%]  Time step     1215 of 2813 @ t_step =     1214 Time Avg = 1.786826E-02 Time/step= 1.748200E-02 ETA (HH:MM:SS) = 0:00:28
 [ 44%]  Time step     1216 of 2813 @ t_step =     1215 Time Avg = 1.786794E-02 Time/step= 1.747300E-02 ETA (HH:MM:SS) = 0:00:28
 [ 44%]  Time step     1217 of 2813 @ t_step =     1216 Time Avg = 1.786793E-02 Time/step= 1.786200E-02 ETA (HH:MM:SS) = 0:00:28
 [ 44%]  Time step     1218 of 2813 @ t_step =     1217 Time Avg = 1.786760E-02 Time/step= 1.746800E-02 ETA (HH:MM:SS) = 0:00:28
 [ 44%]  Time step     1219 of 2813 @ t_step =     1218 Time Avg = 1.786756E-02 Time/step= 1.782200E-02 ETA (HH:MM:SS) = 0:00:28
 [ 44%]  Time step     1220 of 2813 @ t_step =     1219 Time Avg = 1.786785E-02 Time/step= 1.822100E-02 ETA (HH:MM:SS) = 0:00:28
 [ 44%]  Time step     1221 of 2813 @ t_step =     1220 Time Avg = 1.786772E-02 Time/step= 1.770700E-02 ETA (HH:MM:SS) = 0:00:28
 [ 44%]  Time step     1222 of 2813 @ t_step =     1221 Time Avg = 1.786779E-02 Time/step= 1.795600E-02 ETA (HH:MM:SS) = 0:00:28
 [ 44%]  Time step     1223 of 2813 @ t_step =     1222 Time Avg = 1.786746E-02 Time/step= 1.746200E-02 ETA (HH:MM:SS) = 0:00:28
 [ 44%]  Time step     1224 of 2813 @ t_step =     1223 Time Avg = 1.786711E-02 Time/step= 1.744300E-02 ETA (HH:MM:SS) = 0:00:28
 [ 44%]  Time step     1225 of 2813 @ t_step =     1224 Time Avg = 1.786705E-02 Time/step= 1.779100E-02 ETA (HH:MM:SS) = 0:00:28
 [ 44%]  Time step     1226 of 2813 @ t_step =     1225 Time Avg = 1.786673E-02 Time/step= 1.747600E-02 ETA (HH:MM:SS) = 0:00:28
 [ 44%]  Time step     1227 of 2813 @ t_step =     1226 Time Avg = 1.786674E-02 Time/step= 1.787000E-02 ETA (HH:MM:SS) = 0:00:28
 [ 44%]  Time step     1228 of 2813 @ t_step =     1227 Time Avg = 1.786639E-02 Time/step= 1.744100E-02 ETA (HH:MM:SS) = 0:00:28
 [ 44%]  Time step     1229 of 2813 @ t_step =     1228 Time Avg = 1.786606E-02 Time/step= 1.746800E-02 ETA (HH:MM:SS) = 0:00:28
 [ 44%]  Time step     1230 of 2813 @ t_step =     1229 Time Avg = 1.786600E-02 Time/step= 1.778400E-02 ETA (HH:MM:SS) = 0:00:28
 [ 44%]  Time step     1231 of 2813 @ t_step =     1230 Time Avg = 1.786592E-02 Time/step= 1.777500E-02 ETA (HH:MM:SS) = 0:00:28
 [ 44%]  Time step     1232 of 2813 @ t_step =     1231 Time Avg = 1.786564E-02 Time/step= 1.751600E-02 ETA (HH:MM:SS) = 0:00:28
 [ 44%]  Time step     1233 of 2813 @ t_step =     1232 Time Avg = 1.786551E-02 Time/step= 1.770400E-02 ETA (HH:MM:SS) = 0:00:28
 [ 44%]  Time step     1234 of 2813 @ t_step =     1233 Time Avg = 1.786539E-02 Time/step= 1.772600E-02 ETA (HH:MM:SS) = 0:00:28
 [ 44%]  Time step     1235 of 2813 @ t_step =     1234 Time Avg = 1.786506E-02 Time/step= 1.745000E-02 ETA (HH:MM:SS) = 0:00:28
 [ 44%]  Time step     1236 of 2813 @ t_step =     1235 Time Avg = 1.786480E-02 Time/step= 1.755500E-02 ETA (HH:MM:SS) = 0:00:28
 [ 44%]  Time step     1237 of 2813 @ t_step =     1236 Time Avg = 1.786485E-02 Time/step= 1.791600E-02 ETA (HH:MM:SS) = 0:00:28
 [ 44%]  Time step     1238 of 2813 @ t_step =     1237 Time Avg = 1.786452E-02 Time/step= 1.746900E-02 ETA (HH:MM:SS) = 0:00:28
 [ 45%]  Time step     1239 of 2813 @ t_step =     1238 Time Avg = 1.786441E-02 Time/step= 1.771700E-02 ETA (HH:MM:SS) = 0:00:28
 [ 45%]  Time step     1240 of 2813 @ t_step =     1239 Time Avg = 1.786407E-02 Time/step= 1.745500E-02 ETA (HH:MM:SS) = 0:00:28
 [ 45%]  Time step     1241 of 2813 @ t_step =     1240 Time Avg = 1.786424E-02 Time/step= 1.807400E-02 ETA (HH:MM:SS) = 0:00:28
 [ 45%]  Time step     1242 of 2813 @ t_step =     1241 Time Avg = 1.786393E-02 Time/step= 1.747800E-02 ETA (HH:MM:SS) = 0:00:28
 [ 45%]  Time step     1243 of 2813 @ t_step =     1242 Time Avg = 1.786367E-02 Time/step= 1.753600E-02 ETA (HH:MM:SS) = 0:00:28
 [ 45%]  Time step     1244 of 2813 @ t_step =     1243 Time Avg = 1.786364E-02 Time/step= 1.783100E-02 ETA (HH:MM:SS) = 0:00:28
 [ 45%]  Time step     1245 of 2813 @ t_step =     1244 Time Avg = 1.786368E-02 Time/step= 1.791300E-02 ETA (HH:MM:SS) = 0:00:28
 [ 45%]  Time step     1246 of 2813 @ t_step =     1245 Time Avg = 1.786344E-02 Time/step= 1.757000E-02 ETA (HH:MM:SS) = 0:00:27
 [ 45%]  Time step     1247 of 2813 @ t_step =     1246 Time Avg = 1.786333E-02 Time/step= 1.771600E-02 ETA (HH:MM:SS) = 0:00:27
 [ 45%]  Time step     1248 of 2813 @ t_step =     1247 Time Avg = 1.786307E-02 Time/step= 1.754100E-02 ETA (HH:MM:SS) = 0:00:27
 [ 45%]  Time step     1249 of 2813 @ t_step =     1248 Time Avg = 1.786337E-02 Time/step= 1.823400E-02 ETA (HH:MM:SS) = 0:00:27
 [ 45%]  Time step     1250 of 2813 @ t_step =     1249 Time Avg = 1.786333E-02 Time/step= 1.782200E-02 ETA (HH:MM:SS) = 0:00:27
 [ 45%]  Time step     1251 of 2813 @ t_step =     1250 Time Avg = 1.786315E-02 Time/step= 1.764200E-02 ETA (HH:MM:SS) = 0:00:27
 [ 45%]  Time step     1252 of 2813 @ t_step =     1251 Time Avg = 1.786309E-02 Time/step= 1.778100E-02 ETA (HH:MM:SS) = 0:00:27
 [ 45%]  Time step     1253 of 2813 @ t_step =     1252 Time Avg = 1.786288E-02 Time/step= 1.759800E-02 ETA (HH:MM:SS) = 0:00:27
 [ 45%]  Time step     1254 of 2813 @ t_step =     1253 Time Avg = 1.786260E-02 Time/step= 1.752100E-02 ETA (HH:MM:SS) = 0:00:27
 [ 45%]  Time step     1255 of 2813 @ t_step =     1254 Time Avg = 1.786262E-02 Time/step= 1.788600E-02 ETA (HH:MM:SS) = 0:00:27
 [ 45%]  Time step     1256 of 2813 @ t_step =     1255 Time Avg = 1.786233E-02 Time/step= 1.749600E-02 ETA (HH:MM:SS) = 0:00:27
 [ 45%]  Time step     1257 of 2813 @ t_step =     1256 Time Avg = 1.786213E-02 Time/step= 1.761000E-02 ETA (HH:MM:SS) = 0:00:27
 [ 45%]  Time step     1258 of 2813 @ t_step =     1257 Time Avg = 1.786207E-02 Time/step= 1.778300E-02 ETA (HH:MM:SS) = 0:00:27
 [ 45%]  Time step     1259 of 2813 @ t_step =     1258 Time Avg = 1.786175E-02 Time/step= 1.746800E-02 ETA (HH:MM:SS) = 0:00:27
 [ 45%]  Time step     1260 of 2813 @ t_step =     1259 Time Avg = 1.786168E-02 Time/step= 1.777800E-02 ETA (HH:MM:SS) = 0:00:27
 [ 45%]  Time step     1261 of 2813 @ t_step =     1260 Time Avg = 1.786155E-02 Time/step= 1.769300E-02 ETA (HH:MM:SS) = 0:00:27
 [ 45%]  Time step     1262 of 2813 @ t_step =     1261 Time Avg = 1.786151E-02 Time/step= 1.781500E-02 ETA (HH:MM:SS) = 0:00:27
 [ 45%]  Time step     1263 of 2813 @ t_step =     1262 Time Avg = 1.786119E-02 Time/step= 1.745500E-02 ETA (HH:MM:SS) = 0:00:27
 [ 45%]  Time step     1264 of 2813 @ t_step =     1263 Time Avg = 1.786112E-02 Time/step= 1.776600E-02 ETA (HH:MM:SS) = 0:00:27
 [ 45%]  Time step     1265 of 2813 @ t_step =     1264 Time Avg = 1.786109E-02 Time/step= 1.782900E-02 ETA (HH:MM:SS) = 0:00:27
 [ 45%]  Time step     1266 of 2813 @ t_step =     1265 Time Avg = 1.786078E-02 Time/step= 1.747200E-02 ETA (HH:MM:SS) = 0:00:27
 [ 46%]  Time step     1267 of 2813 @ t_step =     1266 Time Avg = 1.786079E-02 Time/step= 1.787300E-02 ETA (HH:MM:SS) = 0:00:27
 [ 46%]  Time step     1268 of 2813 @ t_step =     1267 Time Avg = 1.786051E-02 Time/step= 1.750600E-02 ETA (HH:MM:SS) = 0:00:27
 [ 46%]  Time step     1269 of 2813 @ t_step =     1268 Time Avg = 1.786023E-02 Time/step= 1.750100E-02 ETA (HH:MM:SS) = 0:00:27
 [ 46%]  Time step     1270 of 2813 @ t_step =     1269 Time Avg = 1.786014E-02 Time/step= 1.774900E-02 ETA (HH:MM:SS) = 0:00:27
 [ 46%]  Time step     1271 of 2813 @ t_step =     1270 Time Avg = 1.786004E-02 Time/step= 1.773800E-02 ETA (HH:MM:SS) = 0:00:27
 [ 46%]  Time step     1272 of 2813 @ t_step =     1271 Time Avg = 1.786010E-02 Time/step= 1.793800E-02 ETA (HH:MM:SS) = 0:00:27
 [ 46%]  Time step     1273 of 2813 @ t_step =     1272 Time Avg = 1.785981E-02 Time/step= 1.748000E-02 ETA (HH:MM:SS) = 0:00:27
 [ 46%]  Time step     1274 of 2813 @ t_step =     1273 Time Avg = 1.785970E-02 Time/step= 1.772000E-02 ETA (HH:MM:SS) = 0:00:27
 [ 46%]  Time step     1275 of 2813 @ t_step =     1274 Time Avg = 1.785937E-02 Time/step= 1.744300E-02 ETA (HH:MM:SS) = 0:00:27
 [ 46%]  Time step     1276 of 2813 @ t_step =     1275 Time Avg = 1.785906E-02 Time/step= 1.747000E-02 ETA (HH:MM:SS) = 0:00:27
 [ 46%]  Time step     1277 of 2813 @ t_step =     1276 Time Avg = 1.785908E-02 Time/step= 1.788000E-02 ETA (HH:MM:SS) = 0:00:27
 [ 46%]  Time step     1278 of 2813 @ t_step =     1277 Time Avg = 1.785938E-02 Time/step= 1.824300E-02 ETA (HH:MM:SS) = 0:00:27
 [ 46%]  Time step     1279 of 2813 @ t_step =     1278 Time Avg = 1.785962E-02 Time/step= 1.816400E-02 ETA (HH:MM:SS) = 0:00:27
 [ 46%]  Time step     1280 of 2813 @ t_step =     1279 Time Avg = 1.785960E-02 Time/step= 1.783800E-02 ETA (HH:MM:SS) = 0:00:27
 [ 46%]  Time step     1281 of 2813 @ t_step =     1280 Time Avg = 1.785955E-02 Time/step= 1.779500E-02 ETA (HH:MM:SS) = 0:00:27
 [ 46%]  Time step     1282 of 2813 @ t_step =     1281 Time Avg = 1.785922E-02 Time/step= 1.744100E-02 ETA (HH:MM:SS) = 0:00:27
 [ 46%]  Time step     1283 of 2813 @ t_step =     1282 Time Avg = 1.785923E-02 Time/step= 1.786700E-02 ETA (HH:MM:SS) = 0:00:27
 [ 46%]  Time step     1284 of 2813 @ t_step =     1283 Time Avg = 1.785889E-02 Time/step= 1.742900E-02 ETA (HH:MM:SS) = 0:00:27
 [ 46%]  Time step     1285 of 2813 @ t_step =     1284 Time Avg = 1.785856E-02 Time/step= 1.743200E-02 ETA (HH:MM:SS) = 0:00:27
 [ 46%]  Time step     1286 of 2813 @ t_step =     1285 Time Avg = 1.785844E-02 Time/step= 1.769800E-02 ETA (HH:MM:SS) = 0:00:27
 [ 46%]  Time step     1287 of 2813 @ t_step =     1286 Time Avg = 1.785815E-02 Time/step= 1.749300E-02 ETA (HH:MM:SS) = 0:00:27
 [ 46%]  Time step     1288 of 2813 @ t_step =     1287 Time Avg = 1.785818E-02 Time/step= 1.788900E-02 ETA (HH:MM:SS) = 0:00:27
 [ 46%]  Time step     1289 of 2813 @ t_step =     1288 Time Avg = 1.785788E-02 Time/step= 1.747800E-02 ETA (HH:MM:SS) = 0:00:27
 [ 46%]  Time step     1290 of 2813 @ t_step =     1289 Time Avg = 1.785756E-02 Time/step= 1.744700E-02 ETA (HH:MM:SS) = 0:00:27
 [ 46%]  Time step     1291 of 2813 @ t_step =     1290 Time Avg = 1.785747E-02 Time/step= 1.774200E-02 ETA (HH:MM:SS) = 0:00:27
 [ 46%]  Time step     1292 of 2813 @ t_step =     1291 Time Avg = 1.785714E-02 Time/step= 1.743600E-02 ETA (HH:MM:SS) = 0:00:27
 [ 46%]  Time step     1293 of 2813 @ t_step =     1292 Time Avg = 1.785714E-02 Time/step= 1.785600E-02 ETA (HH:MM:SS) = 0:00:27
 [ 46%]  Time step     1294 of 2813 @ t_step =     1293 Time Avg = 1.785681E-02 Time/step= 1.743300E-02 ETA (HH:MM:SS) = 0:00:27
 [ 47%]  Time step     1295 of 2813 @ t_step =     1294 Time Avg = 1.785654E-02 Time/step= 1.750700E-02 ETA (HH:MM:SS) = 0:00:27
 [ 47%]  Time step     1296 of 2813 @ t_step =     1295 Time Avg = 1.785645E-02 Time/step= 1.774200E-02 ETA (HH:MM:SS) = 0:00:27
 [ 47%]  Time step     1297 of 2813 @ t_step =     1296 Time Avg = 1.785709E-02 Time/step= 1.867500E-02 ETA (HH:MM:SS) = 0:00:27
 [ 47%]  Time step     1298 of 2813 @ t_step =     1297 Time Avg = 1.785677E-02 Time/step= 1.744900E-02 ETA (HH:MM:SS) = 0:00:27
 [ 47%]  Time step     1299 of 2813 @ t_step =     1298 Time Avg = 1.785672E-02 Time/step= 1.778700E-02 ETA (HH:MM:SS) = 0:00:27
 [ 47%]  Time step     1300 of 2813 @ t_step =     1299 Time Avg = 1.785676E-02 Time/step= 1.790600E-02 ETA (HH:MM:SS) = 0:00:27
 [ 47%]  Time step     1301 of 2813 @ t_step =     1300 Time Avg = 1.785664E-02 Time/step= 1.770800E-02 ETA (HH:MM:SS) = 0:00:26
 [ 47%]  Time step     1302 of 2813 @ t_step =     1301 Time Avg = 1.785666E-02 Time/step= 1.788200E-02 ETA (HH:MM:SS) = 0:00:26
 [ 47%]  Time step     1303 of 2813 @ t_step =     1302 Time Avg = 1.785638E-02 Time/step= 1.748500E-02 ETA (HH:MM:SS) = 0:00:26
 [ 47%]  Time step     1304 of 2813 @ t_step =     1303 Time Avg = 1.785640E-02 Time/step= 1.789200E-02 ETA (HH:MM:SS) = 0:00:26
 [ 47%]  Time step     1305 of 2813 @ t_step =     1304 Time Avg = 1.785612E-02 Time/step= 1.748200E-02 ETA (HH:MM:SS) = 0:00:26
 [ 47%]  Time step     1306 of 2813 @ t_step =     1305 Time Avg = 1.785583E-02 Time/step= 1.747900E-02 ETA (HH:MM:SS) = 0:00:26
 [ 47%]  Time step     1307 of 2813 @ t_step =     1306 Time Avg = 1.785612E-02 Time/step= 1.823400E-02 ETA (HH:MM:SS) = 0:00:26
 [ 47%]  Time step     1308 of 2813 @ t_step =     1307 Time Avg = 1.785623E-02 Time/step= 1.800500E-02 ETA (HH:MM:SS) = 0:00:26
 [ 47%]  Time step     1309 of 2813 @ t_step =     1308 Time Avg = 1.785602E-02 Time/step= 1.757600E-02 ETA (HH:MM:SS) = 0:00:26
 [ 47%]  Time step     1310 of 2813 @ t_step =     1309 Time Avg = 1.785573E-02 Time/step= 1.748900E-02 ETA (HH:MM:SS) = 0:00:26
 [ 47%]  Time step     1311 of 2813 @ t_step =     1310 Time Avg = 1.785565E-02 Time/step= 1.774900E-02 ETA (HH:MM:SS) = 0:00:26
 [ 47%]  Time step     1312 of 2813 @ t_step =     1311 Time Avg = 1.785539E-02 Time/step= 1.751500E-02 ETA (HH:MM:SS) = 0:00:26
 [ 47%]  Time step     1313 of 2813 @ t_step =     1312 Time Avg = 1.785508E-02 Time/step= 1.745000E-02 ETA (HH:MM:SS) = 0:00:26
 [ 47%]  Time step     1314 of 2813 @ t_step =     1313 Time Avg = 1.785491E-02 Time/step= 1.763100E-02 ETA (HH:MM:SS) = 0:00:26
 [ 47%]  Time step     1315 of 2813 @ t_step =     1314 Time Avg = 1.785465E-02 Time/step= 1.750500E-02 ETA (HH:MM:SS) = 0:00:26
 [ 47%]  Time step     1316 of 2813 @ t_step =     1315 Time Avg = 1.785441E-02 Time/step= 1.754900E-02 ETA (HH:MM:SS) = 0:00:26
 [ 47%]  Time step     1317 of 2813 @ t_step =     1316 Time Avg = 1.785424E-02 Time/step= 1.763000E-02 ETA (HH:MM:SS) = 0:00:26
 [ 47%]  Time step     1318 of 2813 @ t_step =     1317 Time Avg = 1.785398E-02 Time/step= 1.751400E-02 ETA (HH:MM:SS) = 0:00:26
 [ 47%]  Time step     1319 of 2813 @ t_step =     1318 Time Avg = 1.785371E-02 Time/step= 1.749200E-02 ETA (HH:MM:SS) = 0:00:26
 [ 47%]  Time step     1320 of 2813 @ t_step =     1319 Time Avg = 1.785342E-02 Time/step= 1.747100E-02 ETA (HH:MM:SS) = 0:00:26
 [ 47%]  Time step     1321 of 2813 @ t_step =     1320 Time Avg = 1.785317E-02 Time/step= 1.752700E-02 ETA (HH:MM:SS) = 0:00:26
 [ 47%]  Time step     1322 of 2813 @ t_step =     1321 Time Avg = 1.785286E-02 Time/step= 1.743900E-02 ETA (HH:MM:SS) = 0:00:26
 [ 47%]  Time step     1323 of 2813 @ t_step =     1322 Time Avg = 1.785263E-02 Time/step= 1.755200E-02 ETA (HH:MM:SS) = 0:00:26
 [ 48%]  Time step     1324 of 2813 @ t_step =     1323 Time Avg = 1.785254E-02 Time/step= 1.773400E-02 ETA (HH:MM:SS) = 0:00:26
 [ 48%]  Time step     1325 of 2813 @ t_step =     1324 Time Avg = 1.785230E-02 Time/step= 1.753900E-02 ETA (HH:MM:SS) = 0:00:26
 [ 48%]  Time step     1326 of 2813 @ t_step =     1325 Time Avg = 1.785198E-02 Time/step= 1.743200E-02 ETA (HH:MM:SS) = 0:00:26
 [ 48%]  Time step     1327 of 2813 @ t_step =     1326 Time Avg = 1.785201E-02 Time/step= 1.788400E-02 ETA (HH:MM:SS) = 0:00:26
 [ 48%]  Time step     1328 of 2813 @ t_step =     1327 Time Avg = 1.785194E-02 Time/step= 1.776700E-02 ETA (HH:MM:SS) = 0:00:26
 [ 48%]  Time step     1329 of 2813 @ t_step =     1328 Time Avg = 1.785222E-02 Time/step= 1.821600E-02 ETA (HH:MM:SS) = 0:00:26
 [ 48%]  Time step     1330 of 2813 @ t_step =     1329 Time Avg = 1.785210E-02 Time/step= 1.769600E-02 ETA (HH:MM:SS) = 0:00:26
 [ 48%]  Time step     1331 of 2813 @ t_step =     1330 Time Avg = 1.785211E-02 Time/step= 1.787100E-02 ETA (HH:MM:SS) = 0:00:26
 [ 48%]  Time step     1332 of 2813 @ t_step =     1331 Time Avg = 1.785178E-02 Time/step= 1.741000E-02 ETA (HH:MM:SS) = 0:00:26
 [ 48%]  Time step     1333 of 2813 @ t_step =     1332 Time Avg = 1.785168E-02 Time/step= 1.771500E-02 ETA (HH:MM:SS) = 0:00:26
 [ 48%]  Time step     1334 of 2813 @ t_step =     1333 Time Avg = 1.785136E-02 Time/step= 1.742200E-02 ETA (HH:MM:SS) = 0:00:26
 [ 48%]  Time step     1335 of 2813 @ t_step =     1334 Time Avg = 1.785117E-02 Time/step= 1.760400E-02 ETA (HH:MM:SS) = 0:00:26
 [ 48%]  Time step     1336 of 2813 @ t_step =     1335 Time Avg = 1.785131E-02 Time/step= 1.804000E-02 ETA (HH:MM:SS) = 0:00:26
 [ 48%]  Time step     1337 of 2813 @ t_step =     1336 Time Avg = 1.785111E-02 Time/step= 1.758400E-02 ETA (HH:MM:SS) = 0:00:26
 [ 48%]  Time step     1338 of 2813 @ t_step =     1337 Time Avg = 1.785115E-02 Time/step= 1.790100E-02 ETA (HH:MM:SS) = 0:00:26
 [ 48%]  Time step     1339 of 2813 @ t_step =     1338 Time Avg = 1.785105E-02 Time/step= 1.771700E-02 ETA (HH:MM:SS) = 0:00:26
 [ 48%]  Time step     1340 of 2813 @ t_step =     1339 Time Avg = 1.785106E-02 Time/step= 1.787100E-02 ETA (HH:MM:SS) = 0:00:26
 [ 48%]  Time step     1341 of 2813 @ t_step =     1340 Time Avg = 1.785077E-02 Time/step= 1.745300E-02 ETA (HH:MM:SS) = 0:00:26
 [ 48%]  Time step     1342 of 2813 @ t_step =     1341 Time Avg = 1.785068E-02 Time/step= 1.773700E-02 ETA (HH:MM:SS) = 0:00:26
 [ 48%]  Time step     1343 of 2813 @ t_step =     1342 Time Avg = 1.785038E-02 Time/step= 1.744800E-02 ETA (HH:MM:SS) = 0:00:26
 [ 48%]  Time step     1344 of 2813 @ t_step =     1343 Time Avg = 1.785012E-02 Time/step= 1.749900E-02 ETA (HH:MM:SS) = 0:00:26
 [ 48%]  Time step     1345 of 2813 @ t_step =     1344 Time Avg = 1.784986E-02 Time/step= 1.750700E-02 ETA (HH:MM:SS) = 0:00:26
 [ 48%]  Time step     1346 of 2813 @ t_step =     1345 Time Avg = 1.784959E-02 Time/step= 1.748100E-02 ETA (HH:MM:SS) = 0:00:26
 [ 48%]  Time step     1347 of 2813 @ t_step =     1346 Time Avg = 1.784959E-02 Time/step= 1.785700E-02 ETA (HH:MM:SS) = 0:00:26
 [ 48%]  Time step     1348 of 2813 @ t_step =     1347 Time Avg = 1.784951E-02 Time/step= 1.774000E-02 ETA (HH:MM:SS) = 0:00:26
 [ 48%]  Time step     1349 of 2813 @ t_step =     1348 Time Avg = 1.784930E-02 Time/step= 1.756600E-02 ETA (HH:MM:SS) = 0:00:26
 [ 48%]  Time step     1350 of 2813 @ t_step =     1349 Time Avg = 1.784906E-02 Time/step= 1.752300E-02 ETA (HH:MM:SS) = 0:00:26
 [ 48%]  Time step     1351 of 2813 @ t_step =     1350 Time Avg = 1.784875E-02 Time/step= 1.743100E-02 ETA (HH:MM:SS) = 0:00:26
 [ 49%]  Time step     1352 of 2813 @ t_step =     1351 Time Avg = 1.784877E-02 Time/step= 1.787200E-02 ETA (HH:MM:SS) = 0:00:26
 [ 49%]  Time step     1353 of 2813 @ t_step =     1352 Time Avg = 1.784893E-02 Time/step= 1.807400E-02 ETA (HH:MM:SS) = 0:00:26
 [ 49%]  Time step     1354 of 2813 @ t_step =     1353 Time Avg = 1.784899E-02 Time/step= 1.791900E-02 ETA (HH:MM:SS) = 0:00:26
 [ 49%]  Time step     1355 of 2813 @ t_step =     1354 Time Avg = 1.784868E-02 Time/step= 1.744200E-02 ETA (HH:MM:SS) = 0:00:26
 [ 49%]  Time step     1356 of 2813 @ t_step =     1355 Time Avg = 1.784930E-02 Time/step= 1.868000E-02 ETA (HH:MM:SS) = 0:00:26
 [ 49%]  Time step     1357 of 2813 @ t_step =     1356 Time Avg = 1.784911E-02 Time/step= 1.759800E-02 ETA (HH:MM:SS) = 0:00:25
 [ 49%]  Time step     1358 of 2813 @ t_step =     1357 Time Avg = 1.784915E-02 Time/step= 1.789900E-02 ETA (HH:MM:SS) = 0:00:25
 [ 49%]  Time step     1359 of 2813 @ t_step =     1358 Time Avg = 1.784890E-02 Time/step= 1.751100E-02 ETA (HH:MM:SS) = 0:00:25
 [ 49%]  Time step     1360 of 2813 @ t_step =     1359 Time Avg = 1.784869E-02 Time/step= 1.756500E-02 ETA (HH:MM:SS) = 0:00:25
 [ 49%]  Time step     1361 of 2813 @ t_step =     1360 Time Avg = 1.784867E-02 Time/step= 1.782200E-02 ETA (HH:MM:SS) = 0:00:25
 [ 49%]  Time step     1362 of 2813 @ t_step =     1361 Time Avg = 1.784846E-02 Time/step= 1.756500E-02 ETA (HH:MM:SS) = 0:00:25
 [ 49%]  Time step     1363 of 2813 @ t_step =     1362 Time Avg = 1.784856E-02 Time/step= 1.797500E-02 ETA (HH:MM:SS) = 0:00:25
 [ 49%]  Time step     1364 of 2813 @ t_step =     1363 Time Avg = 1.784837E-02 Time/step= 1.759500E-02 ETA (HH:MM:SS) = 0:00:25
 [ 49%]  Time step     1365 of 2813 @ t_step =     1364 Time Avg = 1.784899E-02 Time/step= 1.869400E-02 ETA (HH:MM:SS) = 0:00:25
 [ 49%]  Time step     1366 of 2813 @ t_step =     1365 Time Avg = 1.784889E-02 Time/step= 1.771300E-02 ETA (HH:MM:SS) = 0:00:25
 [ 49%]  Time step     1367 of 2813 @ t_step =     1366 Time Avg = 1.784902E-02 Time/step= 1.802900E-02 ETA (HH:MM:SS) = 0:00:25
 [ 49%]  Time step     1368 of 2813 @ t_step =     1367 Time Avg = 1.784887E-02 Time/step= 1.764100E-02 ETA (HH:MM:SS) = 0:00:25
 [ 49%]  Time step     1369 of 2813 @ t_step =     1368 Time Avg = 1.784868E-02 Time/step= 1.758500E-02 ETA (HH:MM:SS) = 0:00:25
 [ 49%]  Time step     1370 of 2813 @ t_step =     1369 Time Avg = 1.784863E-02 Time/step= 1.778100E-02 ETA (HH:MM:SS) = 0:00:25
 [ 49%]  Time step     1371 of 2813 @ t_step =     1370 Time Avg = 1.784863E-02 Time/step= 1.784600E-02 ETA (HH:MM:SS) = 0:00:25
 [ 49%]  Time step     1372 of 2813 @ t_step =     1371 Time Avg = 1.784860E-02 Time/step= 1.780900E-02 ETA (HH:MM:SS) = 0:00:25
 [ 49%]  Time step     1373 of 2813 @ t_step =     1372 Time Avg = 1.784840E-02 Time/step= 1.758000E-02 ETA (HH:MM:SS) = 0:00:25
 [ 49%]  Time step     1374 of 2813 @ t_step =     1373 Time Avg = 1.784823E-02 Time/step= 1.761900E-02 ETA (HH:MM:SS) = 0:00:25
 [ 49%]  Time step     1375 of 2813 @ t_step =     1374 Time Avg = 1.784825E-02 Time/step= 1.787200E-02 ETA (HH:MM:SS) = 0:00:25
 [ 49%]  Time step     1376 of 2813 @ t_step =     1375 Time Avg = 1.784805E-02 Time/step= 1.756800E-02 ETA (HH:MM:SS) = 0:00:25
 [ 49%]  Time step     1377 of 2813 @ t_step =     1376 Time Avg = 1.784782E-02 Time/step= 1.753600E-02 ETA (HH:MM:SS) = 0:00:25
 [ 49%]  Time step     1378 of 2813 @ t_step =     1377 Time Avg = 1.784780E-02 Time/step= 1.782000E-02 ETA (HH:MM:SS) = 0:00:25
 [ 49%]  Time step     1379 of 2813 @ t_step =     1378 Time Avg = 1.784788E-02 Time/step= 1.795600E-02 ETA (HH:MM:SS) = 0:00:25
 [ 50%]  Time step     1380 of 2813 @ t_step =     1379 Time Avg = 1.784765E-02 Time/step= 1.753600E-02 ETA (HH:MM:SS) = 0:00:25
 [ 50%]  Time step     1381 of 2813 @ t_step =     1380 Time Avg = 1.784775E-02 Time/step= 1.797900E-02 ETA (HH:MM:SS) = 0:00:25
 [ 50%]  Time step     1382 of 2813 @ t_step =     1381 Time Avg = 1.784753E-02 Time/step= 1.754600E-02 ETA (HH:MM:SS) = 0:00:25
 [ 50%]  Time step     1383 of 2813 @ t_step =     1382 Time Avg = 1.784758E-02 Time/step= 1.792600E-02 ETA (HH:MM:SS) = 0:00:25
 [ 50%]  Time step     1384 of 2813 @ t_step =     1383 Time Avg = 1.784757E-02 Time/step= 1.782800E-02 ETA (HH:MM:SS) = 0:00:25
 [ 50%]  Time step     1385 of 2813 @ t_step =     1384 Time Avg = 1.784756E-02 Time/step= 1.782900E-02 ETA (HH:MM:SS) = 0:00:25
 [ 50%]  Time step     1386 of 2813 @ t_step =     1385 Time Avg = 1.784732E-02 Time/step= 1.752600E-02 ETA (HH:MM:SS) = 0:00:25
 [ 50%]  Time step     1387 of 2813 @ t_step =     1386 Time Avg = 1.784733E-02 Time/step= 1.785800E-02 ETA (HH:MM:SS) = 0:00:25
 [ 50%]  Time step     1388 of 2813 @ t_step =     1387 Time Avg = 1.784732E-02 Time/step= 1.782800E-02 ETA (HH:MM:SS) = 0:00:25
 [ 50%]  Time step     1389 of 2813 @ t_step =     1388 Time Avg = 1.784718E-02 Time/step= 1.764900E-02 ETA (HH:MM:SS) = 0:00:25
 [ 50%]  Time step     1390 of 2813 @ t_step =     1389 Time Avg = 1.784704E-02 Time/step= 1.765600E-02 ETA (HH:MM:SS) = 0:00:25
 [ 50%]  Time step     1391 of 2813 @ t_step =     1390 Time Avg = 1.784706E-02 Time/step= 1.787400E-02 ETA (HH:MM:SS) = 0:00:25
 [ 50%]  Time step     1392 of 2813 @ t_step =     1391 Time Avg = 1.784711E-02 Time/step= 1.792400E-02 ETA (HH:MM:SS) = 0:00:25
 [ 50%]  Time step     1393 of 2813 @ t_step =     1392 Time Avg = 1.784707E-02 Time/step= 1.779100E-02 ETA (HH:MM:SS) = 0:00:25
 [ 50%]  Time step     1394 of 2813 @ t_step =     1393 Time Avg = 1.784754E-02 Time/step= 1.849800E-02 ETA (HH:MM:SS) = 0:00:25
 [ 50%]  Time step     1395 of 2813 @ t_step =     1394 Time Avg = 1.784783E-02 Time/step= 1.825000E-02 ETA (HH:MM:SS) = 0:00:25
 [ 50%]  Time step     1396 of 2813 @ t_step =     1395 Time Avg = 1.784787E-02 Time/step= 1.789900E-02 ETA (HH:MM:SS) = 0:00:25
 [ 50%]  Time step     1397 of 2813 @ t_step =     1396 Time Avg = 1.784806E-02 Time/step= 1.812400E-02 ETA (HH:MM:SS) = 0:00:25
 [ 50%]  Time step     1398 of 2813 @ t_step =     1397 Time Avg = 1.784803E-02 Time/step= 1.779700E-02 ETA (HH:MM:SS) = 0:00:25
 [ 50%]  Time step     1399 of 2813 @ t_step =     1398 Time Avg = 1.784819E-02 Time/step= 1.807700E-02 ETA (HH:MM:SS) = 0:00:25
 [ 50%]  Time step     1400 of 2813 @ t_step =     1399 Time Avg = 1.784841E-02 Time/step= 1.815200E-02 ETA (HH:MM:SS) = 0:00:25
 [ 50%]  Time step     1401 of 2813 @ t_step =     1400 Time Avg = 1.784839E-02 Time/step= 1.781800E-02 ETA (HH:MM:SS) = 0:00:25
 [ 50%]  Time step     1402 of 2813 @ t_step =     1401 Time Avg = 1.784853E-02 Time/step= 1.804200E-02 ETA (HH:MM:SS) = 0:00:25
 [ 50%]  Time step     1403 of 2813 @ t_step =     1402 Time Avg = 1.784863E-02 Time/step= 1.799100E-02 ETA (HH:MM:SS) = 0:00:25
 [ 50%]  Time step     1404 of 2813 @ t_step =     1403 Time Avg = 1.784869E-02 Time/step= 1.793700E-02 ETA (HH:MM:SS) = 0:00:25
 [ 50%]  Time step     1405 of 2813 @ t_step =     1404 Time Avg = 1.784888E-02 Time/step= 1.811400E-02 ETA (HH:MM:SS) = 0:00:25
 [ 50%]  Time step     1406 of 2813 @ t_step =     1405 Time Avg = 1.784885E-02 Time/step= 1.780200E-02 ETA (HH:MM:SS) = 0:00:25
 [ 50%]  Time step     1407 of 2813 @ t_step =     1406 Time Avg = 1.784910E-02 Time/step= 1.819900E-02 ETA (HH:MM:SS) = 0:00:25
 [ 51%]  Time step     1408 of 2813 @ t_step =     1407 Time Avg = 1.784905E-02 Time/step= 1.779200E-02 ETA (HH:MM:SS) = 0:00:25
 [ 51%]  Time step     1409 of 2813 @ t_step =     1408 Time Avg = 1.784924E-02 Time/step= 1.810500E-02 ETA (HH:MM:SS) = 0:00:25
 [ 51%]  Time step     1410 of 2813 @ t_step =     1409 Time Avg = 1.784923E-02 Time/step= 1.783800E-02 ETA (HH:MM:SS) = 0:00:25
 [ 51%]  Time step     1411 of 2813 @ t_step =     1410 Time Avg = 1.784945E-02 Time/step= 1.816500E-02 ETA (HH:MM:SS) = 0:00:25
 [ 51%]  Time step     1412 of 2813 @ t_step =     1411 Time Avg = 1.784945E-02 Time/step= 1.784700E-02 ETA (HH:MM:SS) = 0:00:25
 [ 51%]  Time step     1413 of 2813 @ t_step =     1412 Time Avg = 1.784950E-02 Time/step= 1.791500E-02 ETA (HH:MM:SS) = 0:00:24
 [ 51%]  Time step     1414 of 2813 @ t_step =     1413 Time Avg = 1.784957E-02 Time/step= 1.794700E-02 ETA (HH:MM:SS) = 0:00:24
 [ 51%]  Time step     1415 of 2813 @ t_step =     1414 Time Avg = 1.784971E-02 Time/step= 1.804900E-02 ETA (HH:MM:SS) = 0:00:24
 [ 51%]  Time step     1416 of 2813 @ t_step =     1415 Time Avg = 1.784984E-02 Time/step= 1.803400E-02 ETA (HH:MM:SS) = 0:00:24
 [ 51%]  Time step     1417 of 2813 @ t_step =     1416 Time Avg = 1.785001E-02 Time/step= 1.808600E-02 ETA (HH:MM:SS) = 0:00:24
 [ 51%]  Time step     1418 of 2813 @ t_step =     1417 Time Avg = 1.785028E-02 Time/step= 1.823900E-02 ETA (HH:MM:SS) = 0:00:24
 [ 51%]  Time step     1419 of 2813 @ t_step =     1418 Time Avg = 1.785025E-02 Time/step= 1.780900E-02 ETA (HH:MM:SS) = 0:00:24
 [ 51%]  Time step     1420 of 2813 @ t_step =     1419 Time Avg = 1.785027E-02 Time/step= 1.787400E-02 ETA (HH:MM:SS) = 0:00:24
 [ 51%]  Time step     1421 of 2813 @ t_step =     1420 Time Avg = 1.785032E-02 Time/step= 1.792600E-02 ETA (HH:MM:SS) = 0:00:24
 [ 51%]  Time step     1422 of 2813 @ t_step =     1421 Time Avg = 1.785059E-02 Time/step= 1.823400E-02 ETA (HH:MM:SS) = 0:00:24
 [ 51%]  Time step     1423 of 2813 @ t_step =     1422 Time Avg = 1.785107E-02 Time/step= 1.852500E-02 ETA (HH:MM:SS) = 0:00:24
 [ 51%]  Time step     1424 of 2813 @ t_step =     1423 Time Avg = 1.785118E-02 Time/step= 1.800800E-02 ETA (HH:MM:SS) = 0:00:24
 [ 51%]  Time step     1425 of 2813 @ t_step =     1424 Time Avg = 1.785097E-02 Time/step= 1.755000E-02 ETA (HH:MM:SS) = 0:00:24
 [ 51%]  Time step     1426 of 2813 @ t_step =     1425 Time Avg = 1.785096E-02 Time/step= 1.785000E-02 ETA (HH:MM:SS) = 0:00:24
 [ 51%]  Time step     1427 of 2813 @ t_step =     1426 Time Avg = 1.785068E-02 Time/step= 1.744700E-02 ETA (HH:MM:SS) = 0:00:24
 [ 51%]  Time step     1428 of 2813 @ t_step =     1427 Time Avg = 1.785040E-02 Time/step= 1.745400E-02 ETA (HH:MM:SS) = 0:00:24
 [ 51%]  Time step     1429 of 2813 @ t_step =     1428 Time Avg = 1.785032E-02 Time/step= 1.773300E-02 ETA (HH:MM:SS) = 0:00:24
 [ 51%]  Time step     1430 of 2813 @ t_step =     1429 Time Avg = 1.785025E-02 Time/step= 1.774400E-02 ETA (HH:MM:SS) = 0:00:24
 [ 51%]  Time step     1431 of 2813 @ t_step =     1430 Time Avg = 1.785025E-02 Time/step= 1.784900E-02 ETA (HH:MM:SS) = 0:00:24
 [ 51%]  Time step     1432 of 2813 @ t_step =     1431 Time Avg = 1.784999E-02 Time/step= 1.748900E-02 ETA (HH:MM:SS) = 0:00:24
 [ 51%]  Time step     1433 of 2813 @ t_step =     1432 Time Avg = 1.784992E-02 Time/step= 1.774900E-02 ETA (HH:MM:SS) = 0:00:24
 [ 51%]  Time step     1434 of 2813 @ t_step =     1433 Time Avg = 1.784969E-02 Time/step= 1.751800E-02 ETA (HH:MM:SS) = 0:00:24
 [ 51%]  Time step     1435 of 2813 @ t_step =     1434 Time Avg = 1.784941E-02 Time/step= 1.744500E-02 ETA (HH:MM:SS) = 0:00:24
 [ 52%]  Time step     1436 of 2813 @ t_step =     1435 Time Avg = 1.784942E-02 Time/step= 1.786900E-02 ETA (HH:MM:SS) = 0:00:24
 [ 52%]  Time step     1437 of 2813 @ t_step =     1436 Time Avg = 1.784913E-02 Time/step= 1.742600E-02 ETA (HH:MM:SS) = 0:00:24
 [ 52%]  Time step     1438 of 2813 @ t_step =     1437 Time Avg = 1.784901E-02 Time/step= 1.769000E-02 ETA (HH:MM:SS) = 0:00:24
 [ 52%]  Time step     1439 of 2813 @ t_step =     1438 Time Avg = 1.784874E-02 Time/step= 1.745900E-02 ETA (HH:MM:SS) = 0:00:24
 [ 52%]  Time step     1440 of 2813 @ t_step =     1439 Time Avg = 1.784848E-02 Time/step= 1.747300E-02 ETA (HH:MM:SS) = 0:00:24
 [ 52%]  Time step     1441 of 2813 @ t_step =     1440 Time Avg = 1.784848E-02 Time/step= 1.785100E-02 ETA (HH:MM:SS) = 0:00:24
 [ 52%]  Time step     1442 of 2813 @ t_step =     1441 Time Avg = 1.784818E-02 Time/step= 1.741400E-02 ETA (HH:MM:SS) = 0:00:24
 [ 52%]  Time step     1443 of 2813 @ t_step =     1442 Time Avg = 1.784819E-02 Time/step= 1.785500E-02 ETA (HH:MM:SS) = 0:00:24
 [ 52%]  Time step     1444 of 2813 @ t_step =     1443 Time Avg = 1.784817E-02 Time/step= 1.782000E-02 ETA (HH:MM:SS) = 0:00:24
 [ 52%]  Time step     1445 of 2813 @ t_step =     1444 Time Avg = 1.784804E-02 Time/step= 1.766300E-02 ETA (HH:MM:SS) = 0:00:24
 [ 52%]  Time step     1446 of 2813 @ t_step =     1445 Time Avg = 1.784773E-02 Time/step= 1.740400E-02 ETA (HH:MM:SS) = 0:00:24
 [ 52%]  Time step     1447 of 2813 @ t_step =     1446 Time Avg = 1.784762E-02 Time/step= 1.768500E-02 ETA (HH:MM:SS) = 0:00:24
 [ 52%]  Time step     1448 of 2813 @ t_step =     1447 Time Avg = 1.784763E-02 Time/step= 1.787100E-02 ETA (HH:MM:SS) = 0:00:24
 [ 52%]  Time step     1449 of 2813 @ t_step =     1448 Time Avg = 1.784734E-02 Time/step= 1.741900E-02 ETA (HH:MM:SS) = 0:00:24
 [ 52%]  Time step     1450 of 2813 @ t_step =     1449 Time Avg = 1.784724E-02 Time/step= 1.771100E-02 ETA (HH:MM:SS) = 0:00:24
 [ 52%]  Time step     1451 of 2813 @ t_step =     1450 Time Avg = 1.784696E-02 Time/step= 1.743400E-02 ETA (HH:MM:SS) = 0:00:24
 [ 52%]  Time step     1452 of 2813 @ t_step =     1451 Time Avg = 1.784736E-02 Time/step= 1.842300E-02 ETA (HH:MM:SS) = 0:00:24
 [ 52%]  Time step     1453 of 2813 @ t_step =     1452 Time Avg = 1.784719E-02 Time/step= 1.760700E-02 ETA (HH:MM:SS) = 0:00:24
 [ 52%]  Time step     1454 of 2813 @ t_step =     1453 Time Avg = 1.784719E-02 Time/step= 1.785400E-02 ETA (HH:MM:SS) = 0:00:24
 [ 52%]  Time step     1455 of 2813 @ t_step =     1454 Time Avg = 1.784711E-02 Time/step= 1.772400E-02 ETA (HH:MM:SS) = 0:00:24
 [ 52%]  Time step     1456 of 2813 @ t_step =     1455 Time Avg = 1.784687E-02 Time/step= 1.750000E-02 ETA (HH:MM:SS) = 0:00:24
 [ 52%]  Time step     1457 of 2813 @ t_step =     1456 Time Avg = 1.784665E-02 Time/step= 1.752000E-02 ETA (HH:MM:SS) = 0:00:24
 [ 52%]  Time step     1458 of 2813 @ t_step =     1457 Time Avg = 1.784640E-02 Time/step= 1.749500E-02 ETA (HH:MM:SS) = 0:00:24
 [ 52%]  Time step     1459 of 2813 @ t_step =     1458 Time Avg = 1.784644E-02 Time/step= 1.790100E-02 ETA (HH:MM:SS) = 0:00:24
 [ 52%]  Time step     1460 of 2813 @ t_step =     1459 Time Avg = 1.784619E-02 Time/step= 1.748600E-02 ETA (HH:MM:SS) = 0:00:24
 [ 52%]  Time step     1461 of 2813 @ t_step =     1460 Time Avg = 1.784605E-02 Time/step= 1.764000E-02 ETA (HH:MM:SS) = 0:00:24
 [ 52%]  Time step     1462 of 2813 @ t_step =     1461 Time Avg = 1.784582E-02 Time/step= 1.751300E-02 ETA (HH:MM:SS) = 0:00:24
 [ 52%]  Time step     1463 of 2813 @ t_step =     1462 Time Avg = 1.784612E-02 Time/step= 1.828400E-02 ETA (HH:MM:SS) = 0:00:24
 [ 53%]  Time step     1464 of 2813 @ t_step =     1463 Time Avg = 1.784594E-02 Time/step= 1.758300E-02 ETA (HH:MM:SS) = 0:00:24
 [ 53%]  Time step     1465 of 2813 @ t_step =     1464 Time Avg = 1.784586E-02 Time/step= 1.772600E-02 ETA (HH:MM:SS) = 0:00:24
 [ 53%]  Time step     1466 of 2813 @ t_step =     1465 Time Avg = 1.784580E-02 Time/step= 1.774900E-02 ETA (HH:MM:SS) = 0:00:24
 [ 53%]  Time step     1467 of 2813 @ t_step =     1466 Time Avg = 1.784566E-02 Time/step= 1.764700E-02 ETA (HH:MM:SS) = 0:00:24
 [ 53%]  Time step     1468 of 2813 @ t_step =     1467 Time Avg = 1.784565E-02 Time/step= 1.783600E-02 ETA (HH:MM:SS) = 0:00:24
 [ 53%]  Time step     1469 of 2813 @ t_step =     1468 Time Avg = 1.784549E-02 Time/step= 1.760900E-02 ETA (HH:MM:SS) = 0:00:23
 [ 53%]  Time step     1470 of 2813 @ t_step =     1469 Time Avg = 1.784528E-02 Time/step= 1.753600E-02 ETA (HH:MM:SS) = 0:00:23
 [ 53%]  Time step     1471 of 2813 @ t_step =     1470 Time Avg = 1.784529E-02 Time/step= 1.785800E-02 ETA (HH:MM:SS) = 0:00:23
 [ 53%]  Time step     1472 of 2813 @ t_step =     1471 Time Avg = 1.784529E-02 Time/step= 1.783800E-02 ETA (HH:MM:SS) = 0:00:23
 [ 53%]  Time step     1473 of 2813 @ t_step =     1472 Time Avg = 1.784540E-02 Time/step= 1.801300E-02 ETA (HH:MM:SS) = 0:00:23
 [ 53%]  Time step     1474 of 2813 @ t_step =     1473 Time Avg = 1.784527E-02 Time/step= 1.765400E-02 ETA (HH:MM:SS) = 0:00:23
 [ 53%]  Time step     1475 of 2813 @ t_step =     1474 Time Avg = 1.784511E-02 Time/step= 1.760500E-02 ETA (HH:MM:SS) = 0:00:23
 [ 53%]  Time step     1476 of 2813 @ t_step =     1475 Time Avg = 1.784515E-02 Time/step= 1.790500E-02 ETA (HH:MM:SS) = 0:00:23
 [ 53%]  Time step     1477 of 2813 @ t_step =     1476 Time Avg = 1.784515E-02 Time/step= 1.785200E-02 ETA (HH:MM:SS) = 0:00:23
 [ 53%]  Time step     1478 of 2813 @ t_step =     1477 Time Avg = 1.784505E-02 Time/step= 1.769400E-02 ETA (HH:MM:SS) = 0:00:23
 [ 53%]  Time step     1479 of 2813 @ t_step =     1478 Time Avg = 1.784495E-02 Time/step= 1.769300E-02 ETA (HH:MM:SS) = 0:00:23
 [ 53%]  Time step     1480 of 2813 @ t_step =     1479 Time Avg = 1.784478E-02 Time/step= 1.760700E-02 ETA (HH:MM:SS) = 0:00:23
 [ 53%]  Time step     1481 of 2813 @ t_step =     1480 Time Avg = 1.784503E-02 Time/step= 1.821200E-02 ETA (HH:MM:SS) = 0:00:23
 [ 53%]  Time step     1482 of 2813 @ t_step =     1481 Time Avg = 1.784493E-02 Time/step= 1.769700E-02 ETA (HH:MM:SS) = 0:00:23
 [ 53%]  Time step     1483 of 2813 @ t_step =     1482 Time Avg = 1.784497E-02 Time/step= 1.789700E-02 ETA (HH:MM:SS) = 0:00:23
 [ 53%]  Time step     1484 of 2813 @ t_step =     1483 Time Avg = 1.784495E-02 Time/step= 1.781500E-02 ETA (HH:MM:SS) = 0:00:23
 [ 53%]  Time step     1485 of 2813 @ t_step =     1484 Time Avg = 1.784496E-02 Time/step= 1.786900E-02 ETA (HH:MM:SS) = 0:00:23
 [ 53%]  Time step     1486 of 2813 @ t_step =     1485 Time Avg = 1.784510E-02 Time/step= 1.805200E-02 ETA (HH:MM:SS) = 0:00:23
 [ 53%]  Time step     1487 of 2813 @ t_step =     1486 Time Avg = 1.784509E-02 Time/step= 1.782300E-02 ETA (HH:MM:SS) = 0:00:23
 [ 53%]  Time step     1488 of 2813 @ t_step =     1487 Time Avg = 1.784515E-02 Time/step= 1.793800E-02 ETA (HH:MM:SS) = 0:00:23
 [ 53%]  Time step     1489 of 2813 @ t_step =     1488 Time Avg = 1.784496E-02 Time/step= 1.756100E-02 ETA (HH:MM:SS) = 0:00:23
 [ 53%]  Time step     1490 of 2813 @ t_step =     1489 Time Avg = 1.784510E-02 Time/step= 1.804900E-02 ETA (HH:MM:SS) = 0:00:23
 [ 53%]  Time step     1491 of 2813 @ t_step =     1490 Time Avg = 1.784508E-02 Time/step= 1.781300E-02 ETA (HH:MM:SS) = 0:00:23
 [ 54%]  Time step     1492 of 2813 @ t_step =     1491 Time Avg = 1.784516E-02 Time/step= 1.796400E-02 ETA (HH:MM:SS) = 0:00:23
 [ 54%]  Time step     1493 of 2813 @ t_step =     1492 Time Avg = 1.784494E-02 Time/step= 1.752800E-02 ETA (HH:MM:SS) = 0:00:23
 [ 54%]  Time step     1494 of 2813 @ t_step =     1493 Time Avg = 1.784483E-02 Time/step= 1.768000E-02 ETA (HH:MM:SS) = 0:00:23
 [ 54%]  Time step     1495 of 2813 @ t_step =     1494 Time Avg = 1.784462E-02 Time/step= 1.753000E-02 ETA (HH:MM:SS) = 0:00:23
 [ 54%]  Time step     1496 of 2813 @ t_step =     1495 Time Avg = 1.784444E-02 Time/step= 1.757600E-02 ETA (HH:MM:SS) = 0:00:23
 [ 54%]  Time step     1497 of 2813 @ t_step =     1496 Time Avg = 1.784454E-02 Time/step= 1.798500E-02 ETA (HH:MM:SS) = 0:00:23
 [ 54%]  Time step     1498 of 2813 @ t_step =     1497 Time Avg = 1.784436E-02 Time/step= 1.758600E-02 ETA (HH:MM:SS) = 0:00:23
 [ 54%]  Time step     1499 of 2813 @ t_step =     1498 Time Avg = 1.784435E-02 Time/step= 1.782500E-02 ETA (HH:MM:SS) = 0:00:23
 [ 54%]  Time step     1500 of 2813 @ t_step =     1499 Time Avg = 1.784436E-02 Time/step= 1.785600E-02 ETA (HH:MM:SS) = 0:00:23
 [ 54%]  Time step     1501 of 2813 @ t_step =     1500 Time Avg = 1.784415E-02 Time/step= 1.752700E-02 ETA (HH:MM:SS) = 0:00:23
 [ 54%]  Time step     1502 of 2813 @ t_step =     1501 Time Avg = 1.784429E-02 Time/step= 1.806100E-02 ETA (HH:MM:SS) = 0:00:23
 [ 54%]  Time step     1503 of 2813 @ t_step =     1502 Time Avg = 1.784411E-02 Time/step= 1.757300E-02 ETA (HH:MM:SS) = 0:00:23
 [ 54%]  Time step     1504 of 2813 @ t_step =     1503 Time Avg = 1.784418E-02 Time/step= 1.794600E-02 ETA (HH:MM:SS) = 0:00:23
 [ 54%]  Time step     1505 of 2813 @ t_step =     1504 Time Avg = 1.784405E-02 Time/step= 1.764600E-02 ETA (HH:MM:SS) = 0:00:23
 [ 54%]  Time step     1506 of 2813 @ t_step =     1505 Time Avg = 1.784390E-02 Time/step= 1.761900E-02 ETA (HH:MM:SS) = 0:00:23
 [ 54%]  Time step     1507 of 2813 @ t_step =     1506 Time Avg = 1.784378E-02 Time/step= 1.766600E-02 ETA (HH:MM:SS) = 0:00:23
 [ 54%]  Time step     1508 of 2813 @ t_step =     1507 Time Avg = 1.784379E-02 Time/step= 1.786500E-02 ETA (HH:MM:SS) = 0:00:23
 [ 54%]  Time step     1509 of 2813 @ t_step =     1508 Time Avg = 1.784362E-02 Time/step= 1.758500E-02 ETA (HH:MM:SS) = 0:00:23
 [ 54%]  Time step     1510 of 2813 @ t_step =     1509 Time Avg = 1.784404E-02 Time/step= 1.848000E-02 ETA (HH:MM:SS) = 0:00:23
 [ 54%]  Time step     1511 of 2813 @ t_step =     1510 Time Avg = 1.784394E-02 Time/step= 1.769100E-02 ETA (HH:MM:SS) = 0:00:23
 [ 54%]  Time step     1512 of 2813 @ t_step =     1511 Time Avg = 1.784379E-02 Time/step= 1.761800E-02 ETA (HH:MM:SS) = 0:00:23
 [ 54%]  Time step     1513 of 2813 @ t_step =     1512 Time Avg = 1.784372E-02 Time/step= 1.773600E-02 ETA (HH:MM:SS) = 0:00:23
 [ 54%]  Time step     1514 of 2813 @ t_step =     1513 Time Avg = 1.784371E-02 Time/step= 1.783500E-02 ETA (HH:MM:SS) = 0:00:23
 [ 54%]  Time step     1515 of 2813 @ t_step =     1514 Time Avg = 1.784358E-02 Time/step= 1.763500E-02 ETA (HH:MM:SS) = 0:00:23
 [ 54%]  Time step     1516 of 2813 @ t_step =     1515 Time Avg = 1.784339E-02 Time/step= 1.756900E-02 ETA (HH:MM:SS) = 0:00:23
 [ 54%]  Time step     1517 of 2813 @ t_step =     1516 Time Avg = 1.784330E-02 Time/step= 1.770700E-02 ETA (HH:MM:SS) = 0:00:23
 [ 54%]  Time step     1518 of 2813 @ t_step =     1517 Time Avg = 1.784312E-02 Time/step= 1.756500E-02 ETA (HH:MM:SS) = 0:00:23
 [ 54%]  Time step     1519 of 2813 @ t_step =     1518 Time Avg = 1.784298E-02 Time/step= 1.763500E-02 ETA (HH:MM:SS) = 0:00:23
 [ 54%]  Time step     1520 of 2813 @ t_step =     1519 Time Avg = 1.784303E-02 Time/step= 1.791700E-02 ETA (HH:MM:SS) = 0:00:23
 [ 55%]  Time step     1521 of 2813 @ t_step =     1520 Time Avg = 1.784314E-02 Time/step= 1.801300E-02 ETA (HH:MM:SS) = 0:00:23
 [ 55%]  Time step     1522 of 2813 @ t_step =     1521 Time Avg = 1.784315E-02 Time/step= 1.784900E-02 ETA (HH:MM:SS) = 0:00:23
 [ 55%]  Time step     1523 of 2813 @ t_step =     1522 Time Avg = 1.784321E-02 Time/step= 1.794200E-02 ETA (HH:MM:SS) = 0:00:23
 [ 55%]  Time step     1524 of 2813 @ t_step =     1523 Time Avg = 1.784303E-02 Time/step= 1.756200E-02 ETA (HH:MM:SS) = 0:00:22
 [ 55%]  Time step     1525 of 2813 @ t_step =     1524 Time Avg = 1.784312E-02 Time/step= 1.798500E-02 ETA (HH:MM:SS) = 0:00:22
 [ 55%]  Time step     1526 of 2813 @ t_step =     1525 Time Avg = 1.784288E-02 Time/step= 1.748200E-02 ETA (HH:MM:SS) = 0:00:22
 [ 55%]  Time step     1527 of 2813 @ t_step =     1526 Time Avg = 1.784317E-02 Time/step= 1.827600E-02 ETA (HH:MM:SS) = 0:00:22
 [ 55%]  Time step     1528 of 2813 @ t_step =     1527 Time Avg = 1.784319E-02 Time/step= 1.788200E-02 ETA (HH:MM:SS) = 0:00:22
 [ 55%]  Time step     1529 of 2813 @ t_step =     1528 Time Avg = 1.784329E-02 Time/step= 1.798300E-02 ETA (HH:MM:SS) = 0:00:22
 [ 55%]  Time step     1530 of 2813 @ t_step =     1529 Time Avg = 1.784327E-02 Time/step= 1.781300E-02 ETA (HH:MM:SS) = 0:00:22
 [ 55%]  Time step     1531 of 2813 @ t_step =     1530 Time Avg = 1.784308E-02 Time/step= 1.755700E-02 ETA (HH:MM:SS) = 0:00:22
 [ 55%]  Time step     1532 of 2813 @ t_step =     1531 Time Avg = 1.784287E-02 Time/step= 1.751900E-02 ETA (HH:MM:SS) = 0:00:22
 [ 55%]  Time step     1533 of 2813 @ t_step =     1532 Time Avg = 1.784282E-02 Time/step= 1.777300E-02 ETA (HH:MM:SS) = 0:00:22
 [ 55%]  Time step     1534 of 2813 @ t_step =     1533 Time Avg = 1.784292E-02 Time/step= 1.799000E-02 ETA (HH:MM:SS) = 0:00:22
 [ 55%]  Time step     1535 of 2813 @ t_step =     1534 Time Avg = 1.784271E-02 Time/step= 1.752200E-02 ETA (HH:MM:SS) = 0:00:22
 [ 55%]  Time step     1536 of 2813 @ t_step =     1535 Time Avg = 1.784272E-02 Time/step= 1.786500E-02 ETA (HH:MM:SS) = 0:00:22
 [ 55%]  Time step     1537 of 2813 @ t_step =     1536 Time Avg = 1.784270E-02 Time/step= 1.781300E-02 ETA (HH:MM:SS) = 0:00:22
 [ 55%]  Time step     1538 of 2813 @ t_step =     1537 Time Avg = 1.784256E-02 Time/step= 1.763200E-02 ETA (HH:MM:SS) = 0:00:22
 [ 55%]  Time step     1539 of 2813 @ t_step =     1538 Time Avg = 1.784316E-02 Time/step= 1.875700E-02 ETA (HH:MM:SS) = 0:00:22
 [ 55%]  Time step     1540 of 2813 @ t_step =     1539 Time Avg = 1.784332E-02 Time/step= 1.809600E-02 ETA (HH:MM:SS) = 0:00:22
 [ 55%]  Time step     1541 of 2813 @ t_step =     1540 Time Avg = 1.784318E-02 Time/step= 1.761800E-02 ETA (HH:MM:SS) = 0:00:22
 [ 55%]  Time step     1542 of 2813 @ t_step =     1541 Time Avg = 1.784322E-02 Time/step= 1.791300E-02 ETA (HH:MM:SS) = 0:00:22
 [ 55%]  Time step     1543 of 2813 @ t_step =     1542 Time Avg = 1.784337E-02 Time/step= 1.806200E-02 ETA (HH:MM:SS) = 0:00:22
 [ 55%]  Time step     1544 of 2813 @ t_step =     1543 Time Avg = 1.784332E-02 Time/step= 1.777600E-02 ETA (HH:MM:SS) = 0:00:22
 [ 55%]  Time step     1545 of 2813 @ t_step =     1544 Time Avg = 1.784360E-02 Time/step= 1.827300E-02 ETA (HH:MM:SS) = 0:00:22
 [ 55%]  Time step     1546 of 2813 @ t_step =     1545 Time Avg = 1.784359E-02 Time/step= 1.783300E-02 ETA (HH:MM:SS) = 0:00:22
 [ 55%]  Time step     1547 of 2813 @ t_step =     1546 Time Avg = 1.784355E-02 Time/step= 1.776900E-02 ETA (HH:MM:SS) = 0:00:22
 [ 55%]  Time step     1548 of 2813 @ t_step =     1547 Time Avg = 1.784332E-02 Time/step= 1.749600E-02 ETA (HH:MM:SS) = 0:00:22
 [ 56%]  Time step     1549 of 2813 @ t_step =     1548 Time Avg = 1.784342E-02 Time/step= 1.799900E-02 ETA (HH:MM:SS) = 0:00:22
 [ 56%]  Time step     1550 of 2813 @ t_step =     1549 Time Avg = 1.784321E-02 Time/step= 1.751200E-02 ETA (HH:MM:SS) = 0:00:22
 [ 56%]  Time step     1551 of 2813 @ t_step =     1550 Time Avg = 1.784328E-02 Time/step= 1.795200E-02 ETA (HH:MM:SS) = 0:00:22
 [ 56%]  Time step     1552 of 2813 @ t_step =     1551 Time Avg = 1.784322E-02 Time/step= 1.775800E-02 ETA (HH:MM:SS) = 0:00:22
 [ 56%]  Time step     1553 of 2813 @ t_step =     1552 Time Avg = 1.784302E-02 Time/step= 1.753500E-02 ETA (HH:MM:SS) = 0:00:22
 [ 56%]  Time step     1554 of 2813 @ t_step =     1553 Time Avg = 1.784302E-02 Time/step= 1.784000E-02 ETA (HH:MM:SS) = 0:00:22
 [ 56%]  Time step     1555 of 2813 @ t_step =     1554 Time Avg = 1.784298E-02 Time/step= 1.778300E-02 ETA (HH:MM:SS) = 0:00:22
 [ 56%]  Time step     1556 of 2813 @ t_step =     1555 Time Avg = 1.784304E-02 Time/step= 1.792800E-02 ETA (HH:MM:SS) = 0:00:22
 [ 56%]  Time step     1557 of 2813 @ t_step =     1556 Time Avg = 1.784283E-02 Time/step= 1.752500E-02 ETA (HH:MM:SS) = 0:00:22
 [ 56%]  Time step     1558 of 2813 @ t_step =     1557 Time Avg = 1.784291E-02 Time/step= 1.796300E-02 ETA (HH:MM:SS) = 0:00:22
 [ 56%]  Time step     1559 of 2813 @ t_step =     1558 Time Avg = 1.784271E-02 Time/step= 1.752700E-02 ETA (HH:MM:SS) = 0:00:22
 [ 56%]  Time step     1560 of 2813 @ t_step =     1559 Time Avg = 1.784252E-02 Time/step= 1.755100E-02 ETA (HH:MM:SS) = 0:00:22
 [ 56%]  Time step     1561 of 2813 @ t_step =     1560 Time Avg = 1.784261E-02 Time/step= 1.799100E-02 ETA (HH:MM:SS) = 0:00:22
 [ 56%]  Time step     1562 of 2813 @ t_step =     1561 Time Avg = 1.784243E-02 Time/step= 1.755000E-02 ETA (HH:MM:SS) = 0:00:22
 [ 56%]  Time step     1563 of 2813 @ t_step =     1562 Time Avg = 1.784249E-02 Time/step= 1.794500E-02 ETA (HH:MM:SS) = 0:00:22
 [ 56%]  Time step     1564 of 2813 @ t_step =     1563 Time Avg = 1.784245E-02 Time/step= 1.777900E-02 ETA (HH:MM:SS) = 0:00:22
 [ 56%]  Time step     1565 of 2813 @ t_step =     1564 Time Avg = 1.784253E-02 Time/step= 1.797100E-02 ETA (HH:MM:SS) = 0:00:22
 [ 56%]  Time step     1566 of 2813 @ t_step =     1565 Time Avg = 1.784236E-02 Time/step= 1.757500E-02 ETA (HH:MM:SS) = 0:00:22
 [ 56%]  Time step     1567 of 2813 @ t_step =     1566 Time Avg = 1.784219E-02 Time/step= 1.757500E-02 ETA (HH:MM:SS) = 0:00:22
 [ 56%]  Time step     1568 of 2813 @ t_step =     1567 Time Avg = 1.784270E-02 Time/step= 1.863600E-02 ETA (HH:MM:SS) = 0:00:22
 [ 56%]  Time step     1569 of 2813 @ t_step =     1568 Time Avg = 1.784302E-02 Time/step= 1.834500E-02 ETA (HH:MM:SS) = 0:00:22
 [ 56%]  Time step     1570 of 2813 @ t_step =     1569 Time Avg = 1.784330E-02 Time/step= 1.828700E-02 ETA (HH:MM:SS) = 0:00:22
 [ 56%]  Time step     1571 of 2813 @ t_step =     1570 Time Avg = 1.784315E-02 Time/step= 1.759600E-02 ETA (HH:MM:SS) = 0:00:22
 [ 56%]  Time step     1572 of 2813 @ t_step =     1571 Time Avg = 1.784319E-02 Time/step= 1.791400E-02 ETA (HH:MM:SS) = 0:00:22
 [ 56%]  Time step     1573 of 2813 @ t_step =     1572 Time Avg = 1.784318E-02 Time/step= 1.782300E-02 ETA (HH:MM:SS) = 0:00:22
 [ 56%]  Time step     1574 of 2813 @ t_step =     1573 Time Avg = 1.784305E-02 Time/step= 1.764800E-02 ETA (HH:MM:SS) = 0:00:22
 [ 56%]  Time step     1575 of 2813 @ t_step =     1574 Time Avg = 1.784313E-02 Time/step= 1.796900E-02 ETA (HH:MM:SS) = 0:00:22
 [ 56%]  Time step     1576 of 2813 @ t_step =     1575 Time Avg = 1.784299E-02 Time/step= 1.761900E-02 ETA (HH:MM:SS) = 0:00:22
 [ 57%]  Time step     1577 of 2813 @ t_step =     1576 Time Avg = 1.784310E-02 Time/step= 1.800800E-02 ETA (HH:MM:SS) = 0:00:22
 [ 57%]  Time step     1578 of 2813 @ t_step =     1577 Time Avg = 1.784293E-02 Time/step= 1.758200E-02 ETA (HH:MM:SS) = 0:00:22
 [ 57%]  Time step     1579 of 2813 @ t_step =     1578 Time Avg = 1.784278E-02 Time/step= 1.761200E-02 ETA (HH:MM:SS) = 0:00:22
 [ 57%]  Time step     1580 of 2813 @ t_step =     1579 Time Avg = 1.784290E-02 Time/step= 1.801900E-02 ETA (HH:MM:SS) = 0:00:22
 [ 57%]  Time step     1581 of 2813 @ t_step =     1580 Time Avg = 1.784277E-02 Time/step= 1.764600E-02 ETA (HH:MM:SS) = 0:00:21
 [ 57%]  Time step     1582 of 2813 @ t_step =     1581 Time Avg = 1.784285E-02 Time/step= 1.796900E-02 ETA (HH:MM:SS) = 0:00:21
 [ 57%]  Time step     1583 of 2813 @ t_step =     1582 Time Avg = 1.784268E-02 Time/step= 1.757300E-02 ETA (HH:MM:SS) = 0:00:21
 [ 57%]  Time step     1584 of 2813 @ t_step =     1583 Time Avg = 1.784258E-02 Time/step= 1.768800E-02 ETA (HH:MM:SS) = 0:00:21
 [ 57%]  Time step     1585 of 2813 @ t_step =     1584 Time Avg = 1.784243E-02 Time/step= 1.759900E-02 ETA (HH:MM:SS) = 0:00:21
 [ 57%]  Time step     1586 of 2813 @ t_step =     1585 Time Avg = 1.784241E-02 Time/step= 1.781500E-02 ETA (HH:MM:SS) = 0:00:21
 [ 57%]  Time step     1587 of 2813 @ t_step =     1586 Time Avg = 1.784227E-02 Time/step= 1.762100E-02 ETA (HH:MM:SS) = 0:00:21
 [ 57%]  Time step     1588 of 2813 @ t_step =     1587 Time Avg = 1.784219E-02 Time/step= 1.771800E-02 ETA (HH:MM:SS) = 0:00:21
 [ 57%]  Time step     1589 of 2813 @ t_step =     1588 Time Avg = 1.784232E-02 Time/step= 1.804500E-02 ETA (HH:MM:SS) = 0:00:21
 [ 57%]  Time step     1590 of 2813 @ t_step =     1589 Time Avg = 1.784232E-02 Time/step= 1.784800E-02 ETA (HH:MM:SS) = 0:00:21
 [ 57%]  Time step     1591 of 2813 @ t_step =     1590 Time Avg = 1.784231E-02 Time/step= 1.781900E-02 ETA (HH:MM:SS) = 0:00:21
 [ 57%]  Time step     1592 of 2813 @ t_step =     1591 Time Avg = 1.784216E-02 Time/step= 1.760500E-02 ETA (HH:MM:SS) = 0:00:21
 [ 57%]  Time step     1593 of 2813 @ t_step =     1592 Time Avg = 1.784198E-02 Time/step= 1.755500E-02 ETA (HH:MM:SS) = 0:00:21
 [ 57%]  Time step     1594 of 2813 @ t_step =     1593 Time Avg = 1.784194E-02 Time/step= 1.778600E-02 ETA (HH:MM:SS) = 0:00:21
 [ 57%]  Time step     1595 of 2813 @ t_step =     1594 Time Avg = 1.784229E-02 Time/step= 1.839100E-02 ETA (HH:MM:SS) = 0:00:21
 [ 57%]  Time step     1596 of 2813 @ t_step =     1595 Time Avg = 1.784227E-02 Time/step= 1.781500E-02 ETA (HH:MM:SS) = 0:00:21
 [ 57%]  Time step     1597 of 2813 @ t_step =     1596 Time Avg = 1.784235E-02 Time/step= 1.797300E-02 ETA (HH:MM:SS) = 0:00:21
 [ 57%]  Time step     1598 of 2813 @ t_step =     1597 Time Avg = 1.784229E-02 Time/step= 1.773200E-02 ETA (HH:MM:SS) = 0:00:21
 [ 57%]  Time step     1599 of 2813 @ t_step =     1598 Time Avg = 1.784248E-02 Time/step= 1.814800E-02 ETA (HH:MM:SS) = 0:00:21
 [ 57%]  Time step     1600 of 2813 @ t_step =     1599 Time Avg = 1.784236E-02 Time/step= 1.765600E-02 ETA (HH:MM:SS) = 0:00:21
 [ 57%]  Time step     1601 of 2813 @ t_step =     1600 Time Avg = 1.784245E-02 Time/step= 1.798100E-02 ETA (HH:MM:SS) = 0:00:21
 [ 57%]  Time step     1602 of 2813 @ t_step =     1601 Time Avg = 1.784253E-02 Time/step= 1.797200E-02 ETA (HH:MM:SS) = 0:00:21
 [ 57%]  Time step     1603 of 2813 @ t_step =     1602 Time Avg = 1.784264E-02 Time/step= 1.801800E-02 ETA (HH:MM:SS) = 0:00:21
 [ 57%]  Time step     1604 of 2813 @ t_step =     1603 Time Avg = 1.784273E-02 Time/step= 1.798700E-02 ETA (HH:MM:SS) = 0:00:21
 [ 58%]  Time step     1605 of 2813 @ t_step =     1604 Time Avg = 1.784281E-02 Time/step= 1.797700E-02 ETA (HH:MM:SS) = 0:00:21
 [ 58%]  Time step     1606 of 2813 @ t_step =     1605 Time Avg = 1.784290E-02 Time/step= 1.798400E-02 ETA (HH:MM:SS) = 0:00:21
 [ 58%]  Time step     1607 of 2813 @ t_step =     1606 Time Avg = 1.784275E-02 Time/step= 1.761000E-02 ETA (HH:MM:SS) = 0:00:21
 [ 58%]  Time step     1608 of 2813 @ t_step =     1607 Time Avg = 1.784260E-02 Time/step= 1.760100E-02 ETA (HH:MM:SS) = 0:00:21
 [ 58%]  Time step     1609 of 2813 @ t_step =     1608 Time Avg = 1.784246E-02 Time/step= 1.760700E-02 ETA (HH:MM:SS) = 0:00:21
 [ 58%]  Time step     1610 of 2813 @ t_step =     1609 Time Avg = 1.784245E-02 Time/step= 1.783100E-02 ETA (HH:MM:SS) = 0:00:21
 [ 58%]  Time step     1611 of 2813 @ t_step =     1610 Time Avg = 1.784247E-02 Time/step= 1.787700E-02 ETA (HH:MM:SS) = 0:00:21
 [ 58%]  Time step     1612 of 2813 @ t_step =     1611 Time Avg = 1.784230E-02 Time/step= 1.756400E-02 ETA (HH:MM:SS) = 0:00:21
 [ 58%]  Time step     1613 of 2813 @ t_step =     1612 Time Avg = 1.784222E-02 Time/step= 1.770900E-02 ETA (HH:MM:SS) = 0:00:21
 [ 58%]  Time step     1614 of 2813 @ t_step =     1613 Time Avg = 1.784223E-02 Time/step= 1.786500E-02 ETA (HH:MM:SS) = 0:00:21
 [ 58%]  Time step     1615 of 2813 @ t_step =     1614 Time Avg = 1.784236E-02 Time/step= 1.805300E-02 ETA (HH:MM:SS) = 0:00:21
 [ 58%]  Time step     1616 of 2813 @ t_step =     1615 Time Avg = 1.784221E-02 Time/step= 1.760200E-02 ETA (HH:MM:SS) = 0:00:21
 [ 58%]  Time step     1617 of 2813 @ t_step =     1616 Time Avg = 1.784206E-02 Time/step= 1.760200E-02 ETA (HH:MM:SS) = 0:00:21
 [ 58%]  Time step     1618 of 2813 @ t_step =     1617 Time Avg = 1.784190E-02 Time/step= 1.757300E-02 ETA (HH:MM:SS) = 0:00:21
 [ 58%]  Time step     1619 of 2813 @ t_step =     1618 Time Avg = 1.784178E-02 Time/step= 1.765200E-02 ETA (HH:MM:SS) = 0:00:21
 [ 58%]  Time step     1620 of 2813 @ t_step =     1619 Time Avg = 1.784192E-02 Time/step= 1.806800E-02 ETA (HH:MM:SS) = 0:00:21
 [ 58%]  Time step     1621 of 2813 @ t_step =     1620 Time Avg = 1.784177E-02 Time/step= 1.760600E-02 ETA (HH:MM:SS) = 0:00:21
 [ 58%]  Time step     1622 of 2813 @ t_step =     1621 Time Avg = 1.784186E-02 Time/step= 1.798300E-02 ETA (HH:MM:SS) = 0:00:21
 [ 58%]  Time step     1623 of 2813 @ t_step =     1622 Time Avg = 1.784176E-02 Time/step= 1.767900E-02 ETA (HH:MM:SS) = 0:00:21
 [ 58%]  Time step     1624 of 2813 @ t_step =     1623 Time Avg = 1.784173E-02 Time/step= 1.779400E-02 ETA (HH:MM:SS) = 0:00:21
 [ 58%]  Time step     1625 of 2813 @ t_step =     1624 Time Avg = 1.784184E-02 Time/step= 1.801900E-02 ETA (HH:MM:SS) = 0:00:21
 [ 58%]  Time step     1626 of 2813 @ t_step =     1625 Time Avg = 1.784233E-02 Time/step= 1.863700E-02 ETA (HH:MM:SS) = 0:00:21
 [ 58%]  Time step     1627 of 2813 @ t_step =     1626 Time Avg = 1.784239E-02 Time/step= 1.794800E-02 ETA (HH:MM:SS) = 0:00:21
 [ 58%]  Time step     1628 of 2813 @ t_step =     1627 Time Avg = 1.784232E-02 Time/step= 1.771900E-02 ETA (HH:MM:SS) = 0:00:21
 [ 58%]  Time step     1629 of 2813 @ t_step =     1628 Time Avg = 1.784217E-02 Time/step= 1.759400E-02 ETA (HH:MM:SS) = 0:00:21
 [ 58%]  Time step     1630 of 2813 @ t_step =     1629 Time Avg = 1.784219E-02 Time/step= 1.788700E-02 ETA (HH:MM:SS) = 0:00:21
 [ 58%]  Time step     1631 of 2813 @ t_step =     1630 Time Avg = 1.784218E-02 Time/step= 1.782400E-02 ETA (HH:MM:SS) = 0:00:21
 [ 58%]  Time step     1632 of 2813 @ t_step =     1631 Time Avg = 1.784205E-02 Time/step= 1.762500E-02 ETA (HH:MM:SS) = 0:00:21
 [ 59%]  Time step     1633 of 2813 @ t_step =     1632 Time Avg = 1.784189E-02 Time/step= 1.757900E-02 ETA (HH:MM:SS) = 0:00:21
 [ 59%]  Time step     1634 of 2813 @ t_step =     1633 Time Avg = 1.784180E-02 Time/step= 1.769700E-02 ETA (HH:MM:SS) = 0:00:21
 [ 59%]  Time step     1635 of 2813 @ t_step =     1634 Time Avg = 1.784178E-02 Time/step= 1.780800E-02 ETA (HH:MM:SS) = 0:00:21
 [ 59%]  Time step     1636 of 2813 @ t_step =     1635 Time Avg = 1.784177E-02 Time/step= 1.783000E-02 ETA (HH:MM:SS) = 0:00:20
 [ 59%]  Time step     1637 of 2813 @ t_step =     1636 Time Avg = 1.784243E-02 Time/step= 1.891800E-02 ETA (HH:MM:SS) = 0:00:20
 [ 59%]  Time step     1638 of 2813 @ t_step =     1637 Time Avg = 1.784234E-02 Time/step= 1.768900E-02 ETA (HH:MM:SS) = 0:00:20
 [ 59%]  Time step     1639 of 2813 @ t_step =     1638 Time Avg = 1.784231E-02 Time/step= 1.780800E-02 ETA (HH:MM:SS) = 0:00:20
 [ 59%]  Time step     1640 of 2813 @ t_step =     1639 Time Avg = 1.784223E-02 Time/step= 1.770000E-02 ETA (HH:MM:SS) = 0:00:20
 [ 59%]  Time step     1641 of 2813 @ t_step =     1640 Time Avg = 1.784234E-02 Time/step= 1.803300E-02 ETA (HH:MM:SS) = 0:00:20
 [ 59%]  Time step     1642 of 2813 @ t_step =     1641 Time Avg = 1.784221E-02 Time/step= 1.763000E-02 ETA (HH:MM:SS) = 0:00:20
 [ 59%]  Time step     1643 of 2813 @ t_step =     1642 Time Avg = 1.784229E-02 Time/step= 1.796300E-02 ETA (HH:MM:SS) = 0:00:20
 [ 59%]  Time step     1644 of 2813 @ t_step =     1643 Time Avg = 1.784229E-02 Time/step= 1.784800E-02 ETA (HH:MM:SS) = 0:00:20
 [ 59%]  Time step     1645 of 2813 @ t_step =     1644 Time Avg = 1.784227E-02 Time/step= 1.781300E-02 ETA (HH:MM:SS) = 0:00:20
 [ 59%]  Time step     1646 of 2813 @ t_step =     1645 Time Avg = 1.784214E-02 Time/step= 1.762600E-02 ETA (HH:MM:SS) = 0:00:20
 [ 59%]  Time step     1647 of 2813 @ t_step =     1646 Time Avg = 1.784196E-02 Time/step= 1.753800E-02 ETA (HH:MM:SS) = 0:00:20
 [ 59%]  Time step     1648 of 2813 @ t_step =     1647 Time Avg = 1.784198E-02 Time/step= 1.788300E-02 ETA (HH:MM:SS) = 0:00:20
 [ 59%]  Time step     1649 of 2813 @ t_step =     1648 Time Avg = 1.784201E-02 Time/step= 1.788600E-02 ETA (HH:MM:SS) = 0:00:20
 [ 59%]  Time step     1650 of 2813 @ t_step =     1649 Time Avg = 1.784210E-02 Time/step= 1.798600E-02 ETA (HH:MM:SS) = 0:00:20
 [ 59%]  Time step     1651 of 2813 @ t_step =     1650 Time Avg = 1.784191E-02 Time/step= 1.754200E-02 ETA (HH:MM:SS) = 0:00:20
 [ 59%]  Time step     1652 of 2813 @ t_step =     1651 Time Avg = 1.784182E-02 Time/step= 1.769000E-02 ETA (HH:MM:SS) = 0:00:20
 [ 59%]  Time step     1653 of 2813 @ t_step =     1652 Time Avg = 1.784181E-02 Time/step= 1.782600E-02 ETA (HH:MM:SS) = 0:00:20
 [ 59%]  Time step     1654 of 2813 @ t_step =     1653 Time Avg = 1.784189E-02 Time/step= 1.796600E-02 ETA (HH:MM:SS) = 0:00:20
 [ 59%]  Time step     1655 of 2813 @ t_step =     1654 Time Avg = 1.784196E-02 Time/step= 1.796200E-02 ETA (HH:MM:SS) = 0:00:20
 [ 59%]  Time step     1656 of 2813 @ t_step =     1655 Time Avg = 1.784210E-02 Time/step= 1.807700E-02 ETA (HH:MM:SS) = 0:00:20
 [ 59%]  Time step     1657 of 2813 @ t_step =     1656 Time Avg = 1.784200E-02 Time/step= 1.766800E-02 ETA (HH:MM:SS) = 0:00:20
 [ 59%]  Time step     1658 of 2813 @ t_step =     1657 Time Avg = 1.784204E-02 Time/step= 1.791600E-02 ETA (HH:MM:SS) = 0:00:20
 [ 59%]  Time step     1659 of 2813 @ t_step =     1658 Time Avg = 1.784191E-02 Time/step= 1.763200E-02 ETA (HH:MM:SS) = 0:00:20
 [ 59%]  Time step     1660 of 2813 @ t_step =     1659 Time Avg = 1.784179E-02 Time/step= 1.763100E-02 ETA (HH:MM:SS) = 0:00:20
 [ 60%]  Time step     1661 of 2813 @ t_step =     1660 Time Avg = 1.784162E-02 Time/step= 1.756800E-02 ETA (HH:MM:SS) = 0:00:20
 [ 60%]  Time step     1662 of 2813 @ t_step =     1661 Time Avg = 1.784160E-02 Time/step= 1.780100E-02 ETA (HH:MM:SS) = 0:00:20
 [ 60%]  Time step     1663 of 2813 @ t_step =     1662 Time Avg = 1.784148E-02 Time/step= 1.763900E-02 ETA (HH:MM:SS) = 0:00:20
 [ 60%]  Time step     1664 of 2813 @ t_step =     1663 Time Avg = 1.784129E-02 Time/step= 1.752800E-02 ETA (HH:MM:SS) = 0:00:20
 [ 60%]  Time step     1665 of 2813 @ t_step =     1664 Time Avg = 1.784136E-02 Time/step= 1.796400E-02 ETA (HH:MM:SS) = 0:00:20
 [ 60%]  Time step     1666 of 2813 @ t_step =     1665 Time Avg = 1.784132E-02 Time/step= 1.777700E-02 ETA (HH:MM:SS) = 0:00:20
 [ 60%]  Time step     1667 of 2813 @ t_step =     1666 Time Avg = 1.784113E-02 Time/step= 1.752600E-02 ETA (HH:MM:SS) = 0:00:20
 [ 60%]  Time step     1668 of 2813 @ t_step =     1667 Time Avg = 1.784110E-02 Time/step= 1.778600E-02 ETA (HH:MM:SS) = 0:00:20
 [ 60%]  Time step     1669 of 2813 @ t_step =     1668 Time Avg = 1.784109E-02 Time/step= 1.783000E-02 ETA (HH:MM:SS) = 0:00:20
 [ 60%]  Time step     1670 of 2813 @ t_step =     1669 Time Avg = 1.784118E-02 Time/step= 1.797900E-02 ETA (HH:MM:SS) = 0:00:20
 [ 60%]  Time step     1671 of 2813 @ t_step =     1670 Time Avg = 1.784114E-02 Time/step= 1.777800E-02 ETA (HH:MM:SS) = 0:00:20
 [ 60%]  Time step     1672 of 2813 @ t_step =     1671 Time Avg = 1.784119E-02 Time/step= 1.793500E-02 ETA (HH:MM:SS) = 0:00:20
 [ 60%]  Time step     1673 of 2813 @ t_step =     1672 Time Avg = 1.784102E-02 Time/step= 1.754400E-02 ETA (HH:MM:SS) = 0:00:20
 [ 60%]  Time step     1674 of 2813 @ t_step =     1673 Time Avg = 1.784111E-02 Time/step= 1.799900E-02 ETA (HH:MM:SS) = 0:00:20
 [ 60%]  Time step     1675 of 2813 @ t_step =     1674 Time Avg = 1.784099E-02 Time/step= 1.764100E-02 ETA (HH:MM:SS) = 0:00:20
 [ 60%]  Time step     1676 of 2813 @ t_step =     1675 Time Avg = 1.784080E-02 Time/step= 1.752300E-02 ETA (HH:MM:SS) = 0:00:20
 [ 60%]  Time step     1677 of 2813 @ t_step =     1676 Time Avg = 1.784064E-02 Time/step= 1.756600E-02 ETA (HH:MM:SS) = 0:00:20
 [ 60%]  Time step     1678 of 2813 @ t_step =     1677 Time Avg = 1.784080E-02 Time/step= 1.811000E-02 ETA (HH:MM:SS) = 0:00:20
 [ 60%]  Time step     1679 of 2813 @ t_step =     1678 Time Avg = 1.784083E-02 Time/step= 1.790100E-02 ETA (HH:MM:SS) = 0:00:20
 [ 60%]  Time step     1680 of 2813 @ t_step =     1679 Time Avg = 1.784081E-02 Time/step= 1.779300E-02 ETA (HH:MM:SS) = 0:00:20
 [ 60%]  Time step     1681 of 2813 @ t_step =     1680 Time Avg = 1.784065E-02 Time/step= 1.758700E-02 ETA (HH:MM:SS) = 0:00:20
 [ 60%]  Time step     1682 of 2813 @ t_step =     1681 Time Avg = 1.784072E-02 Time/step= 1.795100E-02 ETA (HH:MM:SS) = 0:00:20
 [ 60%]  Time step     1683 of 2813 @ t_step =     1682 Time Avg = 1.784056E-02 Time/step= 1.757400E-02 ETA (HH:MM:SS) = 0:00:20
 [ 60%]  Time step     1684 of 2813 @ t_step =     1683 Time Avg = 1.784099E-02 Time/step= 1.857000E-02 ETA (HH:MM:SS) = 0:00:20
 [ 60%]  Time step     1685 of 2813 @ t_step =     1684 Time Avg = 1.784100E-02 Time/step= 1.785300E-02 ETA (HH:MM:SS) = 0:00:20
 [ 60%]  Time step     1686 of 2813 @ t_step =     1685 Time Avg = 1.784101E-02 Time/step= 1.785700E-02 ETA (HH:MM:SS) = 0:00:20
 [ 60%]  Time step     1687 of 2813 @ t_step =     1686 Time Avg = 1.784085E-02 Time/step= 1.757700E-02 ETA (HH:MM:SS) = 0:00:20
 [ 60%]  Time step     1688 of 2813 @ t_step =     1687 Time Avg = 1.784085E-02 Time/step= 1.783100E-02 ETA (HH:MM:SS) = 0:00:20
 [ 61%]  Time step     1689 of 2813 @ t_step =     1688 Time Avg = 1.784083E-02 Time/step= 1.780800E-02 ETA (HH:MM:SS) = 0:00:20
 [ 61%]  Time step     1690 of 2813 @ t_step =     1689 Time Avg = 1.784090E-02 Time/step= 1.795700E-02 ETA (HH:MM:SS) = 0:00:20
 [ 61%]  Time step     1691 of 2813 @ t_step =     1690 Time Avg = 1.784073E-02 Time/step= 1.756100E-02 ETA (HH:MM:SS) = 0:00:20
 [ 61%]  Time step     1692 of 2813 @ t_step =     1691 Time Avg = 1.784081E-02 Time/step= 1.798000E-02 ETA (HH:MM:SS) = 0:00:19
 [ 61%]  Time step     1693 of 2813 @ t_step =     1692 Time Avg = 1.784067E-02 Time/step= 1.758800E-02 ETA (HH:MM:SS) = 0:00:19
 [ 61%]  Time step     1694 of 2813 @ t_step =     1693 Time Avg = 1.784059E-02 Time/step= 1.771800E-02 ETA (HH:MM:SS) = 0:00:19
 [ 61%]  Time step     1695 of 2813 @ t_step =     1694 Time Avg = 1.784057E-02 Time/step= 1.780900E-02 ETA (HH:MM:SS) = 0:00:19
 [ 61%]  Time step     1696 of 2813 @ t_step =     1695 Time Avg = 1.784040E-02 Time/step= 1.754600E-02 ETA (HH:MM:SS) = 0:00:19
 [ 61%]  Time step     1697 of 2813 @ t_step =     1696 Time Avg = 1.784039E-02 Time/step= 1.782600E-02 ETA (HH:MM:SS) = 0:00:19
 [ 61%]  Time step     1698 of 2813 @ t_step =     1697 Time Avg = 1.784037E-02 Time/step= 1.780100E-02 ETA (HH:MM:SS) = 0:00:19
 [ 61%]  Time step     1699 of 2813 @ t_step =     1698 Time Avg = 1.784023E-02 Time/step= 1.761100E-02 ETA (HH:MM:SS) = 0:00:19
 [ 61%]  Time step     1700 of 2813 @ t_step =     1699 Time Avg = 1.784008E-02 Time/step= 1.757700E-02 ETA (HH:MM:SS) = 0:00:19
 [ 61%]  Time step     1701 of 2813 @ t_step =     1700 Time Avg = 1.784024E-02 Time/step= 1.812300E-02 ETA (HH:MM:SS) = 0:00:19
 [ 61%]  Time step     1702 of 2813 @ t_step =     1701 Time Avg = 1.784023E-02 Time/step= 1.781000E-02 ETA (HH:MM:SS) = 0:00:19
 [ 61%]  Time step     1703 of 2813 @ t_step =     1702 Time Avg = 1.784030E-02 Time/step= 1.797300E-02 ETA (HH:MM:SS) = 0:00:19
 [ 61%]  Time step     1704 of 2813 @ t_step =     1703 Time Avg = 1.784030E-02 Time/step= 1.783500E-02 ETA (HH:MM:SS) = 0:00:19
 [ 61%]  Time step     1705 of 2813 @ t_step =     1704 Time Avg = 1.784017E-02 Time/step= 1.762000E-02 ETA (HH:MM:SS) = 0:00:19
 [ 61%]  Time step     1706 of 2813 @ t_step =     1705 Time Avg = 1.784001E-02 Time/step= 1.755800E-02 ETA (HH:MM:SS) = 0:00:19
 [ 61%]  Time step     1707 of 2813 @ t_step =     1706 Time Avg = 1.783999E-02 Time/step= 1.781300E-02 ETA (HH:MM:SS) = 0:00:19
 [ 61%]  Time step     1708 of 2813 @ t_step =     1707 Time Avg = 1.784006E-02 Time/step= 1.795000E-02 ETA (HH:MM:SS) = 0:00:19
 [ 61%]  Time step     1709 of 2813 @ t_step =     1708 Time Avg = 1.783988E-02 Time/step= 1.754600E-02 ETA (HH:MM:SS) = 0:00:19
 [ 61%]  Time step     1710 of 2813 @ t_step =     1709 Time Avg = 1.783973E-02 Time/step= 1.757800E-02 ETA (HH:MM:SS) = 0:00:19
 [ 61%]  Time step     1711 of 2813 @ t_step =     1710 Time Avg = 1.783971E-02 Time/step= 1.781000E-02 ETA (HH:MM:SS) = 0:00:19
 [ 61%]  Time step     1712 of 2813 @ t_step =     1711 Time Avg = 1.783956E-02 Time/step= 1.757400E-02 ETA (HH:MM:SS) = 0:00:19
 [ 61%]  Time step     1713 of 2813 @ t_step =     1712 Time Avg = 1.784002E-02 Time/step= 1.863000E-02 ETA (HH:MM:SS) = 0:00:19
 [ 61%]  Time step     1714 of 2813 @ t_step =     1713 Time Avg = 1.784006E-02 Time/step= 1.791000E-02 ETA (HH:MM:SS) = 0:00:19
 [ 61%]  Time step     1715 of 2813 @ t_step =     1714 Time Avg = 1.783993E-02 Time/step= 1.762600E-02 ETA (HH:MM:SS) = 0:00:19
 [ 61%]  Time step     1716 of 2813 @ t_step =     1715 Time Avg = 1.783978E-02 Time/step= 1.757000E-02 ETA (HH:MM:SS) = 0:00:19
 [ 62%]  Time step     1717 of 2813 @ t_step =     1716 Time Avg = 1.783983E-02 Time/step= 1.792900E-02 ETA (HH:MM:SS) = 0:00:19
 [ 62%]  Time step     1718 of 2813 @ t_step =     1717 Time Avg = 1.783979E-02 Time/step= 1.776900E-02 ETA (HH:MM:SS) = 0:00:19
 [ 62%]  Time step     1719 of 2813 @ t_step =     1718 Time Avg = 1.783983E-02 Time/step= 1.791900E-02 ETA (HH:MM:SS) = 0:00:19
 [ 62%]  Time step     1720 of 2813 @ t_step =     1719 Time Avg = 1.783966E-02 Time/step= 1.754800E-02 ETA (HH:MM:SS) = 0:00:19
 [ 62%]  Time step     1721 of 2813 @ t_step =     1720 Time Avg = 1.783972E-02 Time/step= 1.793700E-02 ETA (HH:MM:SS) = 0:00:19
 [ 62%]  Time step     1722 of 2813 @ t_step =     1721 Time Avg = 1.783954E-02 Time/step= 1.752400E-02 ETA (HH:MM:SS) = 0:00:19
 [ 62%]  Time step     1723 of 2813 @ t_step =     1722 Time Avg = 1.783935E-02 Time/step= 1.752200E-02 ETA (HH:MM:SS) = 0:00:19
 [ 62%]  Time step     1724 of 2813 @ t_step =     1723 Time Avg = 1.783925E-02 Time/step= 1.765900E-02 ETA (HH:MM:SS) = 0:00:19
 [ 62%]  Time step     1725 of 2813 @ t_step =     1724 Time Avg = 1.783922E-02 Time/step= 1.778500E-02 ETA (HH:MM:SS) = 0:00:19
 [ 62%]  Time step     1726 of 2813 @ t_step =     1725 Time Avg = 1.783929E-02 Time/step= 1.796600E-02 ETA (HH:MM:SS) = 0:00:19
 [ 62%]  Time step     1727 of 2813 @ t_step =     1726 Time Avg = 1.783915E-02 Time/step= 1.759500E-02 ETA (HH:MM:SS) = 0:00:19
 [ 62%]  Time step     1728 of 2813 @ t_step =     1727 Time Avg = 1.783925E-02 Time/step= 1.802200E-02 ETA (HH:MM:SS) = 0:00:19
 [ 62%]  Time step     1729 of 2813 @ t_step =     1728 Time Avg = 1.783910E-02 Time/step= 1.756900E-02 ETA (HH:MM:SS) = 0:00:19
 [ 62%]  Time step     1730 of 2813 @ t_step =     1729 Time Avg = 1.783915E-02 Time/step= 1.792800E-02 ETA (HH:MM:SS) = 0:00:19
 [ 62%]  Time step     1731 of 2813 @ t_step =     1730 Time Avg = 1.783923E-02 Time/step= 1.798500E-02 ETA (HH:MM:SS) = 0:00:19
 [ 62%]  Time step     1732 of 2813 @ t_step =     1731 Time Avg = 1.783931E-02 Time/step= 1.797600E-02 ETA (HH:MM:SS) = 0:00:19
 [ 62%]  Time step     1733 of 2813 @ t_step =     1732 Time Avg = 1.783937E-02 Time/step= 1.794400E-02 ETA (HH:MM:SS) = 0:00:19
 [ 62%]  Time step     1734 of 2813 @ t_step =     1733 Time Avg = 1.783919E-02 Time/step= 1.752900E-02 ETA (HH:MM:SS) = 0:00:19
 [ 62%]  Time step     1735 of 2813 @ t_step =     1734 Time Avg = 1.783937E-02 Time/step= 1.814200E-02 ETA (HH:MM:SS) = 0:00:19
 [ 62%]  Time step     1736 of 2813 @ t_step =     1735 Time Avg = 1.783922E-02 Time/step= 1.757700E-02 ETA (HH:MM:SS) = 0:00:19
 [ 62%]  Time step     1737 of 2813 @ t_step =     1736 Time Avg = 1.783932E-02 Time/step= 1.802200E-02 ETA (HH:MM:SS) = 0:00:19
 [ 62%]  Time step     1738 of 2813 @ t_step =     1737 Time Avg = 1.783915E-02 Time/step= 1.753200E-02 ETA (HH:MM:SS) = 0:00:19
 [ 62%]  Time step     1739 of 2813 @ t_step =     1738 Time Avg = 1.783899E-02 Time/step= 1.756800E-02 ETA (HH:MM:SS) = 0:00:19
 [ 62%]  Time step     1740 of 2813 @ t_step =     1739 Time Avg = 1.783885E-02 Time/step= 1.759700E-02 ETA (HH:MM:SS) = 0:00:19
 [ 62%]  Time step     1741 of 2813 @ t_step =     1740 Time Avg = 1.783883E-02 Time/step= 1.779900E-02 ETA (HH:MM:SS) = 0:00:19
 [ 62%]  Time step     1742 of 2813 @ t_step =     1741 Time Avg = 1.783931E-02 Time/step= 1.867500E-02 ETA (HH:MM:SS) = 0:00:19
 [ 62%]  Time step     1743 of 2813 @ t_step =     1742 Time Avg = 1.783959E-02 Time/step= 1.833600E-02 ETA (HH:MM:SS) = 0:00:19
 [ 62%]  Time step     1744 of 2813 @ t_step =     1743 Time Avg = 1.783961E-02 Time/step= 1.786600E-02 ETA (HH:MM:SS) = 0:00:19
 [ 62%]  Time step     1745 of 2813 @ t_step =     1744 Time Avg = 1.783944E-02 Time/step= 1.754700E-02 ETA (HH:MM:SS) = 0:00:19
 [ 63%]  Time step     1746 of 2813 @ t_step =     1745 Time Avg = 1.783947E-02 Time/step= 1.788300E-02 ETA (HH:MM:SS) = 0:00:19
 [ 63%]  Time step     1747 of 2813 @ t_step =     1746 Time Avg = 1.783932E-02 Time/step= 1.758900E-02 ETA (HH:MM:SS) = 0:00:19
 [ 63%]  Time step     1748 of 2813 @ t_step =     1747 Time Avg = 1.783927E-02 Time/step= 1.775200E-02 ETA (HH:MM:SS) = 0:00:18
 [ 63%]  Time step     1749 of 2813 @ t_step =     1748 Time Avg = 1.783924E-02 Time/step= 1.779200E-02 ETA (HH:MM:SS) = 0:00:18
 [ 63%]  Time step     1750 of 2813 @ t_step =     1749 Time Avg = 1.783933E-02 Time/step= 1.799600E-02 ETA (HH:MM:SS) = 0:00:18
 [ 63%]  Time step     1751 of 2813 @ t_step =     1750 Time Avg = 1.783933E-02 Time/step= 1.782600E-02 ETA (HH:MM:SS) = 0:00:18
 [ 63%]  Time step     1752 of 2813 @ t_step =     1751 Time Avg = 1.783918E-02 Time/step= 1.758300E-02 ETA (HH:MM:SS) = 0:00:18
 [ 63%]  Time step     1753 of 2813 @ t_step =     1752 Time Avg = 1.783925E-02 Time/step= 1.795400E-02 ETA (HH:MM:SS) = 0:00:18
 [ 63%]  Time step     1754 of 2813 @ t_step =     1753 Time Avg = 1.783909E-02 Time/step= 1.756100E-02 ETA (HH:MM:SS) = 0:00:18
 [ 63%]  Time step     1755 of 2813 @ t_step =     1754 Time Avg = 1.783916E-02 Time/step= 1.796900E-02 ETA (HH:MM:SS) = 0:00:18
 [ 63%]  Time step     1756 of 2813 @ t_step =     1755 Time Avg = 1.783914E-02 Time/step= 1.781000E-02 ETA (HH:MM:SS) = 0:00:18
 [ 63%]  Time step     1757 of 2813 @ t_step =     1756 Time Avg = 1.783900E-02 Time/step= 1.758000E-02 ETA (HH:MM:SS) = 0:00:18
 [ 63%]  Time step     1758 of 2813 @ t_step =     1757 Time Avg = 1.783883E-02 Time/step= 1.754500E-02 ETA (HH:MM:SS) = 0:00:18
 [ 63%]  Time step     1759 of 2813 @ t_step =     1758 Time Avg = 1.783900E-02 Time/step= 1.813600E-02 ETA (HH:MM:SS) = 0:00:18
 [ 63%]  Time step     1760 of 2813 @ t_step =     1759 Time Avg = 1.783885E-02 Time/step= 1.758600E-02 ETA (HH:MM:SS) = 0:00:18
 [ 63%]  Time step     1761 of 2813 @ t_step =     1760 Time Avg = 1.783882E-02 Time/step= 1.778300E-02 ETA (HH:MM:SS) = 0:00:18
 [ 63%]  Time step     1762 of 2813 @ t_step =     1761 Time Avg = 1.783899E-02 Time/step= 1.813800E-02 ETA (HH:MM:SS) = 0:00:18
 [ 63%]  Time step     1763 of 2813 @ t_step =     1762 Time Avg = 1.783884E-02 Time/step= 1.756500E-02 ETA (HH:MM:SS) = 0:00:18
 [ 63%]  Time step     1764 of 2813 @ t_step =     1763 Time Avg = 1.783890E-02 Time/step= 1.795000E-02 ETA (HH:MM:SS) = 0:00:18
 [ 63%]  Time step     1765 of 2813 @ t_step =     1764 Time Avg = 1.783873E-02 Time/step= 1.753300E-02 ETA (HH:MM:SS) = 0:00:18
 [ 63%]  Time step     1766 of 2813 @ t_step =     1765 Time Avg = 1.783857E-02 Time/step= 1.756600E-02 ETA (HH:MM:SS) = 0:00:18
 [ 63%]  Time step     1767 of 2813 @ t_step =     1766 Time Avg = 1.783841E-02 Time/step= 1.754800E-02 ETA (HH:MM:SS) = 0:00:18
 [ 63%]  Time step     1768 of 2813 @ t_step =     1767 Time Avg = 1.783843E-02 Time/step= 1.787500E-02 ETA (HH:MM:SS) = 0:00:18
 [ 63%]  Time step     1769 of 2813 @ t_step =     1768 Time Avg = 1.783833E-02 Time/step= 1.766400E-02 ETA (HH:MM:SS) = 0:00:18
 [ 63%]  Time step     1770 of 2813 @ t_step =     1769 Time Avg = 1.783815E-02 Time/step= 1.752600E-02 ETA (HH:MM:SS) = 0:00:18
 [ 63%]  Time step     1771 of 2813 @ t_step =     1770 Time Avg = 1.783850E-02 Time/step= 1.845100E-02 ETA (HH:MM:SS) = 0:00:18
 [ 63%]  Time step     1772 of 2813 @ t_step =     1771 Time Avg = 1.783840E-02 Time/step= 1.766800E-02 ETA (HH:MM:SS) = 0:00:18
 [ 63%]  Time step     1773 of 2813 @ t_step =     1772 Time Avg = 1.783832E-02 Time/step= 1.769900E-02 ETA (HH:MM:SS) = 0:00:18
 [ 64%]  Time step     1774 of 2813 @ t_step =     1773 Time Avg = 1.783824E-02 Time/step= 1.768600E-02 ETA (HH:MM:SS) = 0:00:18
 [ 64%]  Time step     1775 of 2813 @ t_step =     1774 Time Avg = 1.783805E-02 Time/step= 1.750600E-02 ETA (HH:MM:SS) = 0:00:18
 [ 64%]  Time step     1776 of 2813 @ t_step =     1775 Time Avg = 1.783803E-02 Time/step= 1.780700E-02 ETA (HH:MM:SS) = 0:00:18
 [ 64%]  Time step     1777 of 2813 @ t_step =     1776 Time Avg = 1.783785E-02 Time/step= 1.751900E-02 ETA (HH:MM:SS) = 0:00:18
 [ 64%]  Time step     1778 of 2813 @ t_step =     1777 Time Avg = 1.783772E-02 Time/step= 1.760800E-02 ETA (HH:MM:SS) = 0:00:18
 [ 64%]  Time step     1779 of 2813 @ t_step =     1778 Time Avg = 1.783770E-02 Time/step= 1.779700E-02 ETA (HH:MM:SS) = 0:00:18
 [ 64%]  Time step     1780 of 2813 @ t_step =     1779 Time Avg = 1.783768E-02 Time/step= 1.779300E-02 ETA (HH:MM:SS) = 0:00:18
 [ 64%]  Time step     1781 of 2813 @ t_step =     1780 Time Avg = 1.783780E-02 Time/step= 1.805500E-02 ETA (HH:MM:SS) = 0:00:18
 [ 64%]  Time step     1782 of 2813 @ t_step =     1781 Time Avg = 1.783786E-02 Time/step= 1.795700E-02 ETA (HH:MM:SS) = 0:00:18
 [ 64%]  Time step     1783 of 2813 @ t_step =     1782 Time Avg = 1.783787E-02 Time/step= 1.784300E-02 ETA (HH:MM:SS) = 0:00:18
 [ 64%]  Time step     1784 of 2813 @ t_step =     1783 Time Avg = 1.783780E-02 Time/step= 1.772500E-02 ETA (HH:MM:SS) = 0:00:18
 [ 64%]  Time step     1785 of 2813 @ t_step =     1784 Time Avg = 1.783802E-02 Time/step= 1.822800E-02 ETA (HH:MM:SS) = 0:00:18
 [ 64%]  Time step     1786 of 2813 @ t_step =     1785 Time Avg = 1.783787E-02 Time/step= 1.757300E-02 ETA (HH:MM:SS) = 0:00:18
 [ 64%]  Time step     1787 of 2813 @ t_step =     1786 Time Avg = 1.783794E-02 Time/step= 1.795500E-02 ETA (HH:MM:SS) = 0:00:18
 [ 64%]  Time step     1788 of 2813 @ t_step =     1787 Time Avg = 1.783782E-02 Time/step= 1.763000E-02 ETA (HH:MM:SS) = 0:00:18
 [ 64%]  Time step     1789 of 2813 @ t_step =     1788 Time Avg = 1.783790E-02 Time/step= 1.797000E-02 ETA (HH:MM:SS) = 0:00:18
 [ 64%]  Time step     1790 of 2813 @ t_step =     1789 Time Avg = 1.783790E-02 Time/step= 1.784500E-02 ETA (HH:MM:SS) = 0:00:18
 [ 64%]  Time step     1791 of 2813 @ t_step =     1790 Time Avg = 1.783773E-02 Time/step= 1.753000E-02 ETA (HH:MM:SS) = 0:00:18
 [ 64%]  Time step     1792 of 2813 @ t_step =     1791 Time Avg = 1.783763E-02 Time/step= 1.766700E-02 ETA (HH:MM:SS) = 0:00:18
 [ 64%]  Time step     1793 of 2813 @ t_step =     1792 Time Avg = 1.783764E-02 Time/step= 1.784300E-02 ETA (HH:MM:SS) = 0:00:18
 [ 64%]  Time step     1794 of 2813 @ t_step =     1793 Time Avg = 1.783752E-02 Time/step= 1.762000E-02 ETA (HH:MM:SS) = 0:00:18
 [ 64%]  Time step     1795 of 2813 @ t_step =     1794 Time Avg = 1.783735E-02 Time/step= 1.754400E-02 ETA (HH:MM:SS) = 0:00:18
 [ 64%]  Time step     1796 of 2813 @ t_step =     1795 Time Avg = 1.783733E-02 Time/step= 1.780000E-02 ETA (HH:MM:SS) = 0:00:18
 [ 64%]  Time step     1797 of 2813 @ t_step =     1796 Time Avg = 1.783739E-02 Time/step= 1.794800E-02 ETA (HH:MM:SS) = 0:00:18
 [ 64%]  Time step     1798 of 2813 @ t_step =     1797 Time Avg = 1.783730E-02 Time/step= 1.766300E-02 ETA (HH:MM:SS) = 0:00:18
 [ 64%]  Time step     1799 of 2813 @ t_step =     1798 Time Avg = 1.783731E-02 Time/step= 1.787000E-02 ETA (HH:MM:SS) = 0:00:18
 [ 64%]  Time step     1800 of 2813 @ t_step =     1799 Time Avg = 1.783760E-02 Time/step= 1.835900E-02 ETA (HH:MM:SS) = 0:00:18
 [ 64%]  Time step     1801 of 2813 @ t_step =     1800 Time Avg = 1.783776E-02 Time/step= 1.811000E-02 ETA (HH:MM:SS) = 0:00:18
 [ 65%]  Time step     1802 of 2813 @ t_step =     1801 Time Avg = 1.783773E-02 Time/step= 1.779200E-02 ETA (HH:MM:SS) = 0:00:18
 [ 65%]  Time step     1803 of 2813 @ t_step =     1802 Time Avg = 1.783776E-02 Time/step= 1.789100E-02 ETA (HH:MM:SS) = 0:00:18
 [ 65%]  Time step     1804 of 2813 @ t_step =     1803 Time Avg = 1.783775E-02 Time/step= 1.782500E-02 ETA (HH:MM:SS) = 0:00:17
 [ 65%]  Time step     1805 of 2813 @ t_step =     1804 Time Avg = 1.783764E-02 Time/step= 1.763300E-02 ETA (HH:MM:SS) = 0:00:17
 [ 65%]  Time step     1806 of 2813 @ t_step =     1805 Time Avg = 1.783771E-02 Time/step= 1.796200E-02 ETA (HH:MM:SS) = 0:00:17
 [ 65%]  Time step     1807 of 2813 @ t_step =     1806 Time Avg = 1.783754E-02 Time/step= 1.753100E-02 ETA (HH:MM:SS) = 0:00:17
 [ 65%]  Time step     1808 of 2813 @ t_step =     1807 Time Avg = 1.783759E-02 Time/step= 1.793500E-02 ETA (HH:MM:SS) = 0:00:17
 [ 65%]  Time step     1809 of 2813 @ t_step =     1808 Time Avg = 1.783758E-02 Time/step= 1.781300E-02 ETA (HH:MM:SS) = 0:00:17
 [ 65%]  Time step     1810 of 2813 @ t_step =     1809 Time Avg = 1.783742E-02 Time/step= 1.755300E-02 ETA (HH:MM:SS) = 0:00:17
 [ 65%]  Time step     1811 of 2813 @ t_step =     1810 Time Avg = 1.783729E-02 Time/step= 1.760900E-02 ETA (HH:MM:SS) = 0:00:17
 [ 65%]  Time step     1812 of 2813 @ t_step =     1811 Time Avg = 1.783727E-02 Time/step= 1.780100E-02 ETA (HH:MM:SS) = 0:00:17
 [ 65%]  Time step     1813 of 2813 @ t_step =     1812 Time Avg = 1.783714E-02 Time/step= 1.758600E-02 ETA (HH:MM:SS) = 0:00:17
 [ 65%]  Time step     1814 of 2813 @ t_step =     1813 Time Avg = 1.783698E-02 Time/step= 1.755300E-02 ETA (HH:MM:SS) = 0:00:17
 [ 65%]  Time step     1815 of 2813 @ t_step =     1814 Time Avg = 1.783703E-02 Time/step= 1.792600E-02 ETA (HH:MM:SS) = 0:00:17
 [ 65%]  Time step     1816 of 2813 @ t_step =     1815 Time Avg = 1.783709E-02 Time/step= 1.795200E-02 ETA (HH:MM:SS) = 0:00:17
 [ 65%]  Time step     1817 of 2813 @ t_step =     1816 Time Avg = 1.783708E-02 Time/step= 1.782600E-02 ETA (HH:MM:SS) = 0:00:17
 [ 65%]  Time step     1818 of 2813 @ t_step =     1817 Time Avg = 1.783692E-02 Time/step= 1.753700E-02 ETA (HH:MM:SS) = 0:00:17
 [ 65%]  Time step     1819 of 2813 @ t_step =     1818 Time Avg = 1.783677E-02 Time/step= 1.757400E-02 ETA (HH:MM:SS) = 0:00:17
 [ 65%]  Time step     1820 of 2813 @ t_step =     1819 Time Avg = 1.783672E-02 Time/step= 1.773600E-02 ETA (HH:MM:SS) = 0:00:17
 [ 65%]  Time step     1821 of 2813 @ t_step =     1820 Time Avg = 1.783656E-02 Time/step= 1.755100E-02 ETA (HH:MM:SS) = 0:00:17
 [ 65%]  Time step     1822 of 2813 @ t_step =     1821 Time Avg = 1.783664E-02 Time/step= 1.798600E-02 ETA (HH:MM:SS) = 0:00:17
 [ 65%]  Time step     1823 of 2813 @ t_step =     1822 Time Avg = 1.783649E-02 Time/step= 1.754700E-02 ETA (HH:MM:SS) = 0:00:17
 [ 65%]  Time step     1824 of 2813 @ t_step =     1823 Time Avg = 1.783633E-02 Time/step= 1.755800E-02 ETA (HH:MM:SS) = 0:00:17
 [ 65%]  Time step     1825 of 2813 @ t_step =     1824 Time Avg = 1.783618E-02 Time/step= 1.755600E-02 ETA (HH:MM:SS) = 0:00:17
 [ 65%]  Time step     1826 of 2813 @ t_step =     1825 Time Avg = 1.783605E-02 Time/step= 1.761100E-02 ETA (HH:MM:SS) = 0:00:17
 [ 65%]  Time step     1827 of 2813 @ t_step =     1826 Time Avg = 1.783615E-02 Time/step= 1.801600E-02 ETA (HH:MM:SS) = 0:00:17
 [ 65%]  Time step     1828 of 2813 @ t_step =     1827 Time Avg = 1.783602E-02 Time/step= 1.760100E-02 ETA (HH:MM:SS) = 0:00:17
 [ 65%]  Time step     1829 of 2813 @ t_step =     1828 Time Avg = 1.783648E-02 Time/step= 1.867500E-02 ETA (HH:MM:SS) = 0:00:17
 [ 66%]  Time step     1830 of 2813 @ t_step =     1829 Time Avg = 1.783664E-02 Time/step= 1.812800E-02 ETA (HH:MM:SS) = 0:00:17
 [ 66%]  Time step     1831 of 2813 @ t_step =     1830 Time Avg = 1.783669E-02 Time/step= 1.792200E-02 ETA (HH:MM:SS) = 0:00:17
 [ 66%]  Time step     1832 of 2813 @ t_step =     1831 Time Avg = 1.783666E-02 Time/step= 1.777600E-02 ETA (HH:MM:SS) = 0:00:17
 [ 66%]  Time step     1833 of 2813 @ t_step =     1832 Time Avg = 1.783653E-02 Time/step= 1.760500E-02 ETA (HH:MM:SS) = 0:00:17
 [ 66%]  Time step     1834 of 2813 @ t_step =     1833 Time Avg = 1.783652E-02 Time/step= 1.782200E-02 ETA (HH:MM:SS) = 0:00:17
 [ 66%]  Time step     1835 of 2813 @ t_step =     1834 Time Avg = 1.783655E-02 Time/step= 1.788900E-02 ETA (HH:MM:SS) = 0:00:17
 [ 66%]  Time step     1836 of 2813 @ t_step =     1835 Time Avg = 1.783657E-02 Time/step= 1.787300E-02 ETA (HH:MM:SS) = 0:00:17
 [ 66%]  Time step     1837 of 2813 @ t_step =     1836 Time Avg = 1.783668E-02 Time/step= 1.803900E-02 ETA (HH:MM:SS) = 0:00:17
 [ 66%]  Time step     1838 of 2813 @ t_step =     1837 Time Avg = 1.783669E-02 Time/step= 1.784600E-02 ETA (HH:MM:SS) = 0:00:17
 [ 66%]  Time step     1839 of 2813 @ t_step =     1838 Time Avg = 1.783696E-02 Time/step= 1.834700E-02 ETA (HH:MM:SS) = 0:00:17
 [ 66%]  Time step     1840 of 2813 @ t_step =     1839 Time Avg = 1.783706E-02 Time/step= 1.800400E-02 ETA (HH:MM:SS) = 0:00:17
 [ 66%]  Time step     1841 of 2813 @ t_step =     1840 Time Avg = 1.783711E-02 Time/step= 1.794000E-02 ETA (HH:MM:SS) = 0:00:17
 [ 66%]  Time step     1842 of 2813 @ t_step =     1841 Time Avg = 1.783710E-02 Time/step= 1.782500E-02 ETA (HH:MM:SS) = 0:00:17
 [ 66%]  Time step     1843 of 2813 @ t_step =     1842 Time Avg = 1.783712E-02 Time/step= 1.786400E-02 ETA (HH:MM:SS) = 0:00:17
 [ 66%]  Time step     1844 of 2813 @ t_step =     1843 Time Avg = 1.783704E-02 Time/step= 1.768300E-02 ETA (HH:MM:SS) = 0:00:17
 [ 66%]  Time step     1845 of 2813 @ t_step =     1844 Time Avg = 1.783712E-02 Time/step= 1.799200E-02 ETA (HH:MM:SS) = 0:00:17
 [ 66%]  Time step     1846 of 2813 @ t_step =     1845 Time Avg = 1.783696E-02 Time/step= 1.755100E-02 ETA (HH:MM:SS) = 0:00:17
 [ 66%]  Time step     1847 of 2813 @ t_step =     1846 Time Avg = 1.783700E-02 Time/step= 1.789300E-02 ETA (HH:MM:SS) = 0:00:17
 [ 66%]  Time step     1848 of 2813 @ t_step =     1847 Time Avg = 1.783702E-02 Time/step= 1.787600E-02 ETA (HH:MM:SS) = 0:00:17
 [ 66%]  Time step     1849 of 2813 @ t_step =     1848 Time Avg = 1.783709E-02 Time/step= 1.798100E-02 ETA (HH:MM:SS) = 0:00:17
 [ 66%]  Time step     1850 of 2813 @ t_step =     1849 Time Avg = 1.783707E-02 Time/step= 1.779400E-02 ETA (HH:MM:SS) = 0:00:17
 [ 66%]  Time step     1851 of 2813 @ t_step =     1850 Time Avg = 1.783692E-02 Time/step= 1.755600E-02 ETA (HH:MM:SS) = 0:00:17
 [ 66%]  Time step     1852 of 2813 @ t_step =     1851 Time Avg = 1.783689E-02 Time/step= 1.778800E-02 ETA (HH:MM:SS) = 0:00:17
 [ 66%]  Time step     1853 of 2813 @ t_step =     1852 Time Avg = 1.783688E-02 Time/step= 1.781800E-02 ETA (HH:MM:SS) = 0:00:17
 [ 66%]  Time step     1854 of 2813 @ t_step =     1853 Time Avg = 1.783698E-02 Time/step= 1.801200E-02 ETA (HH:MM:SS) = 0:00:17
 [ 66%]  Time step     1855 of 2813 @ t_step =     1854 Time Avg = 1.783690E-02 Time/step= 1.770000E-02 ETA (HH:MM:SS) = 0:00:17
 [ 66%]  Time step     1856 of 2813 @ t_step =     1855 Time Avg = 1.783689E-02 Time/step= 1.781900E-02 ETA (HH:MM:SS) = 0:00:17
 [ 66%]  Time step     1857 of 2813 @ t_step =     1856 Time Avg = 1.783684E-02 Time/step= 1.773600E-02 ETA (HH:MM:SS) = 0:00:17
 [ 67%]  Time step     1858 of 2813 @ t_step =     1857 Time Avg = 1.783728E-02 Time/step= 1.866300E-02 ETA (HH:MM:SS) = 0:00:17
 [ 67%]  Time step     1859 of 2813 @ t_step =     1858 Time Avg = 1.783718E-02 Time/step= 1.763700E-02 ETA (HH:MM:SS) = 0:00:17
 [ 67%]  Time step     1860 of 2813 @ t_step =     1859 Time Avg = 1.783711E-02 Time/step= 1.772300E-02 ETA (HH:MM:SS) = 0:00:16
 [ 67%]  Time step     1861 of 2813 @ t_step =     1860 Time Avg = 1.783721E-02 Time/step= 1.801900E-02 ETA (HH:MM:SS) = 0:00:16
 [ 67%]  Time step     1862 of 2813 @ t_step =     1861 Time Avg = 1.783704E-02 Time/step= 1.751700E-02 ETA (HH:MM:SS) = 0:00:16
 [ 67%]  Time step     1863 of 2813 @ t_step =     1862 Time Avg = 1.783711E-02 Time/step= 1.795900E-02 ETA (HH:MM:SS) = 0:00:16
 [ 67%]  Time step     1864 of 2813 @ t_step =     1863 Time Avg = 1.783695E-02 Time/step= 1.755200E-02 ETA (HH:MM:SS) = 0:00:16
 [ 67%]  Time step     1865 of 2813 @ t_step =     1864 Time Avg = 1.783698E-02 Time/step= 1.789600E-02 ETA (HH:MM:SS) = 0:00:16
 [ 67%]  Time step     1866 of 2813 @ t_step =     1865 Time Avg = 1.783696E-02 Time/step= 1.778400E-02 ETA (HH:MM:SS) = 0:00:16
 [ 67%]  Time step     1867 of 2813 @ t_step =     1866 Time Avg = 1.783701E-02 Time/step= 1.793100E-02 ETA (HH:MM:SS) = 0:00:16
 [ 67%]  Time step     1868 of 2813 @ t_step =     1867 Time Avg = 1.783710E-02 Time/step= 1.801600E-02 ETA (HH:MM:SS) = 0:00:16
 [ 67%]  Time step     1869 of 2813 @ t_step =     1868 Time Avg = 1.783716E-02 Time/step= 1.794700E-02 ETA (HH:MM:SS) = 0:00:16
 [ 67%]  Time step     1870 of 2813 @ t_step =     1869 Time Avg = 1.783712E-02 Time/step= 1.776400E-02 ETA (HH:MM:SS) = 0:00:16
 [ 67%]  Time step     1871 of 2813 @ t_step =     1870 Time Avg = 1.783729E-02 Time/step= 1.815800E-02 ETA (HH:MM:SS) = 0:00:16
 [ 67%]  Time step     1872 of 2813 @ t_step =     1871 Time Avg = 1.783740E-02 Time/step= 1.804200E-02 ETA (HH:MM:SS) = 0:00:16
 [ 67%]  Time step     1873 of 2813 @ t_step =     1872 Time Avg = 1.783738E-02 Time/step= 1.779300E-02 ETA (HH:MM:SS) = 0:00:16
 [ 67%]  Time step     1874 of 2813 @ t_step =     1873 Time Avg = 1.783720E-02 Time/step= 1.750500E-02 ETA (HH:MM:SS) = 0:00:16
 [ 67%]  Time step     1875 of 2813 @ t_step =     1874 Time Avg = 1.783717E-02 Time/step= 1.778500E-02 ETA (HH:MM:SS) = 0:00:16
 [ 67%]  Time step     1876 of 2813 @ t_step =     1875 Time Avg = 1.783729E-02 Time/step= 1.805000E-02 ETA (HH:MM:SS) = 0:00:16
 [ 67%]  Time step     1877 of 2813 @ t_step =     1876 Time Avg = 1.783727E-02 Time/step= 1.779600E-02 ETA (HH:MM:SS) = 0:00:16
 [ 67%]  Time step     1878 of 2813 @ t_step =     1877 Time Avg = 1.783731E-02 Time/step= 1.791500E-02 ETA (HH:MM:SS) = 0:00:16
 [ 67%]  Time step     1879 of 2813 @ t_step =     1878 Time Avg = 1.783715E-02 Time/step= 1.754300E-02 ETA (HH:MM:SS) = 0:00:16
 [ 67%]  Time step     1880 of 2813 @ t_step =     1879 Time Avg = 1.783723E-02 Time/step= 1.799100E-02 ETA (HH:MM:SS) = 0:00:16
 [ 67%]  Time step     1881 of 2813 @ t_step =     1880 Time Avg = 1.783709E-02 Time/step= 1.756400E-02 ETA (HH:MM:SS) = 0:00:16
 [ 67%]  Time step     1882 of 2813 @ t_step =     1881 Time Avg = 1.783725E-02 Time/step= 1.814600E-02 ETA (HH:MM:SS) = 0:00:16
 [ 67%]  Time step     1883 of 2813 @ t_step =     1882 Time Avg = 1.783709E-02 Time/step= 1.754000E-02 ETA (HH:MM:SS) = 0:00:16
 [ 67%]  Time step     1884 of 2813 @ t_step =     1883 Time Avg = 1.783697E-02 Time/step= 1.760200E-02 ETA (HH:MM:SS) = 0:00:16
 [ 67%]  Time step     1885 of 2813 @ t_step =     1884 Time Avg = 1.783683E-02 Time/step= 1.756800E-02 ETA (HH:MM:SS) = 0:00:16
 [ 68%]  Time step     1886 of 2813 @ t_step =     1885 Time Avg = 1.783669E-02 Time/step= 1.757900E-02 ETA (HH:MM:SS) = 0:00:16
 [ 68%]  Time step     1887 of 2813 @ t_step =     1886 Time Avg = 1.783700E-02 Time/step= 1.843100E-02 ETA (HH:MM:SS) = 0:00:16
 [ 68%]  Time step     1888 of 2813 @ t_step =     1887 Time Avg = 1.783721E-02 Time/step= 1.823200E-02 ETA (HH:MM:SS) = 0:00:16
 [ 68%]  Time step     1889 of 2813 @ t_step =     1888 Time Avg = 1.783721E-02 Time/step= 1.783400E-02 ETA (HH:MM:SS) = 0:00:16
 [ 68%]  Time step     1890 of 2813 @ t_step =     1889 Time Avg = 1.783725E-02 Time/step= 1.790200E-02 ETA (HH:MM:SS) = 0:00:16
 [ 68%]  Time step     1891 of 2813 @ t_step =     1890 Time Avg = 1.783728E-02 Time/step= 1.790700E-02 ETA (HH:MM:SS) = 0:00:16
 [ 68%]  Time step     1892 of 2813 @ t_step =     1891 Time Avg = 1.783732E-02 Time/step= 1.790000E-02 ETA (HH:MM:SS) = 0:00:16
 [ 68%]  Time step     1893 of 2813 @ t_step =     1892 Time Avg = 1.783740E-02 Time/step= 1.799000E-02 ETA (HH:MM:SS) = 0:00:16
 [ 68%]  Time step     1894 of 2813 @ t_step =     1893 Time Avg = 1.783739E-02 Time/step= 1.781900E-02 ETA (HH:MM:SS) = 0:00:16
 [ 68%]  Time step     1895 of 2813 @ t_step =     1894 Time Avg = 1.783755E-02 Time/step= 1.814900E-02 ETA (HH:MM:SS) = 0:00:16
 [ 68%]  Time step     1896 of 2813 @ t_step =     1895 Time Avg = 1.783746E-02 Time/step= 1.766000E-02 ETA (HH:MM:SS) = 0:00:16
 [ 68%]  Time step     1897 of 2813 @ t_step =     1896 Time Avg = 1.783747E-02 Time/step= 1.785200E-02 ETA (HH:MM:SS) = 0:00:16
 [ 68%]  Time step     1898 of 2813 @ t_step =     1897 Time Avg = 1.783736E-02 Time/step= 1.763600E-02 ETA (HH:MM:SS) = 0:00:16
 [ 68%]  Time step     1899 of 2813 @ t_step =     1898 Time Avg = 1.783745E-02 Time/step= 1.800400E-02 ETA (HH:MM:SS) = 0:00:16
 [ 68%]  Time step     1900 of 2813 @ t_step =     1899 Time Avg = 1.783740E-02 Time/step= 1.775500E-02 ETA (HH:MM:SS) = 0:00:16
 [ 68%]  Time step     1901 of 2813 @ t_step =     1900 Time Avg = 1.783749E-02 Time/step= 1.800800E-02 ETA (HH:MM:SS) = 0:00:16
 [ 68%]  Time step     1902 of 2813 @ t_step =     1901 Time Avg = 1.783749E-02 Time/step= 1.783500E-02 ETA (HH:MM:SS) = 0:00:16
 [ 68%]  Time step     1903 of 2813 @ t_step =     1902 Time Avg = 1.783736E-02 Time/step= 1.759200E-02 ETA (HH:MM:SS) = 0:00:16
 [ 68%]  Time step     1904 of 2813 @ t_step =     1903 Time Avg = 1.783719E-02 Time/step= 1.751700E-02 ETA (HH:MM:SS) = 0:00:16
 [ 68%]  Time step     1905 of 2813 @ t_step =     1904 Time Avg = 1.783718E-02 Time/step= 1.780300E-02 ETA (HH:MM:SS) = 0:00:16
 [ 68%]  Time step     1906 of 2813 @ t_step =     1905 Time Avg = 1.783724E-02 Time/step= 1.796500E-02 ETA (HH:MM:SS) = 0:00:16
 [ 68%]  Time step     1907 of 2813 @ t_step =     1906 Time Avg = 1.783719E-02 Time/step= 1.773500E-02 ETA (HH:MM:SS) = 0:00:16
 [ 68%]  Time step     1908 of 2813 @ t_step =     1907 Time Avg = 1.783734E-02 Time/step= 1.812100E-02 ETA (HH:MM:SS) = 0:00:16
 [ 68%]  Time step     1909 of 2813 @ t_step =     1908 Time Avg = 1.783723E-02 Time/step= 1.763600E-02 ETA (HH:MM:SS) = 0:00:16
 [ 68%]  Time step     1910 of 2813 @ t_step =     1909 Time Avg = 1.783728E-02 Time/step= 1.792900E-02 ETA (HH:MM:SS) = 0:00:16
 [ 68%]  Time step     1911 of 2813 @ t_step =     1910 Time Avg = 1.783728E-02 Time/step= 1.782900E-02 ETA (HH:MM:SS) = 0:00:16
 [ 68%]  Time step     1912 of 2813 @ t_step =     1911 Time Avg = 1.783735E-02 Time/step= 1.797000E-02 ETA (HH:MM:SS) = 0:00:16
 [ 68%]  Time step     1913 of 2813 @ t_step =     1912 Time Avg = 1.783723E-02 Time/step= 1.760700E-02 ETA (HH:MM:SS) = 0:00:16
 [ 69%]  Time step     1914 of 2813 @ t_step =     1913 Time Avg = 1.783708E-02 Time/step= 1.755800E-02 ETA (HH:MM:SS) = 0:00:16
 [ 69%]  Time step     1915 of 2813 @ t_step =     1914 Time Avg = 1.783695E-02 Time/step= 1.758700E-02 ETA (HH:MM:SS) = 0:00:16
 [ 69%]  Time step     1916 of 2813 @ t_step =     1915 Time Avg = 1.783724E-02 Time/step= 1.839300E-02 ETA (HH:MM:SS) = 0:00:16
 [ 69%]  Time step     1917 of 2813 @ t_step =     1916 Time Avg = 1.783742E-02 Time/step= 1.817800E-02 ETA (HH:MM:SS) = 0:00:15
 [ 69%]  Time step     1918 of 2813 @ t_step =     1917 Time Avg = 1.783732E-02 Time/step= 1.765800E-02 ETA (HH:MM:SS) = 0:00:15
 [ 69%]  Time step     1919 of 2813 @ t_step =     1918 Time Avg = 1.783713E-02 Time/step= 1.746500E-02 ETA (HH:MM:SS) = 0:00:15
 [ 69%]  Time step     1920 of 2813 @ t_step =     1919 Time Avg = 1.783693E-02 Time/step= 1.744600E-02 ETA (HH:MM:SS) = 0:00:15
 [ 69%]  Time step     1921 of 2813 @ t_step =     1920 Time Avg = 1.783693E-02 Time/step= 1.783900E-02 ETA (HH:MM:SS) = 0:00:15
 [ 69%]  Time step     1922 of 2813 @ t_step =     1921 Time Avg = 1.783674E-02 Time/step= 1.747300E-02 ETA (HH:MM:SS) = 0:00:15
 [ 69%]  Time step     1923 of 2813 @ t_step =     1922 Time Avg = 1.783653E-02 Time/step= 1.743900E-02 ETA (HH:MM:SS) = 0:00:15
 [ 69%]  Time step     1924 of 2813 @ t_step =     1923 Time Avg = 1.783647E-02 Time/step= 1.772500E-02 ETA (HH:MM:SS) = 0:00:15
 [ 69%]  Time step     1925 of 2813 @ t_step =     1924 Time Avg = 1.783626E-02 Time/step= 1.743100E-02 ETA (HH:MM:SS) = 0:00:15
 [ 69%]  Time step     1926 of 2813 @ t_step =     1925 Time Avg = 1.783633E-02 Time/step= 1.796900E-02 ETA (HH:MM:SS) = 0:00:15
 [ 69%]  Time step     1927 of 2813 @ t_step =     1926 Time Avg = 1.783615E-02 Time/step= 1.748900E-02 ETA (HH:MM:SS) = 0:00:15
 [ 69%]  Time step     1928 of 2813 @ t_step =     1927 Time Avg = 1.783594E-02 Time/step= 1.742700E-02 ETA (HH:MM:SS) = 0:00:15
 [ 69%]  Time step     1929 of 2813 @ t_step =     1928 Time Avg = 1.783589E-02 Time/step= 1.773900E-02 ETA (HH:MM:SS) = 0:00:15
 [ 69%]  Time step     1930 of 2813 @ t_step =     1929 Time Avg = 1.783569E-02 Time/step= 1.746600E-02 ETA (HH:MM:SS) = 0:00:15
 [ 69%]  Time step     1931 of 2813 @ t_step =     1930 Time Avg = 1.783572E-02 Time/step= 1.788600E-02 ETA (HH:MM:SS) = 0:00:15
 [ 69%]  Time step     1932 of 2813 @ t_step =     1931 Time Avg = 1.783552E-02 Time/step= 1.745000E-02 ETA (HH:MM:SS) = 0:00:15
 [ 69%]  Time step     1933 of 2813 @ t_step =     1932 Time Avg = 1.783552E-02 Time/step= 1.783400E-02 ETA (HH:MM:SS) = 0:00:15
 [ 69%]  Time step     1934 of 2813 @ t_step =     1933 Time Avg = 1.783533E-02 Time/step= 1.746700E-02 ETA (HH:MM:SS) = 0:00:15
 [ 69%]  Time step     1935 of 2813 @ t_step =     1934 Time Avg = 1.783516E-02 Time/step= 1.750500E-02 ETA (HH:MM:SS) = 0:00:15
 [ 69%]  Time step     1936 of 2813 @ t_step =     1935 Time Avg = 1.783519E-02 Time/step= 1.790500E-02 ETA (HH:MM:SS) = 0:00:15
 [ 69%]  Time step     1937 of 2813 @ t_step =     1936 Time Avg = 1.783501E-02 Time/step= 1.748800E-02 ETA (HH:MM:SS) = 0:00:15
 [ 69%]  Time step     1938 of 2813 @ t_step =     1937 Time Avg = 1.783501E-02 Time/step= 1.781800E-02 ETA (HH:MM:SS) = 0:00:15
 [ 69%]  Time step     1939 of 2813 @ t_step =     1938 Time Avg = 1.783496E-02 Time/step= 1.773600E-02 ETA (HH:MM:SS) = 0:00:15
 [ 69%]  Time step     1940 of 2813 @ t_step =     1939 Time Avg = 1.783477E-02 Time/step= 1.747300E-02 ETA (HH:MM:SS) = 0:00:15
 [ 69%]  Time step     1941 of 2813 @ t_step =     1940 Time Avg = 1.783485E-02 Time/step= 1.799000E-02 ETA (HH:MM:SS) = 0:00:15
 [ 70%]  Time step     1942 of 2813 @ t_step =     1941 Time Avg = 1.783472E-02 Time/step= 1.758500E-02 ETA (HH:MM:SS) = 0:00:15
 [ 70%]  Time step     1943 of 2813 @ t_step =     1942 Time Avg = 1.783477E-02 Time/step= 1.794000E-02 ETA (HH:MM:SS) = 0:00:15
 [ 70%]  Time step     1944 of 2813 @ t_step =     1943 Time Avg = 1.783467E-02 Time/step= 1.762900E-02 ETA (HH:MM:SS) = 0:00:15
 [ 70%]  Time step     1945 of 2813 @ t_step =     1944 Time Avg = 1.783500E-02 Time/step= 1.848600E-02 ETA (HH:MM:SS) = 0:00:15
 [ 70%]  Time step     1946 of 2813 @ t_step =     1945 Time Avg = 1.783512E-02 Time/step= 1.806100E-02 ETA (HH:MM:SS) = 0:00:15
 [ 70%]  Time step     1947 of 2813 @ t_step =     1946 Time Avg = 1.783532E-02 Time/step= 1.822100E-02 ETA (HH:MM:SS) = 0:00:15
 [ 70%]  Time step     1948 of 2813 @ t_step =     1947 Time Avg = 1.783552E-02 Time/step= 1.823600E-02 ETA (HH:MM:SS) = 0:00:15
 [ 70%]  Time step     1949 of 2813 @ t_step =     1948 Time Avg = 1.783567E-02 Time/step= 1.811900E-02 ETA (HH:MM:SS) = 0:00:15
 [ 70%]  Time step     1950 of 2813 @ t_step =     1949 Time Avg = 1.783564E-02 Time/step= 1.778100E-02 ETA (HH:MM:SS) = 0:00:15
 [ 70%]  Time step     1951 of 2813 @ t_step =     1950 Time Avg = 1.783588E-02 Time/step= 1.830000E-02 ETA (HH:MM:SS) = 0:00:15
 [ 70%]  Time step     1952 of 2813 @ t_step =     1951 Time Avg = 1.783587E-02 Time/step= 1.782200E-02 ETA (HH:MM:SS) = 0:00:15
 [ 70%]  Time step     1953 of 2813 @ t_step =     1952 Time Avg = 1.783602E-02 Time/step= 1.811400E-02 ETA (HH:MM:SS) = 0:00:15
 [ 70%]  Time step     1954 of 2813 @ t_step =     1953 Time Avg = 1.783609E-02 Time/step= 1.797700E-02 ETA (HH:MM:SS) = 0:00:15
 [ 70%]  Time step     1955 of 2813 @ t_step =     1954 Time Avg = 1.783626E-02 Time/step= 1.816600E-02 ETA (HH:MM:SS) = 0:00:15
 [ 70%]  Time step     1956 of 2813 @ t_step =     1955 Time Avg = 1.783624E-02 Time/step= 1.780300E-02 ETA (HH:MM:SS) = 0:00:15
 [ 70%]  Time step     1957 of 2813 @ t_step =     1956 Time Avg = 1.783640E-02 Time/step= 1.815000E-02 ETA (HH:MM:SS) = 0:00:15
 [ 70%]  Time step     1958 of 2813 @ t_step =     1957 Time Avg = 1.783639E-02 Time/step= 1.780800E-02 ETA (HH:MM:SS) = 0:00:15
 [ 70%]  Time step     1959 of 2813 @ t_step =     1958 Time Avg = 1.783650E-02 Time/step= 1.806200E-02 ETA (HH:MM:SS) = 0:00:15
 [ 70%]  Time step     1960 of 2813 @ t_step =     1959 Time Avg = 1.783648E-02 Time/step= 1.780200E-02 ETA (HH:MM:SS) = 0:00:15
 [ 70%]  Time step     1961 of 2813 @ t_step =     1960 Time Avg = 1.783657E-02 Time/step= 1.801000E-02 ETA (HH:MM:SS) = 0:00:15
 [ 70%]  Time step     1962 of 2813 @ t_step =     1961 Time Avg = 1.783660E-02 Time/step= 1.789200E-02 ETA (HH:MM:SS) = 0:00:15
 [ 70%]  Time step     1963 of 2813 @ t_step =     1962 Time Avg = 1.783664E-02 Time/step= 1.792400E-02 ETA (HH:MM:SS) = 0:00:15
 [ 70%]  Time step     1964 of 2813 @ t_step =     1963 Time Avg = 1.783668E-02 Time/step= 1.790800E-02 ETA (HH:MM:SS) = 0:00:15
 [ 70%]  Time step     1965 of 2813 @ t_step =     1964 Time Avg = 1.783683E-02 Time/step= 1.812000E-02 ETA (HH:MM:SS) = 0:00:15
 [ 70%]  Time step     1966 of 2813 @ t_step =     1965 Time Avg = 1.783685E-02 Time/step= 1.788900E-02 ETA (HH:MM:SS) = 0:00:15
 [ 70%]  Time step     1967 of 2813 @ t_step =     1966 Time Avg = 1.783697E-02 Time/step= 1.807400E-02 ETA (HH:MM:SS) = 0:00:15
 [ 70%]  Time step     1968 of 2813 @ t_step =     1967 Time Avg = 1.783695E-02 Time/step= 1.778400E-02 ETA (HH:MM:SS) = 0:00:15
 [ 70%]  Time step     1969 of 2813 @ t_step =     1968 Time Avg = 1.783708E-02 Time/step= 1.810100E-02 ETA (HH:MM:SS) = 0:00:15
 [ 70%]  Time step     1970 of 2813 @ t_step =     1969 Time Avg = 1.783706E-02 Time/step= 1.779800E-02 ETA (HH:MM:SS) = 0:00:15
 [ 71%]  Time step     1971 of 2813 @ t_step =     1970 Time Avg = 1.783723E-02 Time/step= 1.816100E-02 ETA (HH:MM:SS) = 0:00:15
 [ 71%]  Time step     1972 of 2813 @ t_step =     1971 Time Avg = 1.783719E-02 Time/step= 1.777100E-02 ETA (HH:MM:SS) = 0:00:15
 [ 71%]  Time step     1973 of 2813 @ t_step =     1972 Time Avg = 1.783720E-02 Time/step= 1.785200E-02 ETA (HH:MM:SS) = 0:00:14
 [ 71%]  Time step     1974 of 2813 @ t_step =     1973 Time Avg = 1.783781E-02 Time/step= 1.904100E-02 ETA (HH:MM:SS) = 0:00:14
 [ 71%]  Time step     1975 of 2813 @ t_step =     1974 Time Avg = 1.783796E-02 Time/step= 1.812900E-02 ETA (HH:MM:SS) = 0:00:14
 [ 71%]  Time step     1976 of 2813 @ t_step =     1975 Time Avg = 1.783788E-02 Time/step= 1.768700E-02 ETA (HH:MM:SS) = 0:00:14
 [ 71%]  Time step     1977 of 2813 @ t_step =     1976 Time Avg = 1.783806E-02 Time/step= 1.819100E-02 ETA (HH:MM:SS) = 0:00:14
 [ 71%]  Time step     1978 of 2813 @ t_step =     1977 Time Avg = 1.783812E-02 Time/step= 1.795900E-02 ETA (HH:MM:SS) = 0:00:14
 [ 71%]  Time step     1979 of 2813 @ t_step =     1978 Time Avg = 1.783815E-02 Time/step= 1.789500E-02 ETA (HH:MM:SS) = 0:00:14
 [ 71%]  Time step     1980 of 2813 @ t_step =     1979 Time Avg = 1.783817E-02 Time/step= 1.787600E-02 ETA (HH:MM:SS) = 0:00:14
 [ 71%]  Time step     1981 of 2813 @ t_step =     1980 Time Avg = 1.783819E-02 Time/step= 1.788900E-02 ETA (HH:MM:SS) = 0:00:14
 [ 71%]  Time step     1982 of 2813 @ t_step =     1981 Time Avg = 1.783819E-02 Time/step= 1.782000E-02 ETA (HH:MM:SS) = 0:00:14
 [ 71%]  Time step     1983 of 2813 @ t_step =     1982 Time Avg = 1.783802E-02 Time/step= 1.751500E-02 ETA (HH:MM:SS) = 0:00:14
 [ 71%]  Time step     1984 of 2813 @ t_step =     1983 Time Avg = 1.783813E-02 Time/step= 1.805500E-02 ETA (HH:MM:SS) = 0:00:14
 [ 71%]  Time step     1985 of 2813 @ t_step =     1984 Time Avg = 1.783799E-02 Time/step= 1.754800E-02 ETA (HH:MM:SS) = 0:00:14
 [ 71%]  Time step     1986 of 2813 @ t_step =     1985 Time Avg = 1.783803E-02 Time/step= 1.792600E-02 ETA (HH:MM:SS) = 0:00:14
 [ 71%]  Time step     1987 of 2813 @ t_step =     1986 Time Avg = 1.783789E-02 Time/step= 1.755100E-02 ETA (HH:MM:SS) = 0:00:14
 [ 71%]  Time step     1988 of 2813 @ t_step =     1987 Time Avg = 1.783782E-02 Time/step= 1.770000E-02 ETA (HH:MM:SS) = 0:00:14
 [ 71%]  Time step     1989 of 2813 @ t_step =     1988 Time Avg = 1.783782E-02 Time/step= 1.785400E-02 ETA (HH:MM:SS) = 0:00:14
 [ 71%]  Time step     1990 of 2813 @ t_step =     1989 Time Avg = 1.783792E-02 Time/step= 1.803800E-02 ETA (HH:MM:SS) = 0:00:14
 [ 71%]  Time step     1991 of 2813 @ t_step =     1990 Time Avg = 1.783777E-02 Time/step= 1.753800E-02 ETA (HH:MM:SS) = 0:00:14
 [ 71%]  Time step     1992 of 2813 @ t_step =     1991 Time Avg = 1.783765E-02 Time/step= 1.758500E-02 ETA (HH:MM:SS) = 0:00:14
 [ 71%]  Time step     1993 of 2813 @ t_step =     1992 Time Avg = 1.783772E-02 Time/step= 1.797800E-02 ETA (HH:MM:SS) = 0:00:14
 [ 71%]  Time step     1994 of 2813 @ t_step =     1993 Time Avg = 1.783756E-02 Time/step= 1.751800E-02 ETA (HH:MM:SS) = 0:00:14
 [ 71%]  Time step     1995 of 2813 @ t_step =     1994 Time Avg = 1.783741E-02 Time/step= 1.755300E-02 ETA (HH:MM:SS) = 0:00:14
 [ 71%]  Time step     1996 of 2813 @ t_step =     1995 Time Avg = 1.783733E-02 Time/step= 1.766400E-02 ETA (HH:MM:SS) = 0:00:14
 [ 71%]  Time step     1997 of 2813 @ t_step =     1996 Time Avg = 1.783736E-02 Time/step= 1.790100E-02 ETA (HH:MM:SS) = 0:00:14
 [ 71%]  Time step     1998 of 2813 @ t_step =     1997 Time Avg = 1.783747E-02 Time/step= 1.806400E-02 ETA (HH:MM:SS) = 0:00:14
 [ 72%]  Time step     1999 of 2813 @ t_step =     1998 Time Avg = 1.783753E-02 Time/step= 1.795700E-02 ETA (HH:MM:SS) = 0:00:14
 [ 72%]  Time step     2000 of 2813 @ t_step =     1999 Time Avg = 1.783754E-02 Time/step= 1.785400E-02 ETA (HH:MM:SS) = 0:00:14
 [ 72%]  Time step     2001 of 2813 @ t_step =     2000 Time Avg = 1.783739E-02 Time/step= 1.753000E-02 ETA (HH:MM:SS) = 0:00:14
 [ 72%]  Time step     2002 of 2813 @ t_step =     2001 Time Avg = 1.783749E-02 Time/step= 1.803800E-02 ETA (HH:MM:SS) = 0:00:14
 [ 72%]  Time step     2003 of 2813 @ t_step =     2002 Time Avg = 1.783792E-02 Time/step= 1.870100E-02 ETA (HH:MM:SS) = 0:00:14
 [ 72%]  Time step     2004 of 2813 @ t_step =     2003 Time Avg = 1.783786E-02 Time/step= 1.771300E-02 ETA (HH:MM:SS) = 0:00:14
 [ 72%]  Time step     2005 of 2813 @ t_step =     2004 Time Avg = 1.783805E-02 Time/step= 1.823600E-02 ETA (HH:MM:SS) = 0:00:14
 [ 72%]  Time step     2006 of 2813 @ t_step =     2005 Time Avg = 1.783793E-02 Time/step= 1.759600E-02 ETA (HH:MM:SS) = 0:00:14
 [ 72%]  Time step     2007 of 2813 @ t_step =     2006 Time Avg = 1.783801E-02 Time/step= 1.798300E-02 ETA (HH:MM:SS) = 0:00:14
 [ 72%]  Time step     2008 of 2813 @ t_step =     2007 Time Avg = 1.783788E-02 Time/step= 1.757800E-02 ETA (HH:MM:SS) = 0:00:14
 [ 72%]  Time step     2009 of 2813 @ t_step =     2008 Time Avg = 1.783793E-02 Time/step= 1.794200E-02 ETA (HH:MM:SS) = 0:00:14
 [ 72%]  Time step     2010 of 2813 @ t_step =     2009 Time Avg = 1.783778E-02 Time/step= 1.754500E-02 ETA (HH:MM:SS) = 0:00:14
 [ 72%]  Time step     2011 of 2813 @ t_step =     2010 Time Avg = 1.783766E-02 Time/step= 1.759300E-02 ETA (HH:MM:SS) = 0:00:14
 [ 72%]  Time step     2012 of 2813 @ t_step =     2011 Time Avg = 1.783773E-02 Time/step= 1.797400E-02 ETA (HH:MM:SS) = 0:00:14
 [ 72%]  Time step     2013 of 2813 @ t_step =     2012 Time Avg = 1.783772E-02 Time/step= 1.781600E-02 ETA (HH:MM:SS) = 0:00:14
 [ 72%]  Time step     2014 of 2813 @ t_step =     2013 Time Avg = 1.783779E-02 Time/step= 1.798700E-02 ETA (HH:MM:SS) = 0:00:14
 [ 72%]  Time step     2015 of 2813 @ t_step =     2014 Time Avg = 1.783767E-02 Time/step= 1.758600E-02 ETA (HH:MM:SS) = 0:00:14
 [ 72%]  Time step     2016 of 2813 @ t_step =     2015 Time Avg = 1.783767E-02 Time/step= 1.783900E-02 ETA (HH:MM:SS) = 0:00:14
 [ 72%]  Time step     2017 of 2813 @ t_step =     2016 Time Avg = 1.783760E-02 Time/step= 1.769600E-02 ETA (HH:MM:SS) = 0:00:14
 [ 72%]  Time step     2018 of 2813 @ t_step =     2017 Time Avg = 1.783745E-02 Time/step= 1.754700E-02 ETA (HH:MM:SS) = 0:00:14
 [ 72%]  Time step     2019 of 2813 @ t_step =     2018 Time Avg = 1.783737E-02 Time/step= 1.767000E-02 ETA (HH:MM:SS) = 0:00:14
 [ 72%]  Time step     2020 of 2813 @ t_step =     2019 Time Avg = 1.783737E-02 Time/step= 1.783400E-02 ETA (HH:MM:SS) = 0:00:14
 [ 72%]  Time step     2021 of 2813 @ t_step =     2020 Time Avg = 1.783738E-02 Time/step= 1.785300E-02 ETA (HH:MM:SS) = 0:00:14
 [ 72%]  Time step     2022 of 2813 @ t_step =     2021 Time Avg = 1.783721E-02 Time/step= 1.750200E-02 ETA (HH:MM:SS) = 0:00:14
 [ 72%]  Time step     2023 of 2813 @ t_step =     2022 Time Avg = 1.783728E-02 Time/step= 1.797600E-02 ETA (HH:MM:SS) = 0:00:14
 [ 72%]  Time step     2024 of 2813 @ t_step =     2023 Time Avg = 1.783714E-02 Time/step= 1.756700E-02 ETA (HH:MM:SS) = 0:00:14
 [ 72%]  Time step     2025 of 2813 @ t_step =     2024 Time Avg = 1.783702E-02 Time/step= 1.758400E-02 ETA (HH:MM:SS) = 0:00:14
 [ 72%]  Time step     2026 of 2813 @ t_step =     2025 Time Avg = 1.783685E-02 Time/step= 1.749800E-02 ETA (HH:MM:SS) = 0:00:14
 [ 73%]  Time step     2027 of 2813 @ t_step =     2026 Time Avg = 1.783686E-02 Time/step= 1.786000E-02 ETA (HH:MM:SS) = 0:00:14
 [ 73%]  Time step     2028 of 2813 @ t_step =     2027 Time Avg = 1.783699E-02 Time/step= 1.808400E-02 ETA (HH:MM:SS) = 0:00:14
 [ 73%]  Time step     2029 of 2813 @ t_step =     2028 Time Avg = 1.783697E-02 Time/step= 1.780700E-02 ETA (HH:MM:SS) = 0:00:13
 [ 73%]  Time step     2030 of 2813 @ t_step =     2029 Time Avg = 1.783703E-02 Time/step= 1.795200E-02 ETA (HH:MM:SS) = 0:00:13
 [ 73%]  Time step     2031 of 2813 @ t_step =     2030 Time Avg = 1.783687E-02 Time/step= 1.752400E-02 ETA (HH:MM:SS) = 0:00:13
 [ 73%]  Time step     2032 of 2813 @ t_step =     2031 Time Avg = 1.783719E-02 Time/step= 1.848500E-02 ETA (HH:MM:SS) = 0:00:13
 [ 73%]  Time step     2033 of 2813 @ t_step =     2032 Time Avg = 1.783729E-02 Time/step= 1.803200E-02 ETA (HH:MM:SS) = 0:00:13
 [ 73%]  Time step     2034 of 2813 @ t_step =     2033 Time Avg = 1.783718E-02 Time/step= 1.762600E-02 ETA (HH:MM:SS) = 0:00:13
 [ 73%]  Time step     2035 of 2813 @ t_step =     2034 Time Avg = 1.783712E-02 Time/step= 1.771500E-02 ETA (HH:MM:SS) = 0:00:13
 [ 73%]  Time step     2036 of 2813 @ t_step =     2035 Time Avg = 1.783700E-02 Time/step= 1.758700E-02 ETA (HH:MM:SS) = 0:00:13
 [ 73%]  Time step     2037 of 2813 @ t_step =     2036 Time Avg = 1.783707E-02 Time/step= 1.798600E-02 ETA (HH:MM:SS) = 0:00:13
 [ 73%]  Time step     2038 of 2813 @ t_step =     2037 Time Avg = 1.783695E-02 Time/step= 1.759200E-02 ETA (HH:MM:SS) = 0:00:13
 [ 73%]  Time step     2039 of 2813 @ t_step =     2038 Time Avg = 1.783694E-02 Time/step= 1.780700E-02 ETA (HH:MM:SS) = 0:00:13
 [ 73%]  Time step     2040 of 2813 @ t_step =     2039 Time Avg = 1.783683E-02 Time/step= 1.760700E-02 ETA (HH:MM:SS) = 0:00:13
 [ 73%]  Time step     2041 of 2813 @ t_step =     2040 Time Avg = 1.783669E-02 Time/step= 1.756200E-02 ETA (HH:MM:SS) = 0:00:13
 [ 73%]  Time step     2042 of 2813 @ t_step =     2041 Time Avg = 1.783675E-02 Time/step= 1.795900E-02 ETA (HH:MM:SS) = 0:00:13
 [ 73%]  Time step     2043 of 2813 @ t_step =     2042 Time Avg = 1.783673E-02 Time/step= 1.780000E-02 ETA (HH:MM:SS) = 0:00:13
 [ 73%]  Time step     2044 of 2813 @ t_step =     2043 Time Avg = 1.783676E-02 Time/step= 1.789600E-02 ETA (HH:MM:SS) = 0:00:13
 [ 73%]  Time step     2045 of 2813 @ t_step =     2044 Time Avg = 1.783661E-02 Time/step= 1.752900E-02 ETA (HH:MM:SS) = 0:00:13
 [ 73%]  Time step     2046 of 2813 @ t_step =     2045 Time Avg = 1.783661E-02 Time/step= 1.782300E-02 ETA (HH:MM:SS) = 0:00:13
 [ 73%]  Time step     2047 of 2813 @ t_step =     2046 Time Avg = 1.783655E-02 Time/step= 1.771700E-02 ETA (HH:MM:SS) = 0:00:13
 [ 73%]  Time step     2048 of 2813 @ t_step =     2047 Time Avg = 1.783641E-02 Time/step= 1.755200E-02 ETA (HH:MM:SS) = 0:00:13
 [ 73%]  Time step     2049 of 2813 @ t_step =     2048 Time Avg = 1.783643E-02 Time/step= 1.787500E-02 ETA (HH:MM:SS) = 0:00:13
 [ 73%]  Time step     2050 of 2813 @ t_step =     2049 Time Avg = 1.783631E-02 Time/step= 1.760400E-02 ETA (HH:MM:SS) = 0:00:13
 [ 73%]  Time step     2051 of 2813 @ t_step =     2050 Time Avg = 1.783634E-02 Time/step= 1.789900E-02 ETA (HH:MM:SS) = 0:00:13
 [ 73%]  Time step     2052 of 2813 @ t_step =     2051 Time Avg = 1.783690E-02 Time/step= 1.897700E-02 ETA (HH:MM:SS) = 0:00:13
 [ 73%]  Time step     2053 of 2813 @ t_step =     2052 Time Avg = 1.783678E-02 Time/step= 1.758900E-02 ETA (HH:MM:SS) = 0:00:13
 [ 73%]  Time step     2054 of 2813 @ t_step =     2053 Time Avg = 1.783664E-02 Time/step= 1.754400E-02 ETA (HH:MM:SS) = 0:00:13
 [ 74%]  Time step     2055 of 2813 @ t_step =     2054 Time Avg = 1.783670E-02 Time/step= 1.797200E-02 ETA (HH:MM:SS) = 0:00:13
 [ 74%]  Time step     2056 of 2813 @ t_step =     2055 Time Avg = 1.783671E-02 Time/step= 1.784500E-02 ETA (HH:MM:SS) = 0:00:13
 [ 74%]  Time step     2057 of 2813 @ t_step =     2056 Time Avg = 1.783673E-02 Time/step= 1.787900E-02 ETA (HH:MM:SS) = 0:00:13
 [ 74%]  Time step     2058 of 2813 @ t_step =     2057 Time Avg = 1.783663E-02 Time/step= 1.764100E-02 ETA (HH:MM:SS) = 0:00:13
 [ 74%]  Time step     2059 of 2813 @ t_step =     2058 Time Avg = 1.783672E-02 Time/step= 1.801500E-02 ETA (HH:MM:SS) = 0:00:13
 [ 74%]  Time step     2060 of 2813 @ t_step =     2059 Time Avg = 1.783662E-02 Time/step= 1.763200E-02 ETA (HH:MM:SS) = 0:00:13
 [ 74%]  Time step     2061 of 2813 @ t_step =     2060 Time Avg = 1.783699E-02 Time/step= 1.860400E-02 ETA (HH:MM:SS) = 0:00:13
 [ 74%]  Time step     2062 of 2813 @ t_step =     2061 Time Avg = 1.783694E-02 Time/step= 1.773600E-02 ETA (HH:MM:SS) = 0:00:13
 [ 74%]  Time step     2063 of 2813 @ t_step =     2062 Time Avg = 1.783693E-02 Time/step= 1.781200E-02 ETA (HH:MM:SS) = 0:00:13
 [ 74%]  Time step     2064 of 2813 @ t_step =     2063 Time Avg = 1.783696E-02 Time/step= 1.790100E-02 ETA (HH:MM:SS) = 0:00:13
 [ 74%]  Time step     2065 of 2813 @ t_step =     2064 Time Avg = 1.783726E-02 Time/step= 1.844500E-02 ETA (HH:MM:SS) = 0:00:13
 [ 74%]  Time step     2066 of 2813 @ t_step =     2065 Time Avg = 1.783756E-02 Time/step= 1.846600E-02 ETA (HH:MM:SS) = 0:00:13
 [ 74%]  Time step     2067 of 2813 @ t_step =     2066 Time Avg = 1.783771E-02 Time/step= 1.815200E-02 ETA (HH:MM:SS) = 0:00:13
 [ 74%]  Time step     2068 of 2813 @ t_step =     2067 Time Avg = 1.783762E-02 Time/step= 1.764000E-02 ETA (HH:MM:SS) = 0:00:13
 [ 74%]  Time step     2069 of 2813 @ t_step =     2068 Time Avg = 1.783751E-02 Time/step= 1.762000E-02 ETA (HH:MM:SS) = 0:00:13
 [ 74%]  Time step     2070 of 2813 @ t_step =     2069 Time Avg = 1.783740E-02 Time/step= 1.759800E-02 ETA (HH:MM:SS) = 0:00:13
 [ 74%]  Time step     2071 of 2813 @ t_step =     2070 Time Avg = 1.783737E-02 Time/step= 1.777600E-02 ETA (HH:MM:SS) = 0:00:13
 [ 74%]  Time step     2072 of 2813 @ t_step =     2071 Time Avg = 1.783736E-02 Time/step= 1.783100E-02 ETA (HH:MM:SS) = 0:00:13
 [ 74%]  Time step     2073 of 2813 @ t_step =     2072 Time Avg = 1.783727E-02 Time/step= 1.764600E-02 ETA (HH:MM:SS) = 0:00:13
 [ 74%]  Time step     2074 of 2813 @ t_step =     2073 Time Avg = 1.783719E-02 Time/step= 1.767300E-02 ETA (HH:MM:SS) = 0:00:13
 [ 74%]  Time step     2075 of 2813 @ t_step =     2074 Time Avg = 1.783729E-02 Time/step= 1.803500E-02 ETA (HH:MM:SS) = 0:00:13
 [ 74%]  Time step     2076 of 2813 @ t_step =     2075 Time Avg = 1.783738E-02 Time/step= 1.802900E-02 ETA (HH:MM:SS) = 0:00:13
 [ 74%]  Time step     2077 of 2813 @ t_step =     2076 Time Avg = 1.783730E-02 Time/step= 1.767500E-02 ETA (HH:MM:SS) = 0:00:13
 [ 74%]  Time step     2078 of 2813 @ t_step =     2077 Time Avg = 1.783720E-02 Time/step= 1.761800E-02 ETA (HH:MM:SS) = 0:00:13
 [ 74%]  Time step     2079 of 2813 @ t_step =     2078 Time Avg = 1.783706E-02 Time/step= 1.755800E-02 ETA (HH:MM:SS) = 0:00:13
 [ 74%]  Time step     2080 of 2813 @ t_step =     2079 Time Avg = 1.783705E-02 Time/step= 1.781300E-02 ETA (HH:MM:SS) = 0:00:13
 [ 74%]  Time step     2081 of 2813 @ t_step =     2080 Time Avg = 1.783708E-02 Time/step= 1.789300E-02 ETA (HH:MM:SS) = 0:00:13
 [ 74%]  Time step     2082 of 2813 @ t_step =     2081 Time Avg = 1.783696E-02 Time/step= 1.759100E-02 ETA (HH:MM:SS) = 0:00:13
 [ 75%]  Time step     2083 of 2813 @ t_step =     2082 Time Avg = 1.783704E-02 Time/step= 1.800800E-02 ETA (HH:MM:SS) = 0:00:13
 [ 75%]  Time step     2084 of 2813 @ t_step =     2083 Time Avg = 1.783693E-02 Time/step= 1.760500E-02 ETA (HH:MM:SS) = 0:00:13
 [ 75%]  Time step     2085 of 2813 @ t_step =     2084 Time Avg = 1.783701E-02 Time/step= 1.800500E-02 ETA (HH:MM:SS) = 0:00:12
 [ 75%]  Time step     2086 of 2813 @ t_step =     2085 Time Avg = 1.783690E-02 Time/step= 1.760600E-02 ETA (HH:MM:SS) = 0:00:12
 [ 75%]  Time step     2087 of 2813 @ t_step =     2086 Time Avg = 1.783677E-02 Time/step= 1.755700E-02 ETA (HH:MM:SS) = 0:00:12
 [ 75%]  Time step     2088 of 2813 @ t_step =     2087 Time Avg = 1.783667E-02 Time/step= 1.764500E-02 ETA (HH:MM:SS) = 0:00:12
 [ 75%]  Time step     2089 of 2813 @ t_step =     2088 Time Avg = 1.783668E-02 Time/step= 1.785400E-02 ETA (HH:MM:SS) = 0:00:12
 [ 75%]  Time step     2090 of 2813 @ t_step =     2089 Time Avg = 1.783707E-02 Time/step= 1.863800E-02 ETA (HH:MM:SS) = 0:00:12
 [ 75%]  Time step     2091 of 2813 @ t_step =     2090 Time Avg = 1.783709E-02 Time/step= 1.789500E-02 ETA (HH:MM:SS) = 0:00:12
 [ 75%]  Time step     2092 of 2813 @ t_step =     2091 Time Avg = 1.783708E-02 Time/step= 1.780600E-02 ETA (HH:MM:SS) = 0:00:12
 [ 75%]  Time step     2093 of 2813 @ t_step =     2092 Time Avg = 1.783700E-02 Time/step= 1.768200E-02 ETA (HH:MM:SS) = 0:00:12
 [ 75%]  Time step     2094 of 2813 @ t_step =     2093 Time Avg = 1.783708E-02 Time/step= 1.800000E-02 ETA (HH:MM:SS) = 0:00:12
 [ 75%]  Time step     2095 of 2813 @ t_step =     2094 Time Avg = 1.783717E-02 Time/step= 1.802700E-02 ETA (HH:MM:SS) = 0:00:12
 [ 75%]  Time step     2096 of 2813 @ t_step =     2095 Time Avg = 1.783715E-02 Time/step= 1.779900E-02 ETA (HH:MM:SS) = 0:00:12
 [ 75%]  Time step     2097 of 2813 @ t_step =     2096 Time Avg = 1.783719E-02 Time/step= 1.791600E-02 ETA (HH:MM:SS) = 0:00:12
 [ 75%]  Time step     2098 of 2813 @ t_step =     2097 Time Avg = 1.783720E-02 Time/step= 1.784800E-02 ETA (HH:MM:SS) = 0:00:12
 [ 75%]  Time step     2099 of 2813 @ t_step =     2098 Time Avg = 1.783725E-02 Time/step= 1.794000E-02 ETA (HH:MM:SS) = 0:00:12
 [ 75%]  Time step     2100 of 2813 @ t_step =     2099 Time Avg = 1.783712E-02 Time/step= 1.757500E-02 ETA (HH:MM:SS) = 0:00:12
 [ 75%]  Time step     2101 of 2813 @ t_step =     2100 Time Avg = 1.783701E-02 Time/step= 1.759700E-02 ETA (HH:MM:SS) = 0:00:12
 [ 75%]  Time step     2102 of 2813 @ t_step =     2101 Time Avg = 1.783701E-02 Time/step= 1.785100E-02 ETA (HH:MM:SS) = 0:00:12
 [ 75%]  Time step     2103 of 2813 @ t_step =     2102 Time Avg = 1.783691E-02 Time/step= 1.761800E-02 ETA (HH:MM:SS) = 0:00:12
 [ 75%]  Time step     2104 of 2813 @ t_step =     2103 Time Avg = 1.783696E-02 Time/step= 1.795000E-02 ETA (HH:MM:SS) = 0:00:12
 [ 75%]  Time step     2105 of 2813 @ t_step =     2104 Time Avg = 1.783707E-02 Time/step= 1.805100E-02 ETA (HH:MM:SS) = 0:00:12
 [ 75%]  Time step     2106 of 2813 @ t_step =     2105 Time Avg = 1.783712E-02 Time/step= 1.795200E-02 ETA (HH:MM:SS) = 0:00:12
 [ 75%]  Time step     2107 of 2813 @ t_step =     2106 Time Avg = 1.783701E-02 Time/step= 1.760300E-02 ETA (HH:MM:SS) = 0:00:12
 [ 75%]  Time step     2108 of 2813 @ t_step =     2107 Time Avg = 1.783703E-02 Time/step= 1.787300E-02 ETA (HH:MM:SS) = 0:00:12
 [ 75%]  Time step     2109 of 2813 @ t_step =     2108 Time Avg = 1.783724E-02 Time/step= 1.828300E-02 ETA (HH:MM:SS) = 0:00:12
 [ 75%]  Time step     2110 of 2813 @ t_step =     2109 Time Avg = 1.783730E-02 Time/step= 1.795900E-02 ETA (HH:MM:SS) = 0:00:12
 [ 76%]  Time step     2111 of 2813 @ t_step =     2110 Time Avg = 1.783716E-02 Time/step= 1.754900E-02 ETA (HH:MM:SS) = 0:00:12
 [ 76%]  Time step     2112 of 2813 @ t_step =     2111 Time Avg = 1.783706E-02 Time/step= 1.762500E-02 ETA (HH:MM:SS) = 0:00:12
 [ 76%]  Time step     2113 of 2813 @ t_step =     2112 Time Avg = 1.783698E-02 Time/step= 1.767100E-02 ETA (HH:MM:SS) = 0:00:12
 [ 76%]  Time step     2114 of 2813 @ t_step =     2113 Time Avg = 1.783695E-02 Time/step= 1.777700E-02 ETA (HH:MM:SS) = 0:00:12
 [ 76%]  Time step     2115 of 2813 @ t_step =     2114 Time Avg = 1.783689E-02 Time/step= 1.770200E-02 ETA (HH:MM:SS) = 0:00:12
 [ 76%]  Time step     2116 of 2813 @ t_step =     2115 Time Avg = 1.783703E-02 Time/step= 1.814800E-02 ETA (HH:MM:SS) = 0:00:12
 [ 76%]  Time step     2117 of 2813 @ t_step =     2116 Time Avg = 1.783705E-02 Time/step= 1.786100E-02 ETA (HH:MM:SS) = 0:00:12
 [ 76%]  Time step     2118 of 2813 @ t_step =     2117 Time Avg = 1.783691E-02 Time/step= 1.754400E-02 ETA (HH:MM:SS) = 0:00:12
 [ 76%]  Time step     2119 of 2813 @ t_step =     2118 Time Avg = 1.783738E-02 Time/step= 1.883900E-02 ETA (HH:MM:SS) = 0:00:12
 [ 76%]  Time step     2120 of 2813 @ t_step =     2119 Time Avg = 1.783752E-02 Time/step= 1.814200E-02 ETA (HH:MM:SS) = 0:00:12
 [ 76%]  Time step     2121 of 2813 @ t_step =     2120 Time Avg = 1.783761E-02 Time/step= 1.801100E-02 ETA (HH:MM:SS) = 0:00:12
 [ 76%]  Time step     2122 of 2813 @ t_step =     2121 Time Avg = 1.783767E-02 Time/step= 1.797500E-02 ETA (HH:MM:SS) = 0:00:12
 [ 76%]  Time step     2123 of 2813 @ t_step =     2122 Time Avg = 1.783770E-02 Time/step= 1.790000E-02 ETA (HH:MM:SS) = 0:00:12
 [ 76%]  Time step     2124 of 2813 @ t_step =     2123 Time Avg = 1.783783E-02 Time/step= 1.810600E-02 ETA (HH:MM:SS) = 0:00:12
 [ 76%]  Time step     2125 of 2813 @ t_step =     2124 Time Avg = 1.783779E-02 Time/step= 1.776500E-02 ETA (HH:MM:SS) = 0:00:12
 [ 76%]  Time step     2126 of 2813 @ t_step =     2125 Time Avg = 1.783779E-02 Time/step= 1.783900E-02 ETA (HH:MM:SS) = 0:00:12
 [ 76%]  Time step     2127 of 2813 @ t_step =     2126 Time Avg = 1.783767E-02 Time/step= 1.758600E-02 ETA (HH:MM:SS) = 0:00:12
 [ 76%]  Time step     2128 of 2813 @ t_step =     2127 Time Avg = 1.783762E-02 Time/step= 1.773100E-02 ETA (HH:MM:SS) = 0:00:12
 [ 76%]  Time step     2129 of 2813 @ t_step =     2128 Time Avg = 1.783764E-02 Time/step= 1.786600E-02 ETA (HH:MM:SS) = 0:00:12
 [ 76%]  Time step     2130 of 2813 @ t_step =     2129 Time Avg = 1.783768E-02 Time/step= 1.793000E-02 ETA (HH:MM:SS) = 0:00:12
 [ 76%]  Time step     2131 of 2813 @ t_step =     2130 Time Avg = 1.783770E-02 Time/step= 1.788200E-02 ETA (HH:MM:SS) = 0:00:12
 [ 76%]  Time step     2132 of 2813 @ t_step =     2131 Time Avg = 1.783760E-02 Time/step= 1.763100E-02 ETA (HH:MM:SS) = 0:00:12
 [ 76%]  Time step     2133 of 2813 @ t_step =     2132 Time Avg = 1.783768E-02 Time/step= 1.800500E-02 ETA (HH:MM:SS) = 0:00:12
 [ 76%]  Time step     2134 of 2813 @ t_step =     2133 Time Avg = 1.783757E-02 Time/step= 1.758700E-02 ETA (HH:MM:SS) = 0:00:12
 [ 76%]  Time step     2135 of 2813 @ t_step =     2134 Time Avg = 1.783765E-02 Time/step= 1.802700E-02 ETA (HH:MM:SS) = 0:00:12
 [ 76%]  Time step     2136 of 2813 @ t_step =     2135 Time Avg = 1.783767E-02 Time/step= 1.786600E-02 ETA (HH:MM:SS) = 0:00:12
 [ 76%]  Time step     2137 of 2813 @ t_step =     2136 Time Avg = 1.783771E-02 Time/step= 1.793500E-02 ETA (HH:MM:SS) = 0:00:12
 [ 76%]  Time step     2138 of 2813 @ t_step =     2137 Time Avg = 1.783772E-02 Time/step= 1.785800E-02 ETA (HH:MM:SS) = 0:00:12
 [ 77%]  Time step     2139 of 2813 @ t_step =     2138 Time Avg = 1.783763E-02 Time/step= 1.763200E-02 ETA (HH:MM:SS) = 0:00:12
 [ 77%]  Time step     2140 of 2813 @ t_step =     2139 Time Avg = 1.783752E-02 Time/step= 1.761300E-02 ETA (HH:MM:SS) = 0:00:12
 [ 77%]  Time step     2141 of 2813 @ t_step =     2140 Time Avg = 1.783753E-02 Time/step= 1.786200E-02 ETA (HH:MM:SS) = 0:00:11
 [ 77%]  Time step     2142 of 2813 @ t_step =     2141 Time Avg = 1.783756E-02 Time/step= 1.788900E-02 ETA (HH:MM:SS) = 0:00:11
 [ 77%]  Time step     2143 of 2813 @ t_step =     2142 Time Avg = 1.783744E-02 Time/step= 1.758700E-02 ETA (HH:MM:SS) = 0:00:11
 [ 77%]  Time step     2144 of 2813 @ t_step =     2143 Time Avg = 1.783740E-02 Time/step= 1.775600E-02 ETA (HH:MM:SS) = 0:00:11
 [ 77%]  Time step     2145 of 2813 @ t_step =     2144 Time Avg = 1.783731E-02 Time/step= 1.763200E-02 ETA (HH:MM:SS) = 0:00:11
 [ 77%]  Time step     2146 of 2813 @ t_step =     2145 Time Avg = 1.783740E-02 Time/step= 1.803600E-02 ETA (HH:MM:SS) = 0:00:11
 [ 77%]  Time step     2147 of 2813 @ t_step =     2146 Time Avg = 1.783741E-02 Time/step= 1.786300E-02 ETA (HH:MM:SS) = 0:00:11
 [ 77%]  Time step     2148 of 2813 @ t_step =     2147 Time Avg = 1.783782E-02 Time/step= 1.872500E-02 ETA (HH:MM:SS) = 0:00:11
 [ 77%]  Time step     2149 of 2813 @ t_step =     2148 Time Avg = 1.783775E-02 Time/step= 1.766900E-02 ETA (HH:MM:SS) = 0:00:11
 [ 77%]  Time step     2150 of 2813 @ t_step =     2149 Time Avg = 1.783782E-02 Time/step= 1.800100E-02 ETA (HH:MM:SS) = 0:00:11
 [ 77%]  Time step     2151 of 2813 @ t_step =     2150 Time Avg = 1.783770E-02 Time/step= 1.756800E-02 ETA (HH:MM:SS) = 0:00:11
 [ 77%]  Time step     2152 of 2813 @ t_step =     2151 Time Avg = 1.783758E-02 Time/step= 1.757900E-02 ETA (HH:MM:SS) = 0:00:11
 [ 77%]  Time step     2153 of 2813 @ t_step =     2152 Time Avg = 1.783766E-02 Time/step= 1.801700E-02 ETA (HH:MM:SS) = 0:00:11
 [ 77%]  Time step     2154 of 2813 @ t_step =     2153 Time Avg = 1.783755E-02 Time/step= 1.759700E-02 ETA (HH:MM:SS) = 0:00:11
 [ 77%]  Time step     2155 of 2813 @ t_step =     2154 Time Avg = 1.783756E-02 Time/step= 1.787300E-02 ETA (HH:MM:SS) = 0:00:11
 [ 77%]  Time step     2156 of 2813 @ t_step =     2155 Time Avg = 1.783755E-02 Time/step= 1.780900E-02 ETA (HH:MM:SS) = 0:00:11
 [ 77%]  Time step     2157 of 2813 @ t_step =     2156 Time Avg = 1.783761E-02 Time/step= 1.795800E-02 ETA (HH:MM:SS) = 0:00:11
 [ 77%]  Time step     2158 of 2813 @ t_step =     2157 Time Avg = 1.783761E-02 Time/step= 1.783900E-02 ETA (HH:MM:SS) = 0:00:11
 [ 77%]  Time step     2159 of 2813 @ t_step =     2158 Time Avg = 1.783754E-02 Time/step= 1.768800E-02 ETA (HH:MM:SS) = 0:00:11
 [ 77%]  Time step     2160 of 2813 @ t_step =     2159 Time Avg = 1.783740E-02 Time/step= 1.753000E-02 ETA (HH:MM:SS) = 0:00:11
 [ 77%]  Time step     2161 of 2813 @ t_step =     2160 Time Avg = 1.783738E-02 Time/step= 1.780600E-02 ETA (HH:MM:SS) = 0:00:11
 [ 77%]  Time step     2162 of 2813 @ t_step =     2161 Time Avg = 1.783725E-02 Time/step= 1.755100E-02 ETA (HH:MM:SS) = 0:00:11
 [ 77%]  Time step     2163 of 2813 @ t_step =     2162 Time Avg = 1.783723E-02 Time/step= 1.778800E-02 ETA (HH:MM:SS) = 0:00:11
 [ 77%]  Time step     2164 of 2813 @ t_step =     2163 Time Avg = 1.783730E-02 Time/step= 1.799000E-02 ETA (HH:MM:SS) = 0:00:11
 [ 77%]  Time step     2165 of 2813 @ t_step =     2164 Time Avg = 1.783726E-02 Time/step= 1.775200E-02 ETA (HH:MM:SS) = 0:00:11
 [ 77%]  Time step     2166 of 2813 @ t_step =     2165 Time Avg = 1.783732E-02 Time/step= 1.796900E-02 ETA (HH:MM:SS) = 0:00:11
 [ 77%]  Time step     2167 of 2813 @ t_step =     2166 Time Avg = 1.783732E-02 Time/step= 1.783600E-02 ETA (HH:MM:SS) = 0:00:11
 [ 78%]  Time step     2168 of 2813 @ t_step =     2167 Time Avg = 1.783722E-02 Time/step= 1.762700E-02 ETA (HH:MM:SS) = 0:00:11
 [ 78%]  Time step     2169 of 2813 @ t_step =     2168 Time Avg = 1.783708E-02 Time/step= 1.753900E-02 ETA (HH:MM:SS) = 0:00:11
 [ 78%]  Time step     2170 of 2813 @ t_step =     2169 Time Avg = 1.783706E-02 Time/step= 1.779200E-02 ETA (HH:MM:SS) = 0:00:11
 [ 78%]  Time step     2171 of 2813 @ t_step =     2170 Time Avg = 1.783714E-02 Time/step= 1.800600E-02 ETA (HH:MM:SS) = 0:00:11
 [ 78%]  Time step     2172 of 2813 @ t_step =     2171 Time Avg = 1.783712E-02 Time/step= 1.778600E-02 ETA (HH:MM:SS) = 0:00:11
 [ 78%]  Time step     2173 of 2813 @ t_step =     2172 Time Avg = 1.783717E-02 Time/step= 1.796100E-02 ETA (HH:MM:SS) = 0:00:11
 [ 78%]  Time step     2174 of 2813 @ t_step =     2173 Time Avg = 1.783711E-02 Time/step= 1.769900E-02 ETA (HH:MM:SS) = 0:00:11
 [ 78%]  Time step     2175 of 2813 @ t_step =     2174 Time Avg = 1.783722E-02 Time/step= 1.808400E-02 ETA (HH:MM:SS) = 0:00:11
 [ 78%]  Time step     2176 of 2813 @ t_step =     2175 Time Avg = 1.783710E-02 Time/step= 1.758100E-02 ETA (HH:MM:SS) = 0:00:11
 [ 78%]  Time step     2177 of 2813 @ t_step =     2176 Time Avg = 1.783726E-02 Time/step= 1.818100E-02 ETA (HH:MM:SS) = 0:00:11
 [ 78%]  Time step     2178 of 2813 @ t_step =     2177 Time Avg = 1.783741E-02 Time/step= 1.815300E-02 ETA (HH:MM:SS) = 0:00:11
 [ 78%]  Time step     2179 of 2813 @ t_step =     2178 Time Avg = 1.783746E-02 Time/step= 1.794900E-02 ETA (HH:MM:SS) = 0:00:11
 [ 78%]  Time step     2180 of 2813 @ t_step =     2179 Time Avg = 1.783764E-02 Time/step= 1.823400E-02 ETA (HH:MM:SS) = 0:00:11
 [ 78%]  Time step     2181 of 2813 @ t_step =     2180 Time Avg = 1.783778E-02 Time/step= 1.812900E-02 ETA (HH:MM:SS) = 0:00:11
 [ 78%]  Time step     2182 of 2813 @ t_step =     2181 Time Avg = 1.783794E-02 Time/step= 1.819800E-02 ETA (HH:MM:SS) = 0:00:11
 [ 78%]  Time step     2183 of 2813 @ t_step =     2182 Time Avg = 1.783795E-02 Time/step= 1.786500E-02 ETA (HH:MM:SS) = 0:00:11
 [ 78%]  Time step     2184 of 2813 @ t_step =     2183 Time Avg = 1.783809E-02 Time/step= 1.813600E-02 ETA (HH:MM:SS) = 0:00:11
 [ 78%]  Time step     2185 of 2813 @ t_step =     2184 Time Avg = 1.783813E-02 Time/step= 1.792200E-02 ETA (HH:MM:SS) = 0:00:11
 [ 78%]  Time step     2186 of 2813 @ t_step =     2185 Time Avg = 1.783820E-02 Time/step= 1.800000E-02 ETA (HH:MM:SS) = 0:00:11
 [ 78%]  Time step     2187 of 2813 @ t_step =     2186 Time Avg = 1.783824E-02 Time/step= 1.791300E-02 ETA (HH:MM:SS) = 0:00:11
 [ 78%]  Time step     2188 of 2813 @ t_step =     2187 Time Avg = 1.783837E-02 Time/step= 1.813400E-02 ETA (HH:MM:SS) = 0:00:11
 [ 78%]  Time step     2189 of 2813 @ t_step =     2188 Time Avg = 1.783840E-02 Time/step= 1.790600E-02 ETA (HH:MM:SS) = 0:00:11
 [ 78%]  Time step     2190 of 2813 @ t_step =     2189 Time Avg = 1.783856E-02 Time/step= 1.817600E-02 ETA (HH:MM:SS) = 0:00:11
 [ 78%]  Time step     2191 of 2813 @ t_step =     2190 Time Avg = 1.783875E-02 Time/step= 1.826100E-02 ETA (HH:MM:SS) = 0:00:11
 [ 78%]  Time step     2192 of 2813 @ t_step =     2191 Time Avg = 1.783876E-02 Time/step= 1.786600E-02 ETA (HH:MM:SS) = 0:00:11
 [ 78%]  Time step     2193 of 2813 @ t_step =     2192 Time Avg = 1.783895E-02 Time/step= 1.825900E-02 ETA (HH:MM:SS) = 0:00:11
 [ 78%]  Time step     2194 of 2813 @ t_step =     2193 Time Avg = 1.783912E-02 Time/step= 1.819000E-02 ETA (HH:MM:SS) = 0:00:11
 [ 78%]  Time step     2195 of 2813 @ t_step =     2194 Time Avg = 1.783925E-02 Time/step= 1.813000E-02 ETA (HH:MM:SS) = 0:00:11
 [ 79%]  Time step     2196 of 2813 @ t_step =     2195 Time Avg = 1.783938E-02 Time/step= 1.812000E-02 ETA (HH:MM:SS) = 0:00:11
 [ 79%]  Time step     2197 of 2813 @ t_step =     2196 Time Avg = 1.783940E-02 Time/step= 1.788300E-02 ETA (HH:MM:SS) = 0:00:10
 [ 79%]  Time step     2198 of 2813 @ t_step =     2197 Time Avg = 1.783955E-02 Time/step= 1.817300E-02 ETA (HH:MM:SS) = 0:00:10
 [ 79%]  Time step     2199 of 2813 @ t_step =     2198 Time Avg = 1.783954E-02 Time/step= 1.783000E-02 ETA (HH:MM:SS) = 0:00:10
 [ 79%]  Time step     2200 of 2813 @ t_step =     2199 Time Avg = 1.783957E-02 Time/step= 1.790000E-02 ETA (HH:MM:SS) = 0:00:10
 [ 79%]  Time step     2201 of 2813 @ t_step =     2200 Time Avg = 1.783970E-02 Time/step= 1.812900E-02 ETA (HH:MM:SS) = 0:00:10
 [ 79%]  Time step     2202 of 2813 @ t_step =     2201 Time Avg = 1.783972E-02 Time/step= 1.788400E-02 ETA (HH:MM:SS) = 0:00:10
 [ 79%]  Time step     2203 of 2813 @ t_step =     2202 Time Avg = 1.783994E-02 Time/step= 1.831600E-02 ETA (HH:MM:SS) = 0:00:10
 [ 79%]  Time step     2204 of 2813 @ t_step =     2203 Time Avg = 1.783994E-02 Time/step= 1.784500E-02 ETA (HH:MM:SS) = 0:00:10
 [ 79%]  Time step     2205 of 2813 @ t_step =     2204 Time Avg = 1.783996E-02 Time/step= 1.787000E-02 ETA (HH:MM:SS) = 0:00:10
 [ 79%]  Time step     2206 of 2813 @ t_step =     2205 Time Avg = 1.784018E-02 Time/step= 1.833700E-02 ETA (HH:MM:SS) = 0:00:10
 [ 79%]  Time step     2207 of 2813 @ t_step =     2206 Time Avg = 1.784023E-02 Time/step= 1.795700E-02 ETA (HH:MM:SS) = 0:00:10
 [ 79%]  Time step     2208 of 2813 @ t_step =     2207 Time Avg = 1.784027E-02 Time/step= 1.792000E-02 ETA (HH:MM:SS) = 0:00:10
 [ 79%]  Time step     2209 of 2813 @ t_step =     2208 Time Avg = 1.784027E-02 Time/step= 1.783700E-02 ETA (HH:MM:SS) = 0:00:10
 [ 79%]  Time step     2210 of 2813 @ t_step =     2209 Time Avg = 1.784033E-02 Time/step= 1.797100E-02 ETA (HH:MM:SS) = 0:00:10
 [ 79%]  Time step     2211 of 2813 @ t_step =     2210 Time Avg = 1.784044E-02 Time/step= 1.808600E-02 ETA (HH:MM:SS) = 0:00:10
 [ 79%]  Time step     2212 of 2813 @ t_step =     2211 Time Avg = 1.784055E-02 Time/step= 1.809300E-02 ETA (HH:MM:SS) = 0:00:10
 [ 79%]  Time step     2213 of 2813 @ t_step =     2212 Time Avg = 1.784060E-02 Time/step= 1.794200E-02 ETA (HH:MM:SS) = 0:00:10
 [ 79%]  Time step     2214 of 2813 @ t_step =     2213 Time Avg = 1.784062E-02 Time/step= 1.789400E-02 ETA (HH:MM:SS) = 0:00:10
 [ 79%]  Time step     2215 of 2813 @ t_step =     2214 Time Avg = 1.784072E-02 Time/step= 1.806000E-02 ETA (HH:MM:SS) = 0:00:10
 [ 79%]  Time step     2216 of 2813 @ t_step =     2215 Time Avg = 1.784077E-02 Time/step= 1.794300E-02 ETA (HH:MM:SS) = 0:00:10
 [ 79%]  Time step     2217 of 2813 @ t_step =     2216 Time Avg = 1.784093E-02 Time/step= 1.819600E-02 ETA (HH:MM:SS) = 0:00:10
 [ 79%]  Time step     2218 of 2813 @ t_step =     2217 Time Avg = 1.784091E-02 Time/step= 1.778900E-02 ETA (HH:MM:SS) = 0:00:10
 [ 79%]  Time step     2219 of 2813 @ t_step =     2218 Time Avg = 1.784090E-02 Time/step= 1.783600E-02 ETA (HH:MM:SS) = 0:00:10
 [ 79%]  Time step     2220 of 2813 @ t_step =     2219 Time Avg = 1.784104E-02 Time/step= 1.813800E-02 ETA (HH:MM:SS) = 0:00:10
 [ 79%]  Time step     2221 of 2813 @ t_step =     2220 Time Avg = 1.784106E-02 Time/step= 1.789400E-02 ETA (HH:MM:SS) = 0:00:10
 [ 79%]  Time step     2222 of 2813 @ t_step =     2221 Time Avg = 1.784126E-02 Time/step= 1.828000E-02 ETA (HH:MM:SS) = 0:00:10
 [ 79%]  Time step     2223 of 2813 @ t_step =     2222 Time Avg = 1.784123E-02 Time/step= 1.778200E-02 ETA (HH:MM:SS) = 0:00:10
 [ 80%]  Time step     2224 of 2813 @ t_step =     2223 Time Avg = 1.784134E-02 Time/step= 1.807900E-02 ETA (HH:MM:SS) = 0:00:10
 [ 80%]  Time step     2225 of 2813 @ t_step =     2224 Time Avg = 1.784133E-02 Time/step= 1.781400E-02 ETA (HH:MM:SS) = 0:00:10
 [ 80%]  Time step     2226 of 2813 @ t_step =     2225 Time Avg = 1.784141E-02 Time/step= 1.803000E-02 ETA (HH:MM:SS) = 0:00:10
 [ 80%]  Time step     2227 of 2813 @ t_step =     2226 Time Avg = 1.784150E-02 Time/step= 1.804300E-02 ETA (HH:MM:SS) = 0:00:10
 [ 80%]  Time step     2228 of 2813 @ t_step =     2227 Time Avg = 1.784148E-02 Time/step= 1.778100E-02 ETA (HH:MM:SS) = 0:00:10
 [ 80%]  Time step     2229 of 2813 @ t_step =     2228 Time Avg = 1.784159E-02 Time/step= 1.809000E-02 ETA (HH:MM:SS) = 0:00:10
 [ 80%]  Time step     2230 of 2813 @ t_step =     2229 Time Avg = 1.784175E-02 Time/step= 1.820900E-02 ETA (HH:MM:SS) = 0:00:10
 [ 80%]  Time step     2231 of 2813 @ t_step =     2230 Time Avg = 1.784178E-02 Time/step= 1.791100E-02 ETA (HH:MM:SS) = 0:00:10
 [ 80%]  Time step     2232 of 2813 @ t_step =     2231 Time Avg = 1.784178E-02 Time/step= 1.783700E-02 ETA (HH:MM:SS) = 0:00:10
 [ 80%]  Time step     2233 of 2813 @ t_step =     2232 Time Avg = 1.784182E-02 Time/step= 1.792500E-02 ETA (HH:MM:SS) = 0:00:10
 [ 80%]  Time step     2234 of 2813 @ t_step =     2233 Time Avg = 1.784187E-02 Time/step= 1.794800E-02 ETA (HH:MM:SS) = 0:00:10
 [ 80%]  Time step     2235 of 2813 @ t_step =     2234 Time Avg = 1.784243E-02 Time/step= 1.910300E-02 ETA (HH:MM:SS) = 0:00:10
 [ 80%]  Time step     2236 of 2813 @ t_step =     2235 Time Avg = 1.784306E-02 Time/step= 1.925400E-02 ETA (HH:MM:SS) = 0:00:10
 [ 80%]  Time step     2237 of 2813 @ t_step =     2236 Time Avg = 1.784300E-02 Time/step= 1.770800E-02 ETA (HH:MM:SS) = 0:00:10
 [ 80%]  Time step     2238 of 2813 @ t_step =     2237 Time Avg = 1.784300E-02 Time/step= 1.782800E-02 ETA (HH:MM:SS) = 0:00:10
 [ 80%]  Time step     2239 of 2813 @ t_step =     2238 Time Avg = 1.784302E-02 Time/step= 1.790000E-02 ETA (HH:MM:SS) = 0:00:10
 [ 80%]  Time step     2240 of 2813 @ t_step =     2239 Time Avg = 1.784307E-02 Time/step= 1.796100E-02 ETA (HH:MM:SS) = 0:00:10
 [ 80%]  Time step     2241 of 2813 @ t_step =     2240 Time Avg = 1.784309E-02 Time/step= 1.787900E-02 ETA (HH:MM:SS) = 0:00:10
 [ 80%]  Time step     2242 of 2813 @ t_step =     2241 Time Avg = 1.784300E-02 Time/step= 1.763300E-02 ETA (HH:MM:SS) = 0:00:10
 [ 80%]  Time step     2243 of 2813 @ t_step =     2242 Time Avg = 1.784291E-02 Time/step= 1.765700E-02 ETA (HH:MM:SS) = 0:00:10
 [ 80%]  Time step     2244 of 2813 @ t_step =     2243 Time Avg = 1.784291E-02 Time/step= 1.782900E-02 ETA (HH:MM:SS) = 0:00:10
 [ 80%]  Time step     2245 of 2813 @ t_step =     2244 Time Avg = 1.784295E-02 Time/step= 1.793000E-02 ETA (HH:MM:SS) = 0:00:10
 [ 80%]  Time step     2246 of 2813 @ t_step =     2245 Time Avg = 1.784293E-02 Time/step= 1.781000E-02 ETA (HH:MM:SS) = 0:00:10
 [ 80%]  Time step     2247 of 2813 @ t_step =     2246 Time Avg = 1.784281E-02 Time/step= 1.757300E-02 ETA (HH:MM:SS) = 0:00:10
 [ 80%]  Time step     2248 of 2813 @ t_step =     2247 Time Avg = 1.784292E-02 Time/step= 1.808800E-02 ETA (HH:MM:SS) = 0:00:10
 [ 80%]  Time step     2249 of 2813 @ t_step =     2248 Time Avg = 1.784280E-02 Time/step= 1.757000E-02 ETA (HH:MM:SS) = 0:00:10
 [ 80%]  Time step     2250 of 2813 @ t_step =     2249 Time Avg = 1.784280E-02 Time/step= 1.785400E-02 ETA (HH:MM:SS) = 0:00:10
 [ 80%]  Time step     2251 of 2813 @ t_step =     2250 Time Avg = 1.784279E-02 Time/step= 1.780100E-02 ETA (HH:MM:SS) = 0:00:10
 [ 81%]  Time step     2252 of 2813 @ t_step =     2251 Time Avg = 1.784271E-02 Time/step= 1.766700E-02 ETA (HH:MM:SS) = 0:00:10
 [ 81%]  Time step     2253 of 2813 @ t_step =     2252 Time Avg = 1.784256E-02 Time/step= 1.750300E-02 ETA (HH:MM:SS) = 0:00:09
 [ 81%]  Time step     2254 of 2813 @ t_step =     2253 Time Avg = 1.784261E-02 Time/step= 1.796800E-02 ETA (HH:MM:SS) = 0:00:09
 [ 81%]  Time step     2255 of 2813 @ t_step =     2254 Time Avg = 1.784259E-02 Time/step= 1.778900E-02 ETA (HH:MM:SS) = 0:00:09
 [ 81%]  Time step     2256 of 2813 @ t_step =     2255 Time Avg = 1.784246E-02 Time/step= 1.754700E-02 ETA (HH:MM:SS) = 0:00:09
 [ 81%]  Time step     2257 of 2813 @ t_step =     2256 Time Avg = 1.784233E-02 Time/step= 1.756800E-02 ETA (HH:MM:SS) = 0:00:09
 [ 81%]  Time step     2258 of 2813 @ t_step =     2257 Time Avg = 1.784222E-02 Time/step= 1.757200E-02 ETA (HH:MM:SS) = 0:00:09
 [ 81%]  Time step     2259 of 2813 @ t_step =     2258 Time Avg = 1.784226E-02 Time/step= 1.793900E-02 ETA (HH:MM:SS) = 0:00:09
 [ 81%]  Time step     2260 of 2813 @ t_step =     2259 Time Avg = 1.784213E-02 Time/step= 1.755700E-02 ETA (HH:MM:SS) = 0:00:09
 [ 81%]  Time step     2261 of 2813 @ t_step =     2260 Time Avg = 1.784216E-02 Time/step= 1.790200E-02 ETA (HH:MM:SS) = 0:00:09
 [ 81%]  Time step     2262 of 2813 @ t_step =     2261 Time Avg = 1.784215E-02 Time/step= 1.782600E-02 ETA (HH:MM:SS) = 0:00:09
 [ 81%]  Time step     2263 of 2813 @ t_step =     2262 Time Avg = 1.784201E-02 Time/step= 1.753200E-02 ETA (HH:MM:SS) = 0:00:09
 [ 81%]  Time step     2264 of 2813 @ t_step =     2263 Time Avg = 1.784222E-02 Time/step= 1.831600E-02 ETA (HH:MM:SS) = 0:00:09
 [ 81%]  Time step     2265 of 2813 @ t_step =     2264 Time Avg = 1.784220E-02 Time/step= 1.778200E-02 ETA (HH:MM:SS) = 0:00:09
 [ 81%]  Time step     2266 of 2813 @ t_step =     2265 Time Avg = 1.784215E-02 Time/step= 1.773500E-02 ETA (HH:MM:SS) = 0:00:09
 [ 81%]  Time step     2267 of 2813 @ t_step =     2266 Time Avg = 1.784204E-02 Time/step= 1.758400E-02 ETA (HH:MM:SS) = 0:00:09
 [ 81%]  Time step     2268 of 2813 @ t_step =     2267 Time Avg = 1.784203E-02 Time/step= 1.782800E-02 ETA (HH:MM:SS) = 0:00:09
 [ 81%]  Time step     2269 of 2813 @ t_step =     2268 Time Avg = 1.784201E-02 Time/step= 1.780900E-02 ETA (HH:MM:SS) = 0:00:09
 [ 81%]  Time step     2270 of 2813 @ t_step =     2269 Time Avg = 1.784210E-02 Time/step= 1.803100E-02 ETA (HH:MM:SS) = 0:00:09
 [ 81%]  Time step     2271 of 2813 @ t_step =     2270 Time Avg = 1.784203E-02 Time/step= 1.769800E-02 ETA (HH:MM:SS) = 0:00:09
 [ 81%]  Time step     2272 of 2813 @ t_step =     2271 Time Avg = 1.784192E-02 Time/step= 1.758300E-02 ETA (HH:MM:SS) = 0:00:09
 [ 81%]  Time step     2273 of 2813 @ t_step =     2272 Time Avg = 1.784197E-02 Time/step= 1.794900E-02 ETA (HH:MM:SS) = 0:00:09
 [ 81%]  Time step     2274 of 2813 @ t_step =     2273 Time Avg = 1.784184E-02 Time/step= 1.754900E-02 ETA (HH:MM:SS) = 0:00:09
 [ 81%]  Time step     2275 of 2813 @ t_step =     2274 Time Avg = 1.784179E-02 Time/step= 1.773400E-02 ETA (HH:MM:SS) = 0:00:09
 [ 81%]  Time step     2276 of 2813 @ t_step =     2275 Time Avg = 1.784185E-02 Time/step= 1.796600E-02 ETA (HH:MM:SS) = 0:00:09
 [ 81%]  Time step     2277 of 2813 @ t_step =     2276 Time Avg = 1.784170E-02 Time/step= 1.752100E-02 ETA (HH:MM:SS) = 0:00:09
 [ 81%]  Time step     2278 of 2813 @ t_step =     2277 Time Avg = 1.784161E-02 Time/step= 1.763000E-02 ETA (HH:MM:SS) = 0:00:09
 [ 81%]  Time step     2279 of 2813 @ t_step =     2278 Time Avg = 1.784148E-02 Time/step= 1.753900E-02 ETA (HH:MM:SS) = 0:00:09
 [ 82%]  Time step     2280 of 2813 @ t_step =     2279 Time Avg = 1.784146E-02 Time/step= 1.779200E-02 ETA (HH:MM:SS) = 0:00:09
 [ 82%]  Time step     2281 of 2813 @ t_step =     2280 Time Avg = 1.784146E-02 Time/step= 1.784100E-02 ETA (HH:MM:SS) = 0:00:09
 [ 82%]  Time step     2282 of 2813 @ t_step =     2281 Time Avg = 1.784132E-02 Time/step= 1.753100E-02 ETA (HH:MM:SS) = 0:00:09
 [ 82%]  Time step     2283 of 2813 @ t_step =     2282 Time Avg = 1.784139E-02 Time/step= 1.799600E-02 ETA (HH:MM:SS) = 0:00:09
 [ 82%]  Time step     2284 of 2813 @ t_step =     2283 Time Avg = 1.784130E-02 Time/step= 1.764600E-02 ETA (HH:MM:SS) = 0:00:09
 [ 82%]  Time step     2285 of 2813 @ t_step =     2284 Time Avg = 1.784156E-02 Time/step= 1.844000E-02 ETA (HH:MM:SS) = 0:00:09
 [ 82%]  Time step     2286 of 2813 @ t_step =     2285 Time Avg = 1.784145E-02 Time/step= 1.756800E-02 ETA (HH:MM:SS) = 0:00:09
 [ 82%]  Time step     2287 of 2813 @ t_step =     2286 Time Avg = 1.784148E-02 Time/step= 1.793200E-02 ETA (HH:MM:SS) = 0:00:09
 [ 82%]  Time step     2288 of 2813 @ t_step =     2287 Time Avg = 1.784143E-02 Time/step= 1.771600E-02 ETA (HH:MM:SS) = 0:00:09
 [ 82%]  Time step     2289 of 2813 @ t_step =     2288 Time Avg = 1.784134E-02 Time/step= 1.764400E-02 ETA (HH:MM:SS) = 0:00:09
 [ 82%]  Time step     2290 of 2813 @ t_step =     2289 Time Avg = 1.784122E-02 Time/step= 1.755100E-02 ETA (HH:MM:SS) = 0:00:09
 [ 82%]  Time step     2291 of 2813 @ t_step =     2290 Time Avg = 1.784113E-02 Time/step= 1.763400E-02 ETA (HH:MM:SS) = 0:00:09
 [ 82%]  Time step     2292 of 2813 @ t_step =     2291 Time Avg = 1.784092E-02 Time/step= 1.737500E-02 ETA (HH:MM:SS) = 0:00:09
 [ 82%]  Time step     2293 of 2813 @ t_step =     2292 Time Avg = 1.784118E-02 Time/step= 1.842400E-02 ETA (HH:MM:SS) = 0:00:09
 [ 82%]  Time step     2294 of 2813 @ t_step =     2293 Time Avg = 1.784117E-02 Time/step= 1.782100E-02 ETA (HH:MM:SS) = 0:00:09
 [ 82%]  Time step     2295 of 2813 @ t_step =     2294 Time Avg = 1.784106E-02 Time/step= 1.759000E-02 ETA (HH:MM:SS) = 0:00:09
 [ 82%]  Time step     2296 of 2813 @ t_step =     2295 Time Avg = 1.784090E-02 Time/step= 1.747600E-02 ETA (HH:MM:SS) = 0:00:09
 [ 82%]  Time step     2297 of 2813 @ t_step =     2296 Time Avg = 1.784071E-02 Time/step= 1.740500E-02 ETA (HH:MM:SS) = 0:00:09
 [ 82%]  Time step     2298 of 2813 @ t_step =     2297 Time Avg = 1.784056E-02 Time/step= 1.750800E-02 ETA (HH:MM:SS) = 0:00:09
 [ 82%]  Time step     2299 of 2813 @ t_step =     2298 Time Avg = 1.784047E-02 Time/step= 1.762800E-02 ETA (HH:MM:SS) = 0:00:09
 [ 82%]  Time step     2300 of 2813 @ t_step =     2299 Time Avg = 1.784027E-02 Time/step= 1.736900E-02 ETA (HH:MM:SS) = 0:00:09
 [ 82%]  Time step     2301 of 2813 @ t_step =     2300 Time Avg = 1.784008E-02 Time/step= 1.740200E-02 ETA (HH:MM:SS) = 0:00:09
 [ 82%]  Time step     2302 of 2813 @ t_step =     2301 Time Avg = 1.783988E-02 Time/step= 1.739200E-02 ETA (HH:MM:SS) = 0:00:09
 [ 82%]  Time step     2303 of 2813 @ t_step =     2302 Time Avg = 1.783969E-02 Time/step= 1.739300E-02 ETA (HH:MM:SS) = 0:00:09
 [ 82%]  Time step     2304 of 2813 @ t_step =     2303 Time Avg = 1.783956E-02 Time/step= 1.753800E-02 ETA (HH:MM:SS) = 0:00:09
 [ 82%]  Time step     2305 of 2813 @ t_step =     2304 Time Avg = 1.783937E-02 Time/step= 1.742000E-02 ETA (HH:MM:SS) = 0:00:09
 [ 82%]  Time step     2306 of 2813 @ t_step =     2305 Time Avg = 1.783919E-02 Time/step= 1.741200E-02 ETA (HH:MM:SS) = 0:00:09
 [ 82%]  Time step     2307 of 2813 @ t_step =     2306 Time Avg = 1.783903E-02 Time/step= 1.747800E-02 ETA (HH:MM:SS) = 0:00:09
 [ 83%]  Time step     2308 of 2813 @ t_step =     2307 Time Avg = 1.783886E-02 Time/step= 1.745200E-02 ETA (HH:MM:SS) = 0:00:09
 [ 83%]  Time step     2309 of 2813 @ t_step =     2308 Time Avg = 1.783866E-02 Time/step= 1.737600E-02 ETA (HH:MM:SS) = 0:00:08
 [ 83%]  Time step     2310 of 2813 @ t_step =     2309 Time Avg = 1.783849E-02 Time/step= 1.743800E-02 ETA (HH:MM:SS) = 0:00:08
 [ 83%]  Time step     2311 of 2813 @ t_step =     2310 Time Avg = 1.783829E-02 Time/step= 1.739100E-02 ETA (HH:MM:SS) = 0:00:08
 [ 83%]  Time step     2312 of 2813 @ t_step =     2311 Time Avg = 1.783810E-02 Time/step= 1.738600E-02 ETA (HH:MM:SS) = 0:00:08
 [ 83%]  Time step     2313 of 2813 @ t_step =     2312 Time Avg = 1.783789E-02 Time/step= 1.736300E-02 ETA (HH:MM:SS) = 0:00:08
 [ 83%]  Time step     2314 of 2813 @ t_step =     2313 Time Avg = 1.783768E-02 Time/step= 1.735500E-02 ETA (HH:MM:SS) = 0:00:08
 [ 83%]  Time step     2315 of 2813 @ t_step =     2314 Time Avg = 1.783752E-02 Time/step= 1.746700E-02 ETA (HH:MM:SS) = 0:00:08
 [ 83%]  Time step     2316 of 2813 @ t_step =     2315 Time Avg = 1.783732E-02 Time/step= 1.737700E-02 ETA (HH:MM:SS) = 0:00:08
 [ 83%]  Time step     2317 of 2813 @ t_step =     2316 Time Avg = 1.783716E-02 Time/step= 1.744600E-02 ETA (HH:MM:SS) = 0:00:08
 [ 83%]  Time step     2318 of 2813 @ t_step =     2317 Time Avg = 1.783697E-02 Time/step= 1.740700E-02 ETA (HH:MM:SS) = 0:00:08
 [ 83%]  Time step     2319 of 2813 @ t_step =     2318 Time Avg = 1.783678E-02 Time/step= 1.739200E-02 ETA (HH:MM:SS) = 0:00:08
 [ 83%]  Time step     2320 of 2813 @ t_step =     2319 Time Avg = 1.783666E-02 Time/step= 1.755900E-02 ETA (HH:MM:SS) = 0:00:08
 [ 83%]  Time step     2321 of 2813 @ t_step =     2320 Time Avg = 1.783647E-02 Time/step= 1.740000E-02 ETA (HH:MM:SS) = 0:00:08
 [ 83%]  Time step     2322 of 2813 @ t_step =     2321 Time Avg = 1.783652E-02 Time/step= 1.794700E-02 ETA (HH:MM:SS) = 0:00:08
 [ 83%]  Time step     2323 of 2813 @ t_step =     2322 Time Avg = 1.783637E-02 Time/step= 1.750400E-02 ETA (HH:MM:SS) = 0:00:08
 [ 83%]  Time step     2324 of 2813 @ t_step =     2323 Time Avg = 1.783622E-02 Time/step= 1.747800E-02 ETA (HH:MM:SS) = 0:00:08
 [ 83%]  Time step     2325 of 2813 @ t_step =     2324 Time Avg = 1.783618E-02 Time/step= 1.775400E-02 ETA (HH:MM:SS) = 0:00:08
 [ 83%]  Time step     2326 of 2813 @ t_step =     2325 Time Avg = 1.783601E-02 Time/step= 1.742600E-02 ETA (HH:MM:SS) = 0:00:08
 [ 83%]  Time step     2327 of 2813 @ t_step =     2326 Time Avg = 1.783587E-02 Time/step= 1.752300E-02 ETA (HH:MM:SS) = 0:00:08
 [ 83%]  Time step     2328 of 2813 @ t_step =     2327 Time Avg = 1.783566E-02 Time/step= 1.734800E-02 ETA (HH:MM:SS) = 0:00:08
 [ 83%]  Time step     2329 of 2813 @ t_step =     2328 Time Avg = 1.783547E-02 Time/step= 1.739200E-02 ETA (HH:MM:SS) = 0:00:08
 [ 83%]  Time step     2330 of 2813 @ t_step =     2329 Time Avg = 1.783532E-02 Time/step= 1.749200E-02 ETA (HH:MM:SS) = 0:00:08
 [ 83%]  Time step     2331 of 2813 @ t_step =     2330 Time Avg = 1.783511E-02 Time/step= 1.733900E-02 ETA (HH:MM:SS) = 0:00:08
 [ 83%]  Time step     2332 of 2813 @ t_step =     2331 Time Avg = 1.783494E-02 Time/step= 1.743400E-02 ETA (HH:MM:SS) = 0:00:08
 [ 83%]  Time step     2333 of 2813 @ t_step =     2332 Time Avg = 1.783476E-02 Time/step= 1.741700E-02 ETA (HH:MM:SS) = 0:00:08
 [ 83%]  Time step     2334 of 2813 @ t_step =     2333 Time Avg = 1.783459E-02 Time/step= 1.743400E-02 ETA (HH:MM:SS) = 0:00:08
 [ 83%]  Time step     2335 of 2813 @ t_step =     2334 Time Avg = 1.783440E-02 Time/step= 1.739800E-02 ETA (HH:MM:SS) = 0:00:08
 [ 84%]  Time step     2336 of 2813 @ t_step =     2335 Time Avg = 1.783421E-02 Time/step= 1.739800E-02 ETA (HH:MM:SS) = 0:00:08
 [ 84%]  Time step     2337 of 2813 @ t_step =     2336 Time Avg = 1.783400E-02 Time/step= 1.734600E-02 ETA (HH:MM:SS) = 0:00:08
 [ 84%]  Time step     2338 of 2813 @ t_step =     2337 Time Avg = 1.783385E-02 Time/step= 1.748500E-02 ETA (HH:MM:SS) = 0:00:08
 [ 84%]  Time step     2339 of 2813 @ t_step =     2338 Time Avg = 1.783371E-02 Time/step= 1.749000E-02 ETA (HH:MM:SS) = 0:00:08
 [ 84%]  Time step     2340 of 2813 @ t_step =     2339 Time Avg = 1.783352E-02 Time/step= 1.739600E-02 ETA (HH:MM:SS) = 0:00:08
 [ 84%]  Time step     2341 of 2813 @ t_step =     2340 Time Avg = 1.783332E-02 Time/step= 1.737500E-02 ETA (HH:MM:SS) = 0:00:08
 [ 84%]  Time step     2342 of 2813 @ t_step =     2341 Time Avg = 1.783311E-02 Time/step= 1.734300E-02 ETA (HH:MM:SS) = 0:00:08
 [ 84%]  Time step     2343 of 2813 @ t_step =     2342 Time Avg = 1.783299E-02 Time/step= 1.754900E-02 ETA (HH:MM:SS) = 0:00:08
 [ 84%]  Time step     2344 of 2813 @ t_step =     2343 Time Avg = 1.783283E-02 Time/step= 1.744000E-02 ETA (HH:MM:SS) = 0:00:08
 [ 84%]  Time step     2345 of 2813 @ t_step =     2344 Time Avg = 1.783268E-02 Time/step= 1.748400E-02 ETA (HH:MM:SS) = 0:00:08
 [ 84%]  Time step     2346 of 2813 @ t_step =     2345 Time Avg = 1.783248E-02 Time/step= 1.737400E-02 ETA (HH:MM:SS) = 0:00:08
 [ 84%]  Time step     2347 of 2813 @ t_step =     2346 Time Avg = 1.783228E-02 Time/step= 1.735400E-02 ETA (HH:MM:SS) = 0:00:08
 [ 84%]  Time step     2348 of 2813 @ t_step =     2347 Time Avg = 1.783207E-02 Time/step= 1.733700E-02 ETA (HH:MM:SS) = 0:00:08
 [ 84%]  Time step     2349 of 2813 @ t_step =     2348 Time Avg = 1.783188E-02 Time/step= 1.740800E-02 ETA (HH:MM:SS) = 0:00:08
 [ 84%]  Time step     2350 of 2813 @ t_step =     2349 Time Avg = 1.783167E-02 Time/step= 1.733600E-02 ETA (HH:MM:SS) = 0:00:08
 [ 84%]  Time step     2351 of 2813 @ t_step =     2350 Time Avg = 1.783193E-02 Time/step= 1.844600E-02 ETA (HH:MM:SS) = 0:00:08
 [ 84%]  Time step     2352 of 2813 @ t_step =     2351 Time Avg = 1.783179E-02 Time/step= 1.749700E-02 ETA (HH:MM:SS) = 0:00:08
 [ 84%]  Time step     2353 of 2813 @ t_step =     2352 Time Avg = 1.783165E-02 Time/step= 1.749400E-02 ETA (HH:MM:SS) = 0:00:08
 [ 84%]  Time step     2354 of 2813 @ t_step =     2353 Time Avg = 1.783147E-02 Time/step= 1.740200E-02 ETA (HH:MM:SS) = 0:00:08
 [ 84%]  Time step     2355 of 2813 @ t_step =     2354 Time Avg = 1.783130E-02 Time/step= 1.743000E-02 ETA (HH:MM:SS) = 0:00:08
 [ 84%]  Time step     2356 of 2813 @ t_step =     2355 Time Avg = 1.783110E-02 Time/step= 1.738200E-02 ETA (HH:MM:SS) = 0:00:08
 [ 84%]  Time step     2357 of 2813 @ t_step =     2356 Time Avg = 1.783089E-02 Time/step= 1.733800E-02 ETA (HH:MM:SS) = 0:00:08
 [ 84%]  Time step     2358 of 2813 @ t_step =     2357 Time Avg = 1.783071E-02 Time/step= 1.739000E-02 ETA (HH:MM:SS) = 0:00:08
 [ 84%]  Time step     2359 of 2813 @ t_step =     2358 Time Avg = 1.783054E-02 Time/step= 1.744800E-02 ETA (HH:MM:SS) = 0:00:08
 [ 84%]  Time step     2360 of 2813 @ t_step =     2359 Time Avg = 1.783034E-02 Time/step= 1.735500E-02 ETA (HH:MM:SS) = 0:00:08
 [ 84%]  Time step     2361 of 2813 @ t_step =     2360 Time Avg = 1.783016E-02 Time/step= 1.739700E-02 ETA (HH:MM:SS) = 0:00:08
 [ 84%]  Time step     2362 of 2813 @ t_step =     2361 Time Avg = 1.783002E-02 Time/step= 1.750100E-02 ETA (HH:MM:SS) = 0:00:08
 [ 84%]  Time step     2363 of 2813 @ t_step =     2362 Time Avg = 1.782983E-02 Time/step= 1.737400E-02 ETA (HH:MM:SS) = 0:00:08
 [ 85%]  Time step     2364 of 2813 @ t_step =     2363 Time Avg = 1.782962E-02 Time/step= 1.734700E-02 ETA (HH:MM:SS) = 0:00:08
 [ 85%]  Time step     2365 of 2813 @ t_step =     2364 Time Avg = 1.782944E-02 Time/step= 1.740400E-02 ETA (HH:MM:SS) = 0:00:07
 [ 85%]  Time step     2366 of 2813 @ t_step =     2365 Time Avg = 1.782941E-02 Time/step= 1.775100E-02 ETA (HH:MM:SS) = 0:00:07
 [ 85%]  Time step     2367 of 2813 @ t_step =     2366 Time Avg = 1.782945E-02 Time/step= 1.791700E-02 ETA (HH:MM:SS) = 0:00:07
 [ 85%]  Time step     2368 of 2813 @ t_step =     2367 Time Avg = 1.782925E-02 Time/step= 1.736200E-02 ETA (HH:MM:SS) = 0:00:07
 [ 85%]  Time step     2369 of 2813 @ t_step =     2368 Time Avg = 1.782916E-02 Time/step= 1.762500E-02 ETA (HH:MM:SS) = 0:00:07
 [ 85%]  Time step     2370 of 2813 @ t_step =     2369 Time Avg = 1.782899E-02 Time/step= 1.741300E-02 ETA (HH:MM:SS) = 0:00:07
 [ 85%]  Time step     2371 of 2813 @ t_step =     2370 Time Avg = 1.782878E-02 Time/step= 1.735100E-02 ETA (HH:MM:SS) = 0:00:07
 [ 85%]  Time step     2372 of 2813 @ t_step =     2371 Time Avg = 1.782863E-02 Time/step= 1.746800E-02 ETA (HH:MM:SS) = 0:00:07
 [ 85%]  Time step     2373 of 2813 @ t_step =     2372 Time Avg = 1.782843E-02 Time/step= 1.735500E-02 ETA (HH:MM:SS) = 0:00:07
 [ 85%]  Time step     2374 of 2813 @ t_step =     2373 Time Avg = 1.782826E-02 Time/step= 1.740900E-02 ETA (HH:MM:SS) = 0:00:07
 [ 85%]  Time step     2375 of 2813 @ t_step =     2374 Time Avg = 1.782809E-02 Time/step= 1.743100E-02 ETA (HH:MM:SS) = 0:00:07
 [ 85%]  Time step     2376 of 2813 @ t_step =     2375 Time Avg = 1.782789E-02 Time/step= 1.735400E-02 ETA (HH:MM:SS) = 0:00:07
 [ 85%]  Time step     2377 of 2813 @ t_step =     2376 Time Avg = 1.782772E-02 Time/step= 1.742700E-02 ETA (HH:MM:SS) = 0:00:07
 [ 85%]  Time step     2378 of 2813 @ t_step =     2377 Time Avg = 1.782758E-02 Time/step= 1.748800E-02 ETA (HH:MM:SS) = 0:00:07
 [ 85%]  Time step     2379 of 2813 @ t_step =     2378 Time Avg = 1.782742E-02 Time/step= 1.746800E-02 ETA (HH:MM:SS) = 0:00:07
 [ 85%]  Time step     2380 of 2813 @ t_step =     2379 Time Avg = 1.782779E-02 Time/step= 1.869500E-02 ETA (HH:MM:SS) = 0:00:07
 [ 85%]  Time step     2381 of 2813 @ t_step =     2380 Time Avg = 1.782773E-02 Time/step= 1.767500E-02 ETA (HH:MM:SS) = 0:00:07
 [ 85%]  Time step     2382 of 2813 @ t_step =     2381 Time Avg = 1.782766E-02 Time/step= 1.768300E-02 ETA (HH:MM:SS) = 0:00:07
 [ 85%]  Time step     2383 of 2813 @ t_step =     2382 Time Avg = 1.782757E-02 Time/step= 1.759500E-02 ETA (HH:MM:SS) = 0:00:07
 [ 85%]  Time step     2384 of 2813 @ t_step =     2383 Time Avg = 1.782736E-02 Time/step= 1.733600E-02 ETA (HH:MM:SS) = 0:00:07
 [ 85%]  Time step     2385 of 2813 @ t_step =     2384 Time Avg = 1.782720E-02 Time/step= 1.745300E-02 ETA (HH:MM:SS) = 0:00:07
 [ 85%]  Time step     2386 of 2813 @ t_step =     2385 Time Avg = 1.782704E-02 Time/step= 1.744700E-02 ETA (HH:MM:SS) = 0:00:07
 [ 85%]  Time step     2387 of 2813 @ t_step =     2386 Time Avg = 1.782688E-02 Time/step= 1.743900E-02 ETA (HH:MM:SS) = 0:00:07
 [ 85%]  Time step     2388 of 2813 @ t_step =     2387 Time Avg = 1.782669E-02 Time/step= 1.737000E-02 ETA (HH:MM:SS) = 0:00:07
 [ 85%]  Time step     2389 of 2813 @ t_step =     2388 Time Avg = 1.782651E-02 Time/step= 1.740800E-02 ETA (HH:MM:SS) = 0:00:07
 [ 85%]  Time step     2390 of 2813 @ t_step =     2389 Time Avg = 1.782638E-02 Time/step= 1.750000E-02 ETA (HH:MM:SS) = 0:00:07
 [ 85%]  Time step     2391 of 2813 @ t_step =     2390 Time Avg = 1.782620E-02 Time/step= 1.740200E-02 ETA (HH:MM:SS) = 0:00:07
 [ 85%]  Time step     2392 of 2813 @ t_step =     2391 Time Avg = 1.782600E-02 Time/step= 1.734000E-02 ETA (HH:MM:SS) = 0:00:07
 [ 86%]  Time step     2393 of 2813 @ t_step =     2392 Time Avg = 1.782580E-02 Time/step= 1.735700E-02 ETA (HH:MM:SS) = 0:00:07
 [ 86%]  Time step     2394 of 2813 @ t_step =     2393 Time Avg = 1.782567E-02 Time/step= 1.752500E-02 ETA (HH:MM:SS) = 0:00:07
 [ 86%]  Time step     2395 of 2813 @ t_step =     2394 Time Avg = 1.782548E-02 Time/step= 1.737000E-02 ETA (HH:MM:SS) = 0:00:07
 [ 86%]  Time step     2396 of 2813 @ t_step =     2395 Time Avg = 1.782530E-02 Time/step= 1.739400E-02 ETA (HH:MM:SS) = 0:00:07
 [ 86%]  Time step     2397 of 2813 @ t_step =     2396 Time Avg = 1.782513E-02 Time/step= 1.742300E-02 ETA (HH:MM:SS) = 0:00:07
 [ 86%]  Time step     2398 of 2813 @ t_step =     2397 Time Avg = 1.782503E-02 Time/step= 1.756900E-02 ETA (HH:MM:SS) = 0:00:07
 [ 86%]  Time step     2399 of 2813 @ t_step =     2398 Time Avg = 1.782485E-02 Time/step= 1.739100E-02 ETA (HH:MM:SS) = 0:00:07
 [ 86%]  Time step     2400 of 2813 @ t_step =     2399 Time Avg = 1.782472E-02 Time/step= 1.752600E-02 ETA (HH:MM:SS) = 0:00:07
 [ 86%]  Time step     2401 of 2813 @ t_step =     2400 Time Avg = 1.782454E-02 Time/step= 1.739500E-02 ETA (HH:MM:SS) = 0:00:07
 [ 86%]  Time step     2402 of 2813 @ t_step =     2401 Time Avg = 1.782438E-02 Time/step= 1.743400E-02 ETA (HH:MM:SS) = 0:00:07
 [ 86%]  Time step     2403 of 2813 @ t_step =     2402 Time Avg = 1.782420E-02 Time/step= 1.739300E-02 ETA (HH:MM:SS) = 0:00:07
 [ 86%]  Time step     2404 of 2813 @ t_step =     2403 Time Avg = 1.782401E-02 Time/step= 1.736300E-02 ETA (HH:MM:SS) = 0:00:07
 [ 86%]  Time step     2405 of 2813 @ t_step =     2404 Time Avg = 1.782382E-02 Time/step= 1.737100E-02 ETA (HH:MM:SS) = 0:00:07
 [ 86%]  Time step     2406 of 2813 @ t_step =     2405 Time Avg = 1.782364E-02 Time/step= 1.738000E-02 ETA (HH:MM:SS) = 0:00:07
 [ 86%]  Time step     2407 of 2813 @ t_step =     2406 Time Avg = 1.782345E-02 Time/step= 1.736700E-02 ETA (HH:MM:SS) = 0:00:07
 [ 86%]  Time step     2408 of 2813 @ t_step =     2407 Time Avg = 1.782328E-02 Time/step= 1.743700E-02 ETA (HH:MM:SS) = 0:00:07
 [ 86%]  Time step     2409 of 2813 @ t_step =     2408 Time Avg = 1.782343E-02 Time/step= 1.818200E-02 ETA (HH:MM:SS) = 0:00:07
 [ 86%]  Time step     2410 of 2813 @ t_step =     2409 Time Avg = 1.782348E-02 Time/step= 1.793900E-02 ETA (HH:MM:SS) = 0:00:07
 [ 86%]  Time step     2411 of 2813 @ t_step =     2410 Time Avg = 1.782338E-02 Time/step= 1.759100E-02 ETA (HH:MM:SS) = 0:00:07
 [ 86%]  Time step     2412 of 2813 @ t_step =     2411 Time Avg = 1.782319E-02 Time/step= 1.734600E-02 ETA (HH:MM:SS) = 0:00:07
 [ 86%]  Time step     2413 of 2813 @ t_step =     2412 Time Avg = 1.782304E-02 Time/step= 1.746000E-02 ETA (HH:MM:SS) = 0:00:07
 [ 86%]  Time step     2414 of 2813 @ t_step =     2413 Time Avg = 1.782284E-02 Time/step= 1.735400E-02 ETA (HH:MM:SS) = 0:00:07
 [ 86%]  Time step     2415 of 2813 @ t_step =     2414 Time Avg = 1.782265E-02 Time/step= 1.736600E-02 ETA (HH:MM:SS) = 0:00:07
 [ 86%]  Time step     2416 of 2813 @ t_step =     2415 Time Avg = 1.782248E-02 Time/step= 1.740700E-02 ETA (HH:MM:SS) = 0:00:07
 [ 86%]  Time step     2417 of 2813 @ t_step =     2416 Time Avg = 1.782229E-02 Time/step= 1.737300E-02 ETA (HH:MM:SS) = 0:00:07
 [ 86%]  Time step     2418 of 2813 @ t_step =     2417 Time Avg = 1.782211E-02 Time/step= 1.738800E-02 ETA (HH:MM:SS) = 0:00:07
 [ 86%]  Time step     2419 of 2813 @ t_step =     2418 Time Avg = 1.782199E-02 Time/step= 1.753300E-02 ETA (HH:MM:SS) = 0:00:07
 [ 86%]  Time step     2420 of 2813 @ t_step =     2419 Time Avg = 1.782183E-02 Time/step= 1.743700E-02 ETA (HH:MM:SS) = 0:00:07
 [ 87%]  Time step     2421 of 2813 @ t_step =     2420 Time Avg = 1.782164E-02 Time/step= 1.734100E-02 ETA (HH:MM:SS) = 0:00:06
 [ 87%]  Time step     2422 of 2813 @ t_step =     2421 Time Avg = 1.782146E-02 Time/step= 1.738500E-02 ETA (HH:MM:SS) = 0:00:06
 [ 87%]  Time step     2423 of 2813 @ t_step =     2422 Time Avg = 1.782127E-02 Time/step= 1.738000E-02 ETA (HH:MM:SS) = 0:00:06
 [ 87%]  Time step     2424 of 2813 @ t_step =     2423 Time Avg = 1.782108E-02 Time/step= 1.735000E-02 ETA (HH:MM:SS) = 0:00:06
 [ 87%]  Time step     2425 of 2813 @ t_step =     2424 Time Avg = 1.782091E-02 Time/step= 1.740700E-02 ETA (HH:MM:SS) = 0:00:06
 [ 87%]  Time step     2426 of 2813 @ t_step =     2425 Time Avg = 1.782076E-02 Time/step= 1.747000E-02 ETA (HH:MM:SS) = 0:00:06
 [ 87%]  Time step     2427 of 2813 @ t_step =     2426 Time Avg = 1.782058E-02 Time/step= 1.738400E-02 ETA (HH:MM:SS) = 0:00:06
 [ 87%]  Time step     2428 of 2813 @ t_step =     2427 Time Avg = 1.782040E-02 Time/step= 1.738000E-02 ETA (HH:MM:SS) = 0:00:06
 [ 87%]  Time step     2429 of 2813 @ t_step =     2428 Time Avg = 1.782021E-02 Time/step= 1.735400E-02 ETA (HH:MM:SS) = 0:00:06
 [ 87%]  Time step     2430 of 2813 @ t_step =     2429 Time Avg = 1.782006E-02 Time/step= 1.745400E-02 ETA (HH:MM:SS) = 0:00:06
 [ 87%]  Time step     2431 of 2813 @ t_step =     2430 Time Avg = 1.781987E-02 Time/step= 1.736900E-02 ETA (HH:MM:SS) = 0:00:06
 [ 87%]  Time step     2432 of 2813 @ t_step =     2431 Time Avg = 1.781972E-02 Time/step= 1.743900E-02 ETA (HH:MM:SS) = 0:00:06
 [ 87%]  Time step     2433 of 2813 @ t_step =     2432 Time Avg = 1.781955E-02 Time/step= 1.742900E-02 ETA (HH:MM:SS) = 0:00:06
 [ 87%]  Time step     2434 of 2813 @ t_step =     2433 Time Avg = 1.781939E-02 Time/step= 1.742300E-02 ETA (HH:MM:SS) = 0:00:06
 [ 87%]  Time step     2435 of 2813 @ t_step =     2434 Time Avg = 1.781921E-02 Time/step= 1.737600E-02 ETA (HH:MM:SS) = 0:00:06
 [ 87%]  Time step     2436 of 2813 @ t_step =     2435 Time Avg = 1.781907E-02 Time/step= 1.748900E-02 ETA (HH:MM:SS) = 0:00:06
 [ 87%]  Time step     2437 of 2813 @ t_step =     2436 Time Avg = 1.781890E-02 Time/step= 1.740800E-02 ETA (HH:MM:SS) = 0:00:06
 [ 87%]  Time step     2438 of 2813 @ t_step =     2437 Time Avg = 1.781925E-02 Time/step= 1.866800E-02 ETA (HH:MM:SS) = 0:00:06
 [ 87%]  Time step     2439 of 2813 @ t_step =     2438 Time Avg = 1.781940E-02 Time/step= 1.817800E-02 ETA (HH:MM:SS) = 0:00:06
 [ 87%]  Time step     2440 of 2813 @ t_step =     2439 Time Avg = 1.781937E-02 Time/step= 1.774800E-02 ETA (HH:MM:SS) = 0:00:06
 [ 87%]  Time step     2441 of 2813 @ t_step =     2440 Time Avg = 1.781928E-02 Time/step= 1.759400E-02 ETA (HH:MM:SS) = 0:00:06
 [ 87%]  Time step     2442 of 2813 @ t_step =     2441 Time Avg = 1.781918E-02 Time/step= 1.757400E-02 ETA (HH:MM:SS) = 0:00:06
 [ 87%]  Time step     2443 of 2813 @ t_step =     2442 Time Avg = 1.781904E-02 Time/step= 1.748600E-02 ETA (HH:MM:SS) = 0:00:06
 [ 87%]  Time step     2444 of 2813 @ t_step =     2443 Time Avg = 1.781891E-02 Time/step= 1.748700E-02 ETA (HH:MM:SS) = 0:00:06
 [ 87%]  Time step     2445 of 2813 @ t_step =     2444 Time Avg = 1.781876E-02 Time/step= 1.746600E-02 ETA (HH:MM:SS) = 0:00:06
 [ 87%]  Time step     2446 of 2813 @ t_step =     2445 Time Avg = 1.781867E-02 Time/step= 1.758600E-02 ETA (HH:MM:SS) = 0:00:06
 [ 87%]  Time step     2447 of 2813 @ t_step =     2446 Time Avg = 1.781852E-02 Time/step= 1.745800E-02 ETA (HH:MM:SS) = 0:00:06
 [ 87%]  Time step     2448 of 2813 @ t_step =     2447 Time Avg = 1.781842E-02 Time/step= 1.758600E-02 ETA (HH:MM:SS) = 0:00:06
 [ 88%]  Time step     2449 of 2813 @ t_step =     2448 Time Avg = 1.781833E-02 Time/step= 1.758300E-02 ETA (HH:MM:SS) = 0:00:06
 [ 88%]  Time step     2450 of 2813 @ t_step =     2449 Time Avg = 1.781821E-02 Time/step= 1.754300E-02 ETA (HH:MM:SS) = 0:00:06
 [ 88%]  Time step     2451 of 2813 @ t_step =     2450 Time Avg = 1.781808E-02 Time/step= 1.749800E-02 ETA (HH:MM:SS) = 0:00:06
 [ 88%]  Time step     2452 of 2813 @ t_step =     2451 Time Avg = 1.781797E-02 Time/step= 1.754500E-02 ETA (HH:MM:SS) = 0:00:06
 [ 88%]  Time step     2453 of 2813 @ t_step =     2452 Time Avg = 1.781788E-02 Time/step= 1.759300E-02 ETA (HH:MM:SS) = 0:00:06
 [ 88%]  Time step     2454 of 2813 @ t_step =     2453 Time Avg = 1.781783E-02 Time/step= 1.770400E-02 ETA (HH:MM:SS) = 0:00:06
 [ 88%]  Time step     2455 of 2813 @ t_step =     2454 Time Avg = 1.781772E-02 Time/step= 1.753500E-02 ETA (HH:MM:SS) = 0:00:06
 [ 88%]  Time step     2456 of 2813 @ t_step =     2455 Time Avg = 1.781792E-02 Time/step= 1.832500E-02 ETA (HH:MM:SS) = 0:00:06
 [ 88%]  Time step     2457 of 2813 @ t_step =     2456 Time Avg = 1.781789E-02 Time/step= 1.772900E-02 ETA (HH:MM:SS) = 0:00:06
 [ 88%]  Time step     2458 of 2813 @ t_step =     2457 Time Avg = 1.781782E-02 Time/step= 1.763800E-02 ETA (HH:MM:SS) = 0:00:06
 [ 88%]  Time step     2459 of 2813 @ t_step =     2458 Time Avg = 1.781769E-02 Time/step= 1.750000E-02 ETA (HH:MM:SS) = 0:00:06
 [ 88%]  Time step     2460 of 2813 @ t_step =     2459 Time Avg = 1.781758E-02 Time/step= 1.756400E-02 ETA (HH:MM:SS) = 0:00:06
 [ 88%]  Time step     2461 of 2813 @ t_step =     2460 Time Avg = 1.781745E-02 Time/step= 1.748900E-02 ETA (HH:MM:SS) = 0:00:06
 [ 88%]  Time step     2462 of 2813 @ t_step =     2461 Time Avg = 1.781734E-02 Time/step= 1.755400E-02 ETA (HH:MM:SS) = 0:00:06
 [ 88%]  Time step     2463 of 2813 @ t_step =     2462 Time Avg = 1.781722E-02 Time/step= 1.751500E-02 ETA (HH:MM:SS) = 0:00:06
 [ 88%]  Time step     2464 of 2813 @ t_step =     2463 Time Avg = 1.781712E-02 Time/step= 1.758100E-02 ETA (HH:MM:SS) = 0:00:06
 [ 88%]  Time step     2465 of 2813 @ t_step =     2464 Time Avg = 1.781699E-02 Time/step= 1.749000E-02 ETA (HH:MM:SS) = 0:00:06
 [ 88%]  Time step     2466 of 2813 @ t_step =     2465 Time Avg = 1.781694E-02 Time/step= 1.769100E-02 ETA (HH:MM:SS) = 0:00:06
 [ 88%]  Time step     2467 of 2813 @ t_step =     2466 Time Avg = 1.781716E-02 Time/step= 1.837200E-02 ETA (HH:MM:SS) = 0:00:06
 [ 88%]  Time step     2468 of 2813 @ t_step =     2467 Time Avg = 1.781723E-02 Time/step= 1.797500E-02 ETA (HH:MM:SS) = 0:00:06
 [ 88%]  Time step     2469 of 2813 @ t_step =     2468 Time Avg = 1.781713E-02 Time/step= 1.757700E-02 ETA (HH:MM:SS) = 0:00:06
 [ 88%]  Time step     2470 of 2813 @ t_step =     2469 Time Avg = 1.781700E-02 Time/step= 1.749200E-02 ETA (HH:MM:SS) = 0:00:06
 [ 88%]  Time step     2471 of 2813 @ t_step =     2470 Time Avg = 1.781686E-02 Time/step= 1.747000E-02 ETA (HH:MM:SS) = 0:00:06
 [ 88%]  Time step     2472 of 2813 @ t_step =     2471 Time Avg = 1.781666E-02 Time/step= 1.733400E-02 ETA (HH:MM:SS) = 0:00:06
 [ 88%]  Time step     2473 of 2813 @ t_step =     2472 Time Avg = 1.781651E-02 Time/step= 1.743800E-02 ETA (HH:MM:SS) = 0:00:06
 [ 88%]  Time step     2474 of 2813 @ t_step =     2473 Time Avg = 1.781632E-02 Time/step= 1.734300E-02 ETA (HH:MM:SS) = 0:00:06
 [ 88%]  Time step     2475 of 2813 @ t_step =     2474 Time Avg = 1.781613E-02 Time/step= 1.734300E-02 ETA (HH:MM:SS) = 0:00:06
 [ 88%]  Time step     2476 of 2813 @ t_step =     2475 Time Avg = 1.781596E-02 Time/step= 1.739200E-02 ETA (HH:MM:SS) = 0:00:06
 [ 89%]  Time step     2477 of 2813 @ t_step =     2476 Time Avg = 1.781580E-02 Time/step= 1.742600E-02 ETA (HH:MM:SS) = 0:00:05
 [ 89%]  Time step     2478 of 2813 @ t_step =     2477 Time Avg = 1.781567E-02 Time/step= 1.751000E-02 ETA (HH:MM:SS) = 0:00:05
 [ 89%]  Time step     2479 of 2813 @ t_step =     2478 Time Avg = 1.781550E-02 Time/step= 1.738300E-02 ETA (HH:MM:SS) = 0:00:05
 [ 89%]  Time step     2480 of 2813 @ t_step =     2479 Time Avg = 1.781535E-02 Time/step= 1.743800E-02 ETA (HH:MM:SS) = 0:00:05
 [ 89%]  Time step     2481 of 2813 @ t_step =     2480 Time Avg = 1.781520E-02 Time/step= 1.744600E-02 ETA (HH:MM:SS) = 0:00:05
 [ 89%]  Time step     2482 of 2813 @ t_step =     2481 Time Avg = 1.781504E-02 Time/step= 1.743100E-02 ETA (HH:MM:SS) = 0:00:05
 [ 89%]  Time step     2483 of 2813 @ t_step =     2482 Time Avg = 1.781485E-02 Time/step= 1.733100E-02 ETA (HH:MM:SS) = 0:00:05
 [ 89%]  Time step     2484 of 2813 @ t_step =     2483 Time Avg = 1.781469E-02 Time/step= 1.742100E-02 ETA (HH:MM:SS) = 0:00:05
 [ 89%]  Time step     2485 of 2813 @ t_step =     2484 Time Avg = 1.781451E-02 Time/step= 1.736700E-02 ETA (HH:MM:SS) = 0:00:05
 [ 89%]  Time step     2486 of 2813 @ t_step =     2485 Time Avg = 1.781433E-02 Time/step= 1.737300E-02 ETA (HH:MM:SS) = 0:00:05
 [ 89%]  Time step     2487 of 2813 @ t_step =     2486 Time Avg = 1.781422E-02 Time/step= 1.755000E-02 ETA (HH:MM:SS) = 0:00:05
 [ 89%]  Time step     2488 of 2813 @ t_step =     2487 Time Avg = 1.781407E-02 Time/step= 1.743100E-02 ETA (HH:MM:SS) = 0:00:05
 [ 89%]  Time step     2489 of 2813 @ t_step =     2488 Time Avg = 1.781397E-02 Time/step= 1.755300E-02 ETA (HH:MM:SS) = 0:00:05
 [ 89%]  Time step     2490 of 2813 @ t_step =     2489 Time Avg = 1.781387E-02 Time/step= 1.757000E-02 ETA (HH:MM:SS) = 0:00:05
 [ 89%]  Time step     2491 of 2813 @ t_step =     2490 Time Avg = 1.781375E-02 Time/step= 1.752000E-02 ETA (HH:MM:SS) = 0:00:05
 [ 89%]  Time step     2492 of 2813 @ t_step =     2491 Time Avg = 1.781357E-02 Time/step= 1.735700E-02 ETA (HH:MM:SS) = 0:00:05
 [ 89%]  Time step     2493 of 2813 @ t_step =     2492 Time Avg = 1.781343E-02 Time/step= 1.747900E-02 ETA (HH:MM:SS) = 0:00:05
 [ 89%]  Time step     2494 of 2813 @ t_step =     2493 Time Avg = 1.781323E-02 Time/step= 1.730900E-02 ETA (HH:MM:SS) = 0:00:05
 [ 89%]  Time step     2495 of 2813 @ t_step =     2494 Time Avg = 1.781305E-02 Time/step= 1.736600E-02 ETA (HH:MM:SS) = 0:00:05
 [ 89%]  Time step     2496 of 2813 @ t_step =     2495 Time Avg = 1.781324E-02 Time/step= 1.827900E-02 ETA (HH:MM:SS) = 0:00:05
 [ 89%]  Time step     2497 of 2813 @ t_step =     2496 Time Avg = 1.781327E-02 Time/step= 1.788700E-02 ETA (HH:MM:SS) = 0:00:05
 [ 89%]  Time step     2498 of 2813 @ t_step =     2497 Time Avg = 1.781316E-02 Time/step= 1.755000E-02 ETA (HH:MM:SS) = 0:00:05
 [ 89%]  Time step     2499 of 2813 @ t_step =     2498 Time Avg = 1.781301E-02 Time/step= 1.744200E-02 ETA (HH:MM:SS) = 0:00:05
 [ 89%]  Time step     2500 of 2813 @ t_step =     2499 Time Avg = 1.781285E-02 Time/step= 1.740900E-02 ETA (HH:MM:SS) = 0:00:05
 [ 89%]  Time step     2501 of 2813 @ t_step =     2500 Time Avg = 1.781267E-02 Time/step= 1.735400E-02 ETA (HH:MM:SS) = 0:00:05
 [ 89%]  Time step     2502 of 2813 @ t_step =     2501 Time Avg = 1.781249E-02 Time/step= 1.736400E-02 ETA (HH:MM:SS) = 0:00:05
 [ 89%]  Time step     2503 of 2813 @ t_step =     2502 Time Avg = 1.781232E-02 Time/step= 1.739200E-02 ETA (HH:MM:SS) = 0:00:05
 [ 89%]  Time step     2504 of 2813 @ t_step =     2503 Time Avg = 1.781224E-02 Time/step= 1.761600E-02 ETA (HH:MM:SS) = 0:00:05
 [ 90%]  Time step     2505 of 2813 @ t_step =     2504 Time Avg = 1.781207E-02 Time/step= 1.739700E-02 ETA (HH:MM:SS) = 0:00:05
 [ 90%]  Time step     2506 of 2813 @ t_step =     2505 Time Avg = 1.781199E-02 Time/step= 1.759600E-02 ETA (HH:MM:SS) = 0:00:05
 [ 90%]  Time step     2507 of 2813 @ t_step =     2506 Time Avg = 1.781184E-02 Time/step= 1.744200E-02 ETA (HH:MM:SS) = 0:00:05
 [ 90%]  Time step     2508 of 2813 @ t_step =     2507 Time Avg = 1.781176E-02 Time/step= 1.761800E-02 ETA (HH:MM:SS) = 0:00:05
 [ 90%]  Time step     2509 of 2813 @ t_step =     2508 Time Avg = 1.781159E-02 Time/step= 1.737100E-02 ETA (HH:MM:SS) = 0:00:05
 [ 90%]  Time step     2510 of 2813 @ t_step =     2509 Time Avg = 1.781146E-02 Time/step= 1.749500E-02 ETA (HH:MM:SS) = 0:00:05
 [ 90%]  Time step     2511 of 2813 @ t_step =     2510 Time Avg = 1.781129E-02 Time/step= 1.739600E-02 ETA (HH:MM:SS) = 0:00:05
 [ 90%]  Time step     2512 of 2813 @ t_step =     2511 Time Avg = 1.781110E-02 Time/step= 1.733100E-02 ETA (HH:MM:SS) = 0:00:05
 [ 90%]  Time step     2513 of 2813 @ t_step =     2512 Time Avg = 1.781094E-02 Time/step= 1.740500E-02 ETA (HH:MM:SS) = 0:00:05
 [ 90%]  Time step     2514 of 2813 @ t_step =     2513 Time Avg = 1.781082E-02 Time/step= 1.749500E-02 ETA (HH:MM:SS) = 0:00:05
 [ 90%]  Time step     2515 of 2813 @ t_step =     2514 Time Avg = 1.781068E-02 Time/step= 1.746500E-02 ETA (HH:MM:SS) = 0:00:05
 [ 90%]  Time step     2516 of 2813 @ t_step =     2515 Time Avg = 1.781055E-02 Time/step= 1.748000E-02 ETA (HH:MM:SS) = 0:00:05
 [ 90%]  Time step     2517 of 2813 @ t_step =     2516 Time Avg = 1.781039E-02 Time/step= 1.742600E-02 ETA (HH:MM:SS) = 0:00:05
 [ 90%]  Time step     2518 of 2813 @ t_step =     2517 Time Avg = 1.781028E-02 Time/step= 1.752800E-02 ETA (HH:MM:SS) = 0:00:05
 [ 90%]  Time step     2519 of 2813 @ t_step =     2518 Time Avg = 1.781012E-02 Time/step= 1.740500E-02 ETA (HH:MM:SS) = 0:00:05
 [ 90%]  Time step     2520 of 2813 @ t_step =     2519 Time Avg = 1.780993E-02 Time/step= 1.732800E-02 ETA (HH:MM:SS) = 0:00:05
 [ 90%]  Time step     2521 of 2813 @ t_step =     2520 Time Avg = 1.780976E-02 Time/step= 1.739600E-02 ETA (HH:MM:SS) = 0:00:05
 [ 90%]  Time step     2522 of 2813 @ t_step =     2521 Time Avg = 1.780957E-02 Time/step= 1.733100E-02 ETA (HH:MM:SS) = 0:00:05
 [ 90%]  Time step     2523 of 2813 @ t_step =     2522 Time Avg = 1.780940E-02 Time/step= 1.737500E-02 ETA (HH:MM:SS) = 0:00:05
 [ 90%]  Time step     2524 of 2813 @ t_step =     2523 Time Avg = 1.780925E-02 Time/step= 1.741900E-02 ETA (HH:MM:SS) = 0:00:05
 [ 90%]  Time step     2525 of 2813 @ t_step =     2524 Time Avg = 1.780919E-02 Time/step= 1.766800E-02 ETA (HH:MM:SS) = 0:00:05
 [ 90%]  Time step     2526 of 2813 @ t_step =     2525 Time Avg = 1.780906E-02 Time/step= 1.748300E-02 ETA (HH:MM:SS) = 0:00:05
 [ 90%]  Time step     2527 of 2813 @ t_step =     2526 Time Avg = 1.780898E-02 Time/step= 1.759500E-02 ETA (HH:MM:SS) = 0:00:05
 [ 90%]  Time step     2528 of 2813 @ t_step =     2527 Time Avg = 1.780885E-02 Time/step= 1.749200E-02 ETA (HH:MM:SS) = 0:00:05
 [ 90%]  Time step     2529 of 2813 @ t_step =     2528 Time Avg = 1.780867E-02 Time/step= 1.735000E-02 ETA (HH:MM:SS) = 0:00:05
 [ 90%]  Time step     2530 of 2813 @ t_step =     2529 Time Avg = 1.780850E-02 Time/step= 1.737800E-02 ETA (HH:MM:SS) = 0:00:05
 [ 90%]  Time step     2531 of 2813 @ t_step =     2530 Time Avg = 1.780833E-02 Time/step= 1.737300E-02 ETA (HH:MM:SS) = 0:00:05
 [ 90%]  Time step     2532 of 2813 @ t_step =     2531 Time Avg = 1.780816E-02 Time/step= 1.738300E-02 ETA (HH:MM:SS) = 0:00:05
 [ 91%]  Time step     2533 of 2813 @ t_step =     2532 Time Avg = 1.780798E-02 Time/step= 1.736800E-02 ETA (HH:MM:SS) = 0:00:04
 [ 91%]  Time step     2534 of 2813 @ t_step =     2533 Time Avg = 1.780782E-02 Time/step= 1.738500E-02 ETA (HH:MM:SS) = 0:00:04
 [ 91%]  Time step     2535 of 2813 @ t_step =     2534 Time Avg = 1.780764E-02 Time/step= 1.736400E-02 ETA (HH:MM:SS) = 0:00:04
 [ 91%]  Time step     2536 of 2813 @ t_step =     2535 Time Avg = 1.780752E-02 Time/step= 1.750700E-02 ETA (HH:MM:SS) = 0:00:04
 [ 91%]  Time step     2537 of 2813 @ t_step =     2536 Time Avg = 1.780736E-02 Time/step= 1.739400E-02 ETA (HH:MM:SS) = 0:00:04
 [ 91%]  Time step     2538 of 2813 @ t_step =     2537 Time Avg = 1.780720E-02 Time/step= 1.739900E-02 ETA (HH:MM:SS) = 0:00:04
 [ 91%]  Time step     2539 of 2813 @ t_step =     2538 Time Avg = 1.780708E-02 Time/step= 1.749500E-02 ETA (HH:MM:SS) = 0:00:04
 [ 91%]  Time step     2540 of 2813 @ t_step =     2539 Time Avg = 1.780690E-02 Time/step= 1.736400E-02 ETA (HH:MM:SS) = 0:00:04
 [ 91%]  Time step     2541 of 2813 @ t_step =     2540 Time Avg = 1.780672E-02 Time/step= 1.733700E-02 ETA (HH:MM:SS) = 0:00:04
 [ 91%]  Time step     2542 of 2813 @ t_step =     2541 Time Avg = 1.780659E-02 Time/step= 1.747600E-02 ETA (HH:MM:SS) = 0:00:04
 [ 91%]  Time step     2543 of 2813 @ t_step =     2542 Time Avg = 1.780641E-02 Time/step= 1.736900E-02 ETA (HH:MM:SS) = 0:00:04
 [ 91%]  Time step     2544 of 2813 @ t_step =     2543 Time Avg = 1.780623E-02 Time/step= 1.735300E-02 ETA (HH:MM:SS) = 0:00:04
 [ 91%]  Time step     2545 of 2813 @ t_step =     2544 Time Avg = 1.780617E-02 Time/step= 1.765100E-02 ETA (HH:MM:SS) = 0:00:04
 [ 91%]  Time step     2546 of 2813 @ t_step =     2545 Time Avg = 1.780642E-02 Time/step= 1.843900E-02 ETA (HH:MM:SS) = 0:00:04
 [ 91%]  Time step     2547 of 2813 @ t_step =     2546 Time Avg = 1.780627E-02 Time/step= 1.741900E-02 ETA (HH:MM:SS) = 0:00:04
 [ 91%]  Time step     2548 of 2813 @ t_step =     2547 Time Avg = 1.780610E-02 Time/step= 1.737000E-02 ETA (HH:MM:SS) = 0:00:04
 [ 91%]  Time step     2549 of 2813 @ t_step =     2548 Time Avg = 1.780599E-02 Time/step= 1.752200E-02 ETA (HH:MM:SS) = 0:00:04
 [ 91%]  Time step     2550 of 2813 @ t_step =     2549 Time Avg = 1.780583E-02 Time/step= 1.740400E-02 ETA (HH:MM:SS) = 0:00:04
 [ 91%]  Time step     2551 of 2813 @ t_step =     2550 Time Avg = 1.780570E-02 Time/step= 1.746900E-02 ETA (HH:MM:SS) = 0:00:04
 [ 91%]  Time step     2552 of 2813 @ t_step =     2551 Time Avg = 1.780552E-02 Time/step= 1.736100E-02 ETA (HH:MM:SS) = 0:00:04
 [ 91%]  Time step     2553 of 2813 @ t_step =     2552 Time Avg = 1.780541E-02 Time/step= 1.752800E-02 ETA (HH:MM:SS) = 0:00:04
 [ 91%]  Time step     2554 of 2813 @ t_step =     2553 Time Avg = 1.780561E-02 Time/step= 1.831100E-02 ETA (HH:MM:SS) = 0:00:04
 [ 91%]  Time step     2555 of 2813 @ t_step =     2554 Time Avg = 1.780561E-02 Time/step= 1.778900E-02 ETA (HH:MM:SS) = 0:00:04
 [ 91%]  Time step     2556 of 2813 @ t_step =     2555 Time Avg = 1.780553E-02 Time/step= 1.760100E-02 ETA (HH:MM:SS) = 0:00:04
 [ 91%]  Time step     2557 of 2813 @ t_step =     2556 Time Avg = 1.780547E-02 Time/step= 1.765600E-02 ETA (HH:MM:SS) = 0:00:04
 [ 91%]  Time step     2558 of 2813 @ t_step =     2557 Time Avg = 1.780535E-02 Time/step= 1.749600E-02 ETA (HH:MM:SS) = 0:00:04
 [ 91%]  Time step     2559 of 2813 @ t_step =     2558 Time Avg = 1.780531E-02 Time/step= 1.772300E-02 ETA (HH:MM:SS) = 0:00:04
 [ 91%]  Time step     2560 of 2813 @ t_step =     2559 Time Avg = 1.780523E-02 Time/step= 1.758200E-02 ETA (HH:MM:SS) = 0:00:04
 [ 92%]  Time step     2561 of 2813 @ t_step =     2560 Time Avg = 1.780518E-02 Time/step= 1.769200E-02 ETA (HH:MM:SS) = 0:00:04
 [ 92%]  Time step     2562 of 2813 @ t_step =     2561 Time Avg = 1.780507E-02 Time/step= 1.750600E-02 ETA (HH:MM:SS) = 0:00:04
 [ 92%]  Time step     2563 of 2813 @ t_step =     2562 Time Avg = 1.780504E-02 Time/step= 1.772900E-02 ETA (HH:MM:SS) = 0:00:04
 [ 92%]  Time step     2564 of 2813 @ t_step =     2563 Time Avg = 1.780494E-02 Time/step= 1.756800E-02 ETA (HH:MM:SS) = 0:00:04
 [ 92%]  Time step     2565 of 2813 @ t_step =     2564 Time Avg = 1.780491E-02 Time/step= 1.772700E-02 ETA (HH:MM:SS) = 0:00:04
 [ 92%]  Time step     2566 of 2813 @ t_step =     2565 Time Avg = 1.780480E-02 Time/step= 1.750900E-02 ETA (HH:MM:SS) = 0:00:04
 [ 92%]  Time step     2567 of 2813 @ t_step =     2566 Time Avg = 1.780481E-02 Time/step= 1.782700E-02 ETA (HH:MM:SS) = 0:00:04
 [ 92%]  Time step     2568 of 2813 @ t_step =     2567 Time Avg = 1.780470E-02 Time/step= 1.754300E-02 ETA (HH:MM:SS) = 0:00:04
 [ 92%]  Time step     2569 of 2813 @ t_step =     2568 Time Avg = 1.780463E-02 Time/step= 1.760400E-02 ETA (HH:MM:SS) = 0:00:04
 [ 92%]  Time step     2570 of 2813 @ t_step =     2569 Time Avg = 1.780453E-02 Time/step= 1.756900E-02 ETA (HH:MM:SS) = 0:00:04
 [ 92%]  Time step     2571 of 2813 @ t_step =     2570 Time Avg = 1.780446E-02 Time/step= 1.760500E-02 ETA (HH:MM:SS) = 0:00:04
 [ 92%]  Time step     2572 of 2813 @ t_step =     2571 Time Avg = 1.780436E-02 Time/step= 1.756000E-02 ETA (HH:MM:SS) = 0:00:04
 [ 92%]  Time step     2573 of 2813 @ t_step =     2572 Time Avg = 1.780430E-02 Time/step= 1.764100E-02 ETA (HH:MM:SS) = 0:00:04
 [ 92%]  Time step     2574 of 2813 @ t_step =     2573 Time Avg = 1.780417E-02 Time/step= 1.747700E-02 ETA (HH:MM:SS) = 0:00:04
 [ 92%]  Time step     2575 of 2813 @ t_step =     2574 Time Avg = 1.780413E-02 Time/step= 1.769000E-02 ETA (HH:MM:SS) = 0:00:04
 [ 92%]  Time step     2576 of 2813 @ t_step =     2575 Time Avg = 1.780401E-02 Time/step= 1.751400E-02 ETA (HH:MM:SS) = 0:00:04
 [ 92%]  Time step     2577 of 2813 @ t_step =     2576 Time Avg = 1.780397E-02 Time/step= 1.768100E-02 ETA (HH:MM:SS) = 0:00:04
 [ 92%]  Time step     2578 of 2813 @ t_step =     2577 Time Avg = 1.780385E-02 Time/step= 1.749900E-02 ETA (HH:MM:SS) = 0:00:04
 [ 92%]  Time step     2579 of 2813 @ t_step =     2578 Time Avg = 1.780377E-02 Time/step= 1.759800E-02 ETA (HH:MM:SS) = 0:00:04
 [ 92%]  Time step     2580 of 2813 @ t_step =     2579 Time Avg = 1.780365E-02 Time/step= 1.751400E-02 ETA (HH:MM:SS) = 0:00:04
 [ 92%]  Time step     2581 of 2813 @ t_step =     2580 Time Avg = 1.780360E-02 Time/step= 1.766900E-02 ETA (HH:MM:SS) = 0:00:04
 [ 92%]  Time step     2582 of 2813 @ t_step =     2581 Time Avg = 1.780350E-02 Time/step= 1.753600E-02 ETA (HH:MM:SS) = 0:00:04
 [ 92%]  Time step     2583 of 2813 @ t_step =     2582 Time Avg = 1.780360E-02 Time/step= 1.807400E-02 ETA (HH:MM:SS) = 0:00:04
 [ 92%]  Time step     2584 of 2813 @ t_step =     2583 Time Avg = 1.780350E-02 Time/step= 1.753800E-02 ETA (HH:MM:SS) = 0:00:04
 [ 92%]  Time step     2585 of 2813 @ t_step =     2584 Time Avg = 1.780339E-02 Time/step= 1.752300E-02 ETA (HH:MM:SS) = 0:00:04
 [ 92%]  Time step     2586 of 2813 @ t_step =     2585 Time Avg = 1.780322E-02 Time/step= 1.737100E-02 ETA (HH:MM:SS) = 0:00:04
 [ 92%]  Time step     2587 of 2813 @ t_step =     2586 Time Avg = 1.780307E-02 Time/step= 1.740700E-02 ETA (HH:MM:SS) = 0:00:04
 [ 92%]  Time step     2588 of 2813 @ t_step =     2587 Time Avg = 1.780295E-02 Time/step= 1.748400E-02 ETA (HH:MM:SS) = 0:00:04
 [ 93%]  Time step     2589 of 2813 @ t_step =     2588 Time Avg = 1.780280E-02 Time/step= 1.741800E-02 ETA (HH:MM:SS) = 0:00:03
 [ 93%]  Time step     2590 of 2813 @ t_step =     2589 Time Avg = 1.780267E-02 Time/step= 1.746300E-02 ETA (HH:MM:SS) = 0:00:03
 [ 93%]  Time step     2591 of 2813 @ t_step =     2590 Time Avg = 1.780252E-02 Time/step= 1.742000E-02 ETA (HH:MM:SS) = 0:00:03
 [ 93%]  Time step     2592 of 2813 @ t_step =     2591 Time Avg = 1.780235E-02 Time/step= 1.735200E-02 ETA (HH:MM:SS) = 0:00:03
 [ 93%]  Time step     2593 of 2813 @ t_step =     2592 Time Avg = 1.780223E-02 Time/step= 1.750000E-02 ETA (HH:MM:SS) = 0:00:03
 [ 93%]  Time step     2594 of 2813 @ t_step =     2593 Time Avg = 1.780210E-02 Time/step= 1.747200E-02 ETA (HH:MM:SS) = 0:00:03
 [ 93%]  Time step     2595 of 2813 @ t_step =     2594 Time Avg = 1.780194E-02 Time/step= 1.738700E-02 ETA (HH:MM:SS) = 0:00:03
 [ 93%]  Time step     2596 of 2813 @ t_step =     2595 Time Avg = 1.780185E-02 Time/step= 1.756600E-02 ETA (HH:MM:SS) = 0:00:03
 [ 93%]  Time step     2597 of 2813 @ t_step =     2596 Time Avg = 1.780172E-02 Time/step= 1.747000E-02 ETA (HH:MM:SS) = 0:00:03
 [ 93%]  Time step     2598 of 2813 @ t_step =     2597 Time Avg = 1.780159E-02 Time/step= 1.746300E-02 ETA (HH:MM:SS) = 0:00:03
 [ 93%]  Time step     2599 of 2813 @ t_step =     2598 Time Avg = 1.780145E-02 Time/step= 1.743400E-02 ETA (HH:MM:SS) = 0:00:03
 [ 93%]  Time step     2600 of 2813 @ t_step =     2599 Time Avg = 1.780147E-02 Time/step= 1.784500E-02 ETA (HH:MM:SS) = 0:00:03
 [ 93%]  Time step     2601 of 2813 @ t_step =     2600 Time Avg = 1.780131E-02 Time/step= 1.738700E-02 ETA (HH:MM:SS) = 0:00:03
 [ 93%]  Time step     2602 of 2813 @ t_step =     2601 Time Avg = 1.780118E-02 Time/step= 1.746200E-02 ETA (HH:MM:SS) = 0:00:03
 [ 93%]  Time step     2603 of 2813 @ t_step =     2602 Time Avg = 1.780101E-02 Time/step= 1.737200E-02 ETA (HH:MM:SS) = 0:00:03
 [ 93%]  Time step     2604 of 2813 @ t_step =     2603 Time Avg = 1.780088E-02 Time/step= 1.747000E-02 ETA (HH:MM:SS) = 0:00:03
 [ 93%]  Time step     2605 of 2813 @ t_step =     2604 Time Avg = 1.780075E-02 Time/step= 1.746200E-02 ETA (HH:MM:SS) = 0:00:03
 [ 93%]  Time step     2606 of 2813 @ t_step =     2605 Time Avg = 1.780065E-02 Time/step= 1.752000E-02 ETA (HH:MM:SS) = 0:00:03
 [ 93%]  Time step     2607 of 2813 @ t_step =     2606 Time Avg = 1.780049E-02 Time/step= 1.740200E-02 ETA (HH:MM:SS) = 0:00:03
 [ 93%]  Time step     2608 of 2813 @ t_step =     2607 Time Avg = 1.780038E-02 Time/step= 1.749700E-02 ETA (HH:MM:SS) = 0:00:03
 [ 93%]  Time step     2609 of 2813 @ t_step =     2608 Time Avg = 1.780023E-02 Time/step= 1.741100E-02 ETA (HH:MM:SS) = 0:00:03
 [ 93%]  Time step     2610 of 2813 @ t_step =     2609 Time Avg = 1.780006E-02 Time/step= 1.735800E-02 ETA (HH:MM:SS) = 0:00:03
 [ 93%]  Time step     2611 of 2813 @ t_step =     2610 Time Avg = 1.779989E-02 Time/step= 1.736300E-02 ETA (HH:MM:SS) = 0:00:03
 [ 93%]  Time step     2612 of 2813 @ t_step =     2611 Time Avg = 1.779997E-02 Time/step= 1.802000E-02 ETA (HH:MM:SS) = 0:00:03
 [ 93%]  Time step     2613 of 2813 @ t_step =     2612 Time Avg = 1.779997E-02 Time/step= 1.778100E-02 ETA (HH:MM:SS) = 0:00:03
 [ 93%]  Time step     2614 of 2813 @ t_step =     2613 Time Avg = 1.779986E-02 Time/step= 1.752500E-02 ETA (HH:MM:SS) = 0:00:03
 [ 93%]  Time step     2615 of 2813 @ t_step =     2614 Time Avg = 1.779974E-02 Time/step= 1.747900E-02 ETA (HH:MM:SS) = 0:00:03
 [ 93%]  Time step     2616 of 2813 @ t_step =     2615 Time Avg = 1.779966E-02 Time/step= 1.758100E-02 ETA (HH:MM:SS) = 0:00:03
 [ 93%]  Time step     2617 of 2813 @ t_step =     2616 Time Avg = 1.779952E-02 Time/step= 1.744700E-02 ETA (HH:MM:SS) = 0:00:03
 [ 94%]  Time step     2618 of 2813 @ t_step =     2617 Time Avg = 1.779943E-02 Time/step= 1.756900E-02 ETA (HH:MM:SS) = 0:00:03
 [ 94%]  Time step     2619 of 2813 @ t_step =     2618 Time Avg = 1.779931E-02 Time/step= 1.746900E-02 ETA (HH:MM:SS) = 0:00:03
 [ 94%]  Time step     2620 of 2813 @ t_step =     2619 Time Avg = 1.779921E-02 Time/step= 1.753900E-02 ETA (HH:MM:SS) = 0:00:03
 [ 94%]  Time step     2621 of 2813 @ t_step =     2620 Time Avg = 1.779905E-02 Time/step= 1.739100E-02 ETA (HH:MM:SS) = 0:00:03
 [ 94%]  Time step     2622 of 2813 @ t_step =     2621 Time Avg = 1.779892E-02 Time/step= 1.746100E-02 ETA (HH:MM:SS) = 0:00:03
 [ 94%]  Time step     2623 of 2813 @ t_step =     2622 Time Avg = 1.779879E-02 Time/step= 1.744300E-02 ETA (HH:MM:SS) = 0:00:03
 [ 94%]  Time step     2624 of 2813 @ t_step =     2623 Time Avg = 1.779862E-02 Time/step= 1.736600E-02 ETA (HH:MM:SS) = 0:00:03
 [ 94%]  Time step     2625 of 2813 @ t_step =     2624 Time Avg = 1.779847E-02 Time/step= 1.740200E-02 ETA (HH:MM:SS) = 0:00:03
 [ 94%]  Time step     2626 of 2813 @ t_step =     2625 Time Avg = 1.779830E-02 Time/step= 1.735600E-02 ETA (HH:MM:SS) = 0:00:03
 [ 94%]  Time step     2627 of 2813 @ t_step =     2626 Time Avg = 1.779818E-02 Time/step= 1.747500E-02 ETA (HH:MM:SS) = 0:00:03
 [ 94%]  Time step     2628 of 2813 @ t_step =     2627 Time Avg = 1.779820E-02 Time/step= 1.786800E-02 ETA (HH:MM:SS) = 0:00:03
 [ 94%]  Time step     2629 of 2813 @ t_step =     2628 Time Avg = 1.779804E-02 Time/step= 1.736800E-02 ETA (HH:MM:SS) = 0:00:03
 [ 94%]  Time step     2630 of 2813 @ t_step =     2629 Time Avg = 1.779796E-02 Time/step= 1.760000E-02 ETA (HH:MM:SS) = 0:00:03
 [ 94%]  Time step     2631 of 2813 @ t_step =     2630 Time Avg = 1.779797E-02 Time/step= 1.782100E-02 ETA (HH:MM:SS) = 0:00:03
 [ 94%]  Time step     2632 of 2813 @ t_step =     2631 Time Avg = 1.779780E-02 Time/step= 1.735400E-02 ETA (HH:MM:SS) = 0:00:03
 [ 94%]  Time step     2633 of 2813 @ t_step =     2632 Time Avg = 1.779767E-02 Time/step= 1.744600E-02 ETA (HH:MM:SS) = 0:00:03
 [ 94%]  Time step     2634 of 2813 @ t_step =     2633 Time Avg = 1.779749E-02 Time/step= 1.732100E-02 ETA (HH:MM:SS) = 0:00:03
 [ 94%]  Time step     2635 of 2813 @ t_step =     2634 Time Avg = 1.779733E-02 Time/step= 1.738500E-02 ETA (HH:MM:SS) = 0:00:03
 [ 94%]  Time step     2636 of 2813 @ t_step =     2635 Time Avg = 1.779718E-02 Time/step= 1.739800E-02 ETA (HH:MM:SS) = 0:00:03
 [ 94%]  Time step     2637 of 2813 @ t_step =     2636 Time Avg = 1.779702E-02 Time/step= 1.737400E-02 ETA (HH:MM:SS) = 0:00:03
 [ 94%]  Time step     2638 of 2813 @ t_step =     2637 Time Avg = 1.779684E-02 Time/step= 1.732700E-02 ETA (HH:MM:SS) = 0:00:03
 [ 94%]  Time step     2639 of 2813 @ t_step =     2638 Time Avg = 1.779672E-02 Time/step= 1.747900E-02 ETA (HH:MM:SS) = 0:00:03
 [ 94%]  Time step     2640 of 2813 @ t_step =     2639 Time Avg = 1.779656E-02 Time/step= 1.737500E-02 ETA (HH:MM:SS) = 0:00:03
 [ 94%]  Time step     2641 of 2813 @ t_step =     2640 Time Avg = 1.779660E-02 Time/step= 1.790100E-02 ETA (HH:MM:SS) = 0:00:03
 [ 94%]  Time step     2642 of 2813 @ t_step =     2641 Time Avg = 1.779651E-02 Time/step= 1.756700E-02 ETA (HH:MM:SS) = 0:00:03
 [ 94%]  Time step     2643 of 2813 @ t_step =     2642 Time Avg = 1.779645E-02 Time/step= 1.761800E-02 ETA (HH:MM:SS) = 0:00:03
 [ 94%]  Time step     2644 of 2813 @ t_step =     2643 Time Avg = 1.779630E-02 Time/step= 1.740100E-02 ETA (HH:MM:SS) = 0:00:03
 [ 94%]  Time step     2645 of 2813 @ t_step =     2644 Time Avg = 1.779617E-02 Time/step= 1.747400E-02 ETA (HH:MM:SS) = 0:00:02
 [ 95%]  Time step     2646 of 2813 @ t_step =     2645 Time Avg = 1.779601E-02 Time/step= 1.735300E-02 ETA (HH:MM:SS) = 0:00:02
 [ 95%]  Time step     2647 of 2813 @ t_step =     2646 Time Avg = 1.779585E-02 Time/step= 1.738200E-02 ETA (HH:MM:SS) = 0:00:02
 [ 95%]  Time step     2648 of 2813 @ t_step =     2647 Time Avg = 1.779571E-02 Time/step= 1.742400E-02 ETA (HH:MM:SS) = 0:00:02
 [ 95%]  Time step     2649 of 2813 @ t_step =     2648 Time Avg = 1.779556E-02 Time/step= 1.739700E-02 ETA (HH:MM:SS) = 0:00:02
 [ 95%]  Time step     2650 of 2813 @ t_step =     2649 Time Avg = 1.779540E-02 Time/step= 1.736500E-02 ETA (HH:MM:SS) = 0:00:02
 [ 95%]  Time step     2651 of 2813 @ t_step =     2650 Time Avg = 1.779532E-02 Time/step= 1.758200E-02 ETA (HH:MM:SS) = 0:00:02
 [ 95%]  Time step     2652 of 2813 @ t_step =     2651 Time Avg = 1.779520E-02 Time/step= 1.749400E-02 ETA (HH:MM:SS) = 0:00:02
 [ 95%]  Time step     2653 of 2813 @ t_step =     2652 Time Avg = 1.779509E-02 Time/step= 1.750400E-02 ETA (HH:MM:SS) = 0:00:02
 [ 95%]  Time step     2654 of 2813 @ t_step =     2653 Time Avg = 1.779500E-02 Time/step= 1.755400E-02 ETA (HH:MM:SS) = 0:00:02
 [ 95%]  Time step     2655 of 2813 @ t_step =     2654 Time Avg = 1.779501E-02 Time/step= 1.781100E-02 ETA (HH:MM:SS) = 0:00:02
 [ 95%]  Time step     2656 of 2813 @ t_step =     2655 Time Avg = 1.779486E-02 Time/step= 1.739300E-02 ETA (HH:MM:SS) = 0:00:02
 [ 95%]  Time step     2657 of 2813 @ t_step =     2656 Time Avg = 1.779471E-02 Time/step= 1.739500E-02 ETA (HH:MM:SS) = 0:00:02
 [ 95%]  Time step     2658 of 2813 @ t_step =     2657 Time Avg = 1.779462E-02 Time/step= 1.757800E-02 ETA (HH:MM:SS) = 0:00:02
 [ 95%]  Time step     2659 of 2813 @ t_step =     2658 Time Avg = 1.779448E-02 Time/step= 1.742500E-02 ETA (HH:MM:SS) = 0:00:02
 [ 95%]  Time step     2660 of 2813 @ t_step =     2659 Time Avg = 1.779436E-02 Time/step= 1.746900E-02 ETA (HH:MM:SS) = 0:00:02
 [ 95%]  Time step     2661 of 2813 @ t_step =     2660 Time Avg = 1.779426E-02 Time/step= 1.751200E-02 ETA (HH:MM:SS) = 0:00:02
 [ 95%]  Time step     2662 of 2813 @ t_step =     2661 Time Avg = 1.779412E-02 Time/step= 1.742800E-02 ETA (HH:MM:SS) = 0:00:02
 [ 95%]  Time step     2663 of 2813 @ t_step =     2662 Time Avg = 1.779401E-02 Time/step= 1.750100E-02 ETA (HH:MM:SS) = 0:00:02
 [ 95%]  Time step     2664 of 2813 @ t_step =     2663 Time Avg = 1.779385E-02 Time/step= 1.738600E-02 ETA (HH:MM:SS) = 0:00:02
 [ 95%]  Time step     2665 of 2813 @ t_step =     2664 Time Avg = 1.779369E-02 Time/step= 1.736500E-02 ETA (HH:MM:SS) = 0:00:02
 [ 95%]  Time step     2666 of 2813 @ t_step =     2665 Time Avg = 1.779353E-02 Time/step= 1.734600E-02 ETA (HH:MM:SS) = 0:00:02
 [ 95%]  Time step     2667 of 2813 @ t_step =     2666 Time Avg = 1.779343E-02 Time/step= 1.754400E-02 ETA (HH:MM:SS) = 0:00:02
 [ 95%]  Time step     2668 of 2813 @ t_step =     2667 Time Avg = 1.779328E-02 Time/step= 1.738600E-02 ETA (HH:MM:SS) = 0:00:02
 [ 95%]  Time step     2669 of 2813 @ t_step =     2668 Time Avg = 1.779316E-02 Time/step= 1.746900E-02 ETA (HH:MM:SS) = 0:00:02
 [ 95%]  Time step     2670 of 2813 @ t_step =     2669 Time Avg = 1.779325E-02 Time/step= 1.804600E-02 ETA (HH:MM:SS) = 0:00:02
 [ 95%]  Time step     2671 of 2813 @ t_step =     2670 Time Avg = 1.779330E-02 Time/step= 1.791600E-02 ETA (HH:MM:SS) = 0:00:02
 [ 95%]  Time step     2672 of 2813 @ t_step =     2671 Time Avg = 1.779320E-02 Time/step= 1.752900E-02 ETA (HH:MM:SS) = 0:00:02
 [ 95%]  Time step     2673 of 2813 @ t_step =     2672 Time Avg = 1.779311E-02 Time/step= 1.754700E-02 ETA (HH:MM:SS) = 0:00:02
 [ 96%]  Time step     2674 of 2813 @ t_step =     2673 Time Avg = 1.779296E-02 Time/step= 1.741200E-02 ETA (HH:MM:SS) = 0:00:02
 [ 96%]  Time step     2675 of 2813 @ t_step =     2674 Time Avg = 1.779290E-02 Time/step= 1.762100E-02 ETA (HH:MM:SS) = 0:00:02
 [ 96%]  Time step     2676 of 2813 @ t_step =     2675 Time Avg = 1.779274E-02 Time/step= 1.737700E-02 ETA (HH:MM:SS) = 0:00:02
 [ 96%]  Time step     2677 of 2813 @ t_step =     2676 Time Avg = 1.779266E-02 Time/step= 1.756000E-02 ETA (HH:MM:SS) = 0:00:02
 [ 96%]  Time step     2678 of 2813 @ t_step =     2677 Time Avg = 1.779250E-02 Time/step= 1.736800E-02 ETA (HH:MM:SS) = 0:00:02
 [ 96%]  Time step     2679 of 2813 @ t_step =     2678 Time Avg = 1.779240E-02 Time/step= 1.751900E-02 ETA (HH:MM:SS) = 0:00:02
 [ 96%]  Time step     2680 of 2813 @ t_step =     2679 Time Avg = 1.779227E-02 Time/step= 1.745400E-02 ETA (HH:MM:SS) = 0:00:02
 [ 96%]  Time step     2681 of 2813 @ t_step =     2680 Time Avg = 1.779216E-02 Time/step= 1.750700E-02 ETA (HH:MM:SS) = 0:00:02
 [ 96%]  Time step     2682 of 2813 @ t_step =     2681 Time Avg = 1.779203E-02 Time/step= 1.742200E-02 ETA (HH:MM:SS) = 0:00:02
 [ 96%]  Time step     2683 of 2813 @ t_step =     2682 Time Avg = 1.779192E-02 Time/step= 1.751600E-02 ETA (HH:MM:SS) = 0:00:02
 [ 96%]  Time step     2684 of 2813 @ t_step =     2683 Time Avg = 1.779176E-02 Time/step= 1.735100E-02 ETA (HH:MM:SS) = 0:00:02
 [ 96%]  Time step     2685 of 2813 @ t_step =     2684 Time Avg = 1.779165E-02 Time/step= 1.749600E-02 ETA (HH:MM:SS) = 0:00:02
 [ 96%]  Time step     2686 of 2813 @ t_step =     2685 Time Avg = 1.779150E-02 Time/step= 1.739800E-02 ETA (HH:MM:SS) = 0:00:02
 [ 96%]  Time step     2687 of 2813 @ t_step =     2686 Time Avg = 1.779157E-02 Time/step= 1.798900E-02 ETA (HH:MM:SS) = 0:00:02
 [ 96%]  Time step     2688 of 2813 @ t_step =     2687 Time Avg = 1.779142E-02 Time/step= 1.737800E-02 ETA (HH:MM:SS) = 0:00:02
 [ 96%]  Time step     2689 of 2813 @ t_step =     2688 Time Avg = 1.779132E-02 Time/step= 1.753100E-02 ETA (HH:MM:SS) = 0:00:02
 [ 96%]  Time step     2690 of 2813 @ t_step =     2689 Time Avg = 1.779116E-02 Time/step= 1.736500E-02 ETA (HH:MM:SS) = 0:00:02
 [ 96%]  Time step     2691 of 2813 @ t_step =     2690 Time Avg = 1.779108E-02 Time/step= 1.756000E-02 ETA (HH:MM:SS) = 0:00:02
 [ 96%]  Time step     2692 of 2813 @ t_step =     2691 Time Avg = 1.779090E-02 Time/step= 1.731800E-02 ETA (HH:MM:SS) = 0:00:02
 [ 96%]  Time step     2693 of 2813 @ t_step =     2692 Time Avg = 1.779080E-02 Time/step= 1.750700E-02 ETA (HH:MM:SS) = 0:00:02
 [ 96%]  Time step     2694 of 2813 @ t_step =     2693 Time Avg = 1.779064E-02 Time/step= 1.736500E-02 ETA (HH:MM:SS) = 0:00:02
 [ 96%]  Time step     2695 of 2813 @ t_step =     2694 Time Avg = 1.779055E-02 Time/step= 1.755900E-02 ETA (HH:MM:SS) = 0:00:02
 [ 96%]  Time step     2696 of 2813 @ t_step =     2695 Time Avg = 1.779040E-02 Time/step= 1.737500E-02 ETA (HH:MM:SS) = 0:00:02
 [ 96%]  Time step     2697 of 2813 @ t_step =     2696 Time Avg = 1.779029E-02 Time/step= 1.749400E-02 ETA (HH:MM:SS) = 0:00:02
 [ 96%]  Time step     2698 of 2813 @ t_step =     2697 Time Avg = 1.779010E-02 Time/step= 1.728400E-02 ETA (HH:MM:SS) = 0:00:02
 [ 96%]  Time step     2699 of 2813 @ t_step =     2698 Time Avg = 1.779025E-02 Time/step= 1.818400E-02 ETA (HH:MM:SS) = 0:00:02
 [ 96%]  Time step     2700 of 2813 @ t_step =     2699 Time Avg = 1.779024E-02 Time/step= 1.775900E-02 ETA (HH:MM:SS) = 0:00:02
 [ 96%]  Time step     2701 of 2813 @ t_step =     2700 Time Avg = 1.779010E-02 Time/step= 1.743900E-02 ETA (HH:MM:SS) = 0:00:01
 [ 97%]  Time step     2702 of 2813 @ t_step =     2701 Time Avg = 1.778994E-02 Time/step= 1.734800E-02 ETA (HH:MM:SS) = 0:00:01
 [ 97%]  Time step     2703 of 2813 @ t_step =     2702 Time Avg = 1.778980E-02 Time/step= 1.742200E-02 ETA (HH:MM:SS) = 0:00:01
 [ 97%]  Time step     2704 of 2813 @ t_step =     2703 Time Avg = 1.778965E-02 Time/step= 1.736000E-02 ETA (HH:MM:SS) = 0:00:01
 [ 97%]  Time step     2705 of 2813 @ t_step =     2704 Time Avg = 1.778946E-02 Time/step= 1.729400E-02 ETA (HH:MM:SS) = 0:00:01
 [ 97%]  Time step     2706 of 2813 @ t_step =     2705 Time Avg = 1.778935E-02 Time/step= 1.747700E-02 ETA (HH:MM:SS) = 0:00:01
 [ 97%]  Time step     2707 of 2813 @ t_step =     2706 Time Avg = 1.778919E-02 Time/step= 1.737900E-02 ETA (HH:MM:SS) = 0:00:01
 [ 97%]  Time step     2708 of 2813 @ t_step =     2707 Time Avg = 1.778905E-02 Time/step= 1.740300E-02 ETA (HH:MM:SS) = 0:00:01
 [ 97%]  Time step     2709 of 2813 @ t_step =     2708 Time Avg = 1.778890E-02 Time/step= 1.738800E-02 ETA (HH:MM:SS) = 0:00:01
 [ 97%]  Time step     2710 of 2813 @ t_step =     2709 Time Avg = 1.778885E-02 Time/step= 1.764700E-02 ETA (HH:MM:SS) = 0:00:01
 [ 97%]  Time step     2711 of 2813 @ t_step =     2710 Time Avg = 1.778869E-02 Time/step= 1.736300E-02 ETA (HH:MM:SS) = 0:00:01
 [ 97%]  Time step     2712 of 2813 @ t_step =     2711 Time Avg = 1.778854E-02 Time/step= 1.738000E-02 ETA (HH:MM:SS) = 0:00:01
 [ 97%]  Time step     2713 of 2813 @ t_step =     2712 Time Avg = 1.778838E-02 Time/step= 1.734300E-02 ETA (HH:MM:SS) = 0:00:01
 [ 97%]  Time step     2714 of 2813 @ t_step =     2713 Time Avg = 1.778828E-02 Time/step= 1.752900E-02 ETA (HH:MM:SS) = 0:00:01
 [ 97%]  Time step     2715 of 2813 @ t_step =     2714 Time Avg = 1.778815E-02 Time/step= 1.742200E-02 ETA (HH:MM:SS) = 0:00:01
 [ 97%]  Time step     2716 of 2813 @ t_step =     2715 Time Avg = 1.778804E-02 Time/step= 1.749200E-02 ETA (HH:MM:SS) = 0:00:01
 [ 97%]  Time step     2717 of 2813 @ t_step =     2716 Time Avg = 1.778790E-02 Time/step= 1.741800E-02 ETA (HH:MM:SS) = 0:00:01
 [ 97%]  Time step     2718 of 2813 @ t_step =     2717 Time Avg = 1.778776E-02 Time/step= 1.741300E-02 ETA (HH:MM:SS) = 0:00:01
 [ 97%]  Time step     2719 of 2813 @ t_step =     2718 Time Avg = 1.778760E-02 Time/step= 1.733900E-02 ETA (HH:MM:SS) = 0:00:01
 [ 97%]  Time step     2720 of 2813 @ t_step =     2719 Time Avg = 1.778743E-02 Time/step= 1.733400E-02 ETA (HH:MM:SS) = 0:00:01
 [ 97%]  Time step     2721 of 2813 @ t_step =     2720 Time Avg = 1.778725E-02 Time/step= 1.728300E-02 ETA (HH:MM:SS) = 0:00:01
 [ 97%]  Time step     2722 of 2813 @ t_step =     2721 Time Avg = 1.778710E-02 Time/step= 1.738100E-02 ETA (HH:MM:SS) = 0:00:01
 [ 97%]  Time step     2723 of 2813 @ t_step =     2722 Time Avg = 1.778694E-02 Time/step= 1.734800E-02 ETA (HH:MM:SS) = 0:00:01
 [ 97%]  Time step     2724 of 2813 @ t_step =     2723 Time Avg = 1.778679E-02 Time/step= 1.739100E-02 ETA (HH:MM:SS) = 0:00:01
 [ 97%]  Time step     2725 of 2813 @ t_step =     2724 Time Avg = 1.778667E-02 Time/step= 1.744700E-02 ETA (HH:MM:SS) = 0:00:01
 [ 97%]  Time step     2726 of 2813 @ t_step =     2725 Time Avg = 1.778650E-02 Time/step= 1.732600E-02 ETA (HH:MM:SS) = 0:00:01
 [ 97%]  Time step     2727 of 2813 @ t_step =     2726 Time Avg = 1.778637E-02 Time/step= 1.744900E-02 ETA (HH:MM:SS) = 0:00:01
 [ 97%]  Time step     2728 of 2813 @ t_step =     2727 Time Avg = 1.778646E-02 Time/step= 1.803500E-02 ETA (HH:MM:SS) = 0:00:01
 [ 97%]  Time step     2729 of 2813 @ t_step =     2728 Time Avg = 1.778636E-02 Time/step= 1.749300E-02 ETA (HH:MM:SS) = 0:00:01
 [ 98%]  Time step     2730 of 2813 @ t_step =     2729 Time Avg = 1.778625E-02 Time/step= 1.749600E-02 ETA (HH:MM:SS) = 0:00:01
 [ 98%]  Time step     2731 of 2813 @ t_step =     2730 Time Avg = 1.778611E-02 Time/step= 1.741100E-02 ETA (HH:MM:SS) = 0:00:01
 [ 98%]  Time step     2732 of 2813 @ t_step =     2731 Time Avg = 1.778598E-02 Time/step= 1.743100E-02 ETA (HH:MM:SS) = 0:00:01
 [ 98%]  Time step     2733 of 2813 @ t_step =     2732 Time Avg = 1.778582E-02 Time/step= 1.734500E-02 ETA (HH:MM:SS) = 0:00:01
 [ 98%]  Time step     2734 of 2813 @ t_step =     2733 Time Avg = 1.778568E-02 Time/step= 1.741000E-02 ETA (HH:MM:SS) = 0:00:01
 [ 98%]  Time step     2735 of 2813 @ t_step =     2734 Time Avg = 1.778555E-02 Time/step= 1.742400E-02 ETA (HH:MM:SS) = 0:00:01
 [ 98%]  Time step     2736 of 2813 @ t_step =     2735 Time Avg = 1.778538E-02 Time/step= 1.732300E-02 ETA (HH:MM:SS) = 0:00:01
 [ 98%]  Time step     2737 of 2813 @ t_step =     2736 Time Avg = 1.778522E-02 Time/step= 1.733700E-02 ETA (HH:MM:SS) = 0:00:01
 [ 98%]  Time step     2738 of 2813 @ t_step =     2737 Time Avg = 1.778508E-02 Time/step= 1.742300E-02 ETA (HH:MM:SS) = 0:00:01
 [ 98%]  Time step     2739 of 2813 @ t_step =     2738 Time Avg = 1.778498E-02 Time/step= 1.749000E-02 ETA (HH:MM:SS) = 0:00:01
 [ 98%]  Time step     2740 of 2813 @ t_step =     2739 Time Avg = 1.778482E-02 Time/step= 1.735400E-02 ETA (HH:MM:SS) = 0:00:01
 [ 98%]  Time step     2741 of 2813 @ t_step =     2740 Time Avg = 1.778467E-02 Time/step= 1.736300E-02 ETA (HH:MM:SS) = 0:00:01
 [ 98%]  Time step     2742 of 2813 @ t_step =     2741 Time Avg = 1.778452E-02 Time/step= 1.737300E-02 ETA (HH:MM:SS) = 0:00:01
 [ 98%]  Time step     2743 of 2813 @ t_step =     2742 Time Avg = 1.778436E-02 Time/step= 1.736200E-02 ETA (HH:MM:SS) = 0:00:01
 [ 98%]  Time step     2744 of 2813 @ t_step =     2743 Time Avg = 1.778420E-02 Time/step= 1.734300E-02 ETA (HH:MM:SS) = 0:00:01
 [ 98%]  Time step     2745 of 2813 @ t_step =     2744 Time Avg = 1.778406E-02 Time/step= 1.740700E-02 ETA (HH:MM:SS) = 0:00:01
 [ 98%]  Time step     2746 of 2813 @ t_step =     2745 Time Avg = 1.778394E-02 Time/step= 1.744900E-02 ETA (HH:MM:SS) = 0:00:01
 [ 98%]  Time step     2747 of 2813 @ t_step =     2746 Time Avg = 1.778378E-02 Time/step= 1.734400E-02 ETA (HH:MM:SS) = 0:00:01
 [ 98%]  Time step     2748 of 2813 @ t_step =     2747 Time Avg = 1.778363E-02 Time/step= 1.736500E-02 ETA (HH:MM:SS) = 0:00:01
 [ 98%]  Time step     2749 of 2813 @ t_step =     2748 Time Avg = 1.778349E-02 Time/step= 1.739400E-02 ETA (HH:MM:SS) = 0:00:01
 [ 98%]  Time step     2750 of 2813 @ t_step =     2749 Time Avg = 1.778335E-02 Time/step= 1.740700E-02 ETA (HH:MM:SS) = 0:00:01
 [ 98%]  Time step     2751 of 2813 @ t_step =     2750 Time Avg = 1.778320E-02 Time/step= 1.736200E-02 ETA (HH:MM:SS) = 0:00:01
 [ 98%]  Time step     2752 of 2813 @ t_step =     2751 Time Avg = 1.778306E-02 Time/step= 1.742500E-02 ETA (HH:MM:SS) = 0:00:01
 [ 98%]  Time step     2753 of 2813 @ t_step =     2752 Time Avg = 1.778291E-02 Time/step= 1.734700E-02 ETA (HH:MM:SS) = 0:00:01
 [ 98%]  Time step     2754 of 2813 @ t_step =     2753 Time Avg = 1.778276E-02 Time/step= 1.737500E-02 ETA (HH:MM:SS) = 0:00:01
 [ 98%]  Time step     2755 of 2813 @ t_step =     2754 Time Avg = 1.778262E-02 Time/step= 1.741000E-02 ETA (HH:MM:SS) = 0:00:01
 [ 98%]  Time step     2756 of 2813 @ t_step =     2755 Time Avg = 1.778248E-02 Time/step= 1.739200E-02 ETA (HH:MM:SS) = 0:00:01
 [ 98%]  Time step     2757 of 2813 @ t_step =     2756 Time Avg = 1.778263E-02 Time/step= 1.819100E-02 ETA (HH:MM:SS) = 0:00:00
 [ 99%]  Time step     2758 of 2813 @ t_step =     2757 Time Avg = 1.778253E-02 Time/step= 1.750800E-02 ETA (HH:MM:SS) = 0:00:00
 [ 99%]  Time step     2759 of 2813 @ t_step =     2758 Time Avg = 1.778245E-02 Time/step= 1.755200E-02 ETA (HH:MM:SS) = 0:00:00
 [ 99%]  Time step     2760 of 2813 @ t_step =     2759 Time Avg = 1.778232E-02 Time/step= 1.744900E-02 ETA (HH:MM:SS) = 0:00:00
 [ 99%]  Time step     2761 of 2813 @ t_step =     2760 Time Avg = 1.778223E-02 Time/step= 1.751700E-02 ETA (HH:MM:SS) = 0:00:00
 [ 99%]  Time step     2762 of 2813 @ t_step =     2761 Time Avg = 1.778210E-02 Time/step= 1.743200E-02 ETA (HH:MM:SS) = 0:00:00
 [ 99%]  Time step     2763 of 2813 @ t_step =     2762 Time Avg = 1.778204E-02 Time/step= 1.762000E-02 ETA (HH:MM:SS) = 0:00:00
 [ 99%]  Time step     2764 of 2813 @ t_step =     2763 Time Avg = 1.778183E-02 Time/step= 1.720700E-02 ETA (HH:MM:SS) = 0:00:00
 [ 99%]  Time step     2765 of 2813 @ t_step =     2764 Time Avg = 1.778175E-02 Time/step= 1.756100E-02 ETA (HH:MM:SS) = 0:00:00
 [ 99%]  Time step     2766 of 2813 @ t_step =     2765 Time Avg = 1.778161E-02 Time/step= 1.739400E-02 ETA (HH:MM:SS) = 0:00:00
 [ 99%]  Time step     2767 of 2813 @ t_step =     2766 Time Avg = 1.778156E-02 Time/step= 1.762300E-02 ETA (HH:MM:SS) = 0:00:00
 [ 99%]  Time step     2768 of 2813 @ t_step =     2767 Time Avg = 1.778145E-02 Time/step= 1.749700E-02 ETA (HH:MM:SS) = 0:00:00
 [ 99%]  Time step     2769 of 2813 @ t_step =     2768 Time Avg = 1.778131E-02 Time/step= 1.737600E-02 ETA (HH:MM:SS) = 0:00:00
 [ 99%]  Time step     2770 of 2813 @ t_step =     2769 Time Avg = 1.778124E-02 Time/step= 1.758600E-02 ETA (HH:MM:SS) = 0:00:00
 [ 99%]  Time step     2771 of 2813 @ t_step =     2770 Time Avg = 1.778112E-02 Time/step= 1.744800E-02 ETA (HH:MM:SS) = 0:00:00
 [ 99%]  Time step     2772 of 2813 @ t_step =     2771 Time Avg = 1.778103E-02 Time/step= 1.754000E-02 ETA (HH:MM:SS) = 0:00:00
 [ 99%]  Time step     2773 of 2813 @ t_step =     2772 Time Avg = 1.778089E-02 Time/step= 1.739300E-02 ETA (HH:MM:SS) = 0:00:00
 [ 99%]  Time step     2774 of 2813 @ t_step =     2773 Time Avg = 1.778076E-02 Time/step= 1.741300E-02 ETA (HH:MM:SS) = 0:00:00
 [ 99%]  Time step     2775 of 2813 @ t_step =     2774 Time Avg = 1.778060E-02 Time/step= 1.735400E-02 ETA (HH:MM:SS) = 0:00:00
 [ 99%]  Time step     2776 of 2813 @ t_step =     2775 Time Avg = 1.778046E-02 Time/step= 1.739800E-02 ETA (HH:MM:SS) = 0:00:00
 [ 99%]  Time step     2777 of 2813 @ t_step =     2776 Time Avg = 1.778030E-02 Time/step= 1.733400E-02 ETA (HH:MM:SS) = 0:00:00
 [ 99%]  Time step     2778 of 2813 @ t_step =     2777 Time Avg = 1.778017E-02 Time/step= 1.741500E-02 ETA (HH:MM:SS) = 0:00:00
 [ 99%]  Time step     2779 of 2813 @ t_step =     2778 Time Avg = 1.778011E-02 Time/step= 1.761500E-02 ETA (HH:MM:SS) = 0:00:00
 [ 99%]  Time step     2780 of 2813 @ t_step =     2779 Time Avg = 1.778004E-02 Time/step= 1.758900E-02 ETA (HH:MM:SS) = 0:00:00
 [ 99%]  Time step     2781 of 2813 @ t_step =     2780 Time Avg = 1.777992E-02 Time/step= 1.744300E-02 ETA (HH:MM:SS) = 0:00:00
 [ 99%]  Time step     2782 of 2813 @ t_step =     2781 Time Avg = 1.777982E-02 Time/step= 1.748200E-02 ETA (HH:MM:SS) = 0:00:00
 [ 99%]  Time step     2783 of 2813 @ t_step =     2782 Time Avg = 1.777967E-02 Time/step= 1.736800E-02 ETA (HH:MM:SS) = 0:00:00
 [ 99%]  Time step     2784 of 2813 @ t_step =     2783 Time Avg = 1.777958E-02 Time/step= 1.753300E-02 ETA (HH:MM:SS) = 0:00:00
 [ 99%]  Time step     2785 of 2813 @ t_step =     2784 Time Avg = 1.777943E-02 Time/step= 1.736300E-02 ETA (HH:MM:SS) = 0:00:00
 [100%]  Time step     2786 of 2813 @ t_step =     2785 Time Avg = 1.777957E-02 Time/step= 1.817000E-02 ETA (HH:MM:SS) = 0:00:00
 [100%]  Time step     2787 of 2813 @ t_step =     2786 Time Avg = 1.777959E-02 Time/step= 1.784800E-02 ETA (HH:MM:SS) = 0:00:00
 [100%]  Time step     2788 of 2813 @ t_step =     2787 Time Avg = 1.777955E-02 Time/step= 1.765000E-02 ETA (HH:MM:SS) = 0:00:00
 [100%]  Time step     2789 of 2813 @ t_step =     2788 Time Avg = 1.777946E-02 Time/step= 1.753800E-02 ETA (HH:MM:SS) = 0:00:00
 [100%]  Time step     2790 of 2813 @ t_step =     2789 Time Avg = 1.777934E-02 Time/step= 1.744000E-02 ETA (HH:MM:SS) = 0:00:00
 [100%]  Time step     2791 of 2813 @ t_step =     2790 Time Avg = 1.777925E-02 Time/step= 1.753500E-02 ETA (HH:MM:SS) = 0:00:00
 [100%]  Time step     2792 of 2813 @ t_step =     2791 Time Avg = 1.777913E-02 Time/step= 1.744600E-02 ETA (HH:MM:SS) = 0:00:00
 [100%]  Time step     2793 of 2813 @ t_step =     2792 Time Avg = 1.777902E-02 Time/step= 1.747600E-02 ETA (HH:MM:SS) = 0:00:00
 [100%]  Time step     2794 of 2813 @ t_step =     2793 Time Avg = 1.777889E-02 Time/step= 1.740800E-02 ETA (HH:MM:SS) = 0:00:00
 [100%]  Time step     2795 of 2813 @ t_step =     2794 Time Avg = 1.777877E-02 Time/step= 1.744700E-02 ETA (HH:MM:SS) = 0:00:00
 [100%]  Time step     2796 of 2813 @ t_step =     2795 Time Avg = 1.777868E-02 Time/step= 1.751700E-02 ETA (HH:MM:SS) = 0:00:00
 [100%]  Time step     2797 of 2813 @ t_step =     2796 Time Avg = 1.777857E-02 Time/step= 1.747100E-02 ETA (HH:MM:SS) = 0:00:00
 [100%]  Time step     2798 of 2813 @ t_step =     2797 Time Avg = 1.777846E-02 Time/step= 1.748600E-02 ETA (HH:MM:SS) = 0:00:00
 [100%]  Time step     2799 of 2813 @ t_step =     2798 Time Avg = 1.777835E-02 Time/step= 1.745600E-02 ETA (HH:MM:SS) = 0:00:00
 [100%]  Time step     2800 of 2813 @ t_step =     2799 Time Avg = 1.777824E-02 Time/step= 1.746800E-02 ETA (HH:MM:SS) = 0:00:00
 [100%]  Time step     2801 of 2813 @ t_step =     2800 Time Avg = 1.777810E-02 Time/step= 1.739300E-02 ETA (HH:MM:SS) = 0:00:00
 [100%]  Time step     2802 of 2813 @ t_step =     2801 Time Avg = 1.777801E-02 Time/step= 1.751700E-02 ETA (HH:MM:SS) = 0:00:00
 [100%]  Time step     2803 of 2813 @ t_step =     2802 Time Avg = 1.777787E-02 Time/step= 1.741400E-02 ETA (HH:MM:SS) = 0:00:00
 [100%]  Time step     2804 of 2813 @ t_step =     2803 Time Avg = 1.777777E-02 Time/step= 1.747500E-02 ETA (HH:MM:SS) = 0:00:00
 [100%]  Time step     2805 of 2813 @ t_step =     2804 Time Avg = 1.777762E-02 Time/step= 1.736900E-02 ETA (HH:MM:SS) = 0:00:00
 [100%]  Time step     2806 of 2813 @ t_step =     2805 Time Avg = 1.777750E-02 Time/step= 1.743000E-02 ETA (HH:MM:SS) = 0:00:00
 [100%]  Time step     2807 of 2813 @ t_step =     2806 Time Avg = 1.777737E-02 Time/step= 1.741500E-02 ETA (HH:MM:SS) = 0:00:00
 [100%]  Time step     2808 of 2813 @ t_step =     2807 Time Avg = 1.777724E-02 Time/step= 1.741000E-02 ETA (HH:MM:SS) = 0:00:00
 [100%]  Time step     2809 of 2813 @ t_step =     2808 Time Avg = 1.777710E-02 Time/step= 1.739600E-02 ETA (HH:MM:SS) = 0:00:00
 [100%]  Time step     2810 of 2813 @ t_step =     2809 Time Avg = 1.777706E-02 Time/step= 1.766900E-02 ETA (HH:MM:SS) = 0:00:00
 [100%]  Time step     2811 of 2813 @ t_step =     2810 Time Avg = 1.777693E-02 Time/step= 1.740900E-02 ETA (HH:MM:SS) = 0:00:00
 [100%]  Time step     2812 of 2813 @ t_step =     2811 Time Avg = 1.777681E-02 Time/step= 1.743600E-02 ETA (HH:MM:SS) = 0:00:00
 Performance:   55.968685098321295      ns/gp/eq/rhs

mfc: OK > :) Running post_process:

 Post-processing a 239x59x0 case on 4 rank(s)
 [  0%]  Saving        1 of 97 @ t_step =        0 Time Avg =     0.000000E+00 Time/step = 0.000000E+00 ETA (HH:MM:SS) = 0:00:00
 [  2%]  Saving        2 of 97 @ t_step =       29 Time Avg =     0.000000E+00 Time/step = 1.672200E-02 ETA (HH:MM:SS) = 0:00:00
 [  3%]  Saving        3 of 97 @ t_step =       58 Time Avg =     1.397200E-02 Time/step = 1.397200E-02 ETA (HH:MM:SS) = 0:00:01
 [  4%]  Saving        4 of 97 @ t_step =       87 Time Avg =     1.400650E-02 Time/step = 1.404100E-02 ETA (HH:MM:SS) = 0:00:01
 [  5%]  Saving        5 of 97 @ t_step =      116 Time Avg =     1.430967E-02 Time/step = 1.491600E-02 ETA (HH:MM:SS) = 0:00:01
 [  6%]  Saving        6 of 97 @ t_step =      145 Time Avg =     1.427075E-02 Time/step = 1.415400E-02 ETA (HH:MM:SS) = 0:00:01
 [  7%]  Saving        7 of 97 @ t_step =      174 Time Avg =     1.355940E-02 Time/step = 1.071400E-02 ETA (HH:MM:SS) = 0:00:01
 [  8%]  Saving        8 of 97 @ t_step =      203 Time Avg =     1.304233E-02 Time/step = 1.045700E-02 ETA (HH:MM:SS) = 0:00:01
 [  9%]  Saving        9 of 97 @ t_step =      232 Time Avg =     1.336400E-02 Time/step = 1.529400E-02 ETA (HH:MM:SS) = 0:00:01
 [ 10%]  Saving       10 of 97 @ t_step =      261 Time Avg =     1.355213E-02 Time/step = 1.486900E-02 ETA (HH:MM:SS) = 0:00:01
 [ 11%]  Saving       11 of 97 @ t_step =      290 Time Avg =     1.343022E-02 Time/step = 1.245500E-02 ETA (HH:MM:SS) = 0:00:01
 [ 12%]  Saving       12 of 97 @ t_step =      319 Time Avg =     1.331720E-02 Time/step = 1.230000E-02 ETA (HH:MM:SS) = 0:00:01
 [ 13%]  Saving       13 of 97 @ t_step =      348 Time Avg =     1.362473E-02 Time/step = 1.670000E-02 ETA (HH:MM:SS) = 0:00:01
 [ 14%]  Saving       14 of 97 @ t_step =      377 Time Avg =     1.396667E-02 Time/step = 1.772800E-02 ETA (HH:MM:SS) = 0:00:01
 [ 15%]  Saving       15 of 97 @ t_step =      406 Time Avg =     1.425292E-02 Time/step = 1.768800E-02 ETA (HH:MM:SS) = 0:00:01
 [ 16%]  Saving       16 of 97 @ t_step =      435 Time Avg =     1.439429E-02 Time/step = 1.623200E-02 ETA (HH:MM:SS) = 0:00:01
 [ 17%]  Saving       17 of 97 @ t_step =      464 Time Avg =     1.423500E-02 Time/step = 1.200500E-02 ETA (HH:MM:SS) = 0:00:01
 [ 18%]  Saving       18 of 97 @ t_step =      493 Time Avg =     1.396237E-02 Time/step = 9.873000E-03 ETA (HH:MM:SS) = 0:00:01
 [ 19%]  Saving       19 of 97 @ t_step =      522 Time Avg =     1.377300E-02 Time/step = 1.074300E-02 ETA (HH:MM:SS) = 0:00:01
 [ 20%]  Saving       20 of 97 @ t_step =      551 Time Avg =     1.359322E-02 Time/step = 1.053700E-02 ETA (HH:MM:SS) = 0:00:01
 [ 21%]  Saving       21 of 97 @ t_step =      580 Time Avg =     1.344979E-02 Time/step = 1.086800E-02 ETA (HH:MM:SS) = 0:00:01
 [ 22%]  Saving       22 of 97 @ t_step =      609 Time Avg =     1.334720E-02 Time/step = 1.139800E-02 ETA (HH:MM:SS) = 0:00:01
 [ 23%]  Saving       23 of 97 @ t_step =      638 Time Avg =     1.323848E-02 Time/step = 1.106400E-02 ETA (HH:MM:SS) = 0:00:00
 [ 24%]  Saving       24 of 97 @ t_step =      667 Time Avg =     1.309773E-02 Time/step = 1.014200E-02 ETA (HH:MM:SS) = 0:00:00
 [ 25%]  Saving       25 of 97 @ t_step =      696 Time Avg =     1.297730E-02 Time/step = 1.032800E-02 ETA (HH:MM:SS) = 0:00:00
 [ 26%]  Saving       26 of 97 @ t_step =      725 Time Avg =     1.285025E-02 Time/step = 9.928000E-03 ETA (HH:MM:SS) = 0:00:00
 [ 27%]  Saving       27 of 97 @ t_step =      754 Time Avg =     1.275540E-02 Time/step = 1.047900E-02 ETA (HH:MM:SS) = 0:00:00
 [ 28%]  Saving       28 of 97 @ t_step =      783 Time Avg =     1.272965E-02 Time/step = 1.208600E-02 ETA (HH:MM:SS) = 0:00:00
 [ 29%]  Saving       29 of 97 @ t_step =      812 Time Avg =     1.268156E-02 Time/step = 1.143100E-02 ETA (HH:MM:SS) = 0:00:00
 [ 30%]  Saving       30 of 97 @ t_step =      841 Time Avg =     1.280125E-02 Time/step = 1.603300E-02 ETA (HH:MM:SS) = 0:00:00
 [ 31%]  Saving       31 of 97 @ t_step =      870 Time Avg =     1.290097E-02 Time/step = 1.569300E-02 ETA (HH:MM:SS) = 0:00:00
 [ 32%]  Saving       32 of 97 @ t_step =      899 Time Avg =     1.299083E-02 Time/step = 1.559700E-02 ETA (HH:MM:SS) = 0:00:00
 [ 33%]  Saving       33 of 97 @ t_step =      928 Time Avg =     1.315545E-02 Time/step = 1.809400E-02 ETA (HH:MM:SS) = 0:00:00
 [ 35%]  Saving       34 of 97 @ t_step =      957 Time Avg =     1.321969E-02 Time/step = 1.521100E-02 ETA (HH:MM:SS) = 0:00:00
 [ 36%]  Saving       35 of 97 @ t_step =      986 Time Avg =     1.317197E-02 Time/step = 1.164500E-02 ETA (HH:MM:SS) = 0:00:00
 [ 37%]  Saving       36 of 97 @ t_step =     1015 Time Avg =     1.315882E-02 Time/step = 1.272500E-02 ETA (HH:MM:SS) = 0:00:00
 [ 38%]  Saving       37 of 97 @ t_step =     1044 Time Avg =     1.313809E-02 Time/step = 1.243300E-02 ETA (HH:MM:SS) = 0:00:00
 [ 39%]  Saving       38 of 97 @ t_step =     1073 Time Avg =     1.309647E-02 Time/step = 1.164000E-02 ETA (HH:MM:SS) = 0:00:00
 [ 40%]  Saving       39 of 97 @ t_step =     1102 Time Avg =     1.302714E-02 Time/step = 1.053100E-02 ETA (HH:MM:SS) = 0:00:00
 [ 41%]  Saving       40 of 97 @ t_step =     1131 Time Avg =     1.294837E-02 Time/step = 1.003400E-02 ETA (HH:MM:SS) = 0:00:00
 [ 42%]  Saving       41 of 97 @ t_step =     1160 Time Avg =     1.290831E-02 Time/step = 1.138600E-02 ETA (HH:MM:SS) = 0:00:00
 [ 43%]  Saving       42 of 97 @ t_step =     1189 Time Avg =     1.285670E-02 Time/step = 1.084400E-02 ETA (HH:MM:SS) = 0:00:00
 [ 44%]  Saving       43 of 97 @ t_step =     1218 Time Avg =     1.285822E-02 Time/step = 1.291900E-02 ETA (HH:MM:SS) = 0:00:00
 [ 45%]  Saving       44 of 97 @ t_step =     1247 Time Avg =     1.291938E-02 Time/step = 1.542700E-02 ETA (HH:MM:SS) = 0:00:00
 [ 46%]  Saving       45 of 97 @ t_step =     1276 Time Avg =     1.297856E-02 Time/step = 1.546400E-02 ETA (HH:MM:SS) = 0:00:00
 [ 47%]  Saving       46 of 97 @ t_step =     1305 Time Avg =     1.292805E-02 Time/step = 1.075600E-02 ETA (HH:MM:SS) = 0:00:00
 [ 48%]  Saving       47 of 97 @ t_step =     1334 Time Avg =     1.294080E-02 Time/step = 1.350200E-02 ETA (HH:MM:SS) = 0:00:00
 [ 49%]  Saving       48 of 97 @ t_step =     1363 Time Avg =     1.292837E-02 Time/step = 1.236900E-02 ETA (HH:MM:SS) = 0:00:00
 [ 50%]  Saving       49 of 97 @ t_step =     1392 Time Avg =     1.296245E-02 Time/step = 1.453000E-02 ETA (HH:MM:SS) = 0:00:00
 [ 51%]  Saving       50 of 97 @ t_step =     1421 Time Avg =     1.297546E-02 Time/step = 1.358700E-02 ETA (HH:MM:SS) = 0:00:00
 [ 52%]  Saving       51 of 97 @ t_step =     1450 Time Avg =     1.295657E-02 Time/step = 1.205000E-02 ETA (HH:MM:SS) = 0:00:00
 [ 53%]  Saving       52 of 97 @ t_step =     1479 Time Avg =     1.297112E-02 Time/step = 1.368400E-02 ETA (HH:MM:SS) = 0:00:00
 [ 54%]  Saving       53 of 97 @ t_step =     1508 Time Avg =     1.294908E-02 Time/step = 1.184700E-02 ETA (HH:MM:SS) = 0:00:00
 [ 55%]  Saving       54 of 97 @ t_step =     1537 Time Avg =     1.293287E-02 Time/step = 1.210600E-02 ETA (HH:MM:SS) = 0:00:00
 [ 56%]  Saving       55 of 97 @ t_step =     1566 Time Avg =     1.292592E-02 Time/step = 1.256500E-02 ETA (HH:MM:SS) = 0:00:00
 [ 57%]  Saving       56 of 97 @ t_step =     1595 Time Avg =     1.292457E-02 Time/step = 1.285300E-02 ETA (HH:MM:SS) = 0:00:00
 [ 58%]  Saving       57 of 97 @ t_step =     1624 Time Avg =     1.291640E-02 Time/step = 1.247500E-02 ETA (HH:MM:SS) = 0:00:00
 [ 59%]  Saving       58 of 97 @ t_step =     1653 Time Avg =     1.291707E-02 Time/step = 1.295400E-02 ETA (HH:MM:SS) = 0:00:00
 [ 60%]  Saving       59 of 97 @ t_step =     1682 Time Avg =     1.290684E-02 Time/step = 1.233400E-02 ETA (HH:MM:SS) = 0:00:00
 [ 61%]  Saving       60 of 97 @ t_step =     1711 Time Avg =     1.287584E-02 Time/step = 1.110900E-02 ETA (HH:MM:SS) = 0:00:00
 [ 62%]  Saving       61 of 97 @ t_step =     1740 Time Avg =     1.286249E-02 Time/step = 1.208800E-02 ETA (HH:MM:SS) = 0:00:00
 [ 63%]  Saving       62 of 97 @ t_step =     1769 Time Avg =     1.290927E-02 Time/step = 1.566900E-02 ETA (HH:MM:SS) = 0:00:00
 [ 64%]  Saving       63 of 97 @ t_step =     1798 Time Avg =     1.291293E-02 Time/step = 1.313300E-02 ETA (HH:MM:SS) = 0:00:00
 [ 65%]  Saving       64 of 97 @ t_step =     1827 Time Avg =     1.292085E-02 Time/step = 1.340400E-02 ETA (HH:MM:SS) = 0:00:00
 [ 66%]  Saving       65 of 97 @ t_step =     1856 Time Avg =     1.291062E-02 Time/step = 1.227600E-02 ETA (HH:MM:SS) = 0:00:00
 [ 68%]  Saving       66 of 97 @ t_step =     1885 Time Avg =     1.290409E-02 Time/step = 1.249300E-02 ETA (HH:MM:SS) = 0:00:00
 [ 69%]  Saving       67 of 97 @ t_step =     1914 Time Avg =     1.288402E-02 Time/step = 1.159900E-02 ETA (HH:MM:SS) = 0:00:00
 [ 70%]  Saving       68 of 97 @ t_step =     1943 Time Avg =     1.287026E-02 Time/step = 1.197600E-02 ETA (HH:MM:SS) = 0:00:00
 [ 71%]  Saving       69 of 97 @ t_step =     1972 Time Avg =     1.293124E-02 Time/step = 1.695600E-02 ETA (HH:MM:SS) = 0:00:00
 [ 72%]  Saving       70 of 97 @ t_step =     2001 Time Avg =     1.292626E-02 Time/step = 1.259300E-02 ETA (HH:MM:SS) = 0:00:00
 [ 73%]  Saving       71 of 97 @ t_step =     2030 Time Avg =     1.297938E-02 Time/step = 1.659100E-02 ETA (HH:MM:SS) = 0:00:00
 [ 74%]  Saving       72 of 97 @ t_step =     2059 Time Avg =     1.295564E-02 Time/step = 1.131800E-02 ETA (HH:MM:SS) = 0:00:00
 [ 75%]  Saving       73 of 97 @ t_step =     2088 Time Avg =     1.293993E-02 Time/step = 1.184000E-02 ETA (HH:MM:SS) = 0:00:00
 [ 76%]  Saving       74 of 97 @ t_step =     2117 Time Avg =     1.301304E-02 Time/step = 1.820400E-02 ETA (HH:MM:SS) = 0:00:00
 [ 77%]  Saving       75 of 97 @ t_step =     2146 Time Avg =     1.302227E-02 Time/step = 1.368700E-02 ETA (HH:MM:SS) = 0:00:00
 [ 78%]  Saving       76 of 97 @ t_step =     2175 Time Avg =     1.301607E-02 Time/step = 1.256300E-02 ETA (HH:MM:SS) = 0:00:00
 [ 79%]  Saving       77 of 97 @ t_step =     2204 Time Avg =     1.306753E-02 Time/step = 1.687600E-02 ETA (HH:MM:SS) = 0:00:00
 [ 80%]  Saving       78 of 97 @ t_step =     2233 Time Avg =     1.314201E-02 Time/step = 1.872800E-02 ETA (HH:MM:SS) = 0:00:00
 [ 81%]  Saving       79 of 97 @ t_step =     2262 Time Avg =     1.317052E-02 Time/step = 1.533700E-02 ETA (HH:MM:SS) = 0:00:00
 [ 82%]  Saving       80 of 97 @ t_step =     2291 Time Avg =     1.316141E-02 Time/step = 1.246000E-02 ETA (HH:MM:SS) = 0:00:00
 [ 83%]  Saving       81 of 97 @ t_step =     2320 Time Avg =     1.312891E-02 Time/step = 1.059400E-02 ETA (HH:MM:SS) = 0:00:00
 [ 84%]  Saving       82 of 97 @ t_step =     2349 Time Avg =     1.317195E-02 Time/step = 1.657200E-02 ETA (HH:MM:SS) = 0:00:00
 [ 85%]  Saving       83 of 97 @ t_step =     2378 Time Avg =     1.318225E-02 Time/step = 1.400600E-02 ETA (HH:MM:SS) = 0:00:00
 [ 86%]  Saving       84 of 97 @ t_step =     2407 Time Avg =     1.318354E-02 Time/step = 1.328800E-02 ETA (HH:MM:SS) = 0:00:00
 [ 87%]  Saving       85 of 97 @ t_step =     2436 Time Avg =     1.316194E-02 Time/step = 1.139100E-02 ETA (HH:MM:SS) = 0:00:00
 [ 88%]  Saving       86 of 97 @ t_step =     2465 Time Avg =     1.320988E-02 Time/step = 1.718900E-02 ETA (HH:MM:SS) = 0:00:00
 [ 89%]  Saving       87 of 97 @ t_step =     2494 Time Avg =     1.321814E-02 Time/step = 1.391200E-02 ETA (HH:MM:SS) = 0:00:00
 [ 90%]  Saving       88 of 97 @ t_step =     2523 Time Avg =     1.320593E-02 Time/step = 1.216800E-02 ETA (HH:MM:SS) = 0:00:00
 [ 91%]  Saving       89 of 97 @ t_step =     2552 Time Avg =     1.326391E-02 Time/step = 1.825000E-02 ETA (HH:MM:SS) = 0:00:00
 [ 92%]  Saving       90 of 97 @ t_step =     2581 Time Avg =     1.328918E-02 Time/step = 1.548800E-02 ETA (HH:MM:SS) = 0:00:00
 [ 93%]  Saving       91 of 97 @ t_step =     2610 Time Avg =     1.328500E-02 Time/step = 1.291700E-02 ETA (HH:MM:SS) = 0:00:00
 [ 94%]  Saving       92 of 97 @ t_step =     2639 Time Avg =     1.333722E-02 Time/step = 1.798500E-02 ETA (HH:MM:SS) = 0:00:00
 [ 95%]  Saving       93 of 97 @ t_step =     2668 Time Avg =     1.332563E-02 Time/step = 1.228200E-02 ETA (HH:MM:SS) = 0:00:00
 [ 96%]  Saving       94 of 97 @ t_step =     2697 Time Avg =     1.330714E-02 Time/step = 1.162500E-02 ETA (HH:MM:SS) = 0:00:00
 [ 97%]  Saving       95 of 97 @ t_step =     2726 Time Avg =     1.333862E-02 Time/step = 1.623500E-02 ETA (HH:MM:SS) = 0:00:00
 [ 98%]  Saving       96 of 97 @ t_step =     2755 Time Avg =     1.338246E-02 Time/step = 1.745900E-02 ETA (HH:MM:SS) = 0:00:00
 [ 99%]  Saving       97 of 97 @ t_step =     2784 Time Avg =     1.337671E-02 Time/step = 1.283600E-02 ETA (HH:MM:SS) = 0:00:00
 [100%]  Saving       97 of 97 @ t_step =     2812 Time Avg =     1.337493E-02 Time/step = 1.320600E-02 ETA (HH:MM:SS) = 0:00:00

+-----------------------------------------------------------------------------------------------------------+ 
| Finished mfc-scc26-p3-cpu:                                                                                |
| * Total-time:    59s                                 * Exit Code:     0                                   |
| * End-time:      08:49:05                            * End-date:      08:49:05                            |
+-----------------------------------------------------------------------------------------------------------+ 
