+-----------------------------------------------------------------------------------------------------------+ 
| MFC case # mfc-task2-n64-weno5-cfl0025 @ /scratch/jobs/35234061736/MFC/demo/task2-n64-weno5-cfl0025/case.py: |
+-----------------------------------------------------------------------------------------------------------+ 
| * Start-time     14:31:35                            * Start-date     14:31:35                            |
| * Partition      cpu                                 * Walltime       00:20:00                            |
| * Account        N/A                                 * Nodes          1                                   |
| * Job Name       mfc-task2-n64-weno5-cfl0025         * Engine         batch                               |
| * QoS            N/A                                 * Binary         N/A                                 |
| * Queue System   SLURM                               * Email          N/A                                 |
+-----------------------------------------------------------------------------------------------------------+ 

host        : cpu-node1
nodes/tasks : 1 x 1
mpirun      : /work/openmpi/5.0.10/bin/mpirun
fabric      : ibp129s0 (UCX_TLS=rc,sm,self)

mfc: OK > :) Running syscheck:

 [TEST] MPI: call mpi_init(ierr)
 [TEST] MPI: call mpi_comm_rank(MPI_COMM_WORLD, rank, ierr)
 [TEST] MPI: call mpi_barrier(MPI_COMM_WORLD, ierr)
 [TEST] MPI: call assert(rank >= 0)
 [TEST] MPI: call mpi_comm_size(MPI_COMM_WORLD, nRanks, ierr)
 [TEST] MPI: call assert(nRanks > 0 .and. rank < nRanks)
 [SKIP] ACC: devtype = acc_get_device_type()
 [SKIP] ACC: num_devices = acc_get_num_devices(devtype)
 [SKIP] ACC: call assert(num_devices > 0)
 [SKIP] ACC: call acc_set_device_num(mod(rank, nRanks), devtype)
 [SKIP] ACC: allocate(arr(1:N))
 [SKIP] ACC: !$acc enter data create(arr(1:N))
 [SKIP] ACC: !$acc parallel loop
 [SKIP] ACC: !$acc update host(arr(1:N))
 [SKIP] ACC: !$acc exit data delete(arr)
 [SKIP] OMP: num_devices_omp = omp_get_num_devices()
 [SKIP] OMP: call assert(num_devices_omp > 0)
 [SKIP] OMP: call omp_set_default_device(mod(rank, nRanks))
 [TEST] MPI: call mpi_barrier(MPI_COMM_WORLD, ierr)
 [TEST] MPI: call mpi_finalize(ierr)
 
 Syscheck: PASSED.

mfc: OK > :) Running pre_process:

 Pre-processing a 63x0x0 case on 1 rank(s)
 Processing patch           1
 Elapsed Time   3.8480000000000181E-003

mfc: OK > :) Running simulation:

 Simulating a regular 63x0x0 case on 1 rank(s) on CPUs.
 [  0%]  Time step        1 of 5591 @ t_step =        0 Time Avg = 0.000000E+00 Time/step= 0.000000E+00 ETA (HH:MM:SS) = 0:00:00
 [  1%]  Time step        2 of 5591 @ t_step =        1 Time Avg = 0.000000E+00 Time/step= 4.010000E-04 ETA (HH:MM:SS) = 0:00:00
 [  1%]  Time step        3 of 5591 @ t_step =        2 Time Avg = 0.000000E+00 Time/step= 1.960000E-04 ETA (HH:MM:SS) = 0:00:00
 [  1%]  Time step        4 of 5591 @ t_step =        3 Time Avg = 2.000000E-04 Time/step= 2.000000E-04 ETA (HH:MM:SS) = 0:00:01
 [  1%]  Time step        5 of 5591 @ t_step =        4 Time Avg = 1.945000E-04 Time/step= 1.890000E-04 ETA (HH:MM:SS) = 0:00:01
 [  1%]  Time step        6 of 5591 @ t_step =        5 Time Avg = 1.926667E-04 Time/step= 1.890000E-04 ETA (HH:MM:SS) = 0:00:01
 [  1%]  Time step        7 of 5591 @ t_step =        6 Time Avg = 1.965000E-04 Time/step= 2.080000E-04 ETA (HH:MM:SS) = 0:00:01
 [  1%]  Time step        8 of 5591 @ t_step =        7 Time Avg = 1.962000E-04 Time/step= 1.950000E-04 ETA (HH:MM:SS) = 0:00:01
 [  1%]  Time step        9 of 5591 @ t_step =        8 Time Avg = 1.950000E-04 Time/step= 1.890000E-04 ETA (HH:MM:SS) = 0:00:01
 [  1%]  Time step       10 of 5591 @ t_step =        9 Time Avg = 1.941429E-04 Time/step= 1.890000E-04 ETA (HH:MM:SS) = 0:00:01
 [  1%]  Time step       11 of 5591 @ t_step =       10 Time Avg = 1.933750E-04 Time/step= 1.880000E-04 ETA (HH:MM:SS) = 0:00:01
 [  1%]  Time step       12 of 5591 @ t_step =       11 Time Avg = 1.958889E-04 Time/step= 2.160000E-04 ETA (HH:MM:SS) = 0:00:01
 [  1%]  Time step       13 of 5591 @ t_step =       12 Time Avg = 1.985000E-04 Time/step= 2.220000E-04 ETA (HH:MM:SS) = 0:00:01
 [  1%]  Time step       14 of 5591 @ t_step =       13 Time Avg = 1.976364E-04 Time/step= 1.890000E-04 ETA (HH:MM:SS) = 0:00:01
 [  1%]  Time step       15 of 5591 @ t_step =       14 Time Avg = 1.969167E-04 Time/step= 1.890000E-04 ETA (HH:MM:SS) = 0:00:01
 [  1%]  Time step       16 of 5591 @ t_step =       15 Time Avg = 1.963077E-04 Time/step= 1.890000E-04 ETA (HH:MM:SS) = 0:00:01
 [  1%]  Time step       17 of 5591 @ t_step =       16 Time Avg = 1.973571E-04 Time/step= 2.110000E-04 ETA (HH:MM:SS) = 0:00:01
 [  1%]  Time step       18 of 5591 @ t_step =       17 Time Avg = 1.978000E-04 Time/step= 2.040000E-04 ETA (HH:MM:SS) = 0:00:01
 [  1%]  Time step       19 of 5591 @ t_step =       18 Time Avg = 1.972500E-04 Time/step= 1.890000E-04 ETA (HH:MM:SS) = 0:00:01
 [  1%]  Time step       20 of 5591 @ t_step =       19 Time Avg = 1.967647E-04 Time/step= 1.890000E-04 ETA (HH:MM:SS) = 0:00:01
 [  1%]  Time step       21 of 5591 @ t_step =       20 Time Avg = 1.962778E-04 Time/step= 1.880000E-04 ETA (HH:MM:SS) = 0:00:01
 [  1%]  Time step       22 of 5591 @ t_step =       21 Time Avg = 1.988947E-04 Time/step= 2.460000E-04 ETA (HH:MM:SS) = 0:00:01
 [  1%]  Time step       23 of 5591 @ t_step =       22 Time Avg = 2.001500E-04 Time/step= 2.240000E-04 ETA (HH:MM:SS) = 0:00:01
 [  1%]  Time step       24 of 5591 @ t_step =       23 Time Avg = 1.996190E-04 Time/step= 1.890000E-04 ETA (HH:MM:SS) = 0:00:01
 [  1%]  Time step       25 of 5591 @ t_step =       24 Time Avg = 1.991364E-04 Time/step= 1.890000E-04 ETA (HH:MM:SS) = 0:00:01
 [  1%]  Time step       26 of 5591 @ t_step =       25 Time Avg = 1.993913E-04 Time/step= 2.050000E-04 ETA (HH:MM:SS) = 0:00:01
 [  1%]  Time step       27 of 5591 @ t_step =       26 Time Avg = 1.990000E-04 Time/step= 1.900000E-04 ETA (HH:MM:SS) = 0:00:01
 [  1%]  Time step       28 of 5591 @ t_step =       27 Time Avg = 1.986400E-04 Time/step= 1.900000E-04 ETA (HH:MM:SS) = 0:00:01
 [  1%]  Time step       29 of 5591 @ t_step =       28 Time Avg = 1.982692E-04 Time/step= 1.890000E-04 ETA (HH:MM:SS) = 0:00:01
 [  1%]  Time step       30 of 5591 @ t_step =       29 Time Avg = 1.979259E-04 Time/step= 1.890000E-04 ETA (HH:MM:SS) = 0:00:01
 [  1%]  Time step       31 of 5591 @ t_step =       30 Time Avg = 1.983929E-04 Time/step= 2.110000E-04 ETA (HH:MM:SS) = 0:00:01
 [  1%]  Time step       32 of 5591 @ t_step =       31 Time Avg = 1.983103E-04 Time/step= 1.960000E-04 ETA (HH:MM:SS) = 0:00:01
 [  1%]  Time step       33 of 5591 @ t_step =       32 Time Avg = 1.984333E-04 Time/step= 2.020000E-04 ETA (HH:MM:SS) = 0:00:01
 [  1%]  Time step       34 of 5591 @ t_step =       33 Time Avg = 1.981290E-04 Time/step= 1.890000E-04 ETA (HH:MM:SS) = 0:00:01
 [  1%]  Time step       35 of 5591 @ t_step =       34 Time Avg = 1.978437E-04 Time/step= 1.890000E-04 ETA (HH:MM:SS) = 0:00:01
 [  1%]  Time step       36 of 5591 @ t_step =       35 Time Avg = 1.978182E-04 Time/step= 1.970000E-04 ETA (HH:MM:SS) = 0:00:01
 [  1%]  Time step       37 of 5591 @ t_step =       36 Time Avg = 1.975588E-04 Time/step= 1.890000E-04 ETA (HH:MM:SS) = 0:00:01
 [  1%]  Time step       38 of 5591 @ t_step =       37 Time Avg = 1.973143E-04 Time/step= 1.890000E-04 ETA (HH:MM:SS) = 0:00:01
 [  1%]  Time step       39 of 5591 @ t_step =       38 Time Avg = 1.970833E-04 Time/step= 1.890000E-04 ETA (HH:MM:SS) = 0:00:01
 [  1%]  Time step       40 of 5591 @ t_step =       39 Time Avg = 1.968649E-04 Time/step= 1.890000E-04 ETA (HH:MM:SS) = 0:00:01
 [  1%]  Time step       41 of 5591 @ t_step =       40 Time Avg = 1.968158E-04 Time/step= 1.950000E-04 ETA (HH:MM:SS) = 0:00:01
 [  1%]  Time step       42 of 5591 @ t_step =       41 Time Avg = 1.966410E-04 Time/step= 1.900000E-04 ETA (HH:MM:SS) = 0:00:01
 [  1%]  Time step       43 of 5591 @ t_step =       42 Time Avg = 1.964500E-04 Time/step= 1.890000E-04 ETA (HH:MM:SS) = 0:00:01
 [  1%]  Time step       44 of 5591 @ t_step =       43 Time Avg = 1.962683E-04 Time/step= 1.890000E-04 ETA (HH:MM:SS) = 0:00:01
 [  1%]  Time step       45 of 5591 @ t_step =       44 Time Avg = 1.960952E-04 Time/step= 1.890000E-04 ETA (HH:MM:SS) = 0:00:01
 [  1%]  Time step       46 of 5591 @ t_step =       45 Time Avg = 1.960698E-04 Time/step= 1.950000E-04 ETA (HH:MM:SS) = 0:00:01
 [  1%]  Time step       47 of 5591 @ t_step =       46 Time Avg = 1.959091E-04 Time/step= 1.890000E-04 ETA (HH:MM:SS) = 0:00:01
 [  1%]  Time step       48 of 5591 @ t_step =       47 Time Avg = 1.957556E-04 Time/step= 1.890000E-04 ETA (HH:MM:SS) = 0:00:01
 [  1%]  Time step       49 of 5591 @ t_step =       48 Time Avg = 1.956087E-04 Time/step= 1.890000E-04 ETA (HH:MM:SS) = 0:00:01
 [  1%]  Time step       50 of 5591 @ t_step =       49 Time Avg = 1.954681E-04 Time/step= 1.890000E-04 ETA (HH:MM:SS) = 0:00:01
 [  1%]  Time step       51 of 5591 @ t_step =       50 Time Avg = 1.957083E-04 Time/step= 2.070000E-04 ETA (HH:MM:SS) = 0:00:01
 [  1%]  Time step       52 of 5591 @ t_step =       51 Time Avg = 1.957143E-04 Time/step= 1.960000E-04 ETA (HH:MM:SS) = 0:00:01
 [  1%]  Time step       53 of 5591 @ t_step =       52 Time Avg = 1.958600E-04 Time/step= 2.030000E-04 ETA (HH:MM:SS) = 0:00:01
 [  1%]  Time step       54 of 5591 @ t_step =       53 Time Avg = 1.957255E-04 Time/step= 1.890000E-04 ETA (HH:MM:SS) = 0:00:01
 [  1%]  Time step       55 of 5591 @ t_step =       54 Time Avg = 1.955962E-04 Time/step= 1.890000E-04 ETA (HH:MM:SS) = 0:00:01
 [  1%]  Time step       56 of 5591 @ t_step =       55 Time Avg = 1.955849E-04 Time/step= 1.950000E-04 ETA (HH:MM:SS) = 0:00:01
 [  2%]  Time step       57 of 5591 @ t_step =       56 Time Avg = 1.954630E-04 Time/step= 1.890000E-04 ETA (HH:MM:SS) = 0:00:01
 [  2%]  Time step       58 of 5591 @ t_step =       57 Time Avg = 1.953636E-04 Time/step= 1.900000E-04 ETA (HH:MM:SS) = 0:00:01
 [  2%]  Time step       59 of 5591 @ t_step =       58 Time Avg = 1.952500E-04 Time/step= 1.890000E-04 ETA (HH:MM:SS) = 0:00:01
 [  2%]  Time step       60 of 5591 @ t_step =       59 Time Avg = 1.951404E-04 Time/step= 1.890000E-04 ETA (HH:MM:SS) = 0:00:01
 [  2%]  Time step       61 of 5591 @ t_step =       60 Time Avg = 1.951379E-04 Time/step= 1.950000E-04 ETA (HH:MM:SS) = 0:00:01
 [  2%]  Time step       62 of 5591 @ t_step =       61 Time Avg = 1.950508E-04 Time/step= 1.900000E-04 ETA (HH:MM:SS) = 0:00:01
 [  2%]  Time step       63 of 5591 @ t_step =       62 Time Avg = 1.949500E-04 Time/step= 1.890000E-04 ETA (HH:MM:SS) = 0:00:01
 [  2%]  Time step       64 of 5591 @ t_step =       63 Time Avg = 1.948525E-04 Time/step= 1.890000E-04 ETA (HH:MM:SS) = 0:00:01
 [  2%]  Time step       65 of 5591 @ t_step =       64 Time Avg = 1.947581E-04 Time/step= 1.890000E-04 ETA (HH:MM:SS) = 0:00:01
 [  2%]  Time step       66 of 5591 @ t_step =       65 Time Avg = 1.947460E-04 Time/step= 1.940000E-04 ETA (HH:MM:SS) = 0:00:01
 [  2%]  Time step       67 of 5591 @ t_step =       66 Time Avg = 1.946562E-04 Time/step= 1.890000E-04 ETA (HH:MM:SS) = 0:00:01
 [  2%]  Time step       68 of 5591 @ t_step =       67 Time Avg = 1.945692E-04 Time/step= 1.890000E-04 ETA (HH:MM:SS) = 0:00:01
 [  2%]  Time step       69 of 5591 @ t_step =       68 Time Avg = 1.944848E-04 Time/step= 1.890000E-04 ETA (HH:MM:SS) = 0:00:01
 [  2%]  Time step       70 of 5591 @ t_step =       69 Time Avg = 1.944030E-04 Time/step= 1.890000E-04 ETA (HH:MM:SS) = 0:00:01
 [  2%]  Time step       71 of 5591 @ t_step =       70 Time Avg = 1.945588E-04 Time/step= 2.050000E-04 ETA (HH:MM:SS) = 0:00:01
 [  2%]  Time step       72 of 5591 @ t_step =       71 Time Avg = 1.945797E-04 Time/step= 1.960000E-04 ETA (HH:MM:SS) = 0:00:01
 [  2%]  Time step       73 of 5591 @ t_step =       72 Time Avg = 1.947000E-04 Time/step= 2.030000E-04 ETA (HH:MM:SS) = 0:00:01
 [  2%]  Time step       74 of 5591 @ t_step =       73 Time Avg = 1.946197E-04 Time/step= 1.890000E-04 ETA (HH:MM:SS) = 0:00:01
 [  2%]  Time step       75 of 5591 @ t_step =       74 Time Avg = 1.945417E-04 Time/step= 1.890000E-04 ETA (HH:MM:SS) = 0:00:01
 [  2%]  Time step       76 of 5591 @ t_step =       75 Time Avg = 1.945479E-04 Time/step= 1.950000E-04 ETA (HH:MM:SS) = 0:00:01
 [  2%]  Time step       77 of 5591 @ t_step =       76 Time Avg = 1.944865E-04 Time/step= 1.900000E-04 ETA (HH:MM:SS) = 0:00:01
 [  2%]  Time step       78 of 5591 @ t_step =       77 Time Avg = 1.944133E-04 Time/step= 1.890000E-04 ETA (HH:MM:SS) = 0:00:01
 [  2%]  Time step       79 of 5591 @ t_step =       78 Time Avg = 1.943421E-04 Time/step= 1.890000E-04 ETA (HH:MM:SS) = 0:00:01
 [  2%]  Time step       80 of 5591 @ t_step =       79 Time Avg = 1.942857E-04 Time/step= 1.900000E-04 ETA (HH:MM:SS) = 0:00:01
 [  2%]  Time step       81 of 5591 @ t_step =       80 Time Avg = 1.942821E-04 Time/step= 1.940000E-04 ETA (HH:MM:SS) = 0:00:01
 [  2%]  Time step       82 of 5591 @ t_step =       81 Time Avg = 1.942152E-04 Time/step= 1.890000E-04 ETA (HH:MM:SS) = 0:00:01
 [  2%]  Time step       83 of 5591 @ t_step =       82 Time Avg = 1.941625E-04 Time/step= 1.900000E-04 ETA (HH:MM:SS) = 0:00:01
 [  2%]  Time step       84 of 5591 @ t_step =       83 Time Avg = 1.940988E-04 Time/step= 1.890000E-04 ETA (HH:MM:SS) = 0:00:01
 [  2%]  Time step       85 of 5591 @ t_step =       84 Time Avg = 1.940366E-04 Time/step= 1.890000E-04 ETA (HH:MM:SS) = 0:00:01
 [  2%]  Time step       86 of 5591 @ t_step =       85 Time Avg = 1.940482E-04 Time/step= 1.950000E-04 ETA (HH:MM:SS) = 0:00:01
 [  2%]  Time step       87 of 5591 @ t_step =       86 Time Avg = 1.939881E-04 Time/step= 1.890000E-04 ETA (HH:MM:SS) = 0:00:01
 [  2%]  Time step       88 of 5591 @ t_step =       87 Time Avg = 1.939294E-04 Time/step= 1.890000E-04 ETA (HH:MM:SS) = 0:00:01
 [  2%]  Time step       89 of 5591 @ t_step =       88 Time Avg = 1.938721E-04 Time/step= 1.890000E-04 ETA (HH:MM:SS) = 0:00:01
 [  2%]  Time step       90 of 5591 @ t_step =       89 Time Avg = 1.938276E-04 Time/step= 1.900000E-04 ETA (HH:MM:SS) = 0:00:01
 [  2%]  Time step       91 of 5591 @ t_step =       90 Time Avg = 1.940227E-04 Time/step= 2.110000E-04 ETA (HH:MM:SS) = 0:00:01
 [  2%]  Time step       92 of 5591 @ t_step =       91 Time Avg = 1.940674E-04 Time/step= 1.980000E-04 ETA (HH:MM:SS) = 0:00:01
 [  2%]  Time step       93 of 5591 @ t_step =       92 Time Avg = 1.941778E-04 Time/step= 2.040000E-04 ETA (HH:MM:SS) = 0:00:01
 [  2%]  Time step       94 of 5591 @ t_step =       93 Time Avg = 1.941209E-04 Time/step= 1.890000E-04 ETA (HH:MM:SS) = 0:00:01
 [  2%]  Time step       95 of 5591 @ t_step =       94 Time Avg = 1.940652E-04 Time/step= 1.890000E-04 ETA (HH:MM:SS) = 0:00:01
 [  2%]  Time step       96 of 5591 @ t_step =       95 Time Avg = 1.940860E-04 Time/step= 1.960000E-04 ETA (HH:MM:SS) = 0:00:01
 [  2%]  Time step       97 of 5591 @ t_step =       96 Time Avg = 1.940426E-04 Time/step= 1.900000E-04 ETA (HH:MM:SS) = 0:00:01
 [  2%]  Time step       98 of 5591 @ t_step =       97 Time Avg = 1.940000E-04 Time/step= 1.900000E-04 ETA (HH:MM:SS) = 0:00:01
 [  2%]  Time step       99 of 5591 @ t_step =       98 Time Avg = 1.939479E-04 Time/step= 1.890000E-04 ETA (HH:MM:SS) = 0:00:01
 [  2%]  Time step      100 of 5591 @ t_step =       99 Time Avg = 1.938969E-04 Time/step= 1.890000E-04 ETA (HH:MM:SS) = 0:00:01
 [  2%]  Time step      101 of 5591 @ t_step =      100 Time Avg = 1.938980E-04 Time/step= 1.940000E-04 ETA (HH:MM:SS) = 0:00:01
 [  2%]  Time step      102 of 5591 @ t_step =      101 Time Avg = 1.938586E-04 Time/step= 1.900000E-04 ETA (HH:MM:SS) = 0:00:01
 [  2%]  Time step      103 of 5591 @ t_step =      102 Time Avg = 1.938100E-04 Time/step= 1.890000E-04 ETA (HH:MM:SS) = 0:00:01
 [  2%]  Time step      104 of 5591 @ t_step =      103 Time Avg = 1.937723E-04 Time/step= 1.900000E-04 ETA (HH:MM:SS) = 0:00:01
 [  2%]  Time step      105 of 5591 @ t_step =      104 Time Avg = 1.939902E-04 Time/step= 2.160000E-04 ETA (HH:MM:SS) = 0:00:01
 [  2%]  Time step      106 of 5591 @ t_step =      105 Time Avg = 1.943398E-04 Time/step= 2.300000E-04 ETA (HH:MM:SS) = 0:00:01
 [  2%]  Time step      107 of 5591 @ t_step =      106 Time Avg = 1.945577E-04 Time/step= 2.170000E-04 ETA (HH:MM:SS) = 0:00:01
 [  2%]  Time step      108 of 5591 @ t_step =      107 Time Avg = 1.946381E-04 Time/step= 2.030000E-04 ETA (HH:MM:SS) = 0:00:01
 [  2%]  Time step      109 of 5591 @ t_step =      108 Time Avg = 1.945849E-04 Time/step= 1.890000E-04 ETA (HH:MM:SS) = 0:00:01
 [  2%]  Time step      110 of 5591 @ t_step =      109 Time Avg = 1.945421E-04 Time/step= 1.900000E-04 ETA (HH:MM:SS) = 0:00:01
 [  2%]  Time step      111 of 5591 @ t_step =      110 Time Avg = 1.947593E-04 Time/step= 2.180000E-04 ETA (HH:MM:SS) = 0:00:01
 [  2%]  Time step      112 of 5591 @ t_step =      111 Time Avg = 1.950092E-04 Time/step= 2.220000E-04 ETA (HH:MM:SS) = 0:00:01
 [  3%]  Time step      113 of 5591 @ t_step =      112 Time Avg = 1.949636E-04 Time/step= 1.900000E-04 ETA (HH:MM:SS) = 0:00:01
 [  3%]  Time step      114 of 5591 @ t_step =      113 Time Avg = 1.949099E-04 Time/step= 1.890000E-04 ETA (HH:MM:SS) = 0:00:01
 [  3%]  Time step      115 of 5591 @ t_step =      114 Time Avg = 1.948571E-04 Time/step= 1.890000E-04 ETA (HH:MM:SS) = 0:00:01
 [  3%]  Time step      116 of 5591 @ t_step =      115 Time Avg = 1.949292E-04 Time/step= 2.030000E-04 ETA (HH:MM:SS) = 0:00:01
 [  3%]  Time step      117 of 5591 @ t_step =      116 Time Avg = 1.948860E-04 Time/step= 1.900000E-04 ETA (HH:MM:SS) = 0:00:01
 [  3%]  Time step      118 of 5591 @ t_step =      117 Time Avg = 1.948348E-04 Time/step= 1.890000E-04 ETA (HH:MM:SS) = 0:00:01
 [  3%]  Time step      119 of 5591 @ t_step =      118 Time Avg = 1.947931E-04 Time/step= 1.900000E-04 ETA (HH:MM:SS) = 0:00:01
 [  3%]  Time step      120 of 5591 @ t_step =      119 Time Avg = 1.947436E-04 Time/step= 1.890000E-04 ETA (HH:MM:SS) = 0:00:01
 [  3%]  Time step      121 of 5591 @ t_step =      120 Time Avg = 1.948220E-04 Time/step= 2.040000E-04 ETA (HH:MM:SS) = 0:00:01
 [  3%]  Time step      122 of 5591 @ t_step =      121 Time Avg = 1.947815E-04 Time/step= 1.900000E-04 ETA (HH:MM:SS) = 0:00:01
 [  3%]  Time step      123 of 5591 @ t_step =      122 Time Avg = 1.947333E-04 Time/step= 1.890000E-04 ETA (HH:MM:SS) = 0:00:01
 [  3%]  Time step      124 of 5591 @ t_step =      123 Time Avg = 1.946942E-04 Time/step= 1.900000E-04 ETA (HH:MM:SS) = 0:00:01
 [  3%]  Time step      125 of 5591 @ t_step =      124 Time Avg = 1.946475E-04 Time/step= 1.890000E-04 ETA (HH:MM:SS) = 0:00:01
 [  3%]  Time step      126 of 5591 @ t_step =      125 Time Avg = 1.948130E-04 Time/step= 2.150000E-04 ETA (HH:MM:SS) = 0:00:01
 [  3%]  Time step      127 of 5591 @ t_step =      126 Time Avg = 1.947661E-04 Time/step= 1.890000E-04 ETA (HH:MM:SS) = 0:00:01
 [  3%]  Time step      128 of 5591 @ t_step =      127 Time Avg = 1.947200E-04 Time/step= 1.890000E-04 ETA (HH:MM:SS) = 0:00:01
 [  3%]  Time step      129 of 5591 @ t_step =      128 Time Avg = 1.946746E-04 Time/step= 1.890000E-04 ETA (HH:MM:SS) = 0:00:01
 [  3%]  Time step      130 of 5591 @ t_step =      129 Time Avg = 1.946378E-04 Time/step= 1.900000E-04 ETA (HH:MM:SS) = 0:00:01
 [  3%]  Time step      131 of 5591 @ t_step =      130 Time Avg = 1.948359E-04 Time/step= 2.200000E-04 ETA (HH:MM:SS) = 0:00:01
 [  3%]  Time step      132 of 5591 @ t_step =      131 Time Avg = 1.949147E-04 Time/step= 2.050000E-04 ETA (HH:MM:SS) = 0:00:01
 [  3%]  Time step      133 of 5591 @ t_step =      132 Time Avg = 1.948692E-04 Time/step= 1.890000E-04 ETA (HH:MM:SS) = 0:00:01
 [  3%]  Time step      134 of 5591 @ t_step =      133 Time Avg = 1.948244E-04 Time/step= 1.890000E-04 ETA (HH:MM:SS) = 0:00:01
 [  3%]  Time step      135 of 5591 @ t_step =      134 Time Avg = 1.948636E-04 Time/step= 2.000000E-04 ETA (HH:MM:SS) = 0:00:01
 [  3%]  Time step      136 of 5591 @ t_step =      135 Time Avg = 1.948346E-04 Time/step= 1.910000E-04 ETA (HH:MM:SS) = 0:00:01
 [  3%]  Time step      137 of 5591 @ t_step =      136 Time Avg = 1.947985E-04 Time/step= 1.900000E-04 ETA (HH:MM:SS) = 0:00:01
 [  3%]  Time step      138 of 5591 @ t_step =      137 Time Avg = 1.947556E-04 Time/step= 1.890000E-04 ETA (HH:MM:SS) = 0:00:01
 [  3%]  Time step      139 of 5591 @ t_step =      138 Time Avg = 1.947132E-04 Time/step= 1.890000E-04 ETA (HH:MM:SS) = 0:00:01
 [  3%]  Time step      140 of 5591 @ t_step =      139 Time Avg = 1.948175E-04 Time/step= 2.090000E-04 ETA (HH:MM:SS) = 0:00:01
 [  3%]  Time step      141 of 5591 @ t_step =      140 Time Avg = 1.949493E-04 Time/step= 2.130000E-04 ETA (HH:MM:SS) = 0:00:01
 [  3%]  Time step      142 of 5591 @ t_step =      141 Time Avg = 1.951367E-04 Time/step= 2.210000E-04 ETA (HH:MM:SS) = 0:00:01
 [  3%]  Time step      143 of 5591 @ t_step =      142 Time Avg = 1.951000E-04 Time/step= 1.900000E-04 ETA (HH:MM:SS) = 0:00:01
 [  3%]  Time step      144 of 5591 @ t_step =      143 Time Avg = 1.950567E-04 Time/step= 1.890000E-04 ETA (HH:MM:SS) = 0:00:01
 [  3%]  Time step      145 of 5591 @ t_step =      144 Time Avg = 1.952324E-04 Time/step= 2.200000E-04 ETA (HH:MM:SS) = 0:00:01
 [  3%]  Time step      146 of 5591 @ t_step =      145 Time Avg = 1.952028E-04 Time/step= 1.910000E-04 ETA (HH:MM:SS) = 0:00:01
 [  3%]  Time step      147 of 5591 @ t_step =      146 Time Avg = 1.951667E-04 Time/step= 1.900000E-04 ETA (HH:MM:SS) = 0:00:01
 [  3%]  Time step      148 of 5591 @ t_step =      147 Time Avg = 1.951241E-04 Time/step= 1.890000E-04 ETA (HH:MM:SS) = 0:00:01
 [  3%]  Time step      149 of 5591 @ t_step =      148 Time Avg = 1.950890E-04 Time/step= 1.900000E-04 ETA (HH:MM:SS) = 0:00:01
 [  3%]  Time step      150 of 5591 @ t_step =      149 Time Avg = 1.952449E-04 Time/step= 2.180000E-04 ETA (HH:MM:SS) = 0:00:01
 [  3%]  Time step      151 of 5591 @ t_step =      150 Time Avg = 1.952500E-04 Time/step= 1.960000E-04 ETA (HH:MM:SS) = 0:00:01
 [  3%]  Time step      152 of 5591 @ t_step =      151 Time Avg = 1.952886E-04 Time/step= 2.010000E-04 ETA (HH:MM:SS) = 0:00:01
 [  3%]  Time step      153 of 5591 @ t_step =      152 Time Avg = 1.952533E-04 Time/step= 1.900000E-04 ETA (HH:MM:SS) = 0:00:01
 [  3%]  Time step      154 of 5591 @ t_step =      153 Time Avg = 1.952119E-04 Time/step= 1.890000E-04 ETA (HH:MM:SS) = 0:00:01
 [  3%]  Time step      155 of 5591 @ t_step =      154 Time Avg = 1.952829E-04 Time/step= 2.060000E-04 ETA (HH:MM:SS) = 0:00:01
 [  3%]  Time step      156 of 5591 @ t_step =      155 Time Avg = 1.952484E-04 Time/step= 1.900000E-04 ETA (HH:MM:SS) = 0:00:01
 [  3%]  Time step      157 of 5591 @ t_step =      156 Time Avg = 1.952143E-04 Time/step= 1.900000E-04 ETA (HH:MM:SS) = 0:00:01
 [  3%]  Time step      158 of 5591 @ t_step =      157 Time Avg = 1.951742E-04 Time/step= 1.890000E-04 ETA (HH:MM:SS) = 0:00:01
 [  3%]  Time step      159 of 5591 @ t_step =      158 Time Avg = 1.951410E-04 Time/step= 1.900000E-04 ETA (HH:MM:SS) = 0:00:01
 [  3%]  Time step      160 of 5591 @ t_step =      159 Time Avg = 1.951401E-04 Time/step= 1.950000E-04 ETA (HH:MM:SS) = 0:00:01
 [  3%]  Time step      161 of 5591 @ t_step =      160 Time Avg = 1.951076E-04 Time/step= 1.900000E-04 ETA (HH:MM:SS) = 0:00:01
 [  3%]  Time step      162 of 5591 @ t_step =      161 Time Avg = 1.950692E-04 Time/step= 1.890000E-04 ETA (HH:MM:SS) = 0:00:01
 [  3%]  Time step      163 of 5591 @ t_step =      162 Time Avg = 1.950375E-04 Time/step= 1.900000E-04 ETA (HH:MM:SS) = 0:00:01
 [  3%]  Time step      164 of 5591 @ t_step =      163 Time Avg = 1.950000E-04 Time/step= 1.890000E-04 ETA (HH:MM:SS) = 0:00:01
 [  3%]  Time step      165 of 5591 @ t_step =      164 Time Avg = 1.951173E-04 Time/step= 2.140000E-04 ETA (HH:MM:SS) = 0:00:01
 [  3%]  Time step      166 of 5591 @ t_step =      165 Time Avg = 1.951963E-04 Time/step= 2.080000E-04 ETA (HH:MM:SS) = 0:00:01
 [  3%]  Time step      167 of 5591 @ t_step =      166 Time Avg = 1.952012E-04 Time/step= 1.960000E-04 ETA (HH:MM:SS) = 0:00:01
 [  3%]  Time step      168 of 5591 @ t_step =      167 Time Avg = 1.952061E-04 Time/step= 1.960000E-04 ETA (HH:MM:SS) = 0:00:01
 [  4%]  Time step      169 of 5591 @ t_step =      168 Time Avg = 1.952048E-04 Time/step= 1.950000E-04 ETA (HH:MM:SS) = 0:00:01
 [  4%]  Time step      170 of 5591 @ t_step =      169 Time Avg = 1.954012E-04 Time/step= 2.280000E-04 ETA (HH:MM:SS) = 0:00:01
 [  4%]  Time step      171 of 5591 @ t_step =      170 Time Avg = 1.955000E-04 Time/step= 2.120000E-04 ETA (HH:MM:SS) = 0:00:01
 [  4%]  Time step      172 of 5591 @ t_step =      171 Time Avg = 1.955385E-04 Time/step= 2.020000E-04 ETA (HH:MM:SS) = 0:00:01
 [  4%]  Time step      173 of 5591 @ t_step =      172 Time Avg = 1.955000E-04 Time/step= 1.890000E-04 ETA (HH:MM:SS) = 0:00:01
 [  4%]  Time step      174 of 5591 @ t_step =      173 Time Avg = 1.955556E-04 Time/step= 2.050000E-04 ETA (HH:MM:SS) = 0:00:01
 [  4%]  Time step      175 of 5591 @ t_step =      174 Time Avg = 1.955291E-04 Time/step= 1.910000E-04 ETA (HH:MM:SS) = 0:00:01
 [  4%]  Time step      176 of 5591 @ t_step =      175 Time Avg = 1.954971E-04 Time/step= 1.900000E-04 ETA (HH:MM:SS) = 0:00:01
 [  4%]  Time step      177 of 5591 @ t_step =      176 Time Avg = 1.954598E-04 Time/step= 1.890000E-04 ETA (HH:MM:SS) = 0:00:01
 [  4%]  Time step      178 of 5591 @ t_step =      177 Time Avg = 1.954229E-04 Time/step= 1.890000E-04 ETA (HH:MM:SS) = 0:00:01
 [  4%]  Time step      179 of 5591 @ t_step =      178 Time Avg = 1.954205E-04 Time/step= 1.950000E-04 ETA (HH:MM:SS) = 0:00:01
 [  4%]  Time step      180 of 5591 @ t_step =      179 Time Avg = 1.953898E-04 Time/step= 1.900000E-04 ETA (HH:MM:SS) = 0:00:01
 [  4%]  Time step      181 of 5591 @ t_step =      180 Time Avg = 1.953596E-04 Time/step= 1.900000E-04 ETA (HH:MM:SS) = 0:00:01
 [  4%]  Time step      182 of 5591 @ t_step =      181 Time Avg = 1.953240E-04 Time/step= 1.890000E-04 ETA (HH:MM:SS) = 0:00:01
 [  4%]  Time step      183 of 5591 @ t_step =      182 Time Avg = 1.952944E-04 Time/step= 1.900000E-04 ETA (HH:MM:SS) = 0:00:01
 [  4%]  Time step      184 of 5591 @ t_step =      183 Time Avg = 1.953260E-04 Time/step= 2.010000E-04 ETA (HH:MM:SS) = 0:00:01
 [  4%]  Time step      185 of 5591 @ t_step =      184 Time Avg = 1.954231E-04 Time/step= 2.130000E-04 ETA (HH:MM:SS) = 0:00:01
 [  4%]  Time step      186 of 5591 @ t_step =      185 Time Avg = 1.953934E-04 Time/step= 1.900000E-04 ETA (HH:MM:SS) = 0:00:01
 [  4%]  Time step      187 of 5591 @ t_step =      186 Time Avg = 1.953587E-04 Time/step= 1.890000E-04 ETA (HH:MM:SS) = 0:00:01
 [  4%]  Time step      188 of 5591 @ t_step =      187 Time Avg = 1.953297E-04 Time/step= 1.900000E-04 ETA (HH:MM:SS) = 0:00:01
 [  4%]  Time step      189 of 5591 @ t_step =      188 Time Avg = 1.954355E-04 Time/step= 2.150000E-04 ETA (HH:MM:SS) = 0:00:01
 [  4%]  Time step      190 of 5591 @ t_step =      189 Time Avg = 1.954385E-04 Time/step= 1.960000E-04 ETA (HH:MM:SS) = 0:00:01
 [  4%]  Time step      191 of 5591 @ t_step =      190 Time Avg = 1.954787E-04 Time/step= 2.030000E-04 ETA (HH:MM:SS) = 0:00:01
 [  4%]  Time step      192 of 5591 @ t_step =      191 Time Avg = 1.954444E-04 Time/step= 1.890000E-04 ETA (HH:MM:SS) = 0:00:01
 [  4%]  Time step      193 of 5591 @ t_step =      192 Time Avg = 1.954105E-04 Time/step= 1.890000E-04 ETA (HH:MM:SS) = 0:00:01
 [  4%]  Time step      194 of 5591 @ t_step =      193 Time Avg = 1.955654E-04 Time/step= 2.250000E-04 ETA (HH:MM:SS) = 0:00:01
 [  4%]  Time step      195 of 5591 @ t_step =      194 Time Avg = 1.958437E-04 Time/step= 2.490000E-04 ETA (HH:MM:SS) = 0:00:01
 [  4%]  Time step      196 of 5591 @ t_step =      195 Time Avg = 1.958756E-04 Time/step= 2.020000E-04 ETA (HH:MM:SS) = 0:00:01
 [  4%]  Time step      197 of 5591 @ t_step =      196 Time Avg = 1.958402E-04 Time/step= 1.890000E-04 ETA (HH:MM:SS) = 0:00:01
 [  4%]  Time step      198 of 5591 @ t_step =      197 Time Avg = 1.958051E-04 Time/step= 1.890000E-04 ETA (HH:MM:SS) = 0:00:01
 [  4%]  Time step      199 of 5591 @ t_step =      198 Time Avg = 1.959745E-04 Time/step= 2.290000E-04 ETA (HH:MM:SS) = 0:00:01
 [  4%]  Time step      200 of 5591 @ t_step =      199 Time Avg = 1.960508E-04 Time/step= 2.110000E-04 ETA (HH:MM:SS) = 0:00:01
 [  4%]  Time step      201 of 5591 @ t_step =      200 Time Avg = 1.961515E-04 Time/step= 2.160000E-04 ETA (HH:MM:SS) = 0:00:01
 [  4%]  Time step      202 of 5591 @ t_step =      201 Time Avg = 1.961508E-04 Time/step= 1.960000E-04 ETA (HH:MM:SS) = 0:00:01
 [  4%]  Time step      203 of 5591 @ t_step =      202 Time Avg = 1.963350E-04 Time/step= 2.330000E-04 ETA (HH:MM:SS) = 0:00:01
 [  4%]  Time step      204 of 5591 @ t_step =      203 Time Avg = 1.963035E-04 Time/step= 1.900000E-04 ETA (HH:MM:SS) = 0:00:01
 [  4%]  Time step      205 of 5591 @ t_step =      204 Time Avg = 1.962673E-04 Time/step= 1.890000E-04 ETA (HH:MM:SS) = 0:00:01
 [  4%]  Time step      206 of 5591 @ t_step =      205 Time Avg = 1.962315E-04 Time/step= 1.890000E-04 ETA (HH:MM:SS) = 0:00:01
 [  4%]  Time step      207 of 5591 @ t_step =      206 Time Avg = 1.962010E-04 Time/step= 1.900000E-04 ETA (HH:MM:SS) = 0:00:01
 [  4%]  Time step      208 of 5591 @ t_step =      207 Time Avg = 1.963073E-04 Time/step= 2.180000E-04 ETA (HH:MM:SS) = 0:00:01
 [  4%]  Time step      209 of 5591 @ t_step =      208 Time Avg = 1.963058E-04 Time/step= 1.960000E-04 ETA (HH:MM:SS) = 0:00:01
 [  4%]  Time step      210 of 5591 @ t_step =      209 Time Avg = 1.963237E-04 Time/step= 2.000000E-04 ETA (HH:MM:SS) = 0:00:01
 [  4%]  Time step      211 of 5591 @ t_step =      210 Time Avg = 1.962885E-04 Time/step= 1.890000E-04 ETA (HH:MM:SS) = 0:00:01
 [  4%]  Time step      212 of 5591 @ t_step =      211 Time Avg = 1.962584E-04 Time/step= 1.900000E-04 ETA (HH:MM:SS) = 0:00:01
 [  4%]  Time step      213 of 5591 @ t_step =      212 Time Avg = 1.962905E-04 Time/step= 2.030000E-04 ETA (HH:MM:SS) = 0:00:01
 [  4%]  Time step      214 of 5591 @ t_step =      213 Time Avg = 1.962607E-04 Time/step= 1.900000E-04 ETA (HH:MM:SS) = 0:00:01
 [  4%]  Time step      215 of 5591 @ t_step =      214 Time Avg = 1.962311E-04 Time/step= 1.900000E-04 ETA (HH:MM:SS) = 0:00:01
 [  4%]  Time step      216 of 5591 @ t_step =      215 Time Avg = 1.962019E-04 Time/step= 1.900000E-04 ETA (HH:MM:SS) = 0:00:01
 [  4%]  Time step      217 of 5591 @ t_step =      216 Time Avg = 1.961682E-04 Time/step= 1.890000E-04 ETA (HH:MM:SS) = 0:00:01
 [  4%]  Time step      218 of 5591 @ t_step =      217 Time Avg = 1.963116E-04 Time/step= 2.270000E-04 ETA (HH:MM:SS) = 0:00:01
 [  4%]  Time step      219 of 5591 @ t_step =      218 Time Avg = 1.962824E-04 Time/step= 1.900000E-04 ETA (HH:MM:SS) = 0:00:01
 [  4%]  Time step      220 of 5591 @ t_step =      219 Time Avg = 1.962535E-04 Time/step= 1.900000E-04 ETA (HH:MM:SS) = 0:00:01
 [  4%]  Time step      221 of 5591 @ t_step =      220 Time Avg = 1.962202E-04 Time/step= 1.890000E-04 ETA (HH:MM:SS) = 0:00:01
 [  4%]  Time step      222 of 5591 @ t_step =      221 Time Avg = 1.961918E-04 Time/step= 1.900000E-04 ETA (HH:MM:SS) = 0:00:01
 [  4%]  Time step      223 of 5591 @ t_step =      222 Time Avg = 1.962955E-04 Time/step= 2.190000E-04 ETA (HH:MM:SS) = 0:00:01
 [  4%]  Time step      224 of 5591 @ t_step =      223 Time Avg = 1.962670E-04 Time/step= 1.900000E-04 ETA (HH:MM:SS) = 0:00:01
 [  5%]  Time step      225 of 5591 @ t_step =      224 Time Avg = 1.962342E-04 Time/step= 1.890000E-04 ETA (HH:MM:SS) = 0:00:01
 [  5%]  Time step      226 of 5591 @ t_step =      225 Time Avg = 1.962018E-04 Time/step= 1.890000E-04 ETA (HH:MM:SS) = 0:00:01
 [  5%]  Time step      227 of 5591 @ t_step =      226 Time Avg = 1.961696E-04 Time/step= 1.890000E-04 ETA (HH:MM:SS) = 0:00:01
 [  5%]  Time step      228 of 5591 @ t_step =      227 Time Avg = 1.962756E-04 Time/step= 2.200000E-04 ETA (HH:MM:SS) = 0:00:01
 [  5%]  Time step      229 of 5591 @ t_step =      228 Time Avg = 1.963142E-04 Time/step= 2.050000E-04 ETA (HH:MM:SS) = 0:00:01
 [  5%]  Time step      230 of 5591 @ t_step =      229 Time Avg = 1.962819E-04 Time/step= 1.890000E-04 ETA (HH:MM:SS) = 0:00:01
 [  5%]  Time step      231 of 5591 @ t_step =      230 Time Avg = 1.962500E-04 Time/step= 1.890000E-04 ETA (HH:MM:SS) = 0:00:01
 [  5%]  Time step      232 of 5591 @ t_step =      231 Time Avg = 1.962183E-04 Time/step= 1.890000E-04 ETA (HH:MM:SS) = 0:00:01
 [  5%]  Time step      233 of 5591 @ t_step =      232 Time Avg = 1.962522E-04 Time/step= 2.040000E-04 ETA (HH:MM:SS) = 0:00:01
 [  5%]  Time step      234 of 5591 @ t_step =      233 Time Avg = 1.962251E-04 Time/step= 1.900000E-04 ETA (HH:MM:SS) = 0:00:01
 [  5%]  Time step      235 of 5591 @ t_step =      234 Time Avg = 1.961940E-04 Time/step= 1.890000E-04 ETA (HH:MM:SS) = 0:00:01
 [  5%]  Time step      236 of 5591 @ t_step =      235 Time Avg = 1.961631E-04 Time/step= 1.890000E-04 ETA (HH:MM:SS) = 0:00:01
 [  5%]  Time step      237 of 5591 @ t_step =      236 Time Avg = 1.961368E-04 Time/step= 1.900000E-04 ETA (HH:MM:SS) = 0:00:01
 [  5%]  Time step      238 of 5591 @ t_step =      237 Time Avg = 1.961404E-04 Time/step= 1.970000E-04 ETA (HH:MM:SS) = 0:00:01
 [  5%]  Time step      239 of 5591 @ t_step =      238 Time Avg = 1.961102E-04 Time/step= 1.890000E-04 ETA (HH:MM:SS) = 0:00:01
 [  5%]  Time step      240 of 5591 @ t_step =      239 Time Avg = 1.960844E-04 Time/step= 1.900000E-04 ETA (HH:MM:SS) = 0:00:01
 [  5%]  Time step      241 of 5591 @ t_step =      240 Time Avg = 1.960546E-04 Time/step= 1.890000E-04 ETA (HH:MM:SS) = 0:00:01
 [  5%]  Time step      242 of 5591 @ t_step =      241 Time Avg = 1.960293E-04 Time/step= 1.900000E-04 ETA (HH:MM:SS) = 0:00:01
 [  5%]  Time step      243 of 5591 @ t_step =      242 Time Avg = 1.961042E-04 Time/step= 2.140000E-04 ETA (HH:MM:SS) = 0:00:01
 [  5%]  Time step      244 of 5591 @ t_step =      243 Time Avg = 1.960788E-04 Time/step= 1.900000E-04 ETA (HH:MM:SS) = 0:00:01
 [  5%]  Time step      245 of 5591 @ t_step =      244 Time Avg = 1.960496E-04 Time/step= 1.890000E-04 ETA (HH:MM:SS) = 0:00:01
 [  5%]  Time step      246 of 5591 @ t_step =      245 Time Avg = 1.960247E-04 Time/step= 1.900000E-04 ETA (HH:MM:SS) = 0:00:01
 [  5%]  Time step      247 of 5591 @ t_step =      246 Time Avg = 1.959959E-04 Time/step= 1.890000E-04 ETA (HH:MM:SS) = 0:00:01
 [  5%]  Time step      248 of 5591 @ t_step =      247 Time Avg = 1.961224E-04 Time/step= 2.270000E-04 ETA (HH:MM:SS) = 0:00:01
 [  5%]  Time step      249 of 5591 @ t_step =      248 Time Avg = 1.961545E-04 Time/step= 2.040000E-04 ETA (HH:MM:SS) = 0:00:01
 [  5%]  Time step      250 of 5591 @ t_step =      249 Time Avg = 1.961255E-04 Time/step= 1.890000E-04 ETA (HH:MM:SS) = 0:00:01
 [  5%]  Time step      251 of 5591 @ t_step =      250 Time Avg = 1.960968E-04 Time/step= 1.890000E-04 ETA (HH:MM:SS) = 0:00:01
 [  5%]  Time step      252 of 5591 @ t_step =      251 Time Avg = 1.961205E-04 Time/step= 2.020000E-04 ETA (HH:MM:SS) = 0:00:01
 [  5%]  Time step      253 of 5591 @ t_step =      252 Time Avg = 1.961000E-04 Time/step= 1.910000E-04 ETA (HH:MM:SS) = 0:00:01
 [  5%]  Time step      254 of 5591 @ t_step =      253 Time Avg = 1.960717E-04 Time/step= 1.890000E-04 ETA (HH:MM:SS) = 0:00:01
 [  5%]  Time step      255 of 5591 @ t_step =      254 Time Avg = 1.960437E-04 Time/step= 1.890000E-04 ETA (HH:MM:SS) = 0:00:01
 [  5%]  Time step      256 of 5591 @ t_step =      255 Time Avg = 1.960158E-04 Time/step= 1.890000E-04 ETA (HH:MM:SS) = 0:00:01
 [  5%]  Time step      257 of 5591 @ t_step =      256 Time Avg = 1.960236E-04 Time/step= 1.980000E-04 ETA (HH:MM:SS) = 0:00:01
 [  5%]  Time step      258 of 5591 @ t_step =      257 Time Avg = 1.960000E-04 Time/step= 1.900000E-04 ETA (HH:MM:SS) = 0:00:01
 [  5%]  Time step      259 of 5591 @ t_step =      258 Time Avg = 1.959766E-04 Time/step= 1.900000E-04 ETA (HH:MM:SS) = 0:00:01
 [  5%]  Time step      260 of 5591 @ t_step =      259 Time Avg = 1.959494E-04 Time/step= 1.890000E-04 ETA (HH:MM:SS) = 0:00:01
 [  5%]  Time step      261 of 5591 @ t_step =      260 Time Avg = 1.959264E-04 Time/step= 1.900000E-04 ETA (HH:MM:SS) = 0:00:01
 [  5%]  Time step      262 of 5591 @ t_step =      261 Time Avg = 1.959537E-04 Time/step= 2.030000E-04 ETA (HH:MM:SS) = 0:00:01
 [  5%]  Time step      263 of 5591 @ t_step =      262 Time Avg = 1.959692E-04 Time/step= 2.000000E-04 ETA (HH:MM:SS) = 0:00:01
 [  5%]  Time step      264 of 5591 @ t_step =      263 Time Avg = 1.959425E-04 Time/step= 1.890000E-04 ETA (HH:MM:SS) = 0:00:01
 [  5%]  Time step      265 of 5591 @ t_step =      264 Time Avg = 1.959198E-04 Time/step= 1.900000E-04 ETA (HH:MM:SS) = 0:00:01
 [  5%]  Time step      266 of 5591 @ t_step =      265 Time Avg = 1.958935E-04 Time/step= 1.890000E-04 ETA (HH:MM:SS) = 0:00:01
 [  5%]  Time step      267 of 5591 @ t_step =      266 Time Avg = 1.959621E-04 Time/step= 2.140000E-04 ETA (HH:MM:SS) = 0:00:01
 [  5%]  Time step      268 of 5591 @ t_step =      267 Time Avg = 1.959660E-04 Time/step= 1.970000E-04 ETA (HH:MM:SS) = 0:00:01
 [  5%]  Time step      269 of 5591 @ t_step =      268 Time Avg = 1.959925E-04 Time/step= 2.030000E-04 ETA (HH:MM:SS) = 0:00:01
 [  5%]  Time step      270 of 5591 @ t_step =      269 Time Avg = 1.959700E-04 Time/step= 1.900000E-04 ETA (HH:MM:SS) = 0:00:01
 [  5%]  Time step      271 of 5591 @ t_step =      270 Time Avg = 1.959440E-04 Time/step= 1.890000E-04 ETA (HH:MM:SS) = 0:00:01
 [  5%]  Time step      272 of 5591 @ t_step =      271 Time Avg = 1.959814E-04 Time/step= 2.060000E-04 ETA (HH:MM:SS) = 0:00:01
 [  5%]  Time step      273 of 5591 @ t_step =      272 Time Avg = 1.959593E-04 Time/step= 1.900000E-04 ETA (HH:MM:SS) = 0:00:01
 [  5%]  Time step      274 of 5591 @ t_step =      273 Time Avg = 1.959373E-04 Time/step= 1.900000E-04 ETA (HH:MM:SS) = 0:00:01
 [  5%]  Time step      275 of 5591 @ t_step =      274 Time Avg = 1.959154E-04 Time/step= 1.900000E-04 ETA (HH:MM:SS) = 0:00:01
 [  5%]  Time step      276 of 5591 @ t_step =      275 Time Avg = 1.958901E-04 Time/step= 1.890000E-04 ETA (HH:MM:SS) = 0:00:01
 [  5%]  Time step      277 of 5591 @ t_step =      276 Time Avg = 1.958942E-04 Time/step= 1.970000E-04 ETA (HH:MM:SS) = 0:00:01
 [  5%]  Time step      278 of 5591 @ t_step =      277 Time Avg = 1.958727E-04 Time/step= 1.900000E-04 ETA (HH:MM:SS) = 0:00:01
 [  5%]  Time step      279 of 5591 @ t_step =      278 Time Avg = 1.958478E-04 Time/step= 1.890000E-04 ETA (HH:MM:SS) = 0:00:01
 [  5%]  Time step      280 of 5591 @ t_step =      279 Time Avg = 1.958267E-04 Time/step= 1.900000E-04 ETA (HH:MM:SS) = 0:00:01
 [  6%]  Time step      281 of 5591 @ t_step =      280 Time Avg = 1.958022E-04 Time/step= 1.890000E-04 ETA (HH:MM:SS) = 0:00:01
 [  6%]  Time step      282 of 5591 @ t_step =      281 Time Avg = 1.959032E-04 Time/step= 2.240000E-04 ETA (HH:MM:SS) = 0:00:01
 [  6%]  Time step      283 of 5591 @ t_step =      282 Time Avg = 1.959071E-04 Time/step= 1.970000E-04 ETA (HH:MM:SS) = 0:00:01
 [  6%]  Time step      284 of 5591 @ t_step =      283 Time Avg = 1.959075E-04 Time/step= 1.960000E-04 ETA (HH:MM:SS) = 0:00:01
 [  6%]  Time step      285 of 5591 @ t_step =      284 Time Avg = 1.959255E-04 Time/step= 2.010000E-04 ETA (HH:MM:SS) = 0:00:01
 [  6%]  Time step      286 of 5591 @ t_step =      285 Time Avg = 1.959011E-04 Time/step= 1.890000E-04 ETA (HH:MM:SS) = 0:00:01
 [  6%]  Time step      287 of 5591 @ t_step =      286 Time Avg = 1.959789E-04 Time/step= 2.180000E-04 ETA (HH:MM:SS) = 0:00:01
 [  6%]  Time step      288 of 5591 @ t_step =      287 Time Avg = 1.959789E-04 Time/step= 1.960000E-04 ETA (HH:MM:SS) = 0:00:01
 [  6%]  Time step      289 of 5591 @ t_step =      288 Time Avg = 1.959545E-04 Time/step= 1.890000E-04 ETA (HH:MM:SS) = 0:00:01
 [  6%]  Time step      290 of 5591 @ t_step =      289 Time Avg = 1.959303E-04 Time/step= 1.890000E-04 ETA (HH:MM:SS) = 0:00:01
 [  6%]  Time step      291 of 5591 @ t_step =      290 Time Avg = 1.959062E-04 Time/step= 1.890000E-04 ETA (HH:MM:SS) = 0:00:01
 [  6%]  Time step      292 of 5591 @ t_step =      291 Time Avg = 1.959377E-04 Time/step= 2.050000E-04 ETA (HH:MM:SS) = 0:00:01
 [  6%]  Time step      293 of 5591 @ t_step =      292 Time Avg = 1.959172E-04 Time/step= 1.900000E-04 ETA (HH:MM:SS) = 0:00:01
 [  6%]  Time step      294 of 5591 @ t_step =      293 Time Avg = 1.958969E-04 Time/step= 1.900000E-04 ETA (HH:MM:SS) = 0:00:01
 [  6%]  Time step      295 of 5591 @ t_step =      294 Time Avg = 1.958733E-04 Time/step= 1.890000E-04 ETA (HH:MM:SS) = 0:00:01
 [  6%]  Time step      296 of 5591 @ t_step =      295 Time Avg = 1.958532E-04 Time/step= 1.900000E-04 ETA (HH:MM:SS) = 0:00:01
 [  6%]  Time step      297 of 5591 @ t_step =      296 Time Avg = 1.958503E-04 Time/step= 1.950000E-04 ETA (HH:MM:SS) = 0:00:01
 [  6%]  Time step      298 of 5591 @ t_step =      297 Time Avg = 1.958271E-04 Time/step= 1.890000E-04 ETA (HH:MM:SS) = 0:00:01
 [  6%]  Time step      299 of 5591 @ t_step =      298 Time Avg = 1.958041E-04 Time/step= 1.890000E-04 ETA (HH:MM:SS) = 0:00:01
 [  6%]  Time step      300 of 5591 @ t_step =      299 Time Avg = 1.957811E-04 Time/step= 1.890000E-04 ETA (HH:MM:SS) = 0:00:01
 [  6%]  Time step      301 of 5591 @ t_step =      300 Time Avg = 1.957617E-04 Time/step= 1.900000E-04 ETA (HH:MM:SS) = 0:00:01
 [  6%]  Time step      302 of 5591 @ t_step =      301 Time Avg = 1.958361E-04 Time/step= 2.180000E-04 ETA (HH:MM:SS) = 0:00:01
 [  6%]  Time step      303 of 5591 @ t_step =      302 Time Avg = 1.958167E-04 Time/step= 1.900000E-04 ETA (HH:MM:SS) = 0:00:01
 [  6%]  Time step      304 of 5591 @ t_step =      303 Time Avg = 1.957940E-04 Time/step= 1.890000E-04 ETA (HH:MM:SS) = 0:00:01
 [  6%]  Time step      305 of 5591 @ t_step =      304 Time Avg = 1.957715E-04 Time/step= 1.890000E-04 ETA (HH:MM:SS) = 0:00:01
 [  6%]  Time step      306 of 5591 @ t_step =      305 Time Avg = 1.957492E-04 Time/step= 1.890000E-04 ETA (HH:MM:SS) = 0:00:01
 [  6%]  Time step      307 of 5591 @ t_step =      306 Time Avg = 1.958257E-04 Time/step= 2.190000E-04 ETA (HH:MM:SS) = 0:00:01
 [  6%]  Time step      308 of 5591 @ t_step =      307 Time Avg = 1.958590E-04 Time/step= 2.060000E-04 ETA (HH:MM:SS) = 0:00:01
 [  6%]  Time step      309 of 5591 @ t_step =      308 Time Avg = 1.958366E-04 Time/step= 1.890000E-04 ETA (HH:MM:SS) = 0:00:01
 [  6%]  Time step      310 of 5591 @ t_step =      309 Time Avg = 1.958143E-04 Time/step= 1.890000E-04 ETA (HH:MM:SS) = 0:00:01
 [  6%]  Time step      311 of 5591 @ t_step =      310 Time Avg = 1.957922E-04 Time/step= 1.890000E-04 ETA (HH:MM:SS) = 0:00:01
 [  6%]  Time step      312 of 5591 @ t_step =      311 Time Avg = 1.958155E-04 Time/step= 2.030000E-04 ETA (HH:MM:SS) = 0:00:01
 [  6%]  Time step      313 of 5591 @ t_step =      312 Time Avg = 1.957968E-04 Time/step= 1.900000E-04 ETA (HH:MM:SS) = 0:00:01
 [  6%]  Time step      314 of 5591 @ t_step =      313 Time Avg = 1.957749E-04 Time/step= 1.890000E-04 ETA (HH:MM:SS) = 0:00:01
 [  6%]  Time step      315 of 5591 @ t_step =      314 Time Avg = 1.957564E-04 Time/step= 1.900000E-04 ETA (HH:MM:SS) = 0:00:01
 [  6%]  Time step      316 of 5591 @ t_step =      315 Time Avg = 1.957891E-04 Time/step= 2.060000E-04 ETA (HH:MM:SS) = 0:00:01
 [  6%]  Time step      317 of 5591 @ t_step =      316 Time Avg = 1.958408E-04 Time/step= 2.120000E-04 ETA (HH:MM:SS) = 0:00:01
 [  6%]  Time step      318 of 5591 @ t_step =      317 Time Avg = 1.958190E-04 Time/step= 1.890000E-04 ETA (HH:MM:SS) = 0:00:01
 [  6%]  Time step      319 of 5591 @ t_step =      318 Time Avg = 1.957975E-04 Time/step= 1.890000E-04 ETA (HH:MM:SS) = 0:00:01
 [  6%]  Time step      320 of 5591 @ t_step =      319 Time Avg = 1.957792E-04 Time/step= 1.900000E-04 ETA (HH:MM:SS) = 0:00:01
 [  6%]  Time step      321 of 5591 @ t_step =      320 Time Avg = 1.957579E-04 Time/step= 1.890000E-04 ETA (HH:MM:SS) = 0:00:01
 [  6%]  Time step      322 of 5591 @ t_step =      321 Time Avg = 1.958056E-04 Time/step= 2.110000E-04 ETA (HH:MM:SS) = 0:00:01
 [  6%]  Time step      323 of 5591 @ t_step =      322 Time Avg = 1.957875E-04 Time/step= 1.900000E-04 ETA (HH:MM:SS) = 0:00:01
 [  6%]  Time step      324 of 5591 @ t_step =      323 Time Avg = 1.957695E-04 Time/step= 1.900000E-04 ETA (HH:MM:SS) = 0:00:01
 [  6%]  Time step      325 of 5591 @ t_step =      324 Time Avg = 1.957484E-04 Time/step= 1.890000E-04 ETA (HH:MM:SS) = 0:00:01
 [  6%]  Time step      326 of 5591 @ t_step =      325 Time Avg = 1.957895E-04 Time/step= 2.090000E-04 ETA (HH:MM:SS) = 0:00:01
 [  6%]  Time step      327 of 5591 @ t_step =      326 Time Avg = 1.957963E-04 Time/step= 1.980000E-04 ETA (HH:MM:SS) = 0:00:01
 [  6%]  Time step      328 of 5591 @ t_step =      327 Time Avg = 1.958215E-04 Time/step= 2.040000E-04 ETA (HH:MM:SS) = 0:00:01
 [  6%]  Time step      329 of 5591 @ t_step =      328 Time Avg = 1.958037E-04 Time/step= 1.900000E-04 ETA (HH:MM:SS) = 0:00:01
 [  6%]  Time step      330 of 5591 @ t_step =      329 Time Avg = 1.957859E-04 Time/step= 1.900000E-04 ETA (HH:MM:SS) = 0:00:01
 [  6%]  Time step      331 of 5591 @ t_step =      330 Time Avg = 1.958018E-04 Time/step= 2.010000E-04 ETA (HH:MM:SS) = 0:00:01
 [  6%]  Time step      332 of 5591 @ t_step =      331 Time Avg = 1.957872E-04 Time/step= 1.910000E-04 ETA (HH:MM:SS) = 0:00:01
 [  6%]  Time step      333 of 5591 @ t_step =      332 Time Avg = 1.957697E-04 Time/step= 1.900000E-04 ETA (HH:MM:SS) = 0:00:01
 [  6%]  Time step      334 of 5591 @ t_step =      333 Time Avg = 1.957492E-04 Time/step= 1.890000E-04 ETA (HH:MM:SS) = 0:00:01
 [  6%]  Time step      335 of 5591 @ t_step =      334 Time Avg = 1.957289E-04 Time/step= 1.890000E-04 ETA (HH:MM:SS) = 0:00:01
 [  6%]  Time step      336 of 5591 @ t_step =      335 Time Avg = 1.957417E-04 Time/step= 2.000000E-04 ETA (HH:MM:SS) = 0:00:01
 [  7%]  Time step      337 of 5591 @ t_step =      336 Time Avg = 1.957246E-04 Time/step= 1.900000E-04 ETA (HH:MM:SS) = 0:00:01
 [  7%]  Time step      338 of 5591 @ t_step =      337 Time Avg = 1.957075E-04 Time/step= 1.900000E-04 ETA (HH:MM:SS) = 0:00:01
 [  7%]  Time step      339 of 5591 @ t_step =      338 Time Avg = 1.956875E-04 Time/step= 1.890000E-04 ETA (HH:MM:SS) = 0:00:01
 [  7%]  Time step      340 of 5591 @ t_step =      339 Time Avg = 1.956706E-04 Time/step= 1.900000E-04 ETA (HH:MM:SS) = 0:00:01
 [  7%]  Time step      341 of 5591 @ t_step =      340 Time Avg = 1.957160E-04 Time/step= 2.110000E-04 ETA (HH:MM:SS) = 0:00:01
 [  7%]  Time step      342 of 5591 @ t_step =      341 Time Avg = 1.957021E-04 Time/step= 1.910000E-04 ETA (HH:MM:SS) = 0:00:01
 [  7%]  Time step      343 of 5591 @ t_step =      342 Time Avg = 1.956853E-04 Time/step= 1.900000E-04 ETA (HH:MM:SS) = 0:00:01
 [  7%]  Time step      344 of 5591 @ t_step =      343 Time Avg = 1.956657E-04 Time/step= 1.890000E-04 ETA (HH:MM:SS) = 0:00:01
 [  7%]  Time step      345 of 5591 @ t_step =      344 Time Avg = 1.956462E-04 Time/step= 1.890000E-04 ETA (HH:MM:SS) = 0:00:01
 [  7%]  Time step      346 of 5591 @ t_step =      345 Time Avg = 1.956997E-04 Time/step= 2.140000E-04 ETA (HH:MM:SS) = 0:00:01
 [  7%]  Time step      347 of 5591 @ t_step =      346 Time Avg = 1.957035E-04 Time/step= 1.970000E-04 ETA (HH:MM:SS) = 0:00:01
 [  7%]  Time step      348 of 5591 @ t_step =      347 Time Avg = 1.957217E-04 Time/step= 2.020000E-04 ETA (HH:MM:SS) = 0:00:01
 [  7%]  Time step      349 of 5591 @ t_step =      348 Time Avg = 1.957052E-04 Time/step= 1.900000E-04 ETA (HH:MM:SS) = 0:00:01
 [  7%]  Time step      350 of 5591 @ t_step =      349 Time Avg = 1.956888E-04 Time/step= 1.900000E-04 ETA (HH:MM:SS) = 0:00:01
 [  7%]  Time step      351 of 5591 @ t_step =      350 Time Avg = 1.957126E-04 Time/step= 2.040000E-04 ETA (HH:MM:SS) = 0:00:01
 [  7%]  Time step      352 of 5591 @ t_step =      351 Time Avg = 1.956963E-04 Time/step= 1.900000E-04 ETA (HH:MM:SS) = 0:00:01
 [  7%]  Time step      353 of 5591 @ t_step =      352 Time Avg = 1.956771E-04 Time/step= 1.890000E-04 ETA (HH:MM:SS) = 0:00:01
 [  7%]  Time step      354 of 5591 @ t_step =      353 Time Avg = 1.956581E-04 Time/step= 1.890000E-04 ETA (HH:MM:SS) = 0:00:01
 [  7%]  Time step      355 of 5591 @ t_step =      354 Time Avg = 1.956420E-04 Time/step= 1.900000E-04 ETA (HH:MM:SS) = 0:00:01
 [  7%]  Time step      356 of 5591 @ t_step =      355 Time Avg = 1.956601E-04 Time/step= 2.020000E-04 ETA (HH:MM:SS) = 0:00:01
 [  7%]  Time step      357 of 5591 @ t_step =      356 Time Avg = 1.956441E-04 Time/step= 1.900000E-04 ETA (HH:MM:SS) = 0:00:01
 [  7%]  Time step      358 of 5591 @ t_step =      357 Time Avg = 1.956254E-04 Time/step= 1.890000E-04 ETA (HH:MM:SS) = 0:00:01
 [  7%]  Time step      359 of 5591 @ t_step =      358 Time Avg = 1.956067E-04 Time/step= 1.890000E-04 ETA (HH:MM:SS) = 0:00:01
 [  7%]  Time step      360 of 5591 @ t_step =      359 Time Avg = 1.955882E-04 Time/step= 1.890000E-04 ETA (HH:MM:SS) = 0:00:01
 [  7%]  Time step      361 of 5591 @ t_step =      360 Time Avg = 1.956425E-04 Time/step= 2.150000E-04 ETA (HH:MM:SS) = 0:00:01
 [  7%]  Time step      362 of 5591 @ t_step =      361 Time Avg = 1.956267E-04 Time/step= 1.900000E-04 ETA (HH:MM:SS) = 0:00:01
 [  7%]  Time step      363 of 5591 @ t_step =      362 Time Avg = 1.956083E-04 Time/step= 1.890000E-04 ETA (HH:MM:SS) = 0:00:01
 [  7%]  Time step      364 of 5591 @ t_step =      363 Time Avg = 1.955928E-04 Time/step= 1.900000E-04 ETA (HH:MM:SS) = 0:00:01
 [  7%]  Time step      365 of 5591 @ t_step =      364 Time Avg = 1.955746E-04 Time/step= 1.890000E-04 ETA (HH:MM:SS) = 0:00:01
 [  7%]  Time step      366 of 5591 @ t_step =      365 Time Avg = 1.956309E-04 Time/step= 2.160000E-04 ETA (HH:MM:SS) = 0:00:01
 [  7%]  Time step      367 of 5591 @ t_step =      366 Time Avg = 1.956319E-04 Time/step= 1.960000E-04 ETA (HH:MM:SS) = 0:00:01
 [  7%]  Time step      368 of 5591 @ t_step =      367 Time Avg = 1.956438E-04 Time/step= 2.000000E-04 ETA (HH:MM:SS) = 0:00:01
 [  7%]  Time step      369 of 5591 @ t_step =      368 Time Avg = 1.956257E-04 Time/step= 1.890000E-04 ETA (HH:MM:SS) = 0:00:01
 [  7%]  Time step      370 of 5591 @ t_step =      369 Time Avg = 1.956076E-04 Time/step= 1.890000E-04 ETA (HH:MM:SS) = 0:00:01
 [  7%]  Time step      371 of 5591 @ t_step =      370 Time Avg = 1.956250E-04 Time/step= 2.020000E-04 ETA (HH:MM:SS) = 0:00:01
 [  7%]  Time step      372 of 5591 @ t_step =      371 Time Avg = 1.956098E-04 Time/step= 1.900000E-04 ETA (HH:MM:SS) = 0:00:01
 [  7%]  Time step      373 of 5591 @ t_step =      372 Time Avg = 1.955919E-04 Time/step= 1.890000E-04 ETA (HH:MM:SS) = 0:00:01
 [  7%]  Time step      374 of 5591 @ t_step =      373 Time Avg = 1.955741E-04 Time/step= 1.890000E-04 ETA (HH:MM:SS) = 0:00:01
 [  7%]  Time step      375 of 5591 @ t_step =      374 Time Avg = 1.955565E-04 Time/step= 1.890000E-04 ETA (HH:MM:SS) = 0:00:01
 [  7%]  Time step      376 of 5591 @ t_step =      375 Time Avg = 1.955737E-04 Time/step= 2.020000E-04 ETA (HH:MM:SS) = 0:00:01
 [  7%]  Time step      377 of 5591 @ t_step =      376 Time Avg = 1.955588E-04 Time/step= 1.900000E-04 ETA (HH:MM:SS) = 0:00:01
 [  7%]  Time step      378 of 5591 @ t_step =      377 Time Avg = 1.955440E-04 Time/step= 1.900000E-04 ETA (HH:MM:SS) = 0:00:01
 [  7%]  Time step      379 of 5591 @ t_step =      378 Time Avg = 1.955266E-04 Time/step= 1.890000E-04 ETA (HH:MM:SS) = 0:00:01
 [  7%]  Time step      380 of 5591 @ t_step =      379 Time Avg = 1.955093E-04 Time/step= 1.890000E-04 ETA (HH:MM:SS) = 0:00:01
 [  7%]  Time step      381 of 5591 @ t_step =      380 Time Avg = 1.955503E-04 Time/step= 2.110000E-04 ETA (HH:MM:SS) = 0:00:01
 [  7%]  Time step      382 of 5591 @ t_step =      381 Time Avg = 1.955356E-04 Time/step= 1.900000E-04 ETA (HH:MM:SS) = 0:00:01
 [  7%]  Time step      383 of 5591 @ t_step =      382 Time Avg = 1.955211E-04 Time/step= 1.900000E-04 ETA (HH:MM:SS) = 0:00:01
 [  7%]  Time step      384 of 5591 @ t_step =      383 Time Avg = 1.955039E-04 Time/step= 1.890000E-04 ETA (HH:MM:SS) = 0:00:01
 [  7%]  Time step      385 of 5591 @ t_step =      384 Time Avg = 1.954869E-04 Time/step= 1.890000E-04 ETA (HH:MM:SS) = 0:00:01
 [  7%]  Time step      386 of 5591 @ t_step =      385 Time Avg = 1.955457E-04 Time/step= 2.180000E-04 ETA (HH:MM:SS) = 0:00:01
 [  7%]  Time step      387 of 5591 @ t_step =      386 Time Avg = 1.955729E-04 Time/step= 2.060000E-04 ETA (HH:MM:SS) = 0:00:01
 [  7%]  Time step      388 of 5591 @ t_step =      387 Time Avg = 1.955558E-04 Time/step= 1.890000E-04 ETA (HH:MM:SS) = 0:00:01
 [  7%]  Time step      389 of 5591 @ t_step =      388 Time Avg = 1.955415E-04 Time/step= 1.900000E-04 ETA (HH:MM:SS) = 0:00:01
 [  7%]  Time step      390 of 5591 @ t_step =      389 Time Avg = 1.955245E-04 Time/step= 1.890000E-04 ETA (HH:MM:SS) = 0:00:01
 [  7%]  Time step      391 of 5591 @ t_step =      390 Time Avg = 1.955412E-04 Time/step= 2.020000E-04 ETA (HH:MM:SS) = 0:00:01
 [  7%]  Time step      392 of 5591 @ t_step =      391 Time Avg = 1.955630E-04 Time/step= 2.040000E-04 ETA (HH:MM:SS) = 0:00:01
 [  8%]  Time step      393 of 5591 @ t_step =      392 Time Avg = 1.955615E-04 Time/step= 1.950000E-04 ETA (HH:MM:SS) = 0:00:01
 [  8%]  Time step      394 of 5591 @ t_step =      393 Time Avg = 1.955627E-04 Time/step= 1.960000E-04 ETA (HH:MM:SS) = 0:00:01
 [  8%]  Time step      395 of 5591 @ t_step =      394 Time Avg = 1.955459E-04 Time/step= 1.890000E-04 ETA (HH:MM:SS) = 0:00:01
 [  8%]  Time step      396 of 5591 @ t_step =      395 Time Avg = 1.955623E-04 Time/step= 2.020000E-04 ETA (HH:MM:SS) = 0:00:01
 [  8%]  Time step      397 of 5591 @ t_step =      396 Time Avg = 1.955482E-04 Time/step= 1.900000E-04 ETA (HH:MM:SS) = 0:00:01
 [  8%]  Time step      398 of 5591 @ t_step =      397 Time Avg = 1.955316E-04 Time/step= 1.890000E-04 ETA (HH:MM:SS) = 0:00:01
 [  8%]  Time step      399 of 5591 @ t_step =      398 Time Avg = 1.955177E-04 Time/step= 1.900000E-04 ETA (HH:MM:SS) = 0:00:01
 [  8%]  Time step      400 of 5591 @ t_step =      399 Time Avg = 1.955013E-04 Time/step= 1.890000E-04 ETA (HH:MM:SS) = 0:00:01
 [  8%]  Time step      401 of 5591 @ t_step =      400 Time Avg = 1.955452E-04 Time/step= 2.130000E-04 ETA (HH:MM:SS) = 0:00:01
 [  8%]  Time step      402 of 5591 @ t_step =      401 Time Avg = 1.955313E-04 Time/step= 1.900000E-04 ETA (HH:MM:SS) = 0:00:01
 [  8%]  Time step      403 of 5591 @ t_step =      402 Time Avg = 1.955150E-04 Time/step= 1.890000E-04 ETA (HH:MM:SS) = 0:00:01
 [  8%]  Time step      404 of 5591 @ t_step =      403 Time Avg = 1.955012E-04 Time/step= 1.900000E-04 ETA (HH:MM:SS) = 0:00:01
 [  8%]  Time step      405 of 5591 @ t_step =      404 Time Avg = 1.954851E-04 Time/step= 1.890000E-04 ETA (HH:MM:SS) = 0:00:01
 [  8%]  Time step      406 of 5591 @ t_step =      405 Time Avg = 1.955509E-04 Time/step= 2.220000E-04 ETA (HH:MM:SS) = 0:00:01
 [  8%]  Time step      407 of 5591 @ t_step =      406 Time Avg = 1.955718E-04 Time/step= 2.040000E-04 ETA (HH:MM:SS) = 0:00:01
 [  8%]  Time step      408 of 5591 @ t_step =      407 Time Avg = 1.955580E-04 Time/step= 1.900000E-04 ETA (HH:MM:SS) = 0:00:01
 [  8%]  Time step      409 of 5591 @ t_step =      408 Time Avg = 1.955419E-04 Time/step= 1.890000E-04 ETA (HH:MM:SS) = 0:00:01
 [  8%]  Time step      410 of 5591 @ t_step =      409 Time Avg = 1.955577E-04 Time/step= 2.020000E-04 ETA (HH:MM:SS) = 0:00:01
 [  8%]  Time step      411 of 5591 @ t_step =      410 Time Avg = 1.955466E-04 Time/step= 1.910000E-04 ETA (HH:MM:SS) = 0:00:01
 [  8%]  Time step      412 of 5591 @ t_step =      411 Time Avg = 1.955330E-04 Time/step= 1.900000E-04 ETA (HH:MM:SS) = 0:00:01
 [  8%]  Time step      413 of 5591 @ t_step =      412 Time Avg = 1.955195E-04 Time/step= 1.900000E-04 ETA (HH:MM:SS) = 0:00:01
 [  8%]  Time step      414 of 5591 @ t_step =      413 Time Avg = 1.955061E-04 Time/step= 1.900000E-04 ETA (HH:MM:SS) = 0:00:01
 [  8%]  Time step      415 of 5591 @ t_step =      414 Time Avg = 1.955340E-04 Time/step= 2.070000E-04 ETA (HH:MM:SS) = 0:00:01
 [  8%]  Time step      416 of 5591 @ t_step =      415 Time Avg = 1.955230E-04 Time/step= 1.910000E-04 ETA (HH:MM:SS) = 0:00:01
 [  8%]  Time step      417 of 5591 @ t_step =      416 Time Avg = 1.955097E-04 Time/step= 1.900000E-04 ETA (HH:MM:SS) = 0:00:01
 [  8%]  Time step      418 of 5591 @ t_step =      417 Time Avg = 1.954940E-04 Time/step= 1.890000E-04 ETA (HH:MM:SS) = 0:00:01
 [  8%]  Time step      419 of 5591 @ t_step =      418 Time Avg = 1.954808E-04 Time/step= 1.900000E-04 ETA (HH:MM:SS) = 0:00:01
 [  8%]  Time step      420 of 5591 @ t_step =      419 Time Avg = 1.955060E-04 Time/step= 2.060000E-04 ETA (HH:MM:SS) = 0:00:01
 [  8%]  Time step      421 of 5591 @ t_step =      420 Time Avg = 1.955024E-04 Time/step= 1.940000E-04 ETA (HH:MM:SS) = 0:00:01
 [  8%]  Time step      422 of 5591 @ t_step =      421 Time Avg = 1.954869E-04 Time/step= 1.890000E-04 ETA (HH:MM:SS) = 0:00:01
 [  8%]  Time step      423 of 5591 @ t_step =      422 Time Avg = 1.954738E-04 Time/step= 1.900000E-04 ETA (HH:MM:SS) = 0:00:01
 [  8%]  Time step      424 of 5591 @ t_step =      423 Time Avg = 1.954584E-04 Time/step= 1.890000E-04 ETA (HH:MM:SS) = 0:00:01
 [  8%]  Time step      425 of 5591 @ t_step =      424 Time Avg = 1.954976E-04 Time/step= 2.120000E-04 ETA (HH:MM:SS) = 0:00:01
 [  8%]  Time step      426 of 5591 @ t_step =      425 Time Avg = 1.955012E-04 Time/step= 1.970000E-04 ETA (HH:MM:SS) = 0:00:01
 [  8%]  Time step      427 of 5591 @ t_step =      426 Time Avg = 1.955189E-04 Time/step= 2.030000E-04 ETA (HH:MM:SS) = 0:00:01
 [  8%]  Time step      428 of 5591 @ t_step =      427 Time Avg = 1.955059E-04 Time/step= 1.900000E-04 ETA (HH:MM:SS) = 0:00:01
 [  8%]  Time step      429 of 5591 @ t_step =      428 Time Avg = 1.954906E-04 Time/step= 1.890000E-04 ETA (HH:MM:SS) = 0:00:01
 [  8%]  Time step      430 of 5591 @ t_step =      429 Time Avg = 1.955129E-04 Time/step= 2.050000E-04 ETA (HH:MM:SS) = 0:00:01
 [  8%]  Time step      431 of 5591 @ t_step =      430 Time Avg = 1.954977E-04 Time/step= 1.890000E-04 ETA (HH:MM:SS) = 0:00:01
 [  8%]  Time step      432 of 5591 @ t_step =      431 Time Avg = 1.954848E-04 Time/step= 1.900000E-04 ETA (HH:MM:SS) = 0:00:01
 [  8%]  Time step      433 of 5591 @ t_step =      432 Time Avg = 1.954698E-04 Time/step= 1.890000E-04 ETA (HH:MM:SS) = 0:00:01
 [  8%]  Time step      434 of 5591 @ t_step =      433 Time Avg = 1.954548E-04 Time/step= 1.890000E-04 ETA (HH:MM:SS) = 0:00:01
 [  8%]  Time step      435 of 5591 @ t_step =      434 Time Avg = 1.954838E-04 Time/step= 2.080000E-04 ETA (HH:MM:SS) = 0:00:01
 [  8%]  Time step      436 of 5591 @ t_step =      435 Time Avg = 1.954711E-04 Time/step= 1.900000E-04 ETA (HH:MM:SS) = 0:00:01
 [  8%]  Time step      437 of 5591 @ t_step =      436 Time Avg = 1.954562E-04 Time/step= 1.890000E-04 ETA (HH:MM:SS) = 0:00:01
 [  8%]  Time step      438 of 5591 @ t_step =      437 Time Avg = 1.954437E-04 Time/step= 1.900000E-04 ETA (HH:MM:SS) = 0:00:01
 [  8%]  Time step      439 of 5591 @ t_step =      438 Time Avg = 1.954289E-04 Time/step= 1.890000E-04 ETA (HH:MM:SS) = 0:00:01
 [  8%]  Time step      440 of 5591 @ t_step =      439 Time Avg = 1.954943E-04 Time/step= 2.240000E-04 ETA (HH:MM:SS) = 0:00:01
 [  8%]  Time step      441 of 5591 @ t_step =      440 Time Avg = 1.954817E-04 Time/step= 1.900000E-04 ETA (HH:MM:SS) = 0:00:01
 [  8%]  Time step      442 of 5591 @ t_step =      441 Time Avg = 1.954670E-04 Time/step= 1.890000E-04 ETA (HH:MM:SS) = 0:00:01
 [  8%]  Time step      443 of 5591 @ t_step =      442 Time Avg = 1.954545E-04 Time/step= 1.900000E-04 ETA (HH:MM:SS) = 0:00:01
 [  8%]  Time step      444 of 5591 @ t_step =      443 Time Avg = 1.954399E-04 Time/step= 1.890000E-04 ETA (HH:MM:SS) = 0:00:01
 [  8%]  Time step      445 of 5591 @ t_step =      444 Time Avg = 1.954887E-04 Time/step= 2.170000E-04 ETA (HH:MM:SS) = 0:00:01
 [  8%]  Time step      446 of 5591 @ t_step =      445 Time Avg = 1.954898E-04 Time/step= 1.960000E-04 ETA (HH:MM:SS) = 0:00:01
 [  8%]  Time step      447 of 5591 @ t_step =      446 Time Avg = 1.955000E-04 Time/step= 2.000000E-04 ETA (HH:MM:SS) = 0:00:01
 [  8%]  Time step      448 of 5591 @ t_step =      447 Time Avg = 1.954876E-04 Time/step= 1.900000E-04 ETA (HH:MM:SS) = 0:00:01
 [  9%]  Time step      449 of 5591 @ t_step =      448 Time Avg = 1.954731E-04 Time/step= 1.890000E-04 ETA (HH:MM:SS) = 0:00:01
 [  9%]  Time step      450 of 5591 @ t_step =      449 Time Avg = 1.954899E-04 Time/step= 2.030000E-04 ETA (HH:MM:SS) = 0:00:01
 [  9%]  Time step      451 of 5591 @ t_step =      450 Time Avg = 1.954777E-04 Time/step= 1.900000E-04 ETA (HH:MM:SS) = 0:00:01
 [  9%]  Time step      452 of 5591 @ t_step =      451 Time Avg = 1.954633E-04 Time/step= 1.890000E-04 ETA (HH:MM:SS) = 0:00:01
 [  9%]  Time step      453 of 5591 @ t_step =      452 Time Avg = 1.954511E-04 Time/step= 1.900000E-04 ETA (HH:MM:SS) = 0:00:01
 [  9%]  Time step      454 of 5591 @ t_step =      453 Time Avg = 1.954368E-04 Time/step= 1.890000E-04 ETA (HH:MM:SS) = 0:00:01
 [  9%]  Time step      455 of 5591 @ t_step =      454 Time Avg = 1.954513E-04 Time/step= 2.020000E-04 ETA (HH:MM:SS) = 0:00:01
 [  9%]  Time step      456 of 5591 @ t_step =      455 Time Avg = 1.954393E-04 Time/step= 1.900000E-04 ETA (HH:MM:SS) = 0:00:01
 [  9%]  Time step      457 of 5591 @ t_step =      456 Time Avg = 1.954251E-04 Time/step= 1.890000E-04 ETA (HH:MM:SS) = 0:00:01
 [  9%]  Time step      458 of 5591 @ t_step =      457 Time Avg = 1.954132E-04 Time/step= 1.900000E-04 ETA (HH:MM:SS) = 0:00:01
 [  9%]  Time step      459 of 5591 @ t_step =      458 Time Avg = 1.953991E-04 Time/step= 1.890000E-04 ETA (HH:MM:SS) = 0:00:01
 [  9%]  Time step      460 of 5591 @ t_step =      459 Time Avg = 1.954617E-04 Time/step= 2.240000E-04 ETA (HH:MM:SS) = 0:00:01
 [  9%]  Time step      461 of 5591 @ t_step =      460 Time Avg = 1.954498E-04 Time/step= 1.900000E-04 ETA (HH:MM:SS) = 0:00:01
 [  9%]  Time step      462 of 5591 @ t_step =      461 Time Avg = 1.954379E-04 Time/step= 1.900000E-04 ETA (HH:MM:SS) = 0:00:01
 [  9%]  Time step      463 of 5591 @ t_step =      462 Time Avg = 1.954261E-04 Time/step= 1.900000E-04 ETA (HH:MM:SS) = 0:00:01
 [  9%]  Time step      464 of 5591 @ t_step =      463 Time Avg = 1.954121E-04 Time/step= 1.890000E-04 ETA (HH:MM:SS) = 0:00:01
 [  9%]  Time step      465 of 5591 @ t_step =      464 Time Avg = 1.954610E-04 Time/step= 2.180000E-04 ETA (HH:MM:SS) = 0:00:01
 [  9%]  Time step      466 of 5591 @ t_step =      465 Time Avg = 1.954838E-04 Time/step= 2.060000E-04 ETA (HH:MM:SS) = 0:00:01
 [  9%]  Time step      467 of 5591 @ t_step =      466 Time Avg = 1.954698E-04 Time/step= 1.890000E-04 ETA (HH:MM:SS) = 0:00:01
 [  9%]  Time step      468 of 5591 @ t_step =      467 Time Avg = 1.954581E-04 Time/step= 1.900000E-04 ETA (HH:MM:SS) = 0:00:01
 [  9%]  Time step      469 of 5591 @ t_step =      468 Time Avg = 1.954442E-04 Time/step= 1.890000E-04 ETA (HH:MM:SS) = 0:00:01
 [  9%]  Time step      470 of 5591 @ t_step =      469 Time Avg = 1.954582E-04 Time/step= 2.020000E-04 ETA (HH:MM:SS) = 0:00:01
 [  9%]  Time step      471 of 5591 @ t_step =      470 Time Avg = 1.954466E-04 Time/step= 1.900000E-04 ETA (HH:MM:SS) = 0:00:01
 [  9%]  Time step      472 of 5591 @ t_step =      471 Time Avg = 1.954328E-04 Time/step= 1.890000E-04 ETA (HH:MM:SS) = 0:00:01
 [  9%]  Time step      473 of 5591 @ t_step =      472 Time Avg = 1.954191E-04 Time/step= 1.890000E-04 ETA (HH:MM:SS) = 0:00:01
 [  9%]  Time step      474 of 5591 @ t_step =      473 Time Avg = 1.954076E-04 Time/step= 1.900000E-04 ETA (HH:MM:SS) = 0:00:00
 [  9%]  Time step      475 of 5591 @ t_step =      474 Time Avg = 1.954174E-04 Time/step= 2.000000E-04 ETA (HH:MM:SS) = 0:00:00
 [  9%]  Time step      476 of 5591 @ t_step =      475 Time Avg = 1.954038E-04 Time/step= 1.890000E-04 ETA (HH:MM:SS) = 0:00:00
 [  9%]  Time step      477 of 5591 @ t_step =      476 Time Avg = 1.953903E-04 Time/step= 1.890000E-04 ETA (HH:MM:SS) = 0:00:00
 [  9%]  Time step      478 of 5591 @ t_step =      477 Time Avg = 1.953768E-04 Time/step= 1.890000E-04 ETA (HH:MM:SS) = 0:00:00
 [  9%]  Time step      479 of 5591 @ t_step =      478 Time Avg = 1.953634E-04 Time/step= 1.890000E-04 ETA (HH:MM:SS) = 0:00:00
 [  9%]  Time step      480 of 5591 @ t_step =      479 Time Avg = 1.954361E-04 Time/step= 2.300000E-04 ETA (HH:MM:SS) = 0:00:00
 [  9%]  Time step      481 of 5591 @ t_step =      480 Time Avg = 1.954561E-04 Time/step= 2.050000E-04 ETA (HH:MM:SS) = 0:00:00
 [  9%]  Time step      482 of 5591 @ t_step =      481 Time Avg = 1.954447E-04 Time/step= 1.900000E-04 ETA (HH:MM:SS) = 0:00:00
 [  9%]  Time step      483 of 5591 @ t_step =      482 Time Avg = 1.954312E-04 Time/step= 1.890000E-04 ETA (HH:MM:SS) = 0:00:00
 [  9%]  Time step      484 of 5591 @ t_step =      483 Time Avg = 1.954595E-04 Time/step= 2.090000E-04 ETA (HH:MM:SS) = 0:00:00
 [  9%]  Time step      485 of 5591 @ t_step =      484 Time Avg = 1.954647E-04 Time/step= 1.980000E-04 ETA (HH:MM:SS) = 0:00:00
 [  9%]  Time step      486 of 5591 @ t_step =      485 Time Avg = 1.954803E-04 Time/step= 2.030000E-04 ETA (HH:MM:SS) = 0:00:00
 [  9%]  Time step      487 of 5591 @ t_step =      486 Time Avg = 1.954669E-04 Time/step= 1.890000E-04 ETA (HH:MM:SS) = 0:00:00
 [  9%]  Time step      488 of 5591 @ t_step =      487 Time Avg = 1.954557E-04 Time/step= 1.900000E-04 ETA (HH:MM:SS) = 0:00:00
 [  9%]  Time step      489 of 5591 @ t_step =      488 Time Avg = 1.954712E-04 Time/step= 2.030000E-04 ETA (HH:MM:SS) = 0:00:00
 [  9%]  Time step      490 of 5591 @ t_step =      489 Time Avg = 1.954600E-04 Time/step= 1.900000E-04 ETA (HH:MM:SS) = 0:00:00
 [  9%]  Time step      491 of 5591 @ t_step =      490 Time Avg = 1.954488E-04 Time/step= 1.900000E-04 ETA (HH:MM:SS) = 0:00:00
 [  9%]  Time step      492 of 5591 @ t_step =      491 Time Avg = 1.954376E-04 Time/step= 1.900000E-04 ETA (HH:MM:SS) = 0:00:00
 [  9%]  Time step      493 of 5591 @ t_step =      492 Time Avg = 1.954245E-04 Time/step= 1.890000E-04 ETA (HH:MM:SS) = 0:00:00
 [  9%]  Time step      494 of 5591 @ t_step =      493 Time Avg = 1.954236E-04 Time/step= 1.950000E-04 ETA (HH:MM:SS) = 0:00:00
 [  9%]  Time step      495 of 5591 @ t_step =      494 Time Avg = 1.954126E-04 Time/step= 1.900000E-04 ETA (HH:MM:SS) = 0:00:00
 [  9%]  Time step      496 of 5591 @ t_step =      495 Time Avg = 1.953996E-04 Time/step= 1.890000E-04 ETA (HH:MM:SS) = 0:00:00
 [  9%]  Time step      497 of 5591 @ t_step =      496 Time Avg = 1.953866E-04 Time/step= 1.890000E-04 ETA (HH:MM:SS) = 0:00:00
 [  9%]  Time step      498 of 5591 @ t_step =      497 Time Avg = 1.953758E-04 Time/step= 1.900000E-04 ETA (HH:MM:SS) = 0:00:00
 [  9%]  Time step      499 of 5591 @ t_step =      498 Time Avg = 1.953992E-04 Time/step= 2.070000E-04 ETA (HH:MM:SS) = 0:00:00
 [  9%]  Time step      500 of 5591 @ t_step =      499 Time Avg = 1.953903E-04 Time/step= 1.910000E-04 ETA (HH:MM:SS) = 0:00:00
 [  9%]  Time step      501 of 5591 @ t_step =      500 Time Avg = 1.953775E-04 Time/step= 1.890000E-04 ETA (HH:MM:SS) = 0:00:00
 [  9%]  Time step      502 of 5591 @ t_step =      501 Time Avg = 1.953647E-04 Time/step= 1.890000E-04 ETA (HH:MM:SS) = 0:00:00
 [  9%]  Time step      503 of 5591 @ t_step =      502 Time Avg = 1.953520E-04 Time/step= 1.890000E-04 ETA (HH:MM:SS) = 0:00:00
 [  9%]  Time step      504 of 5591 @ t_step =      503 Time Avg = 1.953872E-04 Time/step= 2.130000E-04 ETA (HH:MM:SS) = 0:00:00
 [ 10%]  Time step      505 of 5591 @ t_step =      504 Time Avg = 1.953904E-04 Time/step= 1.970000E-04 ETA (HH:MM:SS) = 0:00:00
 [ 10%]  Time step      506 of 5591 @ t_step =      505 Time Avg = 1.954056E-04 Time/step= 2.030000E-04 ETA (HH:MM:SS) = 0:00:00
 [ 10%]  Time step      507 of 5591 @ t_step =      506 Time Avg = 1.953929E-04 Time/step= 1.890000E-04 ETA (HH:MM:SS) = 0:00:00
 [ 10%]  Time step      508 of 5591 @ t_step =      507 Time Avg = 1.953822E-04 Time/step= 1.900000E-04 ETA (HH:MM:SS) = 0:00:00
 [ 10%]  Time step      509 of 5591 @ t_step =      508 Time Avg = 1.954032E-04 Time/step= 2.060000E-04 ETA (HH:MM:SS) = 0:00:00
 [ 10%]  Time step      510 of 5591 @ t_step =      509 Time Avg = 1.953925E-04 Time/step= 1.900000E-04 ETA (HH:MM:SS) = 0:00:00
 [ 10%]  Time step      511 of 5591 @ t_step =      510 Time Avg = 1.953799E-04 Time/step= 1.890000E-04 ETA (HH:MM:SS) = 0:00:00
 [ 10%]  Time step      512 of 5591 @ t_step =      511 Time Avg = 1.953674E-04 Time/step= 1.890000E-04 ETA (HH:MM:SS) = 0:00:00
 [ 10%]  Time step      513 of 5591 @ t_step =      512 Time Avg = 1.953549E-04 Time/step= 1.890000E-04 ETA (HH:MM:SS) = 0:00:00
 [ 10%]  Time step      514 of 5591 @ t_step =      513 Time Avg = 1.953542E-04 Time/step= 1.950000E-04 ETA (HH:MM:SS) = 0:00:00
 [ 10%]  Time step      515 of 5591 @ t_step =      514 Time Avg = 1.953437E-04 Time/step= 1.900000E-04 ETA (HH:MM:SS) = 0:00:00
 [ 10%]  Time step      516 of 5591 @ t_step =      515 Time Avg = 1.953314E-04 Time/step= 1.890000E-04 ETA (HH:MM:SS) = 0:00:00
 [ 10%]  Time step      517 of 5591 @ t_step =      516 Time Avg = 1.953191E-04 Time/step= 1.890000E-04 ETA (HH:MM:SS) = 0:00:00
 [ 10%]  Time step      518 of 5591 @ t_step =      517 Time Avg = 1.953087E-04 Time/step= 1.900000E-04 ETA (HH:MM:SS) = 0:00:00
 [ 10%]  Time step      519 of 5591 @ t_step =      518 Time Avg = 1.953391E-04 Time/step= 2.110000E-04 ETA (HH:MM:SS) = 0:00:00
 [ 10%]  Time step      520 of 5591 @ t_step =      519 Time Avg = 1.953308E-04 Time/step= 1.910000E-04 ETA (HH:MM:SS) = 0:00:00
 [ 10%]  Time step      521 of 5591 @ t_step =      520 Time Avg = 1.953185E-04 Time/step= 1.890000E-04 ETA (HH:MM:SS) = 0:00:00
 [ 10%]  Time step      522 of 5591 @ t_step =      521 Time Avg = 1.953064E-04 Time/step= 1.890000E-04 ETA (HH:MM:SS) = 0:00:00
 [ 10%]  Time step      523 of 5591 @ t_step =      522 Time Avg = 1.952942E-04 Time/step= 1.890000E-04 ETA (HH:MM:SS) = 0:00:00
 [ 10%]  Time step      524 of 5591 @ t_step =      523 Time Avg = 1.953378E-04 Time/step= 2.180000E-04 ETA (HH:MM:SS) = 0:00:00
 [ 10%]  Time step      525 of 5591 @ t_step =      524 Time Avg = 1.953391E-04 Time/step= 1.960000E-04 ETA (HH:MM:SS) = 0:00:00
 [ 10%]  Time step      526 of 5591 @ t_step =      525 Time Avg = 1.953480E-04 Time/step= 2.000000E-04 ETA (HH:MM:SS) = 0:00:00
 [ 10%]  Time step      527 of 5591 @ t_step =      526 Time Avg = 1.953359E-04 Time/step= 1.890000E-04 ETA (HH:MM:SS) = 0:00:00
 [ 10%]  Time step      528 of 5591 @ t_step =      527 Time Avg = 1.953238E-04 Time/step= 1.890000E-04 ETA (HH:MM:SS) = 0:00:00
 [ 10%]  Time step      529 of 5591 @ t_step =      528 Time Avg = 1.953593E-04 Time/step= 2.140000E-04 ETA (HH:MM:SS) = 0:00:00
 [ 10%]  Time step      530 of 5591 @ t_step =      529 Time Avg = 1.953890E-04 Time/step= 2.110000E-04 ETA (HH:MM:SS) = 0:00:00
 [ 10%]  Time step      531 of 5591 @ t_step =      530 Time Avg = 1.954318E-04 Time/step= 2.180000E-04 ETA (HH:MM:SS) = 0:00:00
 [ 10%]  Time step      532 of 5591 @ t_step =      531 Time Avg = 1.954197E-04 Time/step= 1.890000E-04 ETA (HH:MM:SS) = 0:00:00
 [ 10%]  Time step      533 of 5591 @ t_step =      532 Time Avg = 1.954604E-04 Time/step= 2.170000E-04 ETA (HH:MM:SS) = 0:00:00
 [ 10%]  Time step      534 of 5591 @ t_step =      533 Time Avg = 1.955405E-04 Time/step= 2.380000E-04 ETA (HH:MM:SS) = 0:00:00
 [ 10%]  Time step      535 of 5591 @ t_step =      534 Time Avg = 1.955733E-04 Time/step= 2.130000E-04 ETA (HH:MM:SS) = 0:00:00
 [ 10%]  Time step      536 of 5591 @ t_step =      535 Time Avg = 1.955610E-04 Time/step= 1.890000E-04 ETA (HH:MM:SS) = 0:00:00
 [ 10%]  Time step      537 of 5591 @ t_step =      536 Time Avg = 1.955487E-04 Time/step= 1.890000E-04 ETA (HH:MM:SS) = 0:00:00
 [ 10%]  Time step      538 of 5591 @ t_step =      537 Time Avg = 1.955850E-04 Time/step= 2.150000E-04 ETA (HH:MM:SS) = 0:00:00
 [ 10%]  Time step      539 of 5591 @ t_step =      538 Time Avg = 1.955765E-04 Time/step= 1.910000E-04 ETA (HH:MM:SS) = 0:00:00
 [ 10%]  Time step      540 of 5591 @ t_step =      539 Time Avg = 1.955661E-04 Time/step= 1.900000E-04 ETA (HH:MM:SS) = 0:00:00
 [ 10%]  Time step      541 of 5591 @ t_step =      540 Time Avg = 1.956078E-04 Time/step= 2.180000E-04 ETA (HH:MM:SS) = 0:00:00
 [ 10%]  Time step      542 of 5591 @ t_step =      541 Time Avg = 1.956364E-04 Time/step= 2.110000E-04 ETA (HH:MM:SS) = 0:00:00
 [ 10%]  Time step      543 of 5591 @ t_step =      542 Time Avg = 1.957056E-04 Time/step= 2.330000E-04 ETA (HH:MM:SS) = 0:00:00
 [ 10%]  Time step      544 of 5591 @ t_step =      543 Time Avg = 1.957264E-04 Time/step= 2.070000E-04 ETA (HH:MM:SS) = 0:00:00
 [ 10%]  Time step      545 of 5591 @ t_step =      544 Time Avg = 1.957140E-04 Time/step= 1.890000E-04 ETA (HH:MM:SS) = 0:00:00
 [ 10%]  Time step      546 of 5591 @ t_step =      545 Time Avg = 1.957017E-04 Time/step= 1.890000E-04 ETA (HH:MM:SS) = 0:00:00
 [ 10%]  Time step      547 of 5591 @ t_step =      546 Time Avg = 1.956893E-04 Time/step= 1.890000E-04 ETA (HH:MM:SS) = 0:00:00
 [ 10%]  Time step      548 of 5591 @ t_step =      547 Time Avg = 1.957009E-04 Time/step= 2.020000E-04 ETA (HH:MM:SS) = 0:00:00
 [ 10%]  Time step      549 of 5591 @ t_step =      548 Time Avg = 1.956905E-04 Time/step= 1.900000E-04 ETA (HH:MM:SS) = 0:00:00
 [ 10%]  Time step      550 of 5591 @ t_step =      549 Time Avg = 1.956782E-04 Time/step= 1.890000E-04 ETA (HH:MM:SS) = 0:00:00
 [ 10%]  Time step      551 of 5591 @ t_step =      550 Time Avg = 1.956679E-04 Time/step= 1.900000E-04 ETA (HH:MM:SS) = 0:00:00
 [ 10%]  Time step      552 of 5591 @ t_step =      551 Time Avg = 1.957104E-04 Time/step= 2.190000E-04 ETA (HH:MM:SS) = 0:00:00
 [ 10%]  Time step      553 of 5591 @ t_step =      552 Time Avg = 1.957600E-04 Time/step= 2.230000E-04 ETA (HH:MM:SS) = 0:00:00
 [ 10%]  Time step      554 of 5591 @ t_step =      553 Time Avg = 1.957695E-04 Time/step= 2.010000E-04 ETA (HH:MM:SS) = 0:00:00
 [ 10%]  Time step      555 of 5591 @ t_step =      554 Time Avg = 1.957572E-04 Time/step= 1.890000E-04 ETA (HH:MM:SS) = 0:00:00
 [ 10%]  Time step      556 of 5591 @ t_step =      555 Time Avg = 1.957468E-04 Time/step= 1.900000E-04 ETA (HH:MM:SS) = 0:00:00
 [ 10%]  Time step      557 of 5591 @ t_step =      556 Time Avg = 1.957617E-04 Time/step= 2.040000E-04 ETA (HH:MM:SS) = 0:00:00
 [ 10%]  Time step      558 of 5591 @ t_step =      557 Time Avg = 1.957712E-04 Time/step= 2.010000E-04 ETA (HH:MM:SS) = 0:00:00
 [ 10%]  Time step      559 of 5591 @ t_step =      558 Time Avg = 1.957608E-04 Time/step= 1.900000E-04 ETA (HH:MM:SS) = 0:00:00
 [ 10%]  Time step      560 of 5591 @ t_step =      559 Time Avg = 1.957504E-04 Time/step= 1.900000E-04 ETA (HH:MM:SS) = 0:00:00
 [ 11%]  Time step      561 of 5591 @ t_step =      560 Time Avg = 1.957384E-04 Time/step= 1.890000E-04 ETA (HH:MM:SS) = 0:00:00
 [ 11%]  Time step      562 of 5591 @ t_step =      561 Time Avg = 1.957710E-04 Time/step= 2.140000E-04 ETA (HH:MM:SS) = 0:00:00
 [ 11%]  Time step      563 of 5591 @ t_step =      562 Time Avg = 1.957714E-04 Time/step= 1.960000E-04 ETA (HH:MM:SS) = 0:00:00
 [ 11%]  Time step      564 of 5591 @ t_step =      563 Time Avg = 1.957843E-04 Time/step= 2.030000E-04 ETA (HH:MM:SS) = 0:00:00
 [ 11%]  Time step      565 of 5591 @ t_step =      564 Time Avg = 1.957722E-04 Time/step= 1.890000E-04 ETA (HH:MM:SS) = 0:00:00
 [ 11%]  Time step      566 of 5591 @ t_step =      565 Time Avg = 1.957602E-04 Time/step= 1.890000E-04 ETA (HH:MM:SS) = 0:00:00
 [ 11%]  Time step      567 of 5591 @ t_step =      566 Time Avg = 1.957766E-04 Time/step= 2.050000E-04 ETA (HH:MM:SS) = 0:00:00
 [ 11%]  Time step      568 of 5591 @ t_step =      567 Time Avg = 1.957664E-04 Time/step= 1.900000E-04 ETA (HH:MM:SS) = 0:00:00
 [ 11%]  Time step      569 of 5591 @ t_step =      568 Time Avg = 1.957562E-04 Time/step= 1.900000E-04 ETA (HH:MM:SS) = 0:00:00
 [ 11%]  Time step      570 of 5591 @ t_step =      569 Time Avg = 1.957443E-04 Time/step= 1.890000E-04 ETA (HH:MM:SS) = 0:00:00
 [ 11%]  Time step      571 of 5591 @ t_step =      570 Time Avg = 1.957342E-04 Time/step= 1.900000E-04 ETA (HH:MM:SS) = 0:00:00
 [ 11%]  Time step      572 of 5591 @ t_step =      571 Time Avg = 1.957891E-04 Time/step= 2.270000E-04 ETA (HH:MM:SS) = 0:00:00
 [ 11%]  Time step      573 of 5591 @ t_step =      572 Time Avg = 1.957825E-04 Time/step= 1.920000E-04 ETA (HH:MM:SS) = 0:00:00
 [ 11%]  Time step      574 of 5591 @ t_step =      573 Time Avg = 1.957723E-04 Time/step= 1.900000E-04 ETA (HH:MM:SS) = 0:00:00
 [ 11%]  Time step      575 of 5591 @ t_step =      574 Time Avg = 1.957605E-04 Time/step= 1.890000E-04 ETA (HH:MM:SS) = 0:00:00
 [ 11%]  Time step      576 of 5591 @ t_step =      575 Time Avg = 1.957487E-04 Time/step= 1.890000E-04 ETA (HH:MM:SS) = 0:00:00
 [ 11%]  Time step      577 of 5591 @ t_step =      576 Time Avg = 1.957857E-04 Time/step= 2.170000E-04 ETA (HH:MM:SS) = 0:00:00
 [ 11%]  Time step      578 of 5591 @ t_step =      577 Time Avg = 1.957757E-04 Time/step= 1.900000E-04 ETA (HH:MM:SS) = 0:00:00
 [ 11%]  Time step      579 of 5591 @ t_step =      578 Time Avg = 1.957639E-04 Time/step= 1.890000E-04 ETA (HH:MM:SS) = 0:00:00
 [ 11%]  Time step      580 of 5591 @ t_step =      579 Time Avg = 1.957539E-04 Time/step= 1.900000E-04 ETA (HH:MM:SS) = 0:00:00
 [ 11%]  Time step      581 of 5591 @ t_step =      580 Time Avg = 1.957422E-04 Time/step= 1.890000E-04 ETA (HH:MM:SS) = 0:00:00
 [ 11%]  Time step      582 of 5591 @ t_step =      581 Time Avg = 1.957927E-04 Time/step= 2.250000E-04 ETA (HH:MM:SS) = 0:00:00
 [ 11%]  Time step      583 of 5591 @ t_step =      582 Time Avg = 1.958121E-04 Time/step= 2.070000E-04 ETA (HH:MM:SS) = 0:00:00
 [ 11%]  Time step      584 of 5591 @ t_step =      583 Time Avg = 1.958021E-04 Time/step= 1.900000E-04 ETA (HH:MM:SS) = 0:00:00
 [ 11%]  Time step      585 of 5591 @ t_step =      584 Time Avg = 1.957904E-04 Time/step= 1.890000E-04 ETA (HH:MM:SS) = 0:00:00
 [ 11%]  Time step      586 of 5591 @ t_step =      585 Time Avg = 1.957804E-04 Time/step= 1.900000E-04 ETA (HH:MM:SS) = 0:00:00
 [ 11%]  Time step      587 of 5591 @ t_step =      586 Time Avg = 1.957945E-04 Time/step= 2.040000E-04 ETA (HH:MM:SS) = 0:00:00
 [ 11%]  Time step      588 of 5591 @ t_step =      587 Time Avg = 1.957846E-04 Time/step= 1.900000E-04 ETA (HH:MM:SS) = 0:00:00
 [ 11%]  Time step      589 of 5591 @ t_step =      588 Time Avg = 1.957747E-04 Time/step= 1.900000E-04 ETA (HH:MM:SS) = 0:00:00
 [ 11%]  Time step      590 of 5591 @ t_step =      589 Time Avg = 1.957632E-04 Time/step= 1.890000E-04 ETA (HH:MM:SS) = 0:00:00
 [ 11%]  Time step      591 of 5591 @ t_step =      590 Time Avg = 1.957534E-04 Time/step= 1.900000E-04 ETA (HH:MM:SS) = 0:00:00
 [ 11%]  Time step      592 of 5591 @ t_step =      591 Time Avg = 1.957538E-04 Time/step= 1.960000E-04 ETA (HH:MM:SS) = 0:00:00
 [ 11%]  Time step      593 of 5591 @ t_step =      592 Time Avg = 1.957712E-04 Time/step= 2.060000E-04 ETA (HH:MM:SS) = 0:00:00
 [ 11%]  Time step      594 of 5591 @ t_step =      593 Time Avg = 1.957716E-04 Time/step= 1.960000E-04 ETA (HH:MM:SS) = 0:00:00
 [ 11%]  Time step      595 of 5591 @ t_step =      594 Time Avg = 1.957821E-04 Time/step= 2.020000E-04 ETA (HH:MM:SS) = 0:00:00
 [ 11%]  Time step      596 of 5591 @ t_step =      595 Time Avg = 1.957723E-04 Time/step= 1.900000E-04 ETA (HH:MM:SS) = 0:00:00
 [ 11%]  Time step      597 of 5591 @ t_step =      596 Time Avg = 1.957997E-04 Time/step= 2.120000E-04 ETA (HH:MM:SS) = 0:00:00
 [ 11%]  Time step      598 of 5591 @ t_step =      597 Time Avg = 1.957882E-04 Time/step= 1.890000E-04 ETA (HH:MM:SS) = 0:00:00
 [ 11%]  Time step      599 of 5591 @ t_step =      598 Time Avg = 1.957768E-04 Time/step= 1.890000E-04 ETA (HH:MM:SS) = 0:00:00
 [ 11%]  Time step      600 of 5591 @ t_step =      599 Time Avg = 1.957672E-04 Time/step= 1.900000E-04 ETA (HH:MM:SS) = 0:00:00
 [ 11%]  Time step      601 of 5591 @ t_step =      600 Time Avg = 1.957559E-04 Time/step= 1.890000E-04 ETA (HH:MM:SS) = 0:00:00
 [ 11%]  Time step      602 of 5591 @ t_step =      601 Time Avg = 1.957947E-04 Time/step= 2.190000E-04 ETA (HH:MM:SS) = 0:00:00
 [ 11%]  Time step      603 of 5591 @ t_step =      602 Time Avg = 1.958100E-04 Time/step= 2.050000E-04 ETA (HH:MM:SS) = 0:00:00
 [ 11%]  Time step      604 of 5591 @ t_step =      603 Time Avg = 1.957987E-04 Time/step= 1.890000E-04 ETA (HH:MM:SS) = 0:00:00
 [ 11%]  Time step      605 of 5591 @ t_step =      604 Time Avg = 1.957890E-04 Time/step= 1.900000E-04 ETA (HH:MM:SS) = 0:00:00
 [ 11%]  Time step      606 of 5591 @ t_step =      605 Time Avg = 1.957960E-04 Time/step= 2.000000E-04 ETA (HH:MM:SS) = 0:00:00
 [ 11%]  Time step      607 of 5591 @ t_step =      606 Time Avg = 1.957897E-04 Time/step= 1.920000E-04 ETA (HH:MM:SS) = 0:00:00
 [ 11%]  Time step      608 of 5591 @ t_step =      607 Time Avg = 1.957785E-04 Time/step= 1.890000E-04 ETA (HH:MM:SS) = 0:00:00
 [ 11%]  Time step      609 of 5591 @ t_step =      608 Time Avg = 1.957690E-04 Time/step= 1.900000E-04 ETA (HH:MM:SS) = 0:00:00
 [ 11%]  Time step      610 of 5591 @ t_step =      609 Time Avg = 1.957578E-04 Time/step= 1.890000E-04 ETA (HH:MM:SS) = 0:00:00
 [ 11%]  Time step      611 of 5591 @ t_step =      610 Time Avg = 1.957615E-04 Time/step= 1.980000E-04 ETA (HH:MM:SS) = 0:00:00
 [ 11%]  Time step      612 of 5591 @ t_step =      611 Time Avg = 1.957521E-04 Time/step= 1.900000E-04 ETA (HH:MM:SS) = 0:00:00
 [ 11%]  Time step      613 of 5591 @ t_step =      612 Time Avg = 1.957410E-04 Time/step= 1.890000E-04 ETA (HH:MM:SS) = 0:00:00
 [ 11%]  Time step      614 of 5591 @ t_step =      613 Time Avg = 1.957300E-04 Time/step= 1.890000E-04 ETA (HH:MM:SS) = 0:00:00
 [ 11%]  Time step      615 of 5591 @ t_step =      614 Time Avg = 1.957190E-04 Time/step= 1.890000E-04 ETA (HH:MM:SS) = 0:00:00
 [ 11%]  Time step      616 of 5591 @ t_step =      615 Time Avg = 1.957178E-04 Time/step= 1.950000E-04 ETA (HH:MM:SS) = 0:00:00
 [ 12%]  Time step      617 of 5591 @ t_step =      616 Time Avg = 1.957378E-04 Time/step= 2.080000E-04 ETA (HH:MM:SS) = 0:00:00
 [ 12%]  Time step      618 of 5591 @ t_step =      617 Time Avg = 1.957285E-04 Time/step= 1.900000E-04 ETA (HH:MM:SS) = 0:00:00
 [ 12%]  Time step      619 of 5591 @ t_step =      618 Time Avg = 1.957175E-04 Time/step= 1.890000E-04 ETA (HH:MM:SS) = 0:00:00
 [ 12%]  Time step      620 of 5591 @ t_step =      619 Time Avg = 1.957083E-04 Time/step= 1.900000E-04 ETA (HH:MM:SS) = 0:00:00
 [ 12%]  Time step      621 of 5591 @ t_step =      620 Time Avg = 1.957346E-04 Time/step= 2.120000E-04 ETA (HH:MM:SS) = 0:00:00
 [ 12%]  Time step      622 of 5591 @ t_step =      621 Time Avg = 1.957367E-04 Time/step= 1.970000E-04 ETA (HH:MM:SS) = 0:00:00
 [ 12%]  Time step      623 of 5591 @ t_step =      622 Time Avg = 1.957500E-04 Time/step= 2.040000E-04 ETA (HH:MM:SS) = 0:00:00
 [ 12%]  Time step      624 of 5591 @ t_step =      623 Time Avg = 1.957391E-04 Time/step= 1.890000E-04 ETA (HH:MM:SS) = 0:00:00
 [ 12%]  Time step      625 of 5591 @ t_step =      624 Time Avg = 1.957283E-04 Time/step= 1.890000E-04 ETA (HH:MM:SS) = 0:00:00
 [ 12%]  Time step      626 of 5591 @ t_step =      625 Time Avg = 1.957400E-04 Time/step= 2.030000E-04 ETA (HH:MM:SS) = 0:00:00
 [ 12%]  Time step      627 of 5591 @ t_step =      626 Time Avg = 1.957308E-04 Time/step= 1.900000E-04 ETA (HH:MM:SS) = 0:00:00
 [ 12%]  Time step      628 of 5591 @ t_step =      627 Time Avg = 1.957216E-04 Time/step= 1.900000E-04 ETA (HH:MM:SS) = 0:00:00
 [ 12%]  Time step      629 of 5591 @ t_step =      628 Time Avg = 1.957125E-04 Time/step= 1.900000E-04 ETA (HH:MM:SS) = 0:00:00
 [ 12%]  Time step      630 of 5591 @ t_step =      629 Time Avg = 1.957018E-04 Time/step= 1.890000E-04 ETA (HH:MM:SS) = 0:00:00
 [ 12%]  Time step      631 of 5591 @ t_step =      630 Time Avg = 1.957006E-04 Time/step= 1.950000E-04 ETA (HH:MM:SS) = 0:00:00
 [ 12%]  Time step      632 of 5591 @ t_step =      631 Time Avg = 1.956916E-04 Time/step= 1.900000E-04 ETA (HH:MM:SS) = 0:00:00
 [ 12%]  Time step      633 of 5591 @ t_step =      632 Time Avg = 1.956825E-04 Time/step= 1.900000E-04 ETA (HH:MM:SS) = 0:00:00
 [ 12%]  Time step      634 of 5591 @ t_step =      633 Time Avg = 1.956735E-04 Time/step= 1.900000E-04 ETA (HH:MM:SS) = 0:00:00
 [ 12%]  Time step      635 of 5591 @ t_step =      634 Time Avg = 1.956630E-04 Time/step= 1.890000E-04 ETA (HH:MM:SS) = 0:00:00
 [ 12%]  Time step      636 of 5591 @ t_step =      635 Time Avg = 1.956856E-04 Time/step= 2.100000E-04 ETA (HH:MM:SS) = 0:00:00
 [ 12%]  Time step      637 of 5591 @ t_step =      636 Time Avg = 1.956782E-04 Time/step= 1.910000E-04 ETA (HH:MM:SS) = 0:00:00
 [ 12%]  Time step      638 of 5591 @ t_step =      637 Time Avg = 1.956693E-04 Time/step= 1.900000E-04 ETA (HH:MM:SS) = 0:00:00
 [ 12%]  Time step      639 of 5591 @ t_step =      638 Time Avg = 1.956604E-04 Time/step= 1.900000E-04 ETA (HH:MM:SS) = 0:00:00
 [ 12%]  Time step      640 of 5591 @ t_step =      639 Time Avg = 1.956499E-04 Time/step= 1.890000E-04 ETA (HH:MM:SS) = 0:00:00
 [ 12%]  Time step      641 of 5591 @ t_step =      640 Time Avg = 1.956771E-04 Time/step= 2.130000E-04 ETA (HH:MM:SS) = 0:00:00
 [ 12%]  Time step      642 of 5591 @ t_step =      641 Time Avg = 1.956792E-04 Time/step= 1.970000E-04 ETA (HH:MM:SS) = 0:00:00
 [ 12%]  Time step      643 of 5591 @ t_step =      642 Time Avg = 1.956891E-04 Time/step= 2.020000E-04 ETA (HH:MM:SS) = 0:00:00
 [ 12%]  Time step      644 of 5591 @ t_step =      643 Time Avg = 1.956786E-04 Time/step= 1.890000E-04 ETA (HH:MM:SS) = 0:00:00
 [ 12%]  Time step      645 of 5591 @ t_step =      644 Time Avg = 1.956682E-04 Time/step= 1.890000E-04 ETA (HH:MM:SS) = 0:00:00
 [ 12%]  Time step      646 of 5591 @ t_step =      645 Time Avg = 1.956812E-04 Time/step= 2.040000E-04 ETA (HH:MM:SS) = 0:00:00
 [ 12%]  Time step      647 of 5591 @ t_step =      646 Time Avg = 1.956708E-04 Time/step= 1.890000E-04 ETA (HH:MM:SS) = 0:00:00
 [ 12%]  Time step      648 of 5591 @ t_step =      647 Time Avg = 1.956620E-04 Time/step= 1.900000E-04 ETA (HH:MM:SS) = 0:00:00
 [ 12%]  Time step      649 of 5591 @ t_step =      648 Time Avg = 1.956533E-04 Time/step= 1.900000E-04 ETA (HH:MM:SS) = 0:00:00
 [ 12%]  Time step      650 of 5591 @ t_step =      649 Time Avg = 1.956430E-04 Time/step= 1.890000E-04 ETA (HH:MM:SS) = 0:00:00
 [ 12%]  Time step      651 of 5591 @ t_step =      650 Time Avg = 1.956481E-04 Time/step= 1.990000E-04 ETA (HH:MM:SS) = 0:00:00
 [ 12%]  Time step      652 of 5591 @ t_step =      651 Time Avg = 1.956379E-04 Time/step= 1.890000E-04 ETA (HH:MM:SS) = 0:00:00
 [ 12%]  Time step      653 of 5591 @ t_step =      652 Time Avg = 1.956277E-04 Time/step= 1.890000E-04 ETA (HH:MM:SS) = 0:00:00
 [ 12%]  Time step      654 of 5591 @ t_step =      653 Time Avg = 1.956175E-04 Time/step= 1.890000E-04 ETA (HH:MM:SS) = 0:00:00
 [ 12%]  Time step      655 of 5591 @ t_step =      654 Time Avg = 1.956074E-04 Time/step= 1.890000E-04 ETA (HH:MM:SS) = 0:00:00
 [ 12%]  Time step      656 of 5591 @ t_step =      655 Time Avg = 1.956386E-04 Time/step= 2.160000E-04 ETA (HH:MM:SS) = 0:00:00
 [ 12%]  Time step      657 of 5591 @ t_step =      656 Time Avg = 1.956300E-04 Time/step= 1.900000E-04 ETA (HH:MM:SS) = 0:00:00
 [ 12%]  Time step      658 of 5591 @ t_step =      657 Time Avg = 1.956214E-04 Time/step= 1.900000E-04 ETA (HH:MM:SS) = 0:00:00
 [ 12%]  Time step      659 of 5591 @ t_step =      658 Time Avg = 1.956128E-04 Time/step= 1.900000E-04 ETA (HH:MM:SS) = 0:00:00
 [ 12%]  Time step      660 of 5591 @ t_step =      659 Time Avg = 1.956027E-04 Time/step= 1.890000E-04 ETA (HH:MM:SS) = 0:00:00
 [ 12%]  Time step      661 of 5591 @ t_step =      660 Time Avg = 1.956337E-04 Time/step= 2.160000E-04 ETA (HH:MM:SS) = 0:00:00
 [ 12%]  Time step      662 of 5591 @ t_step =      661 Time Avg = 1.956358E-04 Time/step= 1.970000E-04 ETA (HH:MM:SS) = 0:00:00
 [ 12%]  Time step      663 of 5591 @ t_step =      662 Time Avg = 1.956439E-04 Time/step= 2.010000E-04 ETA (HH:MM:SS) = 0:00:00
 [ 12%]  Time step      664 of 5591 @ t_step =      663 Time Avg = 1.956354E-04 Time/step= 1.900000E-04 ETA (HH:MM:SS) = 0:00:00
 [ 12%]  Time step      665 of 5591 @ t_step =      664 Time Avg = 1.956254E-04 Time/step= 1.890000E-04 ETA (HH:MM:SS) = 0:00:00
 [ 12%]  Time step      666 of 5591 @ t_step =      665 Time Avg = 1.956365E-04 Time/step= 2.030000E-04 ETA (HH:MM:SS) = 0:00:00
 [ 12%]  Time step      667 of 5591 @ t_step =      666 Time Avg = 1.956280E-04 Time/step= 1.900000E-04 ETA (HH:MM:SS) = 0:00:00
 [ 12%]  Time step      668 of 5591 @ t_step =      667 Time Avg = 1.956180E-04 Time/step= 1.890000E-04 ETA (HH:MM:SS) = 0:00:00
 [ 12%]  Time step      669 of 5591 @ t_step =      668 Time Avg = 1.956081E-04 Time/step= 1.890000E-04 ETA (HH:MM:SS) = 0:00:00
 [ 12%]  Time step      670 of 5591 @ t_step =      669 Time Avg = 1.955982E-04 Time/step= 1.890000E-04 ETA (HH:MM:SS) = 0:00:00
 [ 12%]  Time step      671 of 5591 @ t_step =      670 Time Avg = 1.955973E-04 Time/step= 1.950000E-04 ETA (HH:MM:SS) = 0:00:00
 [ 13%]  Time step      672 of 5591 @ t_step =      671 Time Avg = 1.955874E-04 Time/step= 1.890000E-04 ETA (HH:MM:SS) = 0:00:00
 [ 13%]  Time step      673 of 5591 @ t_step =      672 Time Avg = 1.955791E-04 Time/step= 1.900000E-04 ETA (HH:MM:SS) = 0:00:00
 [ 13%]  Time step      674 of 5591 @ t_step =      673 Time Avg = 1.955693E-04 Time/step= 1.890000E-04 ETA (HH:MM:SS) = 0:00:00
 [ 13%]  Time step      675 of 5591 @ t_step =      674 Time Avg = 1.955610E-04 Time/step= 1.900000E-04 ETA (HH:MM:SS) = 0:00:00
 [ 13%]  Time step      676 of 5591 @ t_step =      675 Time Avg = 1.955869E-04 Time/step= 2.130000E-04 ETA (HH:MM:SS) = 0:00:00
 [ 13%]  Time step      677 of 5591 @ t_step =      676 Time Avg = 1.955786E-04 Time/step= 1.900000E-04 ETA (HH:MM:SS) = 0:00:00
 [ 13%]  Time step      678 of 5591 @ t_step =      677 Time Avg = 1.955689E-04 Time/step= 1.890000E-04 ETA (HH:MM:SS) = 0:00:00
 [ 13%]  Time step      679 of 5591 @ t_step =      678 Time Avg = 1.955592E-04 Time/step= 1.890000E-04 ETA (HH:MM:SS) = 0:00:00
 [ 13%]  Time step      680 of 5591 @ t_step =      679 Time Avg = 1.955510E-04 Time/step= 1.900000E-04 ETA (HH:MM:SS) = 0:00:00
 [ 13%]  Time step      681 of 5591 @ t_step =      680 Time Avg = 1.955811E-04 Time/step= 2.160000E-04 ETA (HH:MM:SS) = 0:00:00
 [ 13%]  Time step      682 of 5591 @ t_step =      681 Time Avg = 1.955817E-04 Time/step= 1.960000E-04 ETA (HH:MM:SS) = 0:00:00
 [ 13%]  Time step      683 of 5591 @ t_step =      682 Time Avg = 1.955735E-04 Time/step= 1.900000E-04 ETA (HH:MM:SS) = 0:00:00
 [ 13%]  Time step      684 of 5591 @ t_step =      683 Time Avg = 1.955639E-04 Time/step= 1.890000E-04 ETA (HH:MM:SS) = 0:00:00
 [ 13%]  Time step      685 of 5591 @ t_step =      684 Time Avg = 1.955543E-04 Time/step= 1.890000E-04 ETA (HH:MM:SS) = 0:00:00
 [ 13%]  Time step      686 of 5591 @ t_step =      685 Time Avg = 1.955637E-04 Time/step= 2.020000E-04 ETA (HH:MM:SS) = 0:00:00
 [ 13%]  Time step      687 of 5591 @ t_step =      686 Time Avg = 1.955556E-04 Time/step= 1.900000E-04 ETA (HH:MM:SS) = 0:00:00
 [ 13%]  Time step      688 of 5591 @ t_step =      687 Time Avg = 1.955460E-04 Time/step= 1.890000E-04 ETA (HH:MM:SS) = 0:00:00
 [ 13%]  Time step      689 of 5591 @ t_step =      688 Time Avg = 1.955364E-04 Time/step= 1.890000E-04 ETA (HH:MM:SS) = 0:00:00
 [ 13%]  Time step      690 of 5591 @ t_step =      689 Time Avg = 1.955284E-04 Time/step= 1.900000E-04 ETA (HH:MM:SS) = 0:00:00
 [ 13%]  Time step      691 of 5591 @ t_step =      690 Time Avg = 1.955276E-04 Time/step= 1.950000E-04 ETA (HH:MM:SS) = 0:00:00
 [ 13%]  Time step      692 of 5591 @ t_step =      691 Time Avg = 1.955181E-04 Time/step= 1.890000E-04 ETA (HH:MM:SS) = 0:00:00
 [ 13%]  Time step      693 of 5591 @ t_step =      692 Time Avg = 1.955087E-04 Time/step= 1.890000E-04 ETA (HH:MM:SS) = 0:00:00
 [ 13%]  Time step      694 of 5591 @ t_step =      693 Time Avg = 1.955007E-04 Time/step= 1.900000E-04 ETA (HH:MM:SS) = 0:00:00
 [ 13%]  Time step      695 of 5591 @ t_step =      694 Time Avg = 1.955116E-04 Time/step= 2.030000E-04 ETA (HH:MM:SS) = 0:00:00
 [ 13%]  Time step      696 of 5591 @ t_step =      695 Time Avg = 1.955541E-04 Time/step= 2.250000E-04 ETA (HH:MM:SS) = 0:00:00
 [ 13%]  Time step      697 of 5591 @ t_step =      696 Time Avg = 1.955663E-04 Time/step= 2.040000E-04 ETA (HH:MM:SS) = 0:00:00
 [ 13%]  Time step      698 of 5591 @ t_step =      697 Time Avg = 1.955568E-04 Time/step= 1.890000E-04 ETA (HH:MM:SS) = 0:00:00
 [ 13%]  Time step      699 of 5591 @ t_step =      698 Time Avg = 1.955474E-04 Time/step= 1.890000E-04 ETA (HH:MM:SS) = 0:00:00
 [ 13%]  Time step      700 of 5591 @ t_step =      699 Time Avg = 1.955380E-04 Time/step= 1.890000E-04 ETA (HH:MM:SS) = 0:00:00
 [ 13%]  Time step      701 of 5591 @ t_step =      700 Time Avg = 1.955702E-04 Time/step= 2.180000E-04 ETA (HH:MM:SS) = 0:00:00
 [ 13%]  Time step      702 of 5591 @ t_step =      701 Time Avg = 1.955837E-04 Time/step= 2.050000E-04 ETA (HH:MM:SS) = 0:00:00
 [ 13%]  Time step      703 of 5591 @ t_step =      702 Time Avg = 1.955743E-04 Time/step= 1.890000E-04 ETA (HH:MM:SS) = 0:00:00
 [ 13%]  Time step      704 of 5591 @ t_step =      703 Time Avg = 1.955649E-04 Time/step= 1.890000E-04 ETA (HH:MM:SS) = 0:00:00
 [ 13%]  Time step      705 of 5591 @ t_step =      704 Time Avg = 1.955670E-04 Time/step= 1.970000E-04 ETA (HH:MM:SS) = 0:00:00
 [ 13%]  Time step      706 of 5591 @ t_step =      705 Time Avg = 1.955605E-04 Time/step= 1.910000E-04 ETA (HH:MM:SS) = 0:00:00
 [ 13%]  Time step      707 of 5591 @ t_step =      706 Time Avg = 1.955511E-04 Time/step= 1.890000E-04 ETA (HH:MM:SS) = 0:00:00
 [ 13%]  Time step      708 of 5591 @ t_step =      707 Time Avg = 1.955433E-04 Time/step= 1.900000E-04 ETA (HH:MM:SS) = 0:00:00
 [ 13%]  Time step      709 of 5591 @ t_step =      708 Time Avg = 1.955340E-04 Time/step= 1.890000E-04 ETA (HH:MM:SS) = 0:00:00
 [ 13%]  Time step      710 of 5591 @ t_step =      709 Time Avg = 1.955332E-04 Time/step= 1.950000E-04 ETA (HH:MM:SS) = 0:00:00
 [ 13%]  Time step      711 of 5591 @ t_step =      710 Time Avg = 1.955254E-04 Time/step= 1.900000E-04 ETA (HH:MM:SS) = 0:00:00
 [ 13%]  Time step      712 of 5591 @ t_step =      711 Time Avg = 1.955176E-04 Time/step= 1.900000E-04 ETA (HH:MM:SS) = 0:00:00
 [ 13%]  Time step      713 of 5591 @ t_step =      712 Time Avg = 1.955085E-04 Time/step= 1.890000E-04 ETA (HH:MM:SS) = 0:00:00
 [ 13%]  Time step      714 of 5591 @ t_step =      713 Time Avg = 1.954993E-04 Time/step= 1.890000E-04 ETA (HH:MM:SS) = 0:00:00
 [ 13%]  Time step      715 of 5591 @ t_step =      714 Time Avg = 1.954902E-04 Time/step= 1.890000E-04 ETA (HH:MM:SS) = 0:00:00
 [ 13%]  Time step      716 of 5591 @ t_step =      715 Time Avg = 1.955175E-04 Time/step= 2.150000E-04 ETA (HH:MM:SS) = 0:00:00
 [ 13%]  Time step      717 of 5591 @ t_step =      716 Time Avg = 1.955098E-04 Time/step= 1.900000E-04 ETA (HH:MM:SS) = 0:00:00
 [ 13%]  Time step      718 of 5591 @ t_step =      717 Time Avg = 1.955007E-04 Time/step= 1.890000E-04 ETA (HH:MM:SS) = 0:00:00
 [ 13%]  Time step      719 of 5591 @ t_step =      718 Time Avg = 1.954916E-04 Time/step= 1.890000E-04 ETA (HH:MM:SS) = 0:00:00
 [ 13%]  Time step      720 of 5591 @ t_step =      719 Time Avg = 1.955091E-04 Time/step= 2.080000E-04 ETA (HH:MM:SS) = 0:00:00
 [ 13%]  Time step      721 of 5591 @ t_step =      720 Time Avg = 1.955125E-04 Time/step= 1.980000E-04 ETA (HH:MM:SS) = 0:00:00
 [ 13%]  Time step      722 of 5591 @ t_step =      721 Time Avg = 1.955229E-04 Time/step= 2.030000E-04 ETA (HH:MM:SS) = 0:00:00
 [ 13%]  Time step      723 of 5591 @ t_step =      722 Time Avg = 1.955139E-04 Time/step= 1.890000E-04 ETA (HH:MM:SS) = 0:00:00
 [ 13%]  Time step      724 of 5591 @ t_step =      723 Time Avg = 1.955049E-04 Time/step= 1.890000E-04 ETA (HH:MM:SS) = 0:00:00
 [ 13%]  Time step      725 of 5591 @ t_step =      724 Time Avg = 1.955291E-04 Time/step= 2.130000E-04 ETA (HH:MM:SS) = 0:00:00
 [ 13%]  Time step      726 of 5591 @ t_step =      725 Time Avg = 1.955311E-04 Time/step= 1.970000E-04 ETA (HH:MM:SS) = 0:00:00
 [ 13%]  Time step      727 of 5591 @ t_step =      726 Time Avg = 1.955414E-04 Time/step= 2.030000E-04 ETA (HH:MM:SS) = 0:00:00
 [ 14%]  Time step      728 of 5591 @ t_step =      727 Time Avg = 1.955324E-04 Time/step= 1.890000E-04 ETA (HH:MM:SS) = 0:00:00
 [ 14%]  Time step      729 of 5591 @ t_step =      728 Time Avg = 1.955248E-04 Time/step= 1.900000E-04 ETA (HH:MM:SS) = 0:00:00
 [ 14%]  Time step      730 of 5591 @ t_step =      729 Time Avg = 1.955378E-04 Time/step= 2.050000E-04 ETA (HH:MM:SS) = 0:00:00
 [ 14%]  Time step      731 of 5591 @ t_step =      730 Time Avg = 1.955316E-04 Time/step= 1.910000E-04 ETA (HH:MM:SS) = 0:00:00
 [ 14%]  Time step      732 of 5591 @ t_step =      731 Time Avg = 1.955226E-04 Time/step= 1.890000E-04 ETA (HH:MM:SS) = 0:00:00
 [ 14%]  Time step      733 of 5591 @ t_step =      732 Time Avg = 1.955151E-04 Time/step= 1.900000E-04 ETA (HH:MM:SS) = 0:00:00
 [ 14%]  Time step      734 of 5591 @ t_step =      733 Time Avg = 1.955075E-04 Time/step= 1.900000E-04 ETA (HH:MM:SS) = 0:00:00
 [ 14%]  Time step      735 of 5591 @ t_step =      734 Time Avg = 1.955342E-04 Time/step= 2.150000E-04 ETA (HH:MM:SS) = 0:00:00
 [ 14%]  Time step      736 of 5591 @ t_step =      735 Time Avg = 1.955266E-04 Time/step= 1.900000E-04 ETA (HH:MM:SS) = 0:00:00
 [ 14%]  Time step      737 of 5591 @ t_step =      736 Time Avg = 1.955177E-04 Time/step= 1.890000E-04 ETA (HH:MM:SS) = 0:00:00
 [ 14%]  Time step      738 of 5591 @ t_step =      737 Time Avg = 1.955088E-04 Time/step= 1.890000E-04 ETA (HH:MM:SS) = 0:00:00
 [ 14%]  Time step      739 of 5591 @ t_step =      738 Time Avg = 1.955000E-04 Time/step= 1.890000E-04 ETA (HH:MM:SS) = 0:00:00
 [ 14%]  Time step      740 of 5591 @ t_step =      739 Time Avg = 1.955088E-04 Time/step= 2.020000E-04 ETA (HH:MM:SS) = 0:00:00
 [ 14%]  Time step      741 of 5591 @ t_step =      740 Time Avg = 1.955014E-04 Time/step= 1.900000E-04 ETA (HH:MM:SS) = 0:00:00
 [ 14%]  Time step      742 of 5591 @ t_step =      741 Time Avg = 1.954926E-04 Time/step= 1.890000E-04 ETA (HH:MM:SS) = 0:00:00
 [ 14%]  Time step      743 of 5591 @ t_step =      742 Time Avg = 1.954851E-04 Time/step= 1.900000E-04 ETA (HH:MM:SS) = 0:00:00
 [ 14%]  Time step      744 of 5591 @ t_step =      743 Time Avg = 1.954764E-04 Time/step= 1.890000E-04 ETA (HH:MM:SS) = 0:00:00
 [ 14%]  Time step      745 of 5591 @ t_step =      744 Time Avg = 1.955040E-04 Time/step= 2.160000E-04 ETA (HH:MM:SS) = 0:00:00
 [ 14%]  Time step      746 of 5591 @ t_step =      745 Time Avg = 1.955061E-04 Time/step= 1.970000E-04 ETA (HH:MM:SS) = 0:00:00
 [ 14%]  Time step      747 of 5591 @ t_step =      746 Time Avg = 1.955134E-04 Time/step= 2.010000E-04 ETA (HH:MM:SS) = 0:00:00
 [ 14%]  Time step      748 of 5591 @ t_step =      747 Time Avg = 1.955060E-04 Time/step= 1.900000E-04 ETA (HH:MM:SS) = 0:00:00
 [ 14%]  Time step      749 of 5591 @ t_step =      748 Time Avg = 1.954973E-04 Time/step= 1.890000E-04 ETA (HH:MM:SS) = 0:00:00
 [ 14%]  Time step      750 of 5591 @ t_step =      749 Time Avg = 1.954967E-04 Time/step= 1.950000E-04 ETA (HH:MM:SS) = 0:00:00
 [ 14%]  Time step      751 of 5591 @ t_step =      750 Time Avg = 1.954893E-04 Time/step= 1.900000E-04 ETA (HH:MM:SS) = 0:00:00
 [ 14%]  Time step      752 of 5591 @ t_step =      751 Time Avg = 1.954806E-04 Time/step= 1.890000E-04 ETA (HH:MM:SS) = 0:00:00
 [ 14%]  Time step      753 of 5591 @ t_step =      752 Time Avg = 1.954733E-04 Time/step= 1.900000E-04 ETA (HH:MM:SS) = 0:00:00
 [ 14%]  Time step      754 of 5591 @ t_step =      753 Time Avg = 1.954647E-04 Time/step= 1.890000E-04 ETA (HH:MM:SS) = 0:00:00
 [ 14%]  Time step      755 of 5591 @ t_step =      754 Time Avg = 1.954920E-04 Time/step= 2.160000E-04 ETA (HH:MM:SS) = 0:00:00
 [ 14%]  Time step      756 of 5591 @ t_step =      755 Time Avg = 1.954847E-04 Time/step= 1.900000E-04 ETA (HH:MM:SS) = 0:00:00
 [ 14%]  Time step      757 of 5591 @ t_step =      756 Time Avg = 1.954761E-04 Time/step= 1.890000E-04 ETA (HH:MM:SS) = 0:00:00
 [ 14%]  Time step      758 of 5591 @ t_step =      757 Time Avg = 1.954689E-04 Time/step= 1.900000E-04 ETA (HH:MM:SS) = 0:00:00
 [ 14%]  Time step      759 of 5591 @ t_step =      758 Time Avg = 1.954603E-04 Time/step= 1.890000E-04 ETA (HH:MM:SS) = 0:00:00
 [ 14%]  Time step      760 of 5591 @ t_step =      759 Time Avg = 1.954690E-04 Time/step= 2.020000E-04 ETA (HH:MM:SS) = 0:00:00
 [ 14%]  Time step      761 of 5591 @ t_step =      760 Time Avg = 1.954617E-04 Time/step= 1.900000E-04 ETA (HH:MM:SS) = 0:00:00
 [ 14%]  Time step      762 of 5591 @ t_step =      761 Time Avg = 1.954532E-04 Time/step= 1.890000E-04 ETA (HH:MM:SS) = 0:00:00
 [ 14%]  Time step      763 of 5591 @ t_step =      762 Time Avg = 1.954447E-04 Time/step= 1.890000E-04 ETA (HH:MM:SS) = 0:00:00
 [ 14%]  Time step      764 of 5591 @ t_step =      763 Time Avg = 1.954363E-04 Time/step= 1.890000E-04 ETA (HH:MM:SS) = 0:00:00
 [ 14%]  Time step      765 of 5591 @ t_step =      764 Time Avg = 1.954619E-04 Time/step= 2.150000E-04 ETA (HH:MM:SS) = 0:00:00
 [ 14%]  Time step      766 of 5591 @ t_step =      765 Time Avg = 1.954626E-04 Time/step= 1.960000E-04 ETA (HH:MM:SS) = 0:00:00
 [ 14%]  Time step      767 of 5591 @ t_step =      766 Time Avg = 1.954699E-04 Time/step= 2.010000E-04 ETA (HH:MM:SS) = 0:00:00
 [ 14%]  Time step      768 of 5591 @ t_step =      767 Time Avg = 1.954614E-04 Time/step= 1.890000E-04 ETA (HH:MM:SS) = 0:00:00
 [ 14%]  Time step      769 of 5591 @ t_step =      768 Time Avg = 1.954543E-04 Time/step= 1.900000E-04 ETA (HH:MM:SS) = 0:00:00
 [ 14%]  Time step      770 of 5591 @ t_step =      769 Time Avg = 1.954550E-04 Time/step= 1.960000E-04 ETA (HH:MM:SS) = 0:00:00
 [ 14%]  Time step      771 of 5591 @ t_step =      770 Time Avg = 1.954466E-04 Time/step= 1.890000E-04 ETA (HH:MM:SS) = 0:00:00
 [ 14%]  Time step      772 of 5591 @ t_step =      771 Time Avg = 1.954382E-04 Time/step= 1.890000E-04 ETA (HH:MM:SS) = 0:00:00
 [ 14%]  Time step      773 of 5591 @ t_step =      772 Time Avg = 1.954299E-04 Time/step= 1.890000E-04 ETA (HH:MM:SS) = 0:00:00
 [ 14%]  Time step      774 of 5591 @ t_step =      773 Time Avg = 1.954228E-04 Time/step= 1.900000E-04 ETA (HH:MM:SS) = 0:00:00
 [ 14%]  Time step      775 of 5591 @ t_step =      774 Time Avg = 1.954417E-04 Time/step= 2.100000E-04 ETA (HH:MM:SS) = 0:00:00
 [ 14%]  Time step      776 of 5591 @ t_step =      775 Time Avg = 1.954334E-04 Time/step= 1.890000E-04 ETA (HH:MM:SS) = 0:00:00
 [ 14%]  Time step      777 of 5591 @ t_step =      776 Time Avg = 1.954251E-04 Time/step= 1.890000E-04 ETA (HH:MM:SS) = 0:00:00
 [ 14%]  Time step      778 of 5591 @ t_step =      777 Time Avg = 1.954168E-04 Time/step= 1.890000E-04 ETA (HH:MM:SS) = 0:00:00
 [ 14%]  Time step      779 of 5591 @ t_step =      778 Time Avg = 1.954098E-04 Time/step= 1.900000E-04 ETA (HH:MM:SS) = 0:00:00
 [ 14%]  Time step      780 of 5591 @ t_step =      779 Time Avg = 1.954170E-04 Time/step= 2.010000E-04 ETA (HH:MM:SS) = 0:00:00
 [ 14%]  Time step      781 of 5591 @ t_step =      780 Time Avg = 1.954100E-04 Time/step= 1.900000E-04 ETA (HH:MM:SS) = 0:00:00
 [ 14%]  Time step      782 of 5591 @ t_step =      781 Time Avg = 1.954018E-04 Time/step= 1.890000E-04 ETA (HH:MM:SS) = 0:00:00
 [ 14%]  Time step      783 of 5591 @ t_step =      782 Time Avg = 1.953936E-04 Time/step= 1.890000E-04 ETA (HH:MM:SS) = 0:00:00
 [ 15%]  Time step      784 of 5591 @ t_step =      783 Time Avg = 1.953854E-04 Time/step= 1.890000E-04 ETA (HH:MM:SS) = 0:00:00
 [ 15%]  Time step      785 of 5591 @ t_step =      784 Time Avg = 1.954130E-04 Time/step= 2.170000E-04 ETA (HH:MM:SS) = 0:00:00
 [ 15%]  Time step      786 of 5591 @ t_step =      785 Time Avg = 1.954266E-04 Time/step= 2.060000E-04 ETA (HH:MM:SS) = 0:00:00
 [ 15%]  Time step      787 of 5591 @ t_step =      786 Time Avg = 1.954196E-04 Time/step= 1.900000E-04 ETA (HH:MM:SS) = 0:00:00
 [ 15%]  Time step      788 of 5591 @ t_step =      787 Time Avg = 1.954115E-04 Time/step= 1.890000E-04 ETA (HH:MM:SS) = 0:00:00
 [ 15%]  Time step      789 of 5591 @ t_step =      788 Time Avg = 1.954046E-04 Time/step= 1.900000E-04 ETA (HH:MM:SS) = 0:00:00
 [ 15%]  Time step      790 of 5591 @ t_step =      789 Time Avg = 1.954053E-04 Time/step= 1.960000E-04 ETA (HH:MM:SS) = 0:00:00
 [ 15%]  Time step      791 of 5591 @ t_step =      790 Time Avg = 1.953972E-04 Time/step= 1.890000E-04 ETA (HH:MM:SS) = 0:00:00
 [ 15%]  Time step      792 of 5591 @ t_step =      791 Time Avg = 1.953891E-04 Time/step= 1.890000E-04 ETA (HH:MM:SS) = 0:00:00
 [ 15%]  Time step      793 of 5591 @ t_step =      792 Time Avg = 1.953810E-04 Time/step= 1.890000E-04 ETA (HH:MM:SS) = 0:00:00
 [ 15%]  Time step      794 of 5591 @ t_step =      793 Time Avg = 1.953742E-04 Time/step= 1.900000E-04 ETA (HH:MM:SS) = 0:00:00
 [ 15%]  Time step      795 of 5591 @ t_step =      794 Time Avg = 1.954192E-04 Time/step= 2.310000E-04 ETA (HH:MM:SS) = 0:00:00
 [ 15%]  Time step      796 of 5591 @ t_step =      795 Time Avg = 1.954212E-04 Time/step= 1.970000E-04 ETA (HH:MM:SS) = 0:00:00
 [ 15%]  Time step      797 of 5591 @ t_step =      796 Time Avg = 1.954219E-04 Time/step= 1.960000E-04 ETA (HH:MM:SS) = 0:00:00
 [ 15%]  Time step      798 of 5591 @ t_step =      797 Time Avg = 1.954226E-04 Time/step= 1.960000E-04 ETA (HH:MM:SS) = 0:00:00
 [ 15%]  Time step      799 of 5591 @ t_step =      798 Time Avg = 1.954410E-04 Time/step= 2.100000E-04 ETA (HH:MM:SS) = 0:00:00
 [ 15%]  Time step      800 of 5591 @ t_step =      799 Time Avg = 1.954391E-04 Time/step= 1.940000E-04 ETA (HH:MM:SS) = 0:00:00
 [ 15%]  Time step      801 of 5591 @ t_step =      800 Time Avg = 1.954323E-04 Time/step= 1.900000E-04 ETA (HH:MM:SS) = 0:00:00
 [ 15%]  Time step      802 of 5591 @ t_step =      801 Time Avg = 1.954343E-04 Time/step= 1.970000E-04 ETA (HH:MM:SS) = 0:00:00
 [ 15%]  Time step      803 of 5591 @ t_step =      802 Time Avg = 1.954262E-04 Time/step= 1.890000E-04 ETA (HH:MM:SS) = 0:00:00
 [ 15%]  Time step      804 of 5591 @ t_step =      803 Time Avg = 1.954444E-04 Time/step= 2.100000E-04 ETA (HH:MM:SS) = 0:00:00
 [ 15%]  Time step      805 of 5591 @ t_step =      804 Time Avg = 1.954476E-04 Time/step= 1.980000E-04 ETA (HH:MM:SS) = 0:00:00
 [ 15%]  Time step      806 of 5591 @ t_step =      805 Time Avg = 1.954570E-04 Time/step= 2.030000E-04 ETA (HH:MM:SS) = 0:00:00
 [ 15%]  Time step      807 of 5591 @ t_step =      806 Time Avg = 1.954490E-04 Time/step= 1.890000E-04 ETA (HH:MM:SS) = 0:00:00
 [ 15%]  Time step      808 of 5591 @ t_step =      807 Time Avg = 1.954410E-04 Time/step= 1.890000E-04 ETA (HH:MM:SS) = 0:00:00
 [ 15%]  Time step      809 of 5591 @ t_step =      808 Time Avg = 1.954429E-04 Time/step= 1.970000E-04 ETA (HH:MM:SS) = 0:00:00
 [ 15%]  Time step      810 of 5591 @ t_step =      809 Time Avg = 1.954362E-04 Time/step= 1.900000E-04 ETA (HH:MM:SS) = 0:00:00
 [ 15%]  Time step      811 of 5591 @ t_step =      810 Time Avg = 1.954282E-04 Time/step= 1.890000E-04 ETA (HH:MM:SS) = 0:00:00
 [ 15%]  Time step      812 of 5591 @ t_step =      811 Time Avg = 1.954215E-04 Time/step= 1.900000E-04 ETA (HH:MM:SS) = 0:00:00
 [ 15%]  Time step      813 of 5591 @ t_step =      812 Time Avg = 1.954136E-04 Time/step= 1.890000E-04 ETA (HH:MM:SS) = 0:00:00
 [ 15%]  Time step      814 of 5591 @ t_step =      813 Time Avg = 1.954303E-04 Time/step= 2.090000E-04 ETA (HH:MM:SS) = 0:00:00
 [ 15%]  Time step      815 of 5591 @ t_step =      814 Time Avg = 1.954347E-04 Time/step= 1.990000E-04 ETA (HH:MM:SS) = 0:00:00
 [ 15%]  Time step      816 of 5591 @ t_step =      815 Time Avg = 1.954268E-04 Time/step= 1.890000E-04 ETA (HH:MM:SS) = 0:00:00
 [ 15%]  Time step      817 of 5591 @ t_step =      816 Time Avg = 1.954201E-04 Time/step= 1.900000E-04 ETA (HH:MM:SS) = 0:00:00
 [ 15%]  Time step      818 of 5591 @ t_step =      817 Time Avg = 1.954123E-04 Time/step= 1.890000E-04 ETA (HH:MM:SS) = 0:00:00
 [ 15%]  Time step      819 of 5591 @ t_step =      818 Time Avg = 1.954167E-04 Time/step= 1.990000E-04 ETA (HH:MM:SS) = 0:00:00
 [ 15%]  Time step      820 of 5591 @ t_step =      819 Time Avg = 1.954100E-04 Time/step= 1.900000E-04 ETA (HH:MM:SS) = 0:00:00
 [ 15%]  Time step      821 of 5591 @ t_step =      820 Time Avg = 1.954034E-04 Time/step= 1.900000E-04 ETA (HH:MM:SS) = 0:00:00
 [ 15%]  Time step      822 of 5591 @ t_step =      821 Time Avg = 1.953956E-04 Time/step= 1.890000E-04 ETA (HH:MM:SS) = 0:00:00
 [ 15%]  Time step      823 of 5591 @ t_step =      822 Time Avg = 1.953878E-04 Time/step= 1.890000E-04 ETA (HH:MM:SS) = 0:00:00
 [ 15%]  Time step      824 of 5591 @ t_step =      823 Time Avg = 1.954093E-04 Time/step= 2.130000E-04 ETA (HH:MM:SS) = 0:00:00
 [ 15%]  Time step      825 of 5591 @ t_step =      824 Time Avg = 1.954100E-04 Time/step= 1.960000E-04 ETA (HH:MM:SS) = 0:00:00
 [ 15%]  Time step      826 of 5591 @ t_step =      825 Time Avg = 1.954180E-04 Time/step= 2.020000E-04 ETA (HH:MM:SS) = 0:00:00
 [ 15%]  Time step      827 of 5591 @ t_step =      826 Time Avg = 1.954102E-04 Time/step= 1.890000E-04 ETA (HH:MM:SS) = 0:00:00
 [ 15%]  Time step      828 of 5591 @ t_step =      827 Time Avg = 1.954036E-04 Time/step= 1.900000E-04 ETA (HH:MM:SS) = 0:00:00
 [ 15%]  Time step      829 of 5591 @ t_step =      828 Time Avg = 1.954104E-04 Time/step= 2.010000E-04 ETA (HH:MM:SS) = 0:00:00
 [ 15%]  Time step      830 of 5591 @ t_step =      829 Time Avg = 1.954039E-04 Time/step= 1.900000E-04 ETA (HH:MM:SS) = 0:00:00
 [ 15%]  Time step      831 of 5591 @ t_step =      830 Time Avg = 1.953973E-04 Time/step= 1.900000E-04 ETA (HH:MM:SS) = 0:00:00
 [ 15%]  Time step      832 of 5591 @ t_step =      831 Time Avg = 1.953908E-04 Time/step= 1.900000E-04 ETA (HH:MM:SS) = 0:00:00
 [ 15%]  Time step      833 of 5591 @ t_step =      832 Time Avg = 1.953831E-04 Time/step= 1.890000E-04 ETA (HH:MM:SS) = 0:00:00
 [ 15%]  Time step      834 of 5591 @ t_step =      833 Time Avg = 1.954079E-04 Time/step= 2.160000E-04 ETA (HH:MM:SS) = 0:00:00
 [ 15%]  Time step      835 of 5591 @ t_step =      834 Time Avg = 1.954014E-04 Time/step= 1.900000E-04 ETA (HH:MM:SS) = 0:00:00
 [ 15%]  Time step      836 of 5591 @ t_step =      835 Time Avg = 1.953938E-04 Time/step= 1.890000E-04 ETA (HH:MM:SS) = 0:00:00
 [ 15%]  Time step      837 of 5591 @ t_step =      836 Time Avg = 1.953873E-04 Time/step= 1.900000E-04 ETA (HH:MM:SS) = 0:00:00
 [ 15%]  Time step      838 of 5591 @ t_step =      837 Time Avg = 1.953796E-04 Time/step= 1.890000E-04 ETA (HH:MM:SS) = 0:00:00
 [ 15%]  Time step      839 of 5591 @ t_step =      838 Time Avg = 1.953888E-04 Time/step= 2.030000E-04 ETA (HH:MM:SS) = 0:00:00
 [ 16%]  Time step      840 of 5591 @ t_step =      839 Time Avg = 1.953823E-04 Time/step= 1.900000E-04 ETA (HH:MM:SS) = 0:00:00
 [ 16%]  Time step      841 of 5591 @ t_step =      840 Time Avg = 1.953747E-04 Time/step= 1.890000E-04 ETA (HH:MM:SS) = 0:00:00
 [ 16%]  Time step      842 of 5591 @ t_step =      841 Time Avg = 1.953683E-04 Time/step= 1.900000E-04 ETA (HH:MM:SS) = 0:00:00
 [ 16%]  Time step      843 of 5591 @ t_step =      842 Time Avg = 1.953607E-04 Time/step= 1.890000E-04 ETA (HH:MM:SS) = 0:00:00
 [ 16%]  Time step      844 of 5591 @ t_step =      843 Time Avg = 1.953841E-04 Time/step= 2.150000E-04 ETA (HH:MM:SS) = 0:00:00
 [ 16%]  Time step      845 of 5591 @ t_step =      844 Time Avg = 1.953848E-04 Time/step= 1.960000E-04 ETA (HH:MM:SS) = 0:00:00
 [ 16%]  Time step      846 of 5591 @ t_step =      845 Time Avg = 1.953915E-04 Time/step= 2.010000E-04 ETA (HH:MM:SS) = 0:00:00
 [ 16%]  Time step      847 of 5591 @ t_step =      846 Time Avg = 1.953839E-04 Time/step= 1.890000E-04 ETA (HH:MM:SS) = 0:00:00
 [ 16%]  Time step      848 of 5591 @ t_step =      847 Time Avg = 1.953763E-04 Time/step= 1.890000E-04 ETA (HH:MM:SS) = 0:00:00
 [ 16%]  Time step      849 of 5591 @ t_step =      848 Time Avg = 1.953771E-04 Time/step= 1.960000E-04 ETA (HH:MM:SS) = 0:00:00
 [ 16%]  Time step      850 of 5591 @ t_step =      849 Time Avg = 1.953707E-04 Time/step= 1.900000E-04 ETA (HH:MM:SS) = 0:00:00
 [ 16%]  Time step      851 of 5591 @ t_step =      850 Time Avg = 1.953644E-04 Time/step= 1.900000E-04 ETA (HH:MM:SS) = 0:00:00
 [ 16%]  Time step      852 of 5591 @ t_step =      851 Time Avg = 1.953569E-04 Time/step= 1.890000E-04 ETA (HH:MM:SS) = 0:00:00
 [ 16%]  Time step      853 of 5591 @ t_step =      852 Time Avg = 1.953494E-04 Time/step= 1.890000E-04 ETA (HH:MM:SS) = 0:00:00
 [ 16%]  Time step      854 of 5591 @ t_step =      853 Time Avg = 1.953713E-04 Time/step= 2.140000E-04 ETA (HH:MM:SS) = 0:00:00
 [ 16%]  Time step      855 of 5591 @ t_step =      854 Time Avg = 1.953638E-04 Time/step= 1.890000E-04 ETA (HH:MM:SS) = 0:00:00
 [ 16%]  Time step      856 of 5591 @ t_step =      855 Time Avg = 1.953576E-04 Time/step= 1.900000E-04 ETA (HH:MM:SS) = 0:00:00
 [ 16%]  Time step      857 of 5591 @ t_step =      856 Time Avg = 1.953501E-04 Time/step= 1.890000E-04 ETA (HH:MM:SS) = 0:00:00
 [ 16%]  Time step      858 of 5591 @ t_step =      857 Time Avg = 1.953439E-04 Time/step= 1.900000E-04 ETA (HH:MM:SS) = 0:00:00
 [ 16%]  Time step      859 of 5591 @ t_step =      858 Time Avg = 1.953505E-04 Time/step= 2.010000E-04 ETA (HH:MM:SS) = 0:00:00
 [ 16%]  Time step      860 of 5591 @ t_step =      859 Time Avg = 1.953431E-04 Time/step= 1.890000E-04 ETA (HH:MM:SS) = 0:00:00
 [ 16%]  Time step      861 of 5591 @ t_step =      860 Time Avg = 1.953368E-04 Time/step= 1.900000E-04 ETA (HH:MM:SS) = 0:00:00
 [ 16%]  Time step      862 of 5591 @ t_step =      861 Time Avg = 1.953295E-04 Time/step= 1.890000E-04 ETA (HH:MM:SS) = 0:00:00
 [ 16%]  Time step      863 of 5591 @ t_step =      862 Time Avg = 1.953221E-04 Time/step= 1.890000E-04 ETA (HH:MM:SS) = 0:00:00
 [ 16%]  Time step      864 of 5591 @ t_step =      863 Time Avg = 1.953449E-04 Time/step= 2.150000E-04 ETA (HH:MM:SS) = 0:00:00
 [ 16%]  Time step      865 of 5591 @ t_step =      864 Time Avg = 1.953457E-04 Time/step= 1.960000E-04 ETA (HH:MM:SS) = 0:00:00
 [ 16%]  Time step      866 of 5591 @ t_step =      865 Time Avg = 1.953511E-04 Time/step= 2.000000E-04 ETA (HH:MM:SS) = 0:00:00
 [ 16%]  Time step      867 of 5591 @ t_step =      866 Time Avg = 1.953437E-04 Time/step= 1.890000E-04 ETA (HH:MM:SS) = 0:00:00
 [ 16%]  Time step      868 of 5591 @ t_step =      867 Time Avg = 1.953376E-04 Time/step= 1.900000E-04 ETA (HH:MM:SS) = 0:00:00
 [ 16%]  Time step      869 of 5591 @ t_step =      868 Time Avg = 1.953372E-04 Time/step= 1.950000E-04 ETA (HH:MM:SS) = 0:00:00
 [ 16%]  Time step      870 of 5591 @ t_step =      869 Time Avg = 1.953299E-04 Time/step= 1.890000E-04 ETA (HH:MM:SS) = 0:00:00
 [ 16%]  Time step      871 of 5591 @ t_step =      870 Time Avg = 1.953237E-04 Time/step= 1.900000E-04 ETA (HH:MM:SS) = 0:00:00
 [ 16%]  Time step      872 of 5591 @ t_step =      871 Time Avg = 1.953176E-04 Time/step= 1.900000E-04 ETA (HH:MM:SS) = 0:00:00
 [ 16%]  Time step      873 of 5591 @ t_step =      872 Time Avg = 1.953103E-04 Time/step= 1.890000E-04 ETA (HH:MM:SS) = 0:00:00
 [ 16%]  Time step      874 of 5591 @ t_step =      873 Time Avg = 1.953284E-04 Time/step= 2.110000E-04 ETA (HH:MM:SS) = 0:00:00
 [ 16%]  Time step      875 of 5591 @ t_step =      874 Time Avg = 1.953222E-04 Time/step= 1.900000E-04 ETA (HH:MM:SS) = 0:00:00
 [ 16%]  Time step      876 of 5591 @ t_step =      875 Time Avg = 1.953162E-04 Time/step= 1.900000E-04 ETA (HH:MM:SS) = 0:00:00
 [ 16%]  Time step      877 of 5591 @ t_step =      876 Time Avg = 1.953089E-04 Time/step= 1.890000E-04 ETA (HH:MM:SS) = 0:00:00
 [ 16%]  Time step      878 of 5591 @ t_step =      877 Time Avg = 1.953029E-04 Time/step= 1.900000E-04 ETA (HH:MM:SS) = 0:00:00
 [ 16%]  Time step      879 of 5591 @ t_step =      878 Time Avg = 1.953128E-04 Time/step= 2.040000E-04 ETA (HH:MM:SS) = 0:00:00
 [ 16%]  Time step      880 of 5591 @ t_step =      879 Time Avg = 1.953067E-04 Time/step= 1.900000E-04 ETA (HH:MM:SS) = 0:00:00
 [ 16%]  Time step      881 of 5591 @ t_step =      880 Time Avg = 1.952995E-04 Time/step= 1.890000E-04 ETA (HH:MM:SS) = 0:00:00
 [ 16%]  Time step      882 of 5591 @ t_step =      881 Time Avg = 1.952924E-04 Time/step= 1.890000E-04 ETA (HH:MM:SS) = 0:00:00
 [ 16%]  Time step      883 of 5591 @ t_step =      882 Time Avg = 1.952864E-04 Time/step= 1.900000E-04 ETA (HH:MM:SS) = 0:00:00
 [ 16%]  Time step      884 of 5591 @ t_step =      883 Time Avg = 1.953144E-04 Time/step= 2.200000E-04 ETA (HH:MM:SS) = 0:00:00
 [ 16%]  Time step      885 of 5591 @ t_step =      884 Time Avg = 1.953265E-04 Time/step= 2.060000E-04 ETA (HH:MM:SS) = 0:00:00
 [ 16%]  Time step      886 of 5591 @ t_step =      885 Time Avg = 1.953194E-04 Time/step= 1.890000E-04 ETA (HH:MM:SS) = 0:00:00
 [ 16%]  Time step      887 of 5591 @ t_step =      886 Time Avg = 1.953133E-04 Time/step= 1.900000E-04 ETA (HH:MM:SS) = 0:00:00
 [ 16%]  Time step      888 of 5591 @ t_step =      887 Time Avg = 1.953062E-04 Time/step= 1.890000E-04 ETA (HH:MM:SS) = 0:00:00
 [ 16%]  Time step      889 of 5591 @ t_step =      888 Time Avg = 1.953059E-04 Time/step= 1.950000E-04 ETA (HH:MM:SS) = 0:00:00
 [ 16%]  Time step      890 of 5591 @ t_step =      889 Time Avg = 1.952999E-04 Time/step= 1.900000E-04 ETA (HH:MM:SS) = 0:00:00
 [ 16%]  Time step      891 of 5591 @ t_step =      890 Time Avg = 1.952928E-04 Time/step= 1.890000E-04 ETA (HH:MM:SS) = 0:00:00
 [ 16%]  Time step      892 of 5591 @ t_step =      891 Time Avg = 1.952868E-04 Time/step= 1.900000E-04 ETA (HH:MM:SS) = 0:00:00
 [ 16%]  Time step      893 of 5591 @ t_step =      892 Time Avg = 1.952809E-04 Time/step= 1.900000E-04 ETA (HH:MM:SS) = 0:00:00
 [ 16%]  Time step      894 of 5591 @ t_step =      893 Time Avg = 1.953098E-04 Time/step= 2.210000E-04 ETA (HH:MM:SS) = 0:00:00
 [ 16%]  Time step      895 of 5591 @ t_step =      894 Time Avg = 1.953038E-04 Time/step= 1.900000E-04 ETA (HH:MM:SS) = 0:00:00
 [ 17%]  Time step      896 of 5591 @ t_step =      895 Time Avg = 1.952968E-04 Time/step= 1.890000E-04 ETA (HH:MM:SS) = 0:00:00
 [ 17%]  Time step      897 of 5591 @ t_step =      896 Time Avg = 1.952908E-04 Time/step= 1.900000E-04 ETA (HH:MM:SS) = 0:00:00
 [ 17%]  Time step      898 of 5591 @ t_step =      897 Time Avg = 1.952838E-04 Time/step= 1.890000E-04 ETA (HH:MM:SS) = 0:00:00
 [ 17%]  Time step      899 of 5591 @ t_step =      898 Time Avg = 1.952902E-04 Time/step= 2.010000E-04 ETA (HH:MM:SS) = 0:00:00
 [ 17%]  Time step      900 of 5591 @ t_step =      899 Time Avg = 1.952843E-04 Time/step= 1.900000E-04 ETA (HH:MM:SS) = 0:00:00
 [ 17%]  Time step      901 of 5591 @ t_step =      900 Time Avg = 1.952784E-04 Time/step= 1.900000E-04 ETA (HH:MM:SS) = 0:00:00
 [ 17%]  Time step      902 of 5591 @ t_step =      901 Time Avg = 1.952714E-04 Time/step= 1.890000E-04 ETA (HH:MM:SS) = 0:00:00
 [ 17%]  Time step      903 of 5591 @ t_step =      902 Time Avg = 1.952644E-04 Time/step= 1.890000E-04 ETA (HH:MM:SS) = 0:00:00
 [ 17%]  Time step      904 of 5591 @ t_step =      903 Time Avg = 1.952886E-04 Time/step= 2.170000E-04 ETA (HH:MM:SS) = 0:00:00
 [ 17%]  Time step      905 of 5591 @ t_step =      904 Time Avg = 1.952993E-04 Time/step= 2.050000E-04 ETA (HH:MM:SS) = 0:00:00
 [ 17%]  Time step      906 of 5591 @ t_step =      905 Time Avg = 1.952935E-04 Time/step= 1.900000E-04 ETA (HH:MM:SS) = 0:00:00
 [ 17%]  Time step      907 of 5591 @ t_step =      906 Time Avg = 1.952876E-04 Time/step= 1.900000E-04 ETA (HH:MM:SS) = 0:00:00
 [ 17%]  Time step      908 of 5591 @ t_step =      907 Time Avg = 1.952818E-04 Time/step= 1.900000E-04 ETA (HH:MM:SS) = 0:00:00
 [ 17%]  Time step      909 of 5591 @ t_step =      908 Time Avg = 1.952903E-04 Time/step= 2.030000E-04 ETA (HH:MM:SS) = 0:00:00
 [ 17%]  Time step      910 of 5591 @ t_step =      909 Time Avg = 1.952845E-04 Time/step= 1.900000E-04 ETA (HH:MM:SS) = 0:00:00
 [ 17%]  Time step      911 of 5591 @ t_step =      910 Time Avg = 1.952775E-04 Time/step= 1.890000E-04 ETA (HH:MM:SS) = 0:00:00
 [ 17%]  Time step      912 of 5591 @ t_step =      911 Time Avg = 1.952717E-04 Time/step= 1.900000E-04 ETA (HH:MM:SS) = 0:00:00
 [ 17%]  Time step      913 of 5591 @ t_step =      912 Time Avg = 1.952648E-04 Time/step= 1.890000E-04 ETA (HH:MM:SS) = 0:00:00
 [ 17%]  Time step      914 of 5591 @ t_step =      913 Time Avg = 1.952854E-04 Time/step= 2.140000E-04 ETA (HH:MM:SS) = 0:00:00
 [ 17%]  Time step      915 of 5591 @ t_step =      914 Time Avg = 1.952785E-04 Time/step= 1.890000E-04 ETA (HH:MM:SS) = 0:00:00
 [ 17%]  Time step      916 of 5591 @ t_step =      915 Time Avg = 1.952727E-04 Time/step= 1.900000E-04 ETA (HH:MM:SS) = 0:00:00
 [ 17%]  Time step      917 of 5591 @ t_step =      916 Time Avg = 1.952659E-04 Time/step= 1.890000E-04 ETA (HH:MM:SS) = 0:00:00
 [ 17%]  Time step      918 of 5591 @ t_step =      917 Time Avg = 1.952645E-04 Time/step= 1.940000E-04 ETA (HH:MM:SS) = 0:00:00
 [ 17%]  Time step      919 of 5591 @ t_step =      918 Time Avg = 1.952620E-04 Time/step= 1.930000E-04 ETA (HH:MM:SS) = 0:00:00
 [ 17%]  Time step      920 of 5591 @ t_step =      919 Time Avg = 1.952552E-04 Time/step= 1.890000E-04 ETA (HH:MM:SS) = 0:00:00
 [ 17%]  Time step      921 of 5591 @ t_step =      920 Time Avg = 1.952495E-04 Time/step= 1.900000E-04 ETA (HH:MM:SS) = 0:00:00
 [ 17%]  Time step      922 of 5591 @ t_step =      921 Time Avg = 1.952427E-04 Time/step= 1.890000E-04 ETA (HH:MM:SS) = 0:00:00
 [ 17%]  Time step      923 of 5591 @ t_step =      922 Time Avg = 1.952359E-04 Time/step= 1.890000E-04 ETA (HH:MM:SS) = 0:00:00
 [ 17%]  Time step      924 of 5591 @ t_step =      923 Time Avg = 1.952443E-04 Time/step= 2.030000E-04 ETA (HH:MM:SS) = 0:00:00
 [ 17%]  Time step      925 of 5591 @ t_step =      924 Time Avg = 1.952538E-04 Time/step= 2.040000E-04 ETA (HH:MM:SS) = 0:00:00
 [ 17%]  Time step      926 of 5591 @ t_step =      925 Time Avg = 1.952470E-04 Time/step= 1.890000E-04 ETA (HH:MM:SS) = 0:00:00
 [ 17%]  Time step      927 of 5591 @ t_step =      926 Time Avg = 1.952403E-04 Time/step= 1.890000E-04 ETA (HH:MM:SS) = 0:00:00
 [ 17%]  Time step      928 of 5591 @ t_step =      927 Time Avg = 1.952541E-04 Time/step= 2.080000E-04 ETA (HH:MM:SS) = 0:00:00
 [ 17%]  Time step      929 of 5591 @ t_step =      928 Time Avg = 1.952603E-04 Time/step= 2.010000E-04 ETA (HH:MM:SS) = 0:00:00
 [ 17%]  Time step      930 of 5591 @ t_step =      929 Time Avg = 1.952546E-04 Time/step= 1.900000E-04 ETA (HH:MM:SS) = 0:00:00
 [ 17%]  Time step      931 of 5591 @ t_step =      930 Time Avg = 1.952478E-04 Time/step= 1.890000E-04 ETA (HH:MM:SS) = 0:00:00
 [ 17%]  Time step      932 of 5591 @ t_step =      931 Time Avg = 1.952422E-04 Time/step= 1.900000E-04 ETA (HH:MM:SS) = 0:00:00
 [ 17%]  Time step      933 of 5591 @ t_step =      932 Time Avg = 1.952581E-04 Time/step= 2.100000E-04 ETA (HH:MM:SS) = 0:00:00
 [ 17%]  Time step      934 of 5591 @ t_step =      933 Time Avg = 1.952535E-04 Time/step= 1.910000E-04 ETA (HH:MM:SS) = 0:00:00
 [ 17%]  Time step      935 of 5591 @ t_step =      934 Time Avg = 1.952479E-04 Time/step= 1.900000E-04 ETA (HH:MM:SS) = 0:00:00
 [ 17%]  Time step      936 of 5591 @ t_step =      935 Time Avg = 1.952412E-04 Time/step= 1.890000E-04 ETA (HH:MM:SS) = 0:00:00
 [ 17%]  Time step      937 of 5591 @ t_step =      936 Time Avg = 1.952345E-04 Time/step= 1.890000E-04 ETA (HH:MM:SS) = 0:00:00
 [ 17%]  Time step      938 of 5591 @ t_step =      937 Time Avg = 1.952428E-04 Time/step= 2.030000E-04 ETA (HH:MM:SS) = 0:00:00
 [ 17%]  Time step      939 of 5591 @ t_step =      938 Time Avg = 1.952372E-04 Time/step= 1.900000E-04 ETA (HH:MM:SS) = 0:00:00
 [ 17%]  Time step      940 of 5591 @ t_step =      939 Time Avg = 1.952316E-04 Time/step= 1.900000E-04 ETA (HH:MM:SS) = 0:00:00
 [ 17%]  Time step      941 of 5591 @ t_step =      940 Time Avg = 1.952260E-04 Time/step= 1.900000E-04 ETA (HH:MM:SS) = 0:00:00
 [ 17%]  Time step      942 of 5591 @ t_step =      941 Time Avg = 1.952194E-04 Time/step= 1.890000E-04 ETA (HH:MM:SS) = 0:00:00
 [ 17%]  Time step      943 of 5591 @ t_step =      942 Time Avg = 1.952394E-04 Time/step= 2.140000E-04 ETA (HH:MM:SS) = 0:00:00
 [ 17%]  Time step      944 of 5591 @ t_step =      943 Time Avg = 1.952412E-04 Time/step= 1.970000E-04 ETA (HH:MM:SS) = 0:00:00
 [ 17%]  Time step      945 of 5591 @ t_step =      944 Time Avg = 1.952473E-04 Time/step= 2.010000E-04 ETA (HH:MM:SS) = 0:00:00
 [ 17%]  Time step      946 of 5591 @ t_step =      945 Time Avg = 1.952407E-04 Time/step= 1.890000E-04 ETA (HH:MM:SS) = 0:00:00
 [ 17%]  Time step      947 of 5591 @ t_step =      946 Time Avg = 1.952352E-04 Time/step= 1.900000E-04 ETA (HH:MM:SS) = 0:00:00
 [ 17%]  Time step      948 of 5591 @ t_step =      947 Time Avg = 1.952413E-04 Time/step= 2.010000E-04 ETA (HH:MM:SS) = 0:00:00
 [ 17%]  Time step      949 of 5591 @ t_step =      948 Time Avg = 1.952357E-04 Time/step= 1.900000E-04 ETA (HH:MM:SS) = 0:00:00
 [ 17%]  Time step      950 of 5591 @ t_step =      949 Time Avg = 1.952291E-04 Time/step= 1.890000E-04 ETA (HH:MM:SS) = 0:00:00
 [ 17%]  Time step      951 of 5591 @ t_step =      950 Time Avg = 1.952236E-04 Time/step= 1.900000E-04 ETA (HH:MM:SS) = 0:00:00
 [ 18%]  Time step      952 of 5591 @ t_step =      951 Time Avg = 1.952171E-04 Time/step= 1.890000E-04 ETA (HH:MM:SS) = 0:00:00
 [ 18%]  Time step      953 of 5591 @ t_step =      952 Time Avg = 1.952421E-04 Time/step= 2.190000E-04 ETA (HH:MM:SS) = 0:00:00
 [ 18%]  Time step      954 of 5591 @ t_step =      953 Time Avg = 1.952366E-04 Time/step= 1.900000E-04 ETA (HH:MM:SS) = 0:00:00
 [ 18%]  Time step      955 of 5591 @ t_step =      954 Time Avg = 1.952300E-04 Time/step= 1.890000E-04 ETA (HH:MM:SS) = 0:00:00
 [ 18%]  Time step      956 of 5591 @ t_step =      955 Time Avg = 1.952246E-04 Time/step= 1.900000E-04 ETA (HH:MM:SS) = 0:00:00
 [ 18%]  Time step      957 of 5591 @ t_step =      956 Time Avg = 1.952180E-04 Time/step= 1.890000E-04 ETA (HH:MM:SS) = 0:00:00
 [ 18%]  Time step      958 of 5591 @ t_step =      957 Time Avg = 1.952251E-04 Time/step= 2.020000E-04 ETA (HH:MM:SS) = 0:00:00
 [ 18%]  Time step      959 of 5591 @ t_step =      958 Time Avg = 1.952186E-04 Time/step= 1.890000E-04 ETA (HH:MM:SS) = 0:00:00
 [ 18%]  Time step      960 of 5591 @ t_step =      959 Time Avg = 1.952121E-04 Time/step= 1.890000E-04 ETA (HH:MM:SS) = 0:00:00
 [ 18%]  Time step      961 of 5591 @ t_step =      960 Time Avg = 1.952056E-04 Time/step= 1.890000E-04 ETA (HH:MM:SS) = 0:00:00
 [ 18%]  Time step      962 of 5591 @ t_step =      961 Time Avg = 1.952002E-04 Time/step= 1.900000E-04 ETA (HH:MM:SS) = 0:00:00
 [ 18%]  Time step      963 of 5591 @ t_step =      962 Time Avg = 1.952208E-04 Time/step= 2.150000E-04 ETA (HH:MM:SS) = 0:00:00
 [ 18%]  Time step      964 of 5591 @ t_step =      963 Time Avg = 1.952216E-04 Time/step= 1.960000E-04 ETA (HH:MM:SS) = 0:00:00
 [ 18%]  Time step      965 of 5591 @ t_step =      964 Time Avg = 1.952266E-04 Time/step= 2.000000E-04 ETA (HH:MM:SS) = 0:00:00
 [ 18%]  Time step      966 of 5591 @ t_step =      965 Time Avg = 1.952201E-04 Time/step= 1.890000E-04 ETA (HH:MM:SS) = 0:00:00
 [ 18%]  Time step      967 of 5591 @ t_step =      966 Time Avg = 1.952137E-04 Time/step= 1.890000E-04 ETA (HH:MM:SS) = 0:00:00
 [ 18%]  Time step      968 of 5591 @ t_step =      967 Time Avg = 1.952207E-04 Time/step= 2.020000E-04 ETA (HH:MM:SS) = 0:00:00
 [ 18%]  Time step      969 of 5591 @ t_step =      968 Time Avg = 1.952143E-04 Time/step= 1.890000E-04 ETA (HH:MM:SS) = 0:00:00
 [ 18%]  Time step      970 of 5591 @ t_step =      969 Time Avg = 1.952079E-04 Time/step= 1.890000E-04 ETA (HH:MM:SS) = 0:00:00
 [ 18%]  Time step      971 of 5591 @ t_step =      970 Time Avg = 1.952014E-04 Time/step= 1.890000E-04 ETA (HH:MM:SS) = 0:00:00
 [ 18%]  Time step      972 of 5591 @ t_step =      971 Time Avg = 1.951950E-04 Time/step= 1.890000E-04 ETA (HH:MM:SS) = 0:00:00
 [ 18%]  Time step      973 of 5591 @ t_step =      972 Time Avg = 1.952165E-04 Time/step= 2.160000E-04 ETA (HH:MM:SS) = 0:00:00
 [ 18%]  Time step      974 of 5591 @ t_step =      973 Time Avg = 1.952101E-04 Time/step= 1.890000E-04 ETA (HH:MM:SS) = 0:00:00
 [ 18%]  Time step      975 of 5591 @ t_step =      974 Time Avg = 1.952037E-04 Time/step= 1.890000E-04 ETA (HH:MM:SS) = 0:00:00
 [ 18%]  Time step      976 of 5591 @ t_step =      975 Time Avg = 1.951973E-04 Time/step= 1.890000E-04 ETA (HH:MM:SS) = 0:00:00
 [ 18%]  Time step      977 of 5591 @ t_step =      976 Time Avg = 1.951910E-04 Time/step= 1.890000E-04 ETA (HH:MM:SS) = 0:00:00
 [ 18%]  Time step      978 of 5591 @ t_step =      977 Time Avg = 1.952000E-04 Time/step= 2.040000E-04 ETA (HH:MM:SS) = 0:00:00
 [ 18%]  Time step      979 of 5591 @ t_step =      978 Time Avg = 1.951947E-04 Time/step= 1.900000E-04 ETA (HH:MM:SS) = 0:00:00
 [ 18%]  Time step      980 of 5591 @ t_step =      979 Time Avg = 1.951883E-04 Time/step= 1.890000E-04 ETA (HH:MM:SS) = 0:00:00
 [ 18%]  Time step      981 of 5591 @ t_step =      980 Time Avg = 1.951820E-04 Time/step= 1.890000E-04 ETA (HH:MM:SS) = 0:00:00
 [ 18%]  Time step      982 of 5591 @ t_step =      981 Time Avg = 1.951757E-04 Time/step= 1.890000E-04 ETA (HH:MM:SS) = 0:00:00
 [ 18%]  Time step      983 of 5591 @ t_step =      982 Time Avg = 1.952000E-04 Time/step= 2.190000E-04 ETA (HH:MM:SS) = 0:00:00
 [ 18%]  Time step      984 of 5591 @ t_step =      983 Time Avg = 1.952110E-04 Time/step= 2.060000E-04 ETA (HH:MM:SS) = 0:00:00
 [ 18%]  Time step      985 of 5591 @ t_step =      984 Time Avg = 1.952047E-04 Time/step= 1.890000E-04 ETA (HH:MM:SS) = 0:00:00
 [ 18%]  Time step      986 of 5591 @ t_step =      985 Time Avg = 1.951994E-04 Time/step= 1.900000E-04 ETA (HH:MM:SS) = 0:00:00
 [ 18%]  Time step      987 of 5591 @ t_step =      986 Time Avg = 1.951931E-04 Time/step= 1.890000E-04 ETA (HH:MM:SS) = 0:00:00
 [ 18%]  Time step      988 of 5591 @ t_step =      987 Time Avg = 1.951980E-04 Time/step= 2.000000E-04 ETA (HH:MM:SS) = 0:00:00
 [ 18%]  Time step      989 of 5591 @ t_step =      988 Time Avg = 1.951927E-04 Time/step= 1.900000E-04 ETA (HH:MM:SS) = 0:00:00
 [ 18%]  Time step      990 of 5591 @ t_step =      989 Time Avg = 1.951864E-04 Time/step= 1.890000E-04 ETA (HH:MM:SS) = 0:00:00
 [ 18%]  Time step      991 of 5591 @ t_step =      990 Time Avg = 1.951802E-04 Time/step= 1.890000E-04 ETA (HH:MM:SS) = 0:00:00
 [ 18%]  Time step      992 of 5591 @ t_step =      991 Time Avg = 1.951739E-04 Time/step= 1.890000E-04 ETA (HH:MM:SS) = 0:00:00
 [ 18%]  Time step      993 of 5591 @ t_step =      992 Time Avg = 1.952101E-04 Time/step= 2.310000E-04 ETA (HH:MM:SS) = 0:00:00
 [ 18%]  Time step      994 of 5591 @ t_step =      993 Time Avg = 1.952190E-04 Time/step= 2.040000E-04 ETA (HH:MM:SS) = 0:00:00
 [ 18%]  Time step      995 of 5591 @ t_step =      994 Time Avg = 1.952127E-04 Time/step= 1.890000E-04 ETA (HH:MM:SS) = 0:00:00
 [ 18%]  Time step      996 of 5591 @ t_step =      995 Time Avg = 1.952064E-04 Time/step= 1.890000E-04 ETA (HH:MM:SS) = 0:00:00
 [ 18%]  Time step      997 of 5591 @ t_step =      996 Time Avg = 1.952002E-04 Time/step= 1.890000E-04 ETA (HH:MM:SS) = 0:00:00
 [ 18%]  Time step      998 of 5591 @ t_step =      997 Time Avg = 1.951970E-04 Time/step= 1.920000E-04 ETA (HH:MM:SS) = 0:00:00
 [ 18%]  Time step      999 of 5591 @ t_step =      998 Time Avg = 1.951918E-04 Time/step= 1.900000E-04 ETA (HH:MM:SS) = 0:00:00
 [ 18%]  Time step     1000 of 5591 @ t_step =      999 Time Avg = 1.951856E-04 Time/step= 1.890000E-04 ETA (HH:MM:SS) = 0:00:00
 [ 18%]  Time step     1001 of 5591 @ t_step =     1000 Time Avg = 1.951794E-04 Time/step= 1.890000E-04 ETA (HH:MM:SS) = 0:00:00
 [ 18%]  Time step     1002 of 5591 @ t_step =     1001 Time Avg = 1.951732E-04 Time/step= 1.890000E-04 ETA (HH:MM:SS) = 0:00:00
 [ 18%]  Time step     1003 of 5591 @ t_step =     1002 Time Avg = 1.951940E-04 Time/step= 2.160000E-04 ETA (HH:MM:SS) = 0:00:00
 [ 18%]  Time step     1004 of 5591 @ t_step =     1003 Time Avg = 1.952038E-04 Time/step= 2.050000E-04 ETA (HH:MM:SS) = 0:00:00
 [ 18%]  Time step     1005 of 5591 @ t_step =     1004 Time Avg = 1.951976E-04 Time/step= 1.890000E-04 ETA (HH:MM:SS) = 0:00:00
 [ 18%]  Time step     1006 of 5591 @ t_step =     1005 Time Avg = 1.951924E-04 Time/step= 1.900000E-04 ETA (HH:MM:SS) = 0:00:00
 [ 18%]  Time step     1007 of 5591 @ t_step =     1006 Time Avg = 1.951922E-04 Time/step= 1.950000E-04 ETA (HH:MM:SS) = 0:00:00
 [ 19%]  Time step     1008 of 5591 @ t_step =     1007 Time Avg = 1.951871E-04 Time/step= 1.900000E-04 ETA (HH:MM:SS) = 0:00:00
 [ 19%]  Time step     1009 of 5591 @ t_step =     1008 Time Avg = 1.951809E-04 Time/step= 1.890000E-04 ETA (HH:MM:SS) = 0:00:00
 [ 19%]  Time step     1010 of 5591 @ t_step =     1009 Time Avg = 1.951748E-04 Time/step= 1.890000E-04 ETA (HH:MM:SS) = 0:00:00
 [ 19%]  Time step     1011 of 5591 @ t_step =     1010 Time Avg = 1.951687E-04 Time/step= 1.890000E-04 ETA (HH:MM:SS) = 0:00:00
 [ 19%]  Time step     1012 of 5591 @ t_step =     1011 Time Avg = 1.951754E-04 Time/step= 2.020000E-04 ETA (HH:MM:SS) = 0:00:00
 [ 19%]  Time step     1013 of 5591 @ t_step =     1012 Time Avg = 1.951802E-04 Time/step= 2.000000E-04 ETA (HH:MM:SS) = 0:00:00
 [ 19%]  Time step     1014 of 5591 @ t_step =     1013 Time Avg = 1.951751E-04 Time/step= 1.900000E-04 ETA (HH:MM:SS) = 0:00:00
 [ 19%]  Time step     1015 of 5591 @ t_step =     1014 Time Avg = 1.951690E-04 Time/step= 1.890000E-04 ETA (HH:MM:SS) = 0:00:00
 [ 19%]  Time step     1016 of 5591 @ t_step =     1015 Time Avg = 1.951639E-04 Time/step= 1.900000E-04 ETA (HH:MM:SS) = 0:00:00
 [ 19%]  Time step     1017 of 5591 @ t_step =     1016 Time Avg = 1.951686E-04 Time/step= 2.000000E-04 ETA (HH:MM:SS) = 0:00:00
 [ 19%]  Time step     1018 of 5591 @ t_step =     1017 Time Avg = 1.951635E-04 Time/step= 1.900000E-04 ETA (HH:MM:SS) = 0:00:00
 [ 19%]  Time step     1019 of 5591 @ t_step =     1018 Time Avg = 1.951575E-04 Time/step= 1.890000E-04 ETA (HH:MM:SS) = 0:00:00
 [ 19%]  Time step     1020 of 5591 @ t_step =     1019 Time Avg = 1.951514E-04 Time/step= 1.890000E-04 ETA (HH:MM:SS) = 0:00:00
 [ 19%]  Time step     1021 of 5591 @ t_step =     1020 Time Avg = 1.951454E-04 Time/step= 1.890000E-04 ETA (HH:MM:SS) = 0:00:00
 [ 19%]  Time step     1022 of 5591 @ t_step =     1021 Time Avg = 1.951619E-04 Time/step= 2.120000E-04 ETA (HH:MM:SS) = 0:00:00
 [ 19%]  Time step     1023 of 5591 @ t_step =     1022 Time Avg = 1.951637E-04 Time/step= 1.970000E-04 ETA (HH:MM:SS) = 0:00:00
 [ 19%]  Time step     1024 of 5591 @ t_step =     1023 Time Avg = 1.951714E-04 Time/step= 2.030000E-04 ETA (HH:MM:SS) = 0:00:00
 [ 19%]  Time step     1025 of 5591 @ t_step =     1024 Time Avg = 1.951654E-04 Time/step= 1.890000E-04 ETA (HH:MM:SS) = 0:00:00
 [ 19%]  Time step     1026 of 5591 @ t_step =     1025 Time Avg = 1.951593E-04 Time/step= 1.890000E-04 ETA (HH:MM:SS) = 0:00:00
 [ 19%]  Time step     1027 of 5591 @ t_step =     1026 Time Avg = 1.951611E-04 Time/step= 1.970000E-04 ETA (HH:MM:SS) = 0:00:00
 [ 19%]  Time step     1028 of 5591 @ t_step =     1027 Time Avg = 1.951561E-04 Time/step= 1.900000E-04 ETA (HH:MM:SS) = 0:00:00
 [ 19%]  Time step     1029 of 5591 @ t_step =     1028 Time Avg = 1.951501E-04 Time/step= 1.890000E-04 ETA (HH:MM:SS) = 0:00:00
 [ 19%]  Time step     1030 of 5591 @ t_step =     1029 Time Avg = 1.951441E-04 Time/step= 1.890000E-04 ETA (HH:MM:SS) = 0:00:00
 [ 19%]  Time step     1031 of 5591 @ t_step =     1030 Time Avg = 1.951381E-04 Time/step= 1.890000E-04 ETA (HH:MM:SS) = 0:00:00
 [ 19%]  Time step     1032 of 5591 @ t_step =     1031 Time Avg = 1.951545E-04 Time/step= 2.120000E-04 ETA (HH:MM:SS) = 0:00:00
 [ 19%]  Time step     1033 of 5591 @ t_step =     1032 Time Avg = 1.951505E-04 Time/step= 1.910000E-04 ETA (HH:MM:SS) = 0:00:00
 [ 19%]  Time step     1034 of 5591 @ t_step =     1033 Time Avg = 1.951445E-04 Time/step= 1.890000E-04 ETA (HH:MM:SS) = 0:00:00
 [ 19%]  Time step     1035 of 5591 @ t_step =     1034 Time Avg = 1.951386E-04 Time/step= 1.890000E-04 ETA (HH:MM:SS) = 0:00:00
 [ 19%]  Time step     1036 of 5591 @ t_step =     1035 Time Avg = 1.951336E-04 Time/step= 1.900000E-04 ETA (HH:MM:SS) = 0:00:00
 [ 19%]  Time step     1037 of 5591 @ t_step =     1036 Time Avg = 1.951383E-04 Time/step= 2.000000E-04 ETA (HH:MM:SS) = 0:00:00
 [ 19%]  Time step     1038 of 5591 @ t_step =     1037 Time Avg = 1.951333E-04 Time/step= 1.900000E-04 ETA (HH:MM:SS) = 0:00:00
 [ 19%]  Time step     1039 of 5591 @ t_step =     1038 Time Avg = 1.951284E-04 Time/step= 1.900000E-04 ETA (HH:MM:SS) = 0:00:00
 [ 19%]  Time step     1040 of 5591 @ t_step =     1039 Time Avg = 1.951225E-04 Time/step= 1.890000E-04 ETA (HH:MM:SS) = 0:00:00
 [ 19%]  Time step     1041 of 5591 @ t_step =     1040 Time Avg = 1.951175E-04 Time/step= 1.900000E-04 ETA (HH:MM:SS) = 0:00:00
 [ 19%]  Time step     1042 of 5591 @ t_step =     1041 Time Avg = 1.951347E-04 Time/step= 2.130000E-04 ETA (HH:MM:SS) = 0:00:00
 [ 19%]  Time step     1043 of 5591 @ t_step =     1042 Time Avg = 1.951356E-04 Time/step= 1.960000E-04 ETA (HH:MM:SS) = 0:00:00
 [ 19%]  Time step     1044 of 5591 @ t_step =     1043 Time Avg = 1.951547E-04 Time/step= 2.150000E-04 ETA (HH:MM:SS) = 0:00:00
 [ 19%]  Time step     1045 of 5591 @ t_step =     1044 Time Avg = 1.951727E-04 Time/step= 2.140000E-04 ETA (HH:MM:SS) = 0:00:00
 [ 19%]  Time step     1046 of 5591 @ t_step =     1045 Time Avg = 1.951985E-04 Time/step= 2.220000E-04 ETA (HH:MM:SS) = 0:00:00
 [ 19%]  Time step     1047 of 5591 @ t_step =     1046 Time Avg = 1.951992E-04 Time/step= 1.960000E-04 ETA (HH:MM:SS) = 0:00:00
 [ 19%]  Time step     1048 of 5591 @ t_step =     1047 Time Avg = 1.951933E-04 Time/step= 1.890000E-04 ETA (HH:MM:SS) = 0:00:00
 [ 19%]  Time step     1049 of 5591 @ t_step =     1048 Time Avg = 1.951874E-04 Time/step= 1.890000E-04 ETA (HH:MM:SS) = 0:00:00
 [ 19%]  Time step     1050 of 5591 @ t_step =     1049 Time Avg = 1.951824E-04 Time/step= 1.900000E-04 ETA (HH:MM:SS) = 0:00:00
 [ 19%]  Time step     1051 of 5591 @ t_step =     1050 Time Avg = 1.951765E-04 Time/step= 1.890000E-04 ETA (HH:MM:SS) = 0:00:00
 [ 19%]  Time step     1052 of 5591 @ t_step =     1051 Time Avg = 1.952002E-04 Time/step= 2.200000E-04 ETA (HH:MM:SS) = 0:00:00
 [ 19%]  Time step     1053 of 5591 @ t_step =     1052 Time Avg = 1.951943E-04 Time/step= 1.890000E-04 ETA (HH:MM:SS) = 0:00:00
 [ 19%]  Time step     1054 of 5591 @ t_step =     1053 Time Avg = 1.951893E-04 Time/step= 1.900000E-04 ETA (HH:MM:SS) = 0:00:00
 [ 19%]  Time step     1055 of 5591 @ t_step =     1054 Time Avg = 1.951835E-04 Time/step= 1.890000E-04 ETA (HH:MM:SS) = 0:00:00
 [ 19%]  Time step     1056 of 5591 @ t_step =     1055 Time Avg = 1.951785E-04 Time/step= 1.900000E-04 ETA (HH:MM:SS) = 0:00:00
 [ 19%]  Time step     1057 of 5591 @ t_step =     1056 Time Avg = 1.951831E-04 Time/step= 2.000000E-04 ETA (HH:MM:SS) = 0:00:00
 [ 19%]  Time step     1058 of 5591 @ t_step =     1057 Time Avg = 1.951782E-04 Time/step= 1.900000E-04 ETA (HH:MM:SS) = 0:00:00
 [ 19%]  Time step     1059 of 5591 @ t_step =     1058 Time Avg = 1.951733E-04 Time/step= 1.900000E-04 ETA (HH:MM:SS) = 0:00:00
 [ 19%]  Time step     1060 of 5591 @ t_step =     1059 Time Avg = 1.951675E-04 Time/step= 1.890000E-04 ETA (HH:MM:SS) = 0:00:00
 [ 19%]  Time step     1061 of 5591 @ t_step =     1060 Time Avg = 1.951616E-04 Time/step= 1.890000E-04 ETA (HH:MM:SS) = 0:00:00
 [ 19%]  Time step     1062 of 5591 @ t_step =     1061 Time Avg = 1.951860E-04 Time/step= 2.210000E-04 ETA (HH:MM:SS) = 0:00:00
 [ 19%]  Time step     1063 of 5591 @ t_step =     1062 Time Avg = 1.951962E-04 Time/step= 2.060000E-04 ETA (HH:MM:SS) = 0:00:00
 [ 20%]  Time step     1064 of 5591 @ t_step =     1063 Time Avg = 1.951904E-04 Time/step= 1.890000E-04 ETA (HH:MM:SS) = 0:00:00
 [ 20%]  Time step     1065 of 5591 @ t_step =     1064 Time Avg = 1.951846E-04 Time/step= 1.890000E-04 ETA (HH:MM:SS) = 0:00:00
 [ 20%]  Time step     1066 of 5591 @ t_step =     1065 Time Avg = 1.951787E-04 Time/step= 1.890000E-04 ETA (HH:MM:SS) = 0:00:00
 [ 20%]  Time step     1067 of 5591 @ t_step =     1066 Time Avg = 1.951795E-04 Time/step= 1.960000E-04 ETA (HH:MM:SS) = 0:00:00
 [ 20%]  Time step     1068 of 5591 @ t_step =     1067 Time Avg = 1.951746E-04 Time/step= 1.900000E-04 ETA (HH:MM:SS) = 0:00:00
 [ 20%]  Time step     1069 of 5591 @ t_step =     1068 Time Avg = 1.951689E-04 Time/step= 1.890000E-04 ETA (HH:MM:SS) = 0:00:00
 [ 20%]  Time step     1070 of 5591 @ t_step =     1069 Time Avg = 1.951631E-04 Time/step= 1.890000E-04 ETA (HH:MM:SS) = 0:00:00
 [ 20%]  Time step     1071 of 5591 @ t_step =     1070 Time Avg = 1.951582E-04 Time/step= 1.900000E-04 ETA (HH:MM:SS) = 0:00:00
 [ 20%]  Time step     1072 of 5591 @ t_step =     1071 Time Avg = 1.951759E-04 Time/step= 2.140000E-04 ETA (HH:MM:SS) = 0:00:00
 [ 20%]  Time step     1073 of 5591 @ t_step =     1072 Time Avg = 1.951710E-04 Time/step= 1.900000E-04 ETA (HH:MM:SS) = 0:00:00
 [ 20%]  Time step     1074 of 5591 @ t_step =     1073 Time Avg = 1.951653E-04 Time/step= 1.890000E-04 ETA (HH:MM:SS) = 0:00:00
 [ 20%]  Time step     1075 of 5591 @ t_step =     1074 Time Avg = 1.951595E-04 Time/step= 1.890000E-04 ETA (HH:MM:SS) = 0:00:00
 [ 20%]  Time step     1076 of 5591 @ t_step =     1075 Time Avg = 1.951538E-04 Time/step= 1.890000E-04 ETA (HH:MM:SS) = 0:00:00
 [ 20%]  Time step     1077 of 5591 @ t_step =     1076 Time Avg = 1.951601E-04 Time/step= 2.020000E-04 ETA (HH:MM:SS) = 0:00:00
 [ 20%]  Time step     1078 of 5591 @ t_step =     1077 Time Avg = 1.951553E-04 Time/step= 1.900000E-04 ETA (HH:MM:SS) = 0:00:00
 [ 20%]  Time step     1079 of 5591 @ t_step =     1078 Time Avg = 1.951506E-04 Time/step= 1.900000E-04 ETA (HH:MM:SS) = 0:00:00
 [ 20%]  Time step     1080 of 5591 @ t_step =     1079 Time Avg = 1.951458E-04 Time/step= 1.900000E-04 ETA (HH:MM:SS) = 0:00:00
 [ 20%]  Time step     1081 of 5591 @ t_step =     1080 Time Avg = 1.951401E-04 Time/step= 1.890000E-04 ETA (HH:MM:SS) = 0:00:00
 [ 20%]  Time step     1082 of 5591 @ t_step =     1081 Time Avg = 1.951622E-04 Time/step= 2.190000E-04 ETA (HH:MM:SS) = 0:00:00
 [ 20%]  Time step     1083 of 5591 @ t_step =     1082 Time Avg = 1.951704E-04 Time/step= 2.040000E-04 ETA (HH:MM:SS) = 0:00:00
 [ 20%]  Time step     1084 of 5591 @ t_step =     1083 Time Avg = 1.951656E-04 Time/step= 1.900000E-04 ETA (HH:MM:SS) = 0:00:00
 [ 20%]  Time step     1085 of 5591 @ t_step =     1084 Time Avg = 1.951608E-04 Time/step= 1.900000E-04 ETA (HH:MM:SS) = 0:00:00
 [ 20%]  Time step     1086 of 5591 @ t_step =     1085 Time Avg = 1.951681E-04 Time/step= 2.030000E-04 ETA (HH:MM:SS) = 0:00:00
 [ 20%]  Time step     1087 of 5591 @ t_step =     1086 Time Avg = 1.951633E-04 Time/step= 1.900000E-04 ETA (HH:MM:SS) = 0:00:00
 [ 20%]  Time step     1088 of 5591 @ t_step =     1087 Time Avg = 1.951585E-04 Time/step= 1.900000E-04 ETA (HH:MM:SS) = 0:00:00
 [ 20%]  Time step     1089 of 5591 @ t_step =     1088 Time Avg = 1.951529E-04 Time/step= 1.890000E-04 ETA (HH:MM:SS) = 0:00:00
 [ 20%]  Time step     1090 of 5591 @ t_step =     1089 Time Avg = 1.951619E-04 Time/step= 2.050000E-04 ETA (HH:MM:SS) = 0:00:00
 [ 20%]  Time step     1091 of 5591 @ t_step =     1090 Time Avg = 1.951829E-04 Time/step= 2.180000E-04 ETA (HH:MM:SS) = 0:00:00
 [ 20%]  Time step     1092 of 5591 @ t_step =     1091 Time Avg = 1.951901E-04 Time/step= 2.030000E-04 ETA (HH:MM:SS) = 0:00:00
 [ 20%]  Time step     1093 of 5591 @ t_step =     1092 Time Avg = 1.951844E-04 Time/step= 1.890000E-04 ETA (HH:MM:SS) = 0:00:00
 [ 20%]  Time step     1094 of 5591 @ t_step =     1093 Time Avg = 1.951797E-04 Time/step= 1.900000E-04 ETA (HH:MM:SS) = 0:00:00
 [ 20%]  Time step     1095 of 5591 @ t_step =     1094 Time Avg = 1.951740E-04 Time/step= 1.890000E-04 ETA (HH:MM:SS) = 0:00:00
 [ 20%]  Time step     1096 of 5591 @ t_step =     1095 Time Avg = 1.951793E-04 Time/step= 2.010000E-04 ETA (HH:MM:SS) = 0:00:00
 [ 20%]  Time step     1097 of 5591 @ t_step =     1096 Time Avg = 1.951746E-04 Time/step= 1.900000E-04 ETA (HH:MM:SS) = 0:00:00
 [ 20%]  Time step     1098 of 5591 @ t_step =     1097 Time Avg = 1.951699E-04 Time/step= 1.900000E-04 ETA (HH:MM:SS) = 0:00:00
 [ 20%]  Time step     1099 of 5591 @ t_step =     1098 Time Avg = 1.951642E-04 Time/step= 1.890000E-04 ETA (HH:MM:SS) = 0:00:00
 [ 20%]  Time step     1100 of 5591 @ t_step =     1099 Time Avg = 1.951586E-04 Time/step= 1.890000E-04 ETA (HH:MM:SS) = 0:00:00
 [ 20%]  Time step     1101 of 5591 @ t_step =     1100 Time Avg = 1.951749E-04 Time/step= 2.130000E-04 ETA (HH:MM:SS) = 0:00:00
 [ 20%]  Time step     1102 of 5591 @ t_step =     1101 Time Avg = 1.951756E-04 Time/step= 1.960000E-04 ETA (HH:MM:SS) = 0:00:00
 [ 20%]  Time step     1103 of 5591 @ t_step =     1102 Time Avg = 1.951818E-04 Time/step= 2.020000E-04 ETA (HH:MM:SS) = 0:00:00
 [ 20%]  Time step     1104 of 5591 @ t_step =     1103 Time Avg = 1.951762E-04 Time/step= 1.890000E-04 ETA (HH:MM:SS) = 0:00:00
 [ 20%]  Time step     1105 of 5591 @ t_step =     1104 Time Avg = 1.951706E-04 Time/step= 1.890000E-04 ETA (HH:MM:SS) = 0:00:00
 [ 20%]  Time step     1106 of 5591 @ t_step =     1105 Time Avg = 1.951759E-04 Time/step= 2.010000E-04 ETA (HH:MM:SS) = 0:00:00
 [ 20%]  Time step     1107 of 5591 @ t_step =     1106 Time Avg = 1.951712E-04 Time/step= 1.900000E-04 ETA (HH:MM:SS) = 0:00:00
 [ 20%]  Time step     1108 of 5591 @ t_step =     1107 Time Avg = 1.951665E-04 Time/step= 1.900000E-04 ETA (HH:MM:SS) = 0:00:00
 [ 20%]  Time step     1109 of 5591 @ t_step =     1108 Time Avg = 1.951618E-04 Time/step= 1.900000E-04 ETA (HH:MM:SS) = 0:00:00
 [ 20%]  Time step     1110 of 5591 @ t_step =     1109 Time Avg = 1.951563E-04 Time/step= 1.890000E-04 ETA (HH:MM:SS) = 0:00:00
 [ 20%]  Time step     1111 of 5591 @ t_step =     1110 Time Avg = 1.951895E-04 Time/step= 2.320000E-04 ETA (HH:MM:SS) = 0:00:00
 [ 20%]  Time step     1112 of 5591 @ t_step =     1111 Time Avg = 1.951912E-04 Time/step= 1.970000E-04 ETA (HH:MM:SS) = 0:00:00
 [ 20%]  Time step     1113 of 5591 @ t_step =     1112 Time Avg = 1.951955E-04 Time/step= 2.000000E-04 ETA (HH:MM:SS) = 0:00:00
 [ 20%]  Time step     1114 of 5591 @ t_step =     1113 Time Avg = 1.951899E-04 Time/step= 1.890000E-04 ETA (HH:MM:SS) = 0:00:00
 [ 20%]  Time step     1115 of 5591 @ t_step =     1114 Time Avg = 1.951853E-04 Time/step= 1.900000E-04 ETA (HH:MM:SS) = 0:00:00
 [ 20%]  Time step     1116 of 5591 @ t_step =     1115 Time Avg = 1.951941E-04 Time/step= 2.050000E-04 ETA (HH:MM:SS) = 0:00:00
 [ 20%]  Time step     1117 of 5591 @ t_step =     1116 Time Avg = 1.951894E-04 Time/step= 1.900000E-04 ETA (HH:MM:SS) = 0:00:00
 [ 20%]  Time step     1118 of 5591 @ t_step =     1117 Time Avg = 1.951848E-04 Time/step= 1.900000E-04 ETA (HH:MM:SS) = 0:00:00
 [ 20%]  Time step     1119 of 5591 @ t_step =     1118 Time Avg = 1.951792E-04 Time/step= 1.890000E-04 ETA (HH:MM:SS) = 0:00:00
 [ 21%]  Time step     1120 of 5591 @ t_step =     1119 Time Avg = 1.951737E-04 Time/step= 1.890000E-04 ETA (HH:MM:SS) = 0:00:00
 [ 21%]  Time step     1121 of 5591 @ t_step =     1120 Time Avg = 1.951941E-04 Time/step= 2.180000E-04 ETA (HH:MM:SS) = 0:00:00
 [ 21%]  Time step     1122 of 5591 @ t_step =     1121 Time Avg = 1.952038E-04 Time/step= 2.060000E-04 ETA (HH:MM:SS) = 0:00:00
 [ 21%]  Time step     1123 of 5591 @ t_step =     1122 Time Avg = 1.951982E-04 Time/step= 1.890000E-04 ETA (HH:MM:SS) = 0:00:00
 [ 21%]  Time step     1124 of 5591 @ t_step =     1123 Time Avg = 1.951936E-04 Time/step= 1.900000E-04 ETA (HH:MM:SS) = 0:00:00
 [ 21%]  Time step     1125 of 5591 @ t_step =     1124 Time Avg = 1.951881E-04 Time/step= 1.890000E-04 ETA (HH:MM:SS) = 0:00:00
 [ 21%]  Time step     1126 of 5591 @ t_step =     1125 Time Avg = 1.952048E-04 Time/step= 2.140000E-04 ETA (HH:MM:SS) = 0:00:00
 [ 21%]  Time step     1127 of 5591 @ t_step =     1126 Time Avg = 1.952215E-04 Time/step= 2.140000E-04 ETA (HH:MM:SS) = 0:00:00
 [ 21%]  Time step     1128 of 5591 @ t_step =     1127 Time Avg = 1.952409E-04 Time/step= 2.170000E-04 ETA (HH:MM:SS) = 0:00:00
 [ 21%]  Time step     1129 of 5591 @ t_step =     1128 Time Avg = 1.952353E-04 Time/step= 1.890000E-04 ETA (HH:MM:SS) = 0:00:00
 [ 21%]  Time step     1130 of 5591 @ t_step =     1129 Time Avg = 1.952440E-04 Time/step= 2.050000E-04 ETA (HH:MM:SS) = 0:00:00
 [ 21%]  Time step     1131 of 5591 @ t_step =     1130 Time Avg = 1.952447E-04 Time/step= 1.960000E-04 ETA (HH:MM:SS) = 0:00:00
 [ 21%]  Time step     1132 of 5591 @ t_step =     1131 Time Avg = 1.952400E-04 Time/step= 1.900000E-04 ETA (HH:MM:SS) = 0:00:00
 [ 21%]  Time step     1133 of 5591 @ t_step =     1132 Time Avg = 1.952354E-04 Time/step= 1.900000E-04 ETA (HH:MM:SS) = 0:00:00
 [ 21%]  Time step     1134 of 5591 @ t_step =     1133 Time Avg = 1.952299E-04 Time/step= 1.890000E-04 ETA (HH:MM:SS) = 0:00:00
 [ 21%]  Time step     1135 of 5591 @ t_step =     1134 Time Avg = 1.952341E-04 Time/step= 2.000000E-04 ETA (HH:MM:SS) = 0:00:00
 [ 21%]  Time step     1136 of 5591 @ t_step =     1135 Time Avg = 1.952304E-04 Time/step= 1.910000E-04 ETA (HH:MM:SS) = 0:00:00
 [ 21%]  Time step     1137 of 5591 @ t_step =     1136 Time Avg = 1.952249E-04 Time/step= 1.890000E-04 ETA (HH:MM:SS) = 0:00:00
 [ 21%]  Time step     1138 of 5591 @ t_step =     1137 Time Avg = 1.952194E-04 Time/step= 1.890000E-04 ETA (HH:MM:SS) = 0:00:00
 [ 21%]  Time step     1139 of 5591 @ t_step =     1138 Time Avg = 1.952148E-04 Time/step= 1.900000E-04 ETA (HH:MM:SS) = 0:00:00
 [ 21%]  Time step     1140 of 5591 @ t_step =     1139 Time Avg = 1.952296E-04 Time/step= 2.120000E-04 ETA (HH:MM:SS) = 0:00:00
 [ 21%]  Time step     1141 of 5591 @ t_step =     1140 Time Avg = 1.952302E-04 Time/step= 1.960000E-04 ETA (HH:MM:SS) = 0:00:00
 [ 21%]  Time step     1142 of 5591 @ t_step =     1141 Time Avg = 1.952362E-04 Time/step= 2.020000E-04 ETA (HH:MM:SS) = 0:00:00
 [ 21%]  Time step     1143 of 5591 @ t_step =     1142 Time Avg = 1.952307E-04 Time/step= 1.890000E-04 ETA (HH:MM:SS) = 0:00:00
 [ 21%]  Time step     1144 of 5591 @ t_step =     1143 Time Avg = 1.952252E-04 Time/step= 1.890000E-04 ETA (HH:MM:SS) = 0:00:00
 [ 21%]  Time step     1145 of 5591 @ t_step =     1144 Time Avg = 1.952242E-04 Time/step= 1.940000E-04 ETA (HH:MM:SS) = 0:00:00
 [ 21%]  Time step     1146 of 5591 @ t_step =     1145 Time Avg = 1.952187E-04 Time/step= 1.890000E-04 ETA (HH:MM:SS) = 0:00:00
 [ 21%]  Time step     1147 of 5591 @ t_step =     1146 Time Avg = 1.952133E-04 Time/step= 1.890000E-04 ETA (HH:MM:SS) = 0:00:00
 [ 21%]  Time step     1148 of 5591 @ t_step =     1147 Time Avg = 1.952079E-04 Time/step= 1.890000E-04 ETA (HH:MM:SS) = 0:00:00
 [ 21%]  Time step     1149 of 5591 @ t_step =     1148 Time Avg = 1.952024E-04 Time/step= 1.890000E-04 ETA (HH:MM:SS) = 0:00:00
 [ 21%]  Time step     1150 of 5591 @ t_step =     1149 Time Avg = 1.952267E-04 Time/step= 2.230000E-04 ETA (HH:MM:SS) = 0:00:00
 [ 21%]  Time step     1151 of 5591 @ t_step =     1150 Time Avg = 1.952291E-04 Time/step= 1.980000E-04 ETA (HH:MM:SS) = 0:00:00
 [ 21%]  Time step     1152 of 5591 @ t_step =     1151 Time Avg = 1.952341E-04 Time/step= 2.010000E-04 ETA (HH:MM:SS) = 0:00:00
 [ 21%]  Time step     1153 of 5591 @ t_step =     1152 Time Avg = 1.952287E-04 Time/step= 1.890000E-04 ETA (HH:MM:SS) = 0:00:00
 [ 21%]  Time step     1154 of 5591 @ t_step =     1153 Time Avg = 1.952233E-04 Time/step= 1.890000E-04 ETA (HH:MM:SS) = 0:00:00
 [ 21%]  Time step     1155 of 5591 @ t_step =     1154 Time Avg = 1.952240E-04 Time/step= 1.960000E-04 ETA (HH:MM:SS) = 0:00:00
 [ 21%]  Time step     1156 of 5591 @ t_step =     1155 Time Avg = 1.952194E-04 Time/step= 1.900000E-04 ETA (HH:MM:SS) = 0:00:00
 [ 21%]  Time step     1157 of 5591 @ t_step =     1156 Time Avg = 1.952149E-04 Time/step= 1.900000E-04 ETA (HH:MM:SS) = 0:00:00
 [ 21%]  Time step     1158 of 5591 @ t_step =     1157 Time Avg = 1.952095E-04 Time/step= 1.890000E-04 ETA (HH:MM:SS) = 0:00:00
 [ 21%]  Time step     1159 of 5591 @ t_step =     1158 Time Avg = 1.952042E-04 Time/step= 1.890000E-04 ETA (HH:MM:SS) = 0:00:00
 [ 21%]  Time step     1160 of 5591 @ t_step =     1159 Time Avg = 1.952092E-04 Time/step= 2.010000E-04 ETA (HH:MM:SS) = 0:00:00
 [ 21%]  Time step     1161 of 5591 @ t_step =     1160 Time Avg = 1.952047E-04 Time/step= 1.900000E-04 ETA (HH:MM:SS) = 0:00:00
 [ 21%]  Time step     1162 of 5591 @ t_step =     1161 Time Avg = 1.952002E-04 Time/step= 1.900000E-04 ETA (HH:MM:SS) = 0:00:00
 [ 21%]  Time step     1163 of 5591 @ t_step =     1162 Time Avg = 1.951957E-04 Time/step= 1.900000E-04 ETA (HH:MM:SS) = 0:00:00
 [ 21%]  Time step     1164 of 5591 @ t_step =     1163 Time Avg = 1.951912E-04 Time/step= 1.900000E-04 ETA (HH:MM:SS) = 0:00:00
 [ 21%]  Time step     1165 of 5591 @ t_step =     1164 Time Avg = 1.951936E-04 Time/step= 1.980000E-04 ETA (HH:MM:SS) = 0:00:00
 [ 21%]  Time step     1166 of 5591 @ t_step =     1165 Time Avg = 1.951926E-04 Time/step= 1.940000E-04 ETA (HH:MM:SS) = 0:00:00
 [ 21%]  Time step     1167 of 5591 @ t_step =     1166 Time Avg = 1.951881E-04 Time/step= 1.900000E-04 ETA (HH:MM:SS) = 0:00:00
 [ 21%]  Time step     1168 of 5591 @ t_step =     1167 Time Avg = 1.951837E-04 Time/step= 1.900000E-04 ETA (HH:MM:SS) = 0:00:00
 [ 21%]  Time step     1169 of 5591 @ t_step =     1168 Time Avg = 1.951784E-04 Time/step= 1.890000E-04 ETA (HH:MM:SS) = 0:00:00
 [ 21%]  Time step     1170 of 5591 @ t_step =     1169 Time Avg = 1.952117E-04 Time/step= 2.340000E-04 ETA (HH:MM:SS) = 0:00:00
 [ 21%]  Time step     1171 of 5591 @ t_step =     1170 Time Avg = 1.952123E-04 Time/step= 1.960000E-04 ETA (HH:MM:SS) = 0:00:00
 [ 21%]  Time step     1172 of 5591 @ t_step =     1171 Time Avg = 1.952164E-04 Time/step= 2.000000E-04 ETA (HH:MM:SS) = 0:00:00
 [ 21%]  Time step     1173 of 5591 @ t_step =     1172 Time Avg = 1.952120E-04 Time/step= 1.900000E-04 ETA (HH:MM:SS) = 0:00:00
 [ 21%]  Time step     1174 of 5591 @ t_step =     1173 Time Avg = 1.952067E-04 Time/step= 1.890000E-04 ETA (HH:MM:SS) = 0:00:00
 [ 21%]  Time step     1175 of 5591 @ t_step =     1174 Time Avg = 1.952065E-04 Time/step= 1.950000E-04 ETA (HH:MM:SS) = 0:00:00
 [ 22%]  Time step     1176 of 5591 @ t_step =     1175 Time Avg = 1.952012E-04 Time/step= 1.890000E-04 ETA (HH:MM:SS) = 0:00:00
 [ 22%]  Time step     1177 of 5591 @ t_step =     1176 Time Avg = 1.951959E-04 Time/step= 1.890000E-04 ETA (HH:MM:SS) = 0:00:00
 [ 22%]  Time step     1178 of 5591 @ t_step =     1177 Time Avg = 1.951906E-04 Time/step= 1.890000E-04 ETA (HH:MM:SS) = 0:00:00
 [ 22%]  Time step     1179 of 5591 @ t_step =     1178 Time Avg = 1.951862E-04 Time/step= 1.900000E-04 ETA (HH:MM:SS) = 0:00:00
 [ 22%]  Time step     1180 of 5591 @ t_step =     1179 Time Avg = 1.951912E-04 Time/step= 2.010000E-04 ETA (HH:MM:SS) = 0:00:00
 [ 22%]  Time step     1181 of 5591 @ t_step =     1180 Time Avg = 1.951859E-04 Time/step= 1.890000E-04 ETA (HH:MM:SS) = 0:00:00
 [ 22%]  Time step     1182 of 5591 @ t_step =     1181 Time Avg = 1.951807E-04 Time/step= 1.890000E-04 ETA (HH:MM:SS) = 0:00:00
 [ 22%]  Time step     1183 of 5591 @ t_step =     1182 Time Avg = 1.951754E-04 Time/step= 1.890000E-04 ETA (HH:MM:SS) = 0:00:00
 [ 22%]  Time step     1184 of 5591 @ t_step =     1183 Time Avg = 1.951702E-04 Time/step= 1.890000E-04 ETA (HH:MM:SS) = 0:00:00
 [ 22%]  Time step     1185 of 5591 @ t_step =     1184 Time Avg = 1.951692E-04 Time/step= 1.940000E-04 ETA (HH:MM:SS) = 0:00:00
 [ 22%]  Time step     1186 of 5591 @ t_step =     1185 Time Avg = 1.951640E-04 Time/step= 1.890000E-04 ETA (HH:MM:SS) = 0:00:00
 [ 22%]  Time step     1187 of 5591 @ t_step =     1186 Time Avg = 1.951588E-04 Time/step= 1.890000E-04 ETA (HH:MM:SS) = 0:00:00
 [ 22%]  Time step     1188 of 5591 @ t_step =     1187 Time Avg = 1.951536E-04 Time/step= 1.890000E-04 ETA (HH:MM:SS) = 0:00:00
 [ 22%]  Time step     1189 of 5591 @ t_step =     1188 Time Avg = 1.951492E-04 Time/step= 1.900000E-04 ETA (HH:MM:SS) = 0:00:00
 [ 22%]  Time step     1190 of 5591 @ t_step =     1189 Time Avg = 1.951803E-04 Time/step= 2.320000E-04 ETA (HH:MM:SS) = 0:00:00
 [ 22%]  Time step     1191 of 5591 @ t_step =     1190 Time Avg = 1.952037E-04 Time/step= 2.230000E-04 ETA (HH:MM:SS) = 0:00:00
 [ 22%]  Time step     1192 of 5591 @ t_step =     1191 Time Avg = 1.951993E-04 Time/step= 1.900000E-04 ETA (HH:MM:SS) = 0:00:00
 [ 22%]  Time step     1193 of 5591 @ t_step =     1192 Time Avg = 1.951941E-04 Time/step= 1.890000E-04 ETA (HH:MM:SS) = 0:00:00
 [ 22%]  Time step     1194 of 5591 @ t_step =     1193 Time Avg = 1.951898E-04 Time/step= 1.900000E-04 ETA (HH:MM:SS) = 0:00:00
 [ 22%]  Time step     1195 of 5591 @ t_step =     1194 Time Avg = 1.951904E-04 Time/step= 1.960000E-04 ETA (HH:MM:SS) = 0:00:00
 [ 22%]  Time step     1196 of 5591 @ t_step =     1195 Time Avg = 1.951852E-04 Time/step= 1.890000E-04 ETA (HH:MM:SS) = 0:00:00
 [ 22%]  Time step     1197 of 5591 @ t_step =     1196 Time Avg = 1.951801E-04 Time/step= 1.890000E-04 ETA (HH:MM:SS) = 0:00:00
 [ 22%]  Time step     1198 of 5591 @ t_step =     1197 Time Avg = 1.951749E-04 Time/step= 1.890000E-04 ETA (HH:MM:SS) = 0:00:00
 [ 22%]  Time step     1199 of 5591 @ t_step =     1198 Time Avg = 1.951706E-04 Time/step= 1.900000E-04 ETA (HH:MM:SS) = 0:00:00
 [ 22%]  Time step     1200 of 5591 @ t_step =     1199 Time Avg = 1.951763E-04 Time/step= 2.020000E-04 ETA (HH:MM:SS) = 0:00:00
 [ 22%]  Time step     1201 of 5591 @ t_step =     1200 Time Avg = 1.951720E-04 Time/step= 1.900000E-04 ETA (HH:MM:SS) = 0:00:00
 [ 22%]  Time step     1202 of 5591 @ t_step =     1201 Time Avg = 1.951668E-04 Time/step= 1.890000E-04 ETA (HH:MM:SS) = 0:00:00
 [ 22%]  Time step     1203 of 5591 @ t_step =     1202 Time Avg = 1.951617E-04 Time/step= 1.890000E-04 ETA (HH:MM:SS) = 0:00:00
 [ 22%]  Time step     1204 of 5591 @ t_step =     1203 Time Avg = 1.951574E-04 Time/step= 1.900000E-04 ETA (HH:MM:SS) = 0:00:00
 [ 22%]  Time step     1205 of 5591 @ t_step =     1204 Time Avg = 1.951581E-04 Time/step= 1.960000E-04 ETA (HH:MM:SS) = 0:00:00
 [ 22%]  Time step     1206 of 5591 @ t_step =     1205 Time Avg = 1.951538E-04 Time/step= 1.900000E-04 ETA (HH:MM:SS) = 0:00:00
 [ 22%]  Time step     1207 of 5591 @ t_step =     1206 Time Avg = 1.951487E-04 Time/step= 1.890000E-04 ETA (HH:MM:SS) = 0:00:00
 [ 22%]  Time step     1208 of 5591 @ t_step =     1207 Time Avg = 1.951444E-04 Time/step= 1.900000E-04 ETA (HH:MM:SS) = 0:00:00
 [ 22%]  Time step     1209 of 5591 @ t_step =     1208 Time Avg = 1.951393E-04 Time/step= 1.890000E-04 ETA (HH:MM:SS) = 0:00:00
 [ 22%]  Time step     1210 of 5591 @ t_step =     1209 Time Avg = 1.951690E-04 Time/step= 2.310000E-04 ETA (HH:MM:SS) = 0:00:00
 [ 22%]  Time step     1211 of 5591 @ t_step =     1210 Time Avg = 1.951780E-04 Time/step= 2.060000E-04 ETA (HH:MM:SS) = 0:00:00
 [ 22%]  Time step     1212 of 5591 @ t_step =     1211 Time Avg = 1.951737E-04 Time/step= 1.900000E-04 ETA (HH:MM:SS) = 0:00:00
 [ 22%]  Time step     1213 of 5591 @ t_step =     1212 Time Avg = 1.951686E-04 Time/step= 1.890000E-04 ETA (HH:MM:SS) = 0:00:00
 [ 22%]  Time step     1214 of 5591 @ t_step =     1213 Time Avg = 1.951635E-04 Time/step= 1.890000E-04 ETA (HH:MM:SS) = 0:00:00
 [ 22%]  Time step     1215 of 5591 @ t_step =     1214 Time Avg = 1.951634E-04 Time/step= 1.950000E-04 ETA (HH:MM:SS) = 0:00:00
 [ 22%]  Time step     1216 of 5591 @ t_step =     1215 Time Avg = 1.951591E-04 Time/step= 1.900000E-04 ETA (HH:MM:SS) = 0:00:00
 [ 22%]  Time step     1217 of 5591 @ t_step =     1216 Time Avg = 1.951540E-04 Time/step= 1.890000E-04 ETA (HH:MM:SS) = 0:00:00
 [ 22%]  Time step     1218 of 5591 @ t_step =     1217 Time Avg = 1.951498E-04 Time/step= 1.900000E-04 ETA (HH:MM:SS) = 0:00:00
 [ 22%]  Time step     1219 of 5591 @ t_step =     1218 Time Avg = 1.951447E-04 Time/step= 1.890000E-04 ETA (HH:MM:SS) = 0:00:00
 [ 22%]  Time step     1220 of 5591 @ t_step =     1219 Time Avg = 1.951487E-04 Time/step= 2.000000E-04 ETA (HH:MM:SS) = 0:00:00
 [ 22%]  Time step     1221 of 5591 @ t_step =     1220 Time Avg = 1.951437E-04 Time/step= 1.890000E-04 ETA (HH:MM:SS) = 0:00:00
 [ 22%]  Time step     1222 of 5591 @ t_step =     1221 Time Avg = 1.951386E-04 Time/step= 1.890000E-04 ETA (HH:MM:SS) = 0:00:00
 [ 22%]  Time step     1223 of 5591 @ t_step =     1222 Time Avg = 1.951336E-04 Time/step= 1.890000E-04 ETA (HH:MM:SS) = 0:00:00
 [ 22%]  Time step     1224 of 5591 @ t_step =     1223 Time Avg = 1.951286E-04 Time/step= 1.890000E-04 ETA (HH:MM:SS) = 0:00:00
 [ 22%]  Time step     1225 of 5591 @ t_step =     1224 Time Avg = 1.951293E-04 Time/step= 1.960000E-04 ETA (HH:MM:SS) = 0:00:00
 [ 22%]  Time step     1226 of 5591 @ t_step =     1225 Time Avg = 1.951243E-04 Time/step= 1.890000E-04 ETA (HH:MM:SS) = 0:00:00
 [ 22%]  Time step     1227 of 5591 @ t_step =     1226 Time Avg = 1.951201E-04 Time/step= 1.900000E-04 ETA (HH:MM:SS) = 0:00:00
 [ 22%]  Time step     1228 of 5591 @ t_step =     1227 Time Avg = 1.951151E-04 Time/step= 1.890000E-04 ETA (HH:MM:SS) = 0:00:00
 [ 22%]  Time step     1229 of 5591 @ t_step =     1228 Time Avg = 1.951101E-04 Time/step= 1.890000E-04 ETA (HH:MM:SS) = 0:00:00
 [ 22%]  Time step     1230 of 5591 @ t_step =     1229 Time Avg = 1.951402E-04 Time/step= 2.320000E-04 ETA (HH:MM:SS) = 0:00:00
 [ 22%]  Time step     1231 of 5591 @ t_step =     1230 Time Avg = 1.951482E-04 Time/step= 2.050000E-04 ETA (HH:MM:SS) = 0:00:00
 [ 23%]  Time step     1232 of 5591 @ t_step =     1231 Time Avg = 1.951432E-04 Time/step= 1.890000E-04 ETA (HH:MM:SS) = 0:00:00
 [ 23%]  Time step     1233 of 5591 @ t_step =     1232 Time Avg = 1.951390E-04 Time/step= 1.900000E-04 ETA (HH:MM:SS) = 0:00:00
 [ 23%]  Time step     1234 of 5591 @ t_step =     1233 Time Avg = 1.951340E-04 Time/step= 1.890000E-04 ETA (HH:MM:SS) = 0:00:00
 [ 23%]  Time step     1235 of 5591 @ t_step =     1234 Time Avg = 1.951364E-04 Time/step= 1.980000E-04 ETA (HH:MM:SS) = 0:00:00
 [ 23%]  Time step     1236 of 5591 @ t_step =     1235 Time Avg = 1.951322E-04 Time/step= 1.900000E-04 ETA (HH:MM:SS) = 0:00:00
 [ 23%]  Time step     1237 of 5591 @ t_step =     1236 Time Avg = 1.951272E-04 Time/step= 1.890000E-04 ETA (HH:MM:SS) = 0:00:00
 [ 23%]  Time step     1238 of 5591 @ t_step =     1237 Time Avg = 1.951223E-04 Time/step= 1.890000E-04 ETA (HH:MM:SS) = 0:00:00
 [ 23%]  Time step     1239 of 5591 @ t_step =     1238 Time Avg = 1.951173E-04 Time/step= 1.890000E-04 ETA (HH:MM:SS) = 0:00:00
 [ 23%]  Time step     1240 of 5591 @ t_step =     1239 Time Avg = 1.951229E-04 Time/step= 2.020000E-04 ETA (HH:MM:SS) = 0:00:00
 [ 23%]  Time step     1241 of 5591 @ t_step =     1240 Time Avg = 1.951187E-04 Time/step= 1.900000E-04 ETA (HH:MM:SS) = 0:00:00
 [ 23%]  Time step     1242 of 5591 @ t_step =     1241 Time Avg = 1.951138E-04 Time/step= 1.890000E-04 ETA (HH:MM:SS) = 0:00:00
 [ 23%]  Time step     1243 of 5591 @ t_step =     1242 Time Avg = 1.951089E-04 Time/step= 1.890000E-04 ETA (HH:MM:SS) = 0:00:00
 [ 23%]  Time step     1244 of 5591 @ t_step =     1243 Time Avg = 1.951039E-04 Time/step= 1.890000E-04 ETA (HH:MM:SS) = 0:00:00
 [ 23%]  Time step     1245 of 5591 @ t_step =     1244 Time Avg = 1.951047E-04 Time/step= 1.960000E-04 ETA (HH:MM:SS) = 0:00:00
 [ 23%]  Time step     1246 of 5591 @ t_step =     1245 Time Avg = 1.951006E-04 Time/step= 1.900000E-04 ETA (HH:MM:SS) = 0:00:00
 [ 23%]  Time step     1247 of 5591 @ t_step =     1246 Time Avg = 1.950965E-04 Time/step= 1.900000E-04 ETA (HH:MM:SS) = 0:00:00
 [ 23%]  Time step     1248 of 5591 @ t_step =     1247 Time Avg = 1.950916E-04 Time/step= 1.890000E-04 ETA (HH:MM:SS) = 0:00:00
 [ 23%]  Time step     1249 of 5591 @ t_step =     1248 Time Avg = 1.950867E-04 Time/step= 1.890000E-04 ETA (HH:MM:SS) = 0:00:00
 [ 23%]  Time step     1250 of 5591 @ t_step =     1249 Time Avg = 1.951123E-04 Time/step= 2.270000E-04 ETA (HH:MM:SS) = 0:00:00
 [ 23%]  Time step     1251 of 5591 @ t_step =     1250 Time Avg = 1.951202E-04 Time/step= 2.050000E-04 ETA (HH:MM:SS) = 0:00:00
 [ 23%]  Time step     1252 of 5591 @ t_step =     1251 Time Avg = 1.951153E-04 Time/step= 1.890000E-04 ETA (HH:MM:SS) = 0:00:00
 [ 23%]  Time step     1253 of 5591 @ t_step =     1252 Time Avg = 1.951104E-04 Time/step= 1.890000E-04 ETA (HH:MM:SS) = 0:00:00
 [ 23%]  Time step     1254 of 5591 @ t_step =     1253 Time Avg = 1.951087E-04 Time/step= 1.930000E-04 ETA (HH:MM:SS) = 0:00:00
 [ 23%]  Time step     1255 of 5591 @ t_step =     1254 Time Avg = 1.951038E-04 Time/step= 1.890000E-04 ETA (HH:MM:SS) = 0:00:00
 [ 23%]  Time step     1256 of 5591 @ t_step =     1255 Time Avg = 1.950998E-04 Time/step= 1.900000E-04 ETA (HH:MM:SS) = 0:00:00
 [ 23%]  Time step     1257 of 5591 @ t_step =     1256 Time Avg = 1.950949E-04 Time/step= 1.890000E-04 ETA (HH:MM:SS) = 0:00:00
 [ 23%]  Time step     1258 of 5591 @ t_step =     1257 Time Avg = 1.950908E-04 Time/step= 1.900000E-04 ETA (HH:MM:SS) = 0:00:00
 [ 23%]  Time step     1259 of 5591 @ t_step =     1258 Time Avg = 1.950860E-04 Time/step= 1.890000E-04 ETA (HH:MM:SS) = 0:00:00
 [ 23%]  Time step     1260 of 5591 @ t_step =     1259 Time Avg = 1.950867E-04 Time/step= 1.960000E-04 ETA (HH:MM:SS) = 0:00:00
 [ 23%]  Time step     1261 of 5591 @ t_step =     1260 Time Avg = 1.950819E-04 Time/step= 1.890000E-04 ETA (HH:MM:SS) = 0:00:00
 [ 23%]  Time step     1262 of 5591 @ t_step =     1261 Time Avg = 1.950770E-04 Time/step= 1.890000E-04 ETA (HH:MM:SS) = 0:00:00
 [ 23%]  Time step     1263 of 5591 @ t_step =     1262 Time Avg = 1.950722E-04 Time/step= 1.890000E-04 ETA (HH:MM:SS) = 0:00:00
 [ 23%]  Time step     1264 of 5591 @ t_step =     1263 Time Avg = 1.950682E-04 Time/step= 1.900000E-04 ETA (HH:MM:SS) = 0:00:00
 [ 23%]  Time step     1265 of 5591 @ t_step =     1264 Time Avg = 1.950642E-04 Time/step= 1.900000E-04 ETA (HH:MM:SS) = 0:00:00
 [ 23%]  Time step     1266 of 5591 @ t_step =     1265 Time Avg = 1.950594E-04 Time/step= 1.890000E-04 ETA (HH:MM:SS) = 0:00:00
 [ 23%]  Time step     1267 of 5591 @ t_step =     1266 Time Avg = 1.950554E-04 Time/step= 1.900000E-04 ETA (HH:MM:SS) = 0:00:00
 [ 23%]  Time step     1268 of 5591 @ t_step =     1267 Time Avg = 1.950506E-04 Time/step= 1.890000E-04 ETA (HH:MM:SS) = 0:00:00
 [ 23%]  Time step     1269 of 5591 @ t_step =     1268 Time Avg = 1.950466E-04 Time/step= 1.900000E-04 ETA (HH:MM:SS) = 0:00:00
 [ 23%]  Time step     1270 of 5591 @ t_step =     1269 Time Avg = 1.950718E-04 Time/step= 2.270000E-04 ETA (HH:MM:SS) = 0:00:00
 [ 23%]  Time step     1271 of 5591 @ t_step =     1270 Time Avg = 1.950789E-04 Time/step= 2.040000E-04 ETA (HH:MM:SS) = 0:00:00
 [ 23%]  Time step     1272 of 5591 @ t_step =     1271 Time Avg = 1.950741E-04 Time/step= 1.890000E-04 ETA (HH:MM:SS) = 0:00:00
 [ 23%]  Time step     1273 of 5591 @ t_step =     1272 Time Avg = 1.950693E-04 Time/step= 1.890000E-04 ETA (HH:MM:SS) = 0:00:00
 [ 23%]  Time step     1274 of 5591 @ t_step =     1273 Time Avg = 1.950700E-04 Time/step= 1.960000E-04 ETA (HH:MM:SS) = 0:00:00
 [ 23%]  Time step     1275 of 5591 @ t_step =     1274 Time Avg = 1.950660E-04 Time/step= 1.900000E-04 ETA (HH:MM:SS) = 0:00:00
 [ 23%]  Time step     1276 of 5591 @ t_step =     1275 Time Avg = 1.950613E-04 Time/step= 1.890000E-04 ETA (HH:MM:SS) = 0:00:00
 [ 23%]  Time step     1277 of 5591 @ t_step =     1276 Time Avg = 1.950565E-04 Time/step= 1.890000E-04 ETA (HH:MM:SS) = 0:00:00
 [ 23%]  Time step     1278 of 5591 @ t_step =     1277 Time Avg = 1.950525E-04 Time/step= 1.900000E-04 ETA (HH:MM:SS) = 0:00:00
 [ 23%]  Time step     1279 of 5591 @ t_step =     1278 Time Avg = 1.950556E-04 Time/step= 1.990000E-04 ETA (HH:MM:SS) = 0:00:00
 [ 23%]  Time step     1280 of 5591 @ t_step =     1279 Time Avg = 1.950532E-04 Time/step= 1.920000E-04 ETA (HH:MM:SS) = 0:00:00
 [ 23%]  Time step     1281 of 5591 @ t_step =     1280 Time Avg = 1.950665E-04 Time/step= 2.120000E-04 ETA (HH:MM:SS) = 0:00:00
 [ 23%]  Time step     1282 of 5591 @ t_step =     1281 Time Avg = 1.950852E-04 Time/step= 2.190000E-04 ETA (HH:MM:SS) = 0:00:00
 [ 23%]  Time step     1283 of 5591 @ t_step =     1282 Time Avg = 1.950813E-04 Time/step= 1.900000E-04 ETA (HH:MM:SS) = 0:00:00
 [ 23%]  Time step     1284 of 5591 @ t_step =     1283 Time Avg = 1.951030E-04 Time/step= 2.230000E-04 ETA (HH:MM:SS) = 0:00:00
 [ 23%]  Time step     1285 of 5591 @ t_step =     1284 Time Avg = 1.951209E-04 Time/step= 2.180000E-04 ETA (HH:MM:SS) = 0:00:00
 [ 23%]  Time step     1286 of 5591 @ t_step =     1285 Time Avg = 1.951270E-04 Time/step= 2.030000E-04 ETA (HH:MM:SS) = 0:00:00
 [ 24%]  Time step     1287 of 5591 @ t_step =     1286 Time Avg = 1.951417E-04 Time/step= 2.140000E-04 ETA (HH:MM:SS) = 0:00:00
 [ 24%]  Time step     1288 of 5591 @ t_step =     1287 Time Avg = 1.951377E-04 Time/step= 1.900000E-04 ETA (HH:MM:SS) = 0:00:00
 [ 24%]  Time step     1289 of 5591 @ t_step =     1288 Time Avg = 1.951664E-04 Time/step= 2.320000E-04 ETA (HH:MM:SS) = 0:00:00
 [ 24%]  Time step     1290 of 5591 @ t_step =     1289 Time Avg = 1.951803E-04 Time/step= 2.130000E-04 ETA (HH:MM:SS) = 0:00:00
 [ 24%]  Time step     1291 of 5591 @ t_step =     1290 Time Avg = 1.951988E-04 Time/step= 2.190000E-04 ETA (HH:MM:SS) = 0:00:00
 [ 24%]  Time step     1292 of 5591 @ t_step =     1291 Time Avg = 1.951939E-04 Time/step= 1.890000E-04 ETA (HH:MM:SS) = 0:00:00
 [ 24%]  Time step     1293 of 5591 @ t_step =     1292 Time Avg = 1.951969E-04 Time/step= 1.990000E-04 ETA (HH:MM:SS) = 0:00:00
 [ 24%]  Time step     1294 of 5591 @ t_step =     1293 Time Avg = 1.951929E-04 Time/step= 1.900000E-04 ETA (HH:MM:SS) = 0:00:00
 [ 24%]  Time step     1295 of 5591 @ t_step =     1294 Time Avg = 1.952074E-04 Time/step= 2.140000E-04 ETA (HH:MM:SS) = 0:00:00
 [ 24%]  Time step     1296 of 5591 @ t_step =     1295 Time Avg = 1.952235E-04 Time/step= 2.160000E-04 ETA (HH:MM:SS) = 0:00:00
 [ 24%]  Time step     1297 of 5591 @ t_step =     1296 Time Avg = 1.952187E-04 Time/step= 1.890000E-04 ETA (HH:MM:SS) = 0:00:00
 [ 24%]  Time step     1298 of 5591 @ t_step =     1297 Time Avg = 1.952239E-04 Time/step= 2.020000E-04 ETA (HH:MM:SS) = 0:00:00
 [ 24%]  Time step     1299 of 5591 @ t_step =     1298 Time Avg = 1.952415E-04 Time/step= 2.180000E-04 ETA (HH:MM:SS) = 0:00:00
 [ 24%]  Time step     1300 of 5591 @ t_step =     1299 Time Avg = 1.952529E-04 Time/step= 2.100000E-04 ETA (HH:MM:SS) = 0:00:00
 [ 24%]  Time step     1301 of 5591 @ t_step =     1300 Time Avg = 1.952658E-04 Time/step= 2.120000E-04 ETA (HH:MM:SS) = 0:00:00
 [ 24%]  Time step     1302 of 5591 @ t_step =     1301 Time Avg = 1.952617E-04 Time/step= 1.900000E-04 ETA (HH:MM:SS) = 0:00:00
 [ 24%]  Time step     1303 of 5591 @ t_step =     1302 Time Avg = 1.952654E-04 Time/step= 2.000000E-04 ETA (HH:MM:SS) = 0:00:00
 [ 24%]  Time step     1304 of 5591 @ t_step =     1303 Time Avg = 1.952729E-04 Time/step= 2.050000E-04 ETA (HH:MM:SS) = 0:00:00
 [ 24%]  Time step     1305 of 5591 @ t_step =     1304 Time Avg = 1.952811E-04 Time/step= 2.060000E-04 ETA (HH:MM:SS) = 0:00:00
 [ 24%]  Time step     1306 of 5591 @ t_step =     1305 Time Avg = 1.952763E-04 Time/step= 1.890000E-04 ETA (HH:MM:SS) = 0:00:00
 [ 24%]  Time step     1307 of 5591 @ t_step =     1306 Time Avg = 1.952722E-04 Time/step= 1.900000E-04 ETA (HH:MM:SS) = 0:00:00
 [ 24%]  Time step     1308 of 5591 @ t_step =     1307 Time Avg = 1.953203E-04 Time/step= 2.580000E-04 ETA (HH:MM:SS) = 0:00:00
 [ 24%]  Time step     1309 of 5591 @ t_step =     1308 Time Avg = 1.953469E-04 Time/step= 2.300000E-04 ETA (HH:MM:SS) = 0:00:00
 [ 24%]  Time step     1310 of 5591 @ t_step =     1309 Time Avg = 1.953535E-04 Time/step= 2.040000E-04 ETA (HH:MM:SS) = 0:00:00
 [ 24%]  Time step     1311 of 5591 @ t_step =     1310 Time Avg = 1.953486E-04 Time/step= 1.890000E-04 ETA (HH:MM:SS) = 0:00:00
 [ 24%]  Time step     1312 of 5591 @ t_step =     1311 Time Avg = 1.953522E-04 Time/step= 2.000000E-04 ETA (HH:MM:SS) = 0:00:00
 [ 24%]  Time step     1313 of 5591 @ t_step =     1312 Time Avg = 1.953481E-04 Time/step= 1.900000E-04 ETA (HH:MM:SS) = 0:00:00
 [ 24%]  Time step     1314 of 5591 @ t_step =     1313 Time Avg = 1.953432E-04 Time/step= 1.890000E-04 ETA (HH:MM:SS) = 0:00:00
 [ 24%]  Time step     1315 of 5591 @ t_step =     1314 Time Avg = 1.953392E-04 Time/step= 1.900000E-04 ETA (HH:MM:SS) = 0:00:00
 [ 24%]  Time step     1316 of 5591 @ t_step =     1315 Time Avg = 1.953351E-04 Time/step= 1.900000E-04 ETA (HH:MM:SS) = 0:00:00
 [ 24%]  Time step     1317 of 5591 @ t_step =     1316 Time Avg = 1.953409E-04 Time/step= 2.030000E-04 ETA (HH:MM:SS) = 0:00:00
 [ 24%]  Time step     1318 of 5591 @ t_step =     1317 Time Avg = 1.953361E-04 Time/step= 1.890000E-04 ETA (HH:MM:SS) = 0:00:00
 [ 24%]  Time step     1319 of 5591 @ t_step =     1318 Time Avg = 1.953321E-04 Time/step= 1.900000E-04 ETA (HH:MM:SS) = 0:00:00
 [ 24%]  Time step     1320 of 5591 @ t_step =     1319 Time Avg = 1.953273E-04 Time/step= 1.890000E-04 ETA (HH:MM:SS) = 0:00:00
 [ 24%]  Time step     1321 of 5591 @ t_step =     1320 Time Avg = 1.953346E-04 Time/step= 2.050000E-04 ETA (HH:MM:SS) = 0:00:00
 [ 24%]  Time step     1322 of 5591 @ t_step =     1321 Time Avg = 1.953472E-04 Time/step= 2.120000E-04 ETA (HH:MM:SS) = 0:00:00
 [ 24%]  Time step     1323 of 5591 @ t_step =     1322 Time Avg = 1.953644E-04 Time/step= 2.180000E-04 ETA (HH:MM:SS) = 0:00:00
 [ 24%]  Time step     1324 of 5591 @ t_step =     1323 Time Avg = 1.953649E-04 Time/step= 1.960000E-04 ETA (HH:MM:SS) = 0:00:00
 [ 24%]  Time step     1325 of 5591 @ t_step =     1324 Time Avg = 1.953646E-04 Time/step= 1.950000E-04 ETA (HH:MM:SS) = 0:00:00
 [ 24%]  Time step     1326 of 5591 @ t_step =     1325 Time Avg = 1.953643E-04 Time/step= 1.950000E-04 ETA (HH:MM:SS) = 0:00:00
 [ 24%]  Time step     1327 of 5591 @ t_step =     1326 Time Avg = 1.954071E-04 Time/step= 2.520000E-04 ETA (HH:MM:SS) = 0:00:00
 [ 24%]  Time step     1328 of 5591 @ t_step =     1327 Time Avg = 1.954347E-04 Time/step= 2.320000E-04 ETA (HH:MM:SS) = 0:00:00
 [ 24%]  Time step     1329 of 5591 @ t_step =     1328 Time Avg = 1.954351E-04 Time/step= 1.960000E-04 ETA (HH:MM:SS) = 0:00:00
 [ 24%]  Time step     1330 of 5591 @ t_step =     1329 Time Avg = 1.954348E-04 Time/step= 1.950000E-04 ETA (HH:MM:SS) = 0:00:00
 [ 24%]  Time step     1331 of 5591 @ t_step =     1330 Time Avg = 1.954428E-04 Time/step= 2.060000E-04 ETA (HH:MM:SS) = 0:00:00
 [ 24%]  Time step     1332 of 5591 @ t_step =     1331 Time Avg = 1.954432E-04 Time/step= 1.960000E-04 ETA (HH:MM:SS) = 0:00:00
 [ 24%]  Time step     1333 of 5591 @ t_step =     1332 Time Avg = 1.954436E-04 Time/step= 1.960000E-04 ETA (HH:MM:SS) = 0:00:00
 [ 24%]  Time step     1334 of 5591 @ t_step =     1333 Time Avg = 1.954440E-04 Time/step= 1.960000E-04 ETA (HH:MM:SS) = 0:00:00
 [ 24%]  Time step     1335 of 5591 @ t_step =     1334 Time Avg = 1.954444E-04 Time/step= 1.960000E-04 ETA (HH:MM:SS) = 0:00:00
 [ 24%]  Time step     1336 of 5591 @ t_step =     1335 Time Avg = 1.954561E-04 Time/step= 2.110000E-04 ETA (HH:MM:SS) = 0:00:00
 [ 24%]  Time step     1337 of 5591 @ t_step =     1336 Time Avg = 1.954565E-04 Time/step= 1.960000E-04 ETA (HH:MM:SS) = 0:00:00
 [ 24%]  Time step     1338 of 5591 @ t_step =     1337 Time Avg = 1.954577E-04 Time/step= 1.970000E-04 ETA (HH:MM:SS) = 0:00:00
 [ 24%]  Time step     1339 of 5591 @ t_step =     1338 Time Avg = 1.954581E-04 Time/step= 1.960000E-04 ETA (HH:MM:SS) = 0:00:00
 [ 24%]  Time step     1340 of 5591 @ t_step =     1339 Time Avg = 1.954585E-04 Time/step= 1.960000E-04 ETA (HH:MM:SS) = 0:00:00
 [ 24%]  Time step     1341 of 5591 @ t_step =     1340 Time Avg = 1.954694E-04 Time/step= 2.100000E-04 ETA (HH:MM:SS) = 0:00:00
 [ 24%]  Time step     1342 of 5591 @ t_step =     1341 Time Avg = 1.954698E-04 Time/step= 1.960000E-04 ETA (HH:MM:SS) = 0:00:00
 [ 25%]  Time step     1343 of 5591 @ t_step =     1342 Time Avg = 1.954701E-04 Time/step= 1.960000E-04 ETA (HH:MM:SS) = 0:00:00
 [ 25%]  Time step     1344 of 5591 @ t_step =     1343 Time Avg = 1.954705E-04 Time/step= 1.960000E-04 ETA (HH:MM:SS) = 0:00:00
 [ 25%]  Time step     1345 of 5591 @ t_step =     1344 Time Avg = 1.954709E-04 Time/step= 1.960000E-04 ETA (HH:MM:SS) = 0:00:00
 [ 25%]  Time step     1346 of 5591 @ t_step =     1345 Time Avg = 1.955041E-04 Time/step= 2.400000E-04 ETA (HH:MM:SS) = 0:00:00
 [ 25%]  Time step     1347 of 5591 @ t_step =     1346 Time Avg = 1.955208E-04 Time/step= 2.180000E-04 ETA (HH:MM:SS) = 0:00:00
 [ 25%]  Time step     1348 of 5591 @ t_step =     1347 Time Avg = 1.955160E-04 Time/step= 1.890000E-04 ETA (HH:MM:SS) = 0:00:00
 [ 25%]  Time step     1349 of 5591 @ t_step =     1348 Time Avg = 1.955230E-04 Time/step= 2.050000E-04 ETA (HH:MM:SS) = 0:00:00
 [ 25%]  Time step     1350 of 5591 @ t_step =     1349 Time Avg = 1.955397E-04 Time/step= 2.180000E-04 ETA (HH:MM:SS) = 0:00:00
 [ 25%]  Time step     1351 of 5591 @ t_step =     1350 Time Avg = 1.955356E-04 Time/step= 1.900000E-04 ETA (HH:MM:SS) = 0:00:00
 [ 25%]  Time step     1352 of 5591 @ t_step =     1351 Time Avg = 1.955308E-04 Time/step= 1.890000E-04 ETA (HH:MM:SS) = 0:00:00
 [ 25%]  Time step     1353 of 5591 @ t_step =     1352 Time Avg = 1.955267E-04 Time/step= 1.900000E-04 ETA (HH:MM:SS) = 0:00:00
 [ 25%]  Time step     1354 of 5591 @ t_step =     1353 Time Avg = 1.955218E-04 Time/step= 1.890000E-04 ETA (HH:MM:SS) = 0:00:00
 [ 25%]  Time step     1355 of 5591 @ t_step =     1354 Time Avg = 1.955318E-04 Time/step= 2.090000E-04 ETA (HH:MM:SS) = 0:00:00
 [ 25%]  Time step     1356 of 5591 @ t_step =     1355 Time Avg = 1.955403E-04 Time/step= 2.070000E-04 ETA (HH:MM:SS) = 0:00:00
 [ 25%]  Time step     1357 of 5591 @ t_step =     1356 Time Avg = 1.955473E-04 Time/step= 2.050000E-04 ETA (HH:MM:SS) = 0:00:00
 [ 25%]  Time step     1358 of 5591 @ t_step =     1357 Time Avg = 1.955424E-04 Time/step= 1.890000E-04 ETA (HH:MM:SS) = 0:00:00
 [ 25%]  Time step     1359 of 5591 @ t_step =     1358 Time Avg = 1.955383E-04 Time/step= 1.900000E-04 ETA (HH:MM:SS) = 0:00:00
 [ 25%]  Time step     1360 of 5591 @ t_step =     1359 Time Avg = 1.955446E-04 Time/step= 2.040000E-04 ETA (HH:MM:SS) = 0:00:00
 [ 25%]  Time step     1361 of 5591 @ t_step =     1360 Time Avg = 1.955405E-04 Time/step= 1.900000E-04 ETA (HH:MM:SS) = 0:00:00
 [ 25%]  Time step     1362 of 5591 @ t_step =     1361 Time Avg = 1.955364E-04 Time/step= 1.900000E-04 ETA (HH:MM:SS) = 0:00:00
 [ 25%]  Time step     1363 of 5591 @ t_step =     1362 Time Avg = 1.955316E-04 Time/step= 1.890000E-04 ETA (HH:MM:SS) = 0:00:00
 [ 25%]  Time step     1364 of 5591 @ t_step =     1363 Time Avg = 1.955276E-04 Time/step= 1.900000E-04 ETA (HH:MM:SS) = 0:00:00
 [ 25%]  Time step     1365 of 5591 @ t_step =     1364 Time Avg = 1.955514E-04 Time/step= 2.280000E-04 ETA (HH:MM:SS) = 0:00:00
 [ 25%]  Time step     1366 of 5591 @ t_step =     1365 Time Avg = 1.955525E-04 Time/step= 1.970000E-04 ETA (HH:MM:SS) = 0:00:00
 [ 25%]  Time step     1367 of 5591 @ t_step =     1366 Time Avg = 1.955557E-04 Time/step= 2.000000E-04 ETA (HH:MM:SS) = 0:00:00
 [ 25%]  Time step     1368 of 5591 @ t_step =     1367 Time Avg = 1.955509E-04 Time/step= 1.890000E-04 ETA (HH:MM:SS) = 0:00:00
 [ 25%]  Time step     1369 of 5591 @ t_step =     1368 Time Avg = 1.955593E-04 Time/step= 2.070000E-04 ETA (HH:MM:SS) = 0:00:00
 [ 25%]  Time step     1370 of 5591 @ t_step =     1369 Time Avg = 1.955706E-04 Time/step= 2.110000E-04 ETA (HH:MM:SS) = 0:00:00
 [ 25%]  Time step     1371 of 5591 @ t_step =     1370 Time Avg = 1.955658E-04 Time/step= 1.890000E-04 ETA (HH:MM:SS) = 0:00:00
 [ 25%]  Time step     1372 of 5591 @ t_step =     1371 Time Avg = 1.955617E-04 Time/step= 1.900000E-04 ETA (HH:MM:SS) = 0:00:00
 [ 25%]  Time step     1373 of 5591 @ t_step =     1372 Time Avg = 1.955569E-04 Time/step= 1.890000E-04 ETA (HH:MM:SS) = 0:00:00
 [ 25%]  Time step     1374 of 5591 @ t_step =     1373 Time Avg = 1.955522E-04 Time/step= 1.890000E-04 ETA (HH:MM:SS) = 0:00:00
 [ 25%]  Time step     1375 of 5591 @ t_step =     1374 Time Avg = 1.955569E-04 Time/step= 2.020000E-04 ETA (HH:MM:SS) = 0:00:00
 [ 25%]  Time step     1376 of 5591 @ t_step =     1375 Time Avg = 1.955528E-04 Time/step= 1.900000E-04 ETA (HH:MM:SS) = 0:00:00
 [ 25%]  Time step     1377 of 5591 @ t_step =     1376 Time Avg = 1.955488E-04 Time/step= 1.900000E-04 ETA (HH:MM:SS) = 0:00:00
 [ 25%]  Time step     1378 of 5591 @ t_step =     1377 Time Avg = 1.955549E-04 Time/step= 2.040000E-04 ETA (HH:MM:SS) = 0:00:00
 [ 25%]  Time step     1379 of 5591 @ t_step =     1378 Time Avg = 1.955552E-04 Time/step= 1.960000E-04 ETA (HH:MM:SS) = 0:00:00
 [ 25%]  Time step     1380 of 5591 @ t_step =     1379 Time Avg = 1.955723E-04 Time/step= 2.190000E-04 ETA (HH:MM:SS) = 0:00:00
 [ 25%]  Time step     1381 of 5591 @ t_step =     1380 Time Avg = 1.955682E-04 Time/step= 1.900000E-04 ETA (HH:MM:SS) = 0:00:00
 [ 25%]  Time step     1382 of 5591 @ t_step =     1381 Time Avg = 1.955642E-04 Time/step= 1.900000E-04 ETA (HH:MM:SS) = 0:00:00
 [ 25%]  Time step     1383 of 5591 @ t_step =     1382 Time Avg = 1.955594E-04 Time/step= 1.890000E-04 ETA (HH:MM:SS) = 0:00:00
 [ 25%]  Time step     1384 of 5591 @ t_step =     1383 Time Avg = 1.955684E-04 Time/step= 2.080000E-04 ETA (HH:MM:SS) = 0:00:00
 [ 25%]  Time step     1385 of 5591 @ t_step =     1384 Time Avg = 1.955789E-04 Time/step= 2.100000E-04 ETA (HH:MM:SS) = 0:00:00
 [ 25%]  Time step     1386 of 5591 @ t_step =     1385 Time Avg = 1.955842E-04 Time/step= 2.030000E-04 ETA (HH:MM:SS) = 0:00:00
 [ 25%]  Time step     1387 of 5591 @ t_step =     1386 Time Avg = 1.955795E-04 Time/step= 1.890000E-04 ETA (HH:MM:SS) = 0:00:00
 [ 25%]  Time step     1388 of 5591 @ t_step =     1387 Time Avg = 1.955755E-04 Time/step= 1.900000E-04 ETA (HH:MM:SS) = 0:00:00
 [ 25%]  Time step     1389 of 5591 @ t_step =     1388 Time Avg = 1.955750E-04 Time/step= 1.950000E-04 ETA (HH:MM:SS) = 0:00:00
 [ 25%]  Time step     1390 of 5591 @ t_step =     1389 Time Avg = 1.955710E-04 Time/step= 1.900000E-04 ETA (HH:MM:SS) = 0:00:00
 [ 25%]  Time step     1391 of 5591 @ t_step =     1390 Time Avg = 1.955663E-04 Time/step= 1.890000E-04 ETA (HH:MM:SS) = 0:00:00
 [ 25%]  Time step     1392 of 5591 @ t_step =     1391 Time Avg = 1.955623E-04 Time/step= 1.900000E-04 ETA (HH:MM:SS) = 0:00:00
 [ 25%]  Time step     1393 of 5591 @ t_step =     1392 Time Avg = 1.955576E-04 Time/step= 1.890000E-04 ETA (HH:MM:SS) = 0:00:00
 [ 25%]  Time step     1394 of 5591 @ t_step =     1393 Time Avg = 1.955701E-04 Time/step= 2.130000E-04 ETA (HH:MM:SS) = 0:00:00
 [ 25%]  Time step     1395 of 5591 @ t_step =     1394 Time Avg = 1.955711E-04 Time/step= 1.970000E-04 ETA (HH:MM:SS) = 0:00:00
 [ 25%]  Time step     1396 of 5591 @ t_step =     1395 Time Avg = 1.955779E-04 Time/step= 2.050000E-04 ETA (HH:MM:SS) = 0:00:00
 [ 25%]  Time step     1397 of 5591 @ t_step =     1396 Time Avg = 1.955739E-04 Time/step= 1.900000E-04 ETA (HH:MM:SS) = 0:00:00
 [ 25%]  Time step     1398 of 5591 @ t_step =     1397 Time Avg = 1.955692E-04 Time/step= 1.890000E-04 ETA (HH:MM:SS) = 0:00:00
 [ 26%]  Time step     1399 of 5591 @ t_step =     1398 Time Avg = 1.955774E-04 Time/step= 2.070000E-04 ETA (HH:MM:SS) = 0:00:00
 [ 26%]  Time step     1400 of 5591 @ t_step =     1399 Time Avg = 1.955734E-04 Time/step= 1.900000E-04 ETA (HH:MM:SS) = 0:00:00
 [ 26%]  Time step     1401 of 5591 @ t_step =     1400 Time Avg = 1.955687E-04 Time/step= 1.890000E-04 ETA (HH:MM:SS) = 0:00:00
 [ 26%]  Time step     1402 of 5591 @ t_step =     1401 Time Avg = 1.955640E-04 Time/step= 1.890000E-04 ETA (HH:MM:SS) = 0:00:00
 [ 26%]  Time step     1403 of 5591 @ t_step =     1402 Time Avg = 1.955593E-04 Time/step= 1.890000E-04 ETA (HH:MM:SS) = 0:00:00
 [ 26%]  Time step     1404 of 5591 @ t_step =     1403 Time Avg = 1.955832E-04 Time/step= 2.290000E-04 ETA (HH:MM:SS) = 0:00:00
 [ 26%]  Time step     1405 of 5591 @ t_step =     1404 Time Avg = 1.955842E-04 Time/step= 1.970000E-04 ETA (HH:MM:SS) = 0:00:00
 [ 26%]  Time step     1406 of 5591 @ t_step =     1405 Time Avg = 1.955880E-04 Time/step= 2.010000E-04 ETA (HH:MM:SS) = 0:00:00
 [ 26%]  Time step     1407 of 5591 @ t_step =     1406 Time Avg = 1.955840E-04 Time/step= 1.900000E-04 ETA (HH:MM:SS) = 0:00:00
 [ 26%]  Time step     1408 of 5591 @ t_step =     1407 Time Avg = 1.955794E-04 Time/step= 1.890000E-04 ETA (HH:MM:SS) = 0:00:00
 [ 26%]  Time step     1409 of 5591 @ t_step =     1408 Time Avg = 1.955789E-04 Time/step= 1.950000E-04 ETA (HH:MM:SS) = 0:00:00
 [ 26%]  Time step     1410 of 5591 @ t_step =     1409 Time Avg = 1.955743E-04 Time/step= 1.890000E-04 ETA (HH:MM:SS) = 0:00:00
 [ 26%]  Time step     1411 of 5591 @ t_step =     1410 Time Avg = 1.955703E-04 Time/step= 1.900000E-04 ETA (HH:MM:SS) = 0:00:00
 [ 26%]  Time step     1412 of 5591 @ t_step =     1411 Time Avg = 1.955656E-04 Time/step= 1.890000E-04 ETA (HH:MM:SS) = 0:00:00
 [ 26%]  Time step     1413 of 5591 @ t_step =     1412 Time Avg = 1.955610E-04 Time/step= 1.890000E-04 ETA (HH:MM:SS) = 0:00:00
 [ 26%]  Time step     1414 of 5591 @ t_step =     1413 Time Avg = 1.955648E-04 Time/step= 2.010000E-04 ETA (HH:MM:SS) = 0:00:00
 [ 26%]  Time step     1415 of 5591 @ t_step =     1414 Time Avg = 1.955609E-04 Time/step= 1.900000E-04 ETA (HH:MM:SS) = 0:00:00
 [ 26%]  Time step     1416 of 5591 @ t_step =     1415 Time Avg = 1.955563E-04 Time/step= 1.890000E-04 ETA (HH:MM:SS) = 0:00:00
 [ 26%]  Time step     1417 of 5591 @ t_step =     1416 Time Avg = 1.955516E-04 Time/step= 1.890000E-04 ETA (HH:MM:SS) = 0:00:00
 [ 26%]  Time step     1418 of 5591 @ t_step =     1417 Time Avg = 1.955470E-04 Time/step= 1.890000E-04 ETA (HH:MM:SS) = 0:00:00
 [ 26%]  Time step     1419 of 5591 @ t_step =     1418 Time Avg = 1.955530E-04 Time/step= 2.040000E-04 ETA (HH:MM:SS) = 0:00:00
 [ 26%]  Time step     1420 of 5591 @ t_step =     1419 Time Avg = 1.955498E-04 Time/step= 1.910000E-04 ETA (HH:MM:SS) = 0:00:00
 [ 26%]  Time step     1421 of 5591 @ t_step =     1420 Time Avg = 1.955458E-04 Time/step= 1.900000E-04 ETA (HH:MM:SS) = 0:00:00
 [ 26%]  Time step     1422 of 5591 @ t_step =     1421 Time Avg = 1.955412E-04 Time/step= 1.890000E-04 ETA (HH:MM:SS) = 0:00:00
 [ 26%]  Time step     1423 of 5591 @ t_step =     1422 Time Avg = 1.955451E-04 Time/step= 2.010000E-04 ETA (HH:MM:SS) = 0:00:00
 [ 26%]  Time step     1424 of 5591 @ t_step =     1423 Time Avg = 1.955707E-04 Time/step= 2.320000E-04 ETA (HH:MM:SS) = 0:00:00
 [ 26%]  Time step     1425 of 5591 @ t_step =     1424 Time Avg = 1.955879E-04 Time/step= 2.200000E-04 ETA (HH:MM:SS) = 0:00:00
 [ 26%]  Time step     1426 of 5591 @ t_step =     1425 Time Avg = 1.955833E-04 Time/step= 1.890000E-04 ETA (HH:MM:SS) = 0:00:00
 [ 26%]  Time step     1427 of 5591 @ t_step =     1426 Time Avg = 1.955787E-04 Time/step= 1.890000E-04 ETA (HH:MM:SS) = 0:00:00
 [ 26%]  Time step     1428 of 5591 @ t_step =     1427 Time Avg = 1.955740E-04 Time/step= 1.890000E-04 ETA (HH:MM:SS) = 0:00:00
 [ 26%]  Time step     1429 of 5591 @ t_step =     1428 Time Avg = 1.955757E-04 Time/step= 1.980000E-04 ETA (HH:MM:SS) = 0:00:00
 [ 26%]  Time step     1430 of 5591 @ t_step =     1429 Time Avg = 1.955711E-04 Time/step= 1.890000E-04 ETA (HH:MM:SS) = 0:00:00
 [ 26%]  Time step     1431 of 5591 @ t_step =     1430 Time Avg = 1.955665E-04 Time/step= 1.890000E-04 ETA (HH:MM:SS) = 0:00:00
 [ 26%]  Time step     1432 of 5591 @ t_step =     1431 Time Avg = 1.955619E-04 Time/step= 1.890000E-04 ETA (HH:MM:SS) = 0:00:00
 [ 26%]  Time step     1433 of 5591 @ t_step =     1432 Time Avg = 1.955573E-04 Time/step= 1.890000E-04 ETA (HH:MM:SS) = 0:00:00
 [ 26%]  Time step     1434 of 5591 @ t_step =     1433 Time Avg = 1.955625E-04 Time/step= 2.030000E-04 ETA (HH:MM:SS) = 0:00:00
 [ 26%]  Time step     1435 of 5591 @ t_step =     1434 Time Avg = 1.955587E-04 Time/step= 1.900000E-04 ETA (HH:MM:SS) = 0:00:00
 [ 26%]  Time step     1436 of 5591 @ t_step =     1435 Time Avg = 1.955548E-04 Time/step= 1.900000E-04 ETA (HH:MM:SS) = 0:00:00
 [ 26%]  Time step     1437 of 5591 @ t_step =     1436 Time Avg = 1.955502E-04 Time/step= 1.890000E-04 ETA (HH:MM:SS) = 0:00:00
 [ 26%]  Time step     1438 of 5591 @ t_step =     1437 Time Avg = 1.955456E-04 Time/step= 1.890000E-04 ETA (HH:MM:SS) = 0:00:00
 [ 26%]  Time step     1439 of 5591 @ t_step =     1438 Time Avg = 1.955501E-04 Time/step= 2.020000E-04 ETA (HH:MM:SS) = 0:00:00
 [ 26%]  Time step     1440 of 5591 @ t_step =     1439 Time Avg = 1.955463E-04 Time/step= 1.900000E-04 ETA (HH:MM:SS) = 0:00:00
 [ 26%]  Time step     1441 of 5591 @ t_step =     1440 Time Avg = 1.955424E-04 Time/step= 1.900000E-04 ETA (HH:MM:SS) = 0:00:00
 [ 26%]  Time step     1442 of 5591 @ t_step =     1441 Time Avg = 1.955386E-04 Time/step= 1.900000E-04 ETA (HH:MM:SS) = 0:00:00
 [ 26%]  Time step     1443 of 5591 @ t_step =     1442 Time Avg = 1.955340E-04 Time/step= 1.890000E-04 ETA (HH:MM:SS) = 0:00:00
 [ 26%]  Time step     1444 of 5591 @ t_step =     1443 Time Avg = 1.955586E-04 Time/step= 2.310000E-04 ETA (HH:MM:SS) = 0:00:00
 [ 26%]  Time step     1445 of 5591 @ t_step =     1444 Time Avg = 1.955645E-04 Time/step= 2.040000E-04 ETA (HH:MM:SS) = 0:00:00
 [ 26%]  Time step     1446 of 5591 @ t_step =     1445 Time Avg = 1.955606E-04 Time/step= 1.900000E-04 ETA (HH:MM:SS) = 0:00:00
 [ 26%]  Time step     1447 of 5591 @ t_step =     1446 Time Avg = 1.955561E-04 Time/step= 1.890000E-04 ETA (HH:MM:SS) = 0:00:00
 [ 26%]  Time step     1448 of 5591 @ t_step =     1447 Time Avg = 1.955564E-04 Time/step= 1.960000E-04 ETA (HH:MM:SS) = 0:00:00
 [ 26%]  Time step     1449 of 5591 @ t_step =     1448 Time Avg = 1.955533E-04 Time/step= 1.910000E-04 ETA (HH:MM:SS) = 0:00:00
 [ 26%]  Time step     1450 of 5591 @ t_step =     1449 Time Avg = 1.955494E-04 Time/step= 1.900000E-04 ETA (HH:MM:SS) = 0:00:00
 [ 26%]  Time step     1451 of 5591 @ t_step =     1450 Time Avg = 1.955456E-04 Time/step= 1.900000E-04 ETA (HH:MM:SS) = 0:00:00
 [ 26%]  Time step     1452 of 5591 @ t_step =     1451 Time Avg = 1.955411E-04 Time/step= 1.890000E-04 ETA (HH:MM:SS) = 0:00:00
 [ 26%]  Time step     1453 of 5591 @ t_step =     1452 Time Avg = 1.955366E-04 Time/step= 1.890000E-04 ETA (HH:MM:SS) = 0:00:00
 [ 26%]  Time step     1454 of 5591 @ t_step =     1453 Time Avg = 1.955376E-04 Time/step= 1.970000E-04 ETA (HH:MM:SS) = 0:00:00
 [ 27%]  Time step     1455 of 5591 @ t_step =     1454 Time Avg = 1.955331E-04 Time/step= 1.890000E-04 ETA (HH:MM:SS) = 0:00:00
 [ 27%]  Time step     1456 of 5591 @ t_step =     1455 Time Avg = 1.955286E-04 Time/step= 1.890000E-04 ETA (HH:MM:SS) = 0:00:00
 [ 27%]  Time step     1457 of 5591 @ t_step =     1456 Time Avg = 1.955248E-04 Time/step= 1.900000E-04 ETA (HH:MM:SS) = 0:00:00
 [ 27%]  Time step     1458 of 5591 @ t_step =     1457 Time Avg = 1.955203E-04 Time/step= 1.890000E-04 ETA (HH:MM:SS) = 0:00:00
 [ 27%]  Time step     1459 of 5591 @ t_step =     1458 Time Avg = 1.955240E-04 Time/step= 2.010000E-04 ETA (HH:MM:SS) = 0:00:00
 [ 27%]  Time step     1460 of 5591 @ t_step =     1459 Time Avg = 1.955340E-04 Time/step= 2.100000E-04 ETA (HH:MM:SS) = 0:00:00
 [ 27%]  Time step     1461 of 5591 @ t_step =     1460 Time Avg = 1.955295E-04 Time/step= 1.890000E-04 ETA (HH:MM:SS) = 0:00:00
 [ 27%]  Time step     1462 of 5591 @ t_step =     1461 Time Avg = 1.955250E-04 Time/step= 1.890000E-04 ETA (HH:MM:SS) = 0:00:00
 [ 27%]  Time step     1463 of 5591 @ t_step =     1462 Time Avg = 1.955370E-04 Time/step= 2.130000E-04 ETA (HH:MM:SS) = 0:00:00
 [ 27%]  Time step     1464 of 5591 @ t_step =     1463 Time Avg = 1.955339E-04 Time/step= 1.910000E-04 ETA (HH:MM:SS) = 0:00:00
 [ 27%]  Time step     1465 of 5591 @ t_step =     1464 Time Avg = 1.955294E-04 Time/step= 1.890000E-04 ETA (HH:MM:SS) = 0:00:00
 [ 27%]  Time step     1466 of 5591 @ t_step =     1465 Time Avg = 1.955256E-04 Time/step= 1.900000E-04 ETA (HH:MM:SS) = 0:00:00
 [ 27%]  Time step     1467 of 5591 @ t_step =     1466 Time Avg = 1.955219E-04 Time/step= 1.900000E-04 ETA (HH:MM:SS) = 0:00:00
 [ 27%]  Time step     1468 of 5591 @ t_step =     1467 Time Avg = 1.955276E-04 Time/step= 2.040000E-04 ETA (HH:MM:SS) = 0:00:00
 [ 27%]  Time step     1469 of 5591 @ t_step =     1468 Time Avg = 1.955239E-04 Time/step= 1.900000E-04 ETA (HH:MM:SS) = 0:00:00
 [ 27%]  Time step     1470 of 5591 @ t_step =     1469 Time Avg = 1.955201E-04 Time/step= 1.900000E-04 ETA (HH:MM:SS) = 0:00:00
 [ 27%]  Time step     1471 of 5591 @ t_step =     1470 Time Avg = 1.955163E-04 Time/step= 1.900000E-04 ETA (HH:MM:SS) = 0:00:00
 [ 27%]  Time step     1472 of 5591 @ t_step =     1471 Time Avg = 1.955119E-04 Time/step= 1.890000E-04 ETA (HH:MM:SS) = 0:00:00
 [ 27%]  Time step     1473 of 5591 @ t_step =     1472 Time Avg = 1.955163E-04 Time/step= 2.020000E-04 ETA (HH:MM:SS) = 0:00:00
 [ 27%]  Time step     1474 of 5591 @ t_step =     1473 Time Avg = 1.955126E-04 Time/step= 1.900000E-04 ETA (HH:MM:SS) = 0:00:00
 [ 27%]  Time step     1475 of 5591 @ t_step =     1474 Time Avg = 1.955088E-04 Time/step= 1.900000E-04 ETA (HH:MM:SS) = 0:00:00
 [ 27%]  Time step     1476 of 5591 @ t_step =     1475 Time Avg = 1.955044E-04 Time/step= 1.890000E-04 ETA (HH:MM:SS) = 0:00:00
 [ 27%]  Time step     1477 of 5591 @ t_step =     1476 Time Avg = 1.955007E-04 Time/step= 1.900000E-04 ETA (HH:MM:SS) = 0:00:00
 [ 27%]  Time step     1478 of 5591 @ t_step =     1477 Time Avg = 1.955132E-04 Time/step= 2.140000E-04 ETA (HH:MM:SS) = 0:00:00
 [ 27%]  Time step     1479 of 5591 @ t_step =     1478 Time Avg = 1.955142E-04 Time/step= 1.970000E-04 ETA (HH:MM:SS) = 0:00:00
 [ 27%]  Time step     1480 of 5591 @ t_step =     1479 Time Avg = 1.955186E-04 Time/step= 2.020000E-04 ETA (HH:MM:SS) = 0:00:00
 [ 27%]  Time step     1481 of 5591 @ t_step =     1480 Time Avg = 1.955196E-04 Time/step= 1.970000E-04 ETA (HH:MM:SS) = 0:00:00
 [ 27%]  Time step     1482 of 5591 @ t_step =     1481 Time Avg = 1.955260E-04 Time/step= 2.050000E-04 ETA (HH:MM:SS) = 0:00:00
 [ 27%]  Time step     1483 of 5591 @ t_step =     1482 Time Avg = 1.955405E-04 Time/step= 2.170000E-04 ETA (HH:MM:SS) = 0:00:00
 [ 27%]  Time step     1484 of 5591 @ t_step =     1483 Time Avg = 1.955469E-04 Time/step= 2.050000E-04 ETA (HH:MM:SS) = 0:00:00
 [ 27%]  Time step     1485 of 5591 @ t_step =     1484 Time Avg = 1.955472E-04 Time/step= 1.960000E-04 ETA (HH:MM:SS) = 0:00:00
 [ 27%]  Time step     1486 of 5591 @ t_step =     1485 Time Avg = 1.955502E-04 Time/step= 2.000000E-04 ETA (HH:MM:SS) = 0:00:00
 [ 27%]  Time step     1487 of 5591 @ t_step =     1486 Time Avg = 1.955458E-04 Time/step= 1.890000E-04 ETA (HH:MM:SS) = 0:00:00
 [ 27%]  Time step     1488 of 5591 @ t_step =     1487 Time Avg = 1.955475E-04 Time/step= 1.980000E-04 ETA (HH:MM:SS) = 0:00:00
 [ 27%]  Time step     1489 of 5591 @ t_step =     1488 Time Avg = 1.955538E-04 Time/step= 2.050000E-04 ETA (HH:MM:SS) = 0:00:00
 [ 27%]  Time step     1490 of 5591 @ t_step =     1489 Time Avg = 1.955609E-04 Time/step= 2.060000E-04 ETA (HH:MM:SS) = 0:00:00
 [ 27%]  Time step     1491 of 5591 @ t_step =     1490 Time Avg = 1.955565E-04 Time/step= 1.890000E-04 ETA (HH:MM:SS) = 0:00:00
 [ 27%]  Time step     1492 of 5591 @ t_step =     1491 Time Avg = 1.955520E-04 Time/step= 1.890000E-04 ETA (HH:MM:SS) = 0:00:00
 [ 27%]  Time step     1493 of 5591 @ t_step =     1492 Time Avg = 1.955570E-04 Time/step= 2.030000E-04 ETA (HH:MM:SS) = 0:00:00
 [ 27%]  Time step     1494 of 5591 @ t_step =     1493 Time Avg = 1.955795E-04 Time/step= 2.290000E-04 ETA (HH:MM:SS) = 0:00:00
 [ 27%]  Time step     1495 of 5591 @ t_step =     1494 Time Avg = 1.956052E-04 Time/step= 2.340000E-04 ETA (HH:MM:SS) = 0:00:00
 [ 27%]  Time step     1496 of 5591 @ t_step =     1495 Time Avg = 1.956008E-04 Time/step= 1.890000E-04 ETA (HH:MM:SS) = 0:00:00
 [ 27%]  Time step     1497 of 5591 @ t_step =     1496 Time Avg = 1.956151E-04 Time/step= 2.170000E-04 ETA (HH:MM:SS) = 0:00:00
 [ 27%]  Time step     1498 of 5591 @ t_step =     1497 Time Avg = 1.956341E-04 Time/step= 2.240000E-04 ETA (HH:MM:SS) = 0:00:00
 [ 27%]  Time step     1499 of 5591 @ t_step =     1498 Time Avg = 1.956457E-04 Time/step= 2.130000E-04 ETA (HH:MM:SS) = 0:00:00
 [ 27%]  Time step     1500 of 5591 @ t_step =     1499 Time Avg = 1.956560E-04 Time/step= 2.110000E-04 ETA (HH:MM:SS) = 0:00:00
 [ 27%]  Time step     1501 of 5591 @ t_step =     1500 Time Avg = 1.956515E-04 Time/step= 1.890000E-04 ETA (HH:MM:SS) = 0:00:00
 [ 27%]  Time step     1502 of 5591 @ t_step =     1501 Time Avg = 1.956738E-04 Time/step= 2.290000E-04 ETA (HH:MM:SS) = 0:00:00
 [ 27%]  Time step     1503 of 5591 @ t_step =     1502 Time Avg = 1.956940E-04 Time/step= 2.260000E-04 ETA (HH:MM:SS) = 0:00:00
 [ 27%]  Time step     1504 of 5591 @ t_step =     1503 Time Avg = 1.957029E-04 Time/step= 2.090000E-04 ETA (HH:MM:SS) = 0:00:00
 [ 27%]  Time step     1505 of 5591 @ t_step =     1504 Time Avg = 1.956984E-04 Time/step= 1.890000E-04 ETA (HH:MM:SS) = 0:00:00
 [ 27%]  Time step     1506 of 5591 @ t_step =     1505 Time Avg = 1.957006E-04 Time/step= 1.990000E-04 ETA (HH:MM:SS) = 0:00:00
 [ 27%]  Time step     1507 of 5591 @ t_step =     1506 Time Avg = 1.957048E-04 Time/step= 2.020000E-04 ETA (HH:MM:SS) = 0:00:00
 [ 27%]  Time step     1508 of 5591 @ t_step =     1507 Time Avg = 1.957090E-04 Time/step= 2.020000E-04 ETA (HH:MM:SS) = 0:00:00
 [ 27%]  Time step     1509 of 5591 @ t_step =     1508 Time Avg = 1.957231E-04 Time/step= 2.170000E-04 ETA (HH:MM:SS) = 0:00:00
 [ 27%]  Time step     1510 of 5591 @ t_step =     1509 Time Avg = 1.957186E-04 Time/step= 1.890000E-04 ETA (HH:MM:SS) = 0:00:00
 [ 28%]  Time step     1511 of 5591 @ t_step =     1510 Time Avg = 1.957221E-04 Time/step= 2.010000E-04 ETA (HH:MM:SS) = 0:00:00
 [ 28%]  Time step     1512 of 5591 @ t_step =     1511 Time Avg = 1.957362E-04 Time/step= 2.170000E-04 ETA (HH:MM:SS) = 0:00:00
 [ 28%]  Time step     1513 of 5591 @ t_step =     1512 Time Avg = 1.957411E-04 Time/step= 2.030000E-04 ETA (HH:MM:SS) = 0:00:00
 [ 28%]  Time step     1514 of 5591 @ t_step =     1513 Time Avg = 1.957512E-04 Time/step= 2.110000E-04 ETA (HH:MM:SS) = 0:00:00
 [ 28%]  Time step     1515 of 5591 @ t_step =     1514 Time Avg = 1.957467E-04 Time/step= 1.890000E-04 ETA (HH:MM:SS) = 0:00:00
 [ 28%]  Time step     1516 of 5591 @ t_step =     1515 Time Avg = 1.957607E-04 Time/step= 2.170000E-04 ETA (HH:MM:SS) = 0:00:00
 [ 28%]  Time step     1517 of 5591 @ t_step =     1516 Time Avg = 1.957774E-04 Time/step= 2.210000E-04 ETA (HH:MM:SS) = 0:00:00
 [ 28%]  Time step     1518 of 5591 @ t_step =     1517 Time Avg = 1.957835E-04 Time/step= 2.050000E-04 ETA (HH:MM:SS) = 0:00:00
 [ 28%]  Time step     1519 of 5591 @ t_step =     1518 Time Avg = 1.957790E-04 Time/step= 1.890000E-04 ETA (HH:MM:SS) = 0:00:00
 [ 28%]  Time step     1520 of 5591 @ t_step =     1519 Time Avg = 1.957864E-04 Time/step= 2.070000E-04 ETA (HH:MM:SS) = 0:00:00
 [ 28%]  Time step     1521 of 5591 @ t_step =     1520 Time Avg = 1.957918E-04 Time/step= 2.040000E-04 ETA (HH:MM:SS) = 0:00:00
 [ 28%]  Time step     1522 of 5591 @ t_step =     1521 Time Avg = 1.957880E-04 Time/step= 1.900000E-04 ETA (HH:MM:SS) = 0:00:00
 [ 28%]  Time step     1523 of 5591 @ t_step =     1522 Time Avg = 1.957836E-04 Time/step= 1.890000E-04 ETA (HH:MM:SS) = 0:00:00
 [ 28%]  Time step     1524 of 5591 @ t_step =     1523 Time Avg = 1.957798E-04 Time/step= 1.900000E-04 ETA (HH:MM:SS) = 0:00:00
 [ 28%]  Time step     1525 of 5591 @ t_step =     1524 Time Avg = 1.957792E-04 Time/step= 1.950000E-04 ETA (HH:MM:SS) = 0:00:00
 [ 28%]  Time step     1526 of 5591 @ t_step =     1525 Time Avg = 1.957754E-04 Time/step= 1.900000E-04 ETA (HH:MM:SS) = 0:00:00
 [ 28%]  Time step     1527 of 5591 @ t_step =     1526 Time Avg = 1.957710E-04 Time/step= 1.890000E-04 ETA (HH:MM:SS) = 0:00:00
 [ 28%]  Time step     1528 of 5591 @ t_step =     1527 Time Avg = 1.957672E-04 Time/step= 1.900000E-04 ETA (HH:MM:SS) = 0:00:00
 [ 28%]  Time step     1529 of 5591 @ t_step =     1528 Time Avg = 1.957628E-04 Time/step= 1.890000E-04 ETA (HH:MM:SS) = 0:00:00
 [ 28%]  Time step     1530 of 5591 @ t_step =     1529 Time Avg = 1.957682E-04 Time/step= 2.040000E-04 ETA (HH:MM:SS) = 0:00:00
 [ 28%]  Time step     1531 of 5591 @ t_step =     1530 Time Avg = 1.957651E-04 Time/step= 1.910000E-04 ETA (HH:MM:SS) = 0:00:00
 [ 28%]  Time step     1532 of 5591 @ t_step =     1531 Time Avg = 1.957613E-04 Time/step= 1.900000E-04 ETA (HH:MM:SS) = 0:00:00
 [ 28%]  Time step     1533 of 5591 @ t_step =     1532 Time Avg = 1.957569E-04 Time/step= 1.890000E-04 ETA (HH:MM:SS) = 0:00:00
 [ 28%]  Time step     1534 of 5591 @ t_step =     1533 Time Avg = 1.957642E-04 Time/step= 2.070000E-04 ETA (HH:MM:SS) = 0:00:00
 [ 28%]  Time step     1535 of 5591 @ t_step =     1534 Time Avg = 1.957879E-04 Time/step= 2.320000E-04 ETA (HH:MM:SS) = 0:00:00
 [ 28%]  Time step     1536 of 5591 @ t_step =     1535 Time Avg = 1.957886E-04 Time/step= 1.970000E-04 ETA (HH:MM:SS) = 0:00:00
 [ 28%]  Time step     1537 of 5591 @ t_step =     1536 Time Avg = 1.957927E-04 Time/step= 2.020000E-04 ETA (HH:MM:SS) = 0:00:00
 [ 28%]  Time step     1538 of 5591 @ t_step =     1537 Time Avg = 1.957889E-04 Time/step= 1.900000E-04 ETA (HH:MM:SS) = 0:00:00
 [ 28%]  Time step     1539 of 5591 @ t_step =     1538 Time Avg = 1.957845E-04 Time/step= 1.890000E-04 ETA (HH:MM:SS) = 0:00:00
 [ 28%]  Time step     1540 of 5591 @ t_step =     1539 Time Avg = 1.957996E-04 Time/step= 2.190000E-04 ETA (HH:MM:SS) = 0:00:00
 [ 28%]  Time step     1541 of 5591 @ t_step =     1540 Time Avg = 1.957958E-04 Time/step= 1.900000E-04 ETA (HH:MM:SS) = 0:00:00
 [ 28%]  Time step     1542 of 5591 @ t_step =     1541 Time Avg = 1.957921E-04 Time/step= 1.900000E-04 ETA (HH:MM:SS) = 0:00:00
 [ 28%]  Time step     1543 of 5591 @ t_step =     1542 Time Avg = 1.957883E-04 Time/step= 1.900000E-04 ETA (HH:MM:SS) = 0:00:00
 [ 28%]  Time step     1544 of 5591 @ t_step =     1543 Time Avg = 1.957839E-04 Time/step= 1.890000E-04 ETA (HH:MM:SS) = 0:00:00
 [ 28%]  Time step     1545 of 5591 @ t_step =     1544 Time Avg = 1.957853E-04 Time/step= 1.980000E-04 ETA (HH:MM:SS) = 0:00:00
 [ 28%]  Time step     1546 of 5591 @ t_step =     1545 Time Avg = 1.957816E-04 Time/step= 1.900000E-04 ETA (HH:MM:SS) = 0:00:00
 [ 28%]  Time step     1547 of 5591 @ t_step =     1546 Time Avg = 1.957772E-04 Time/step= 1.890000E-04 ETA (HH:MM:SS) = 0:00:00
 [ 28%]  Time step     1548 of 5591 @ t_step =     1547 Time Avg = 1.957735E-04 Time/step= 1.900000E-04 ETA (HH:MM:SS) = 0:00:00
 [ 28%]  Time step     1549 of 5591 @ t_step =     1548 Time Avg = 1.957697E-04 Time/step= 1.900000E-04 ETA (HH:MM:SS) = 0:00:00
 [ 28%]  Time step     1550 of 5591 @ t_step =     1549 Time Avg = 1.957757E-04 Time/step= 2.050000E-04 ETA (HH:MM:SS) = 0:00:00
 [ 28%]  Time step     1551 of 5591 @ t_step =     1550 Time Avg = 1.957720E-04 Time/step= 1.900000E-04 ETA (HH:MM:SS) = 0:00:00
 [ 28%]  Time step     1552 of 5591 @ t_step =     1551 Time Avg = 1.957682E-04 Time/step= 1.900000E-04 ETA (HH:MM:SS) = 0:00:00
 [ 28%]  Time step     1553 of 5591 @ t_step =     1552 Time Avg = 1.957645E-04 Time/step= 1.900000E-04 ETA (HH:MM:SS) = 0:00:00
 [ 28%]  Time step     1554 of 5591 @ t_step =     1553 Time Avg = 1.957602E-04 Time/step= 1.890000E-04 ETA (HH:MM:SS) = 0:00:00
 [ 28%]  Time step     1555 of 5591 @ t_step =     1554 Time Avg = 1.957745E-04 Time/step= 2.180000E-04 ETA (HH:MM:SS) = 0:00:00
 [ 28%]  Time step     1556 of 5591 @ t_step =     1555 Time Avg = 1.957753E-04 Time/step= 1.970000E-04 ETA (HH:MM:SS) = 0:00:00
 [ 28%]  Time step     1557 of 5591 @ t_step =     1556 Time Avg = 1.957716E-04 Time/step= 1.900000E-04 ETA (HH:MM:SS) = 0:00:00
 [ 28%]  Time step     1558 of 5591 @ t_step =     1557 Time Avg = 1.957672E-04 Time/step= 1.890000E-04 ETA (HH:MM:SS) = 0:00:00
 [ 28%]  Time step     1559 of 5591 @ t_step =     1558 Time Avg = 1.957635E-04 Time/step= 1.900000E-04 ETA (HH:MM:SS) = 0:00:00
 [ 28%]  Time step     1560 of 5591 @ t_step =     1559 Time Avg = 1.957823E-04 Time/step= 2.250000E-04 ETA (HH:MM:SS) = 0:00:00
 [ 28%]  Time step     1561 of 5591 @ t_step =     1560 Time Avg = 1.957786E-04 Time/step= 1.900000E-04 ETA (HH:MM:SS) = 0:00:00
 [ 28%]  Time step     1562 of 5591 @ t_step =     1561 Time Avg = 1.957749E-04 Time/step= 1.900000E-04 ETA (HH:MM:SS) = 0:00:00
 [ 28%]  Time step     1563 of 5591 @ t_step =     1562 Time Avg = 1.957705E-04 Time/step= 1.890000E-04 ETA (HH:MM:SS) = 0:00:00
 [ 28%]  Time step     1564 of 5591 @ t_step =     1563 Time Avg = 1.957662E-04 Time/step= 1.890000E-04 ETA (HH:MM:SS) = 0:00:00
 [ 28%]  Time step     1565 of 5591 @ t_step =     1564 Time Avg = 1.957663E-04 Time/step= 1.960000E-04 ETA (HH:MM:SS) = 0:00:00
 [ 28%]  Time step     1566 of 5591 @ t_step =     1565 Time Avg = 1.957626E-04 Time/step= 1.900000E-04 ETA (HH:MM:SS) = 0:00:00
 [ 29%]  Time step     1567 of 5591 @ t_step =     1566 Time Avg = 1.957583E-04 Time/step= 1.890000E-04 ETA (HH:MM:SS) = 0:00:00
 [ 29%]  Time step     1568 of 5591 @ t_step =     1567 Time Avg = 1.957546E-04 Time/step= 1.900000E-04 ETA (HH:MM:SS) = 0:00:00
 [ 29%]  Time step     1569 of 5591 @ t_step =     1568 Time Avg = 1.957497E-04 Time/step= 1.880000E-04 ETA (HH:MM:SS) = 0:00:00
 [ 29%]  Time step     1570 of 5591 @ t_step =     1569 Time Avg = 1.957537E-04 Time/step= 2.020000E-04 ETA (HH:MM:SS) = 0:00:00
 [ 29%]  Time step     1571 of 5591 @ t_step =     1570 Time Avg = 1.957500E-04 Time/step= 1.900000E-04 ETA (HH:MM:SS) = 0:00:00
 [ 29%]  Time step     1572 of 5591 @ t_step =     1571 Time Avg = 1.957463E-04 Time/step= 1.900000E-04 ETA (HH:MM:SS) = 0:00:00
 [ 29%]  Time step     1573 of 5591 @ t_step =     1572 Time Avg = 1.957427E-04 Time/step= 1.900000E-04 ETA (HH:MM:SS) = 0:00:00
 [ 29%]  Time step     1574 of 5591 @ t_step =     1573 Time Avg = 1.957384E-04 Time/step= 1.890000E-04 ETA (HH:MM:SS) = 0:00:00
 [ 29%]  Time step     1575 of 5591 @ t_step =     1574 Time Avg = 1.957525E-04 Time/step= 2.180000E-04 ETA (HH:MM:SS) = 0:00:00
 [ 29%]  Time step     1576 of 5591 @ t_step =     1575 Time Avg = 1.957673E-04 Time/step= 2.190000E-04 ETA (HH:MM:SS) = 0:00:00
 [ 29%]  Time step     1577 of 5591 @ t_step =     1576 Time Avg = 1.957675E-04 Time/step= 1.960000E-04 ETA (HH:MM:SS) = 0:00:00
 [ 29%]  Time step     1578 of 5591 @ t_step =     1577 Time Avg = 1.957733E-04 Time/step= 2.050000E-04 ETA (HH:MM:SS) = 0:00:00
 [ 29%]  Time step     1579 of 5591 @ t_step =     1578 Time Avg = 1.957792E-04 Time/step= 2.050000E-04 ETA (HH:MM:SS) = 0:00:00
 [ 29%]  Time step     1580 of 5591 @ t_step =     1579 Time Avg = 1.957812E-04 Time/step= 1.990000E-04 ETA (HH:MM:SS) = 0:00:00
 [ 29%]  Time step     1581 of 5591 @ t_step =     1580 Time Avg = 1.957769E-04 Time/step= 1.890000E-04 ETA (HH:MM:SS) = 0:00:00
 [ 29%]  Time step     1582 of 5591 @ t_step =     1581 Time Avg = 1.957733E-04 Time/step= 1.900000E-04 ETA (HH:MM:SS) = 0:00:00
 [ 29%]  Time step     1583 of 5591 @ t_step =     1582 Time Avg = 1.957690E-04 Time/step= 1.890000E-04 ETA (HH:MM:SS) = 0:00:00
 [ 29%]  Time step     1584 of 5591 @ t_step =     1583 Time Avg = 1.957685E-04 Time/step= 1.950000E-04 ETA (HH:MM:SS) = 0:00:00
 [ 29%]  Time step     1585 of 5591 @ t_step =     1584 Time Avg = 1.957642E-04 Time/step= 1.890000E-04 ETA (HH:MM:SS) = 0:00:00
 [ 29%]  Time step     1586 of 5591 @ t_step =     1585 Time Avg = 1.957599E-04 Time/step= 1.890000E-04 ETA (HH:MM:SS) = 0:00:00
 [ 29%]  Time step     1587 of 5591 @ t_step =     1586 Time Avg = 1.957557E-04 Time/step= 1.890000E-04 ETA (HH:MM:SS) = 0:00:00
 [ 29%]  Time step     1588 of 5591 @ t_step =     1587 Time Avg = 1.957521E-04 Time/step= 1.900000E-04 ETA (HH:MM:SS) = 0:00:00
 [ 29%]  Time step     1589 of 5591 @ t_step =     1588 Time Avg = 1.957554E-04 Time/step= 2.010000E-04 ETA (HH:MM:SS) = 0:00:00
 [ 29%]  Time step     1590 of 5591 @ t_step =     1589 Time Avg = 1.957524E-04 Time/step= 1.910000E-04 ETA (HH:MM:SS) = 0:00:00
 [ 29%]  Time step     1591 of 5591 @ t_step =     1590 Time Avg = 1.957487E-04 Time/step= 1.900000E-04 ETA (HH:MM:SS) = 0:00:00
 [ 29%]  Time step     1592 of 5591 @ t_step =     1591 Time Avg = 1.957445E-04 Time/step= 1.890000E-04 ETA (HH:MM:SS) = 0:00:00
 [ 29%]  Time step     1593 of 5591 @ t_step =     1592 Time Avg = 1.957409E-04 Time/step= 1.900000E-04 ETA (HH:MM:SS) = 0:00:00
 [ 29%]  Time step     1594 of 5591 @ t_step =     1593 Time Avg = 1.957517E-04 Time/step= 2.130000E-04 ETA (HH:MM:SS) = 0:00:00
 [ 29%]  Time step     1595 of 5591 @ t_step =     1594 Time Avg = 1.957519E-04 Time/step= 1.960000E-04 ETA (HH:MM:SS) = 0:00:00
 [ 29%]  Time step     1596 of 5591 @ t_step =     1595 Time Avg = 1.957564E-04 Time/step= 2.030000E-04 ETA (HH:MM:SS) = 0:00:00
 [ 29%]  Time step     1597 of 5591 @ t_step =     1596 Time Avg = 1.957522E-04 Time/step= 1.890000E-04 ETA (HH:MM:SS) = 0:00:00
 [ 29%]  Time step     1598 of 5591 @ t_step =     1597 Time Avg = 1.957486E-04 Time/step= 1.900000E-04 ETA (HH:MM:SS) = 0:00:00
 [ 29%]  Time step     1599 of 5591 @ t_step =     1598 Time Avg = 1.957607E-04 Time/step= 2.150000E-04 ETA (HH:MM:SS) = 0:00:00
 [ 29%]  Time step     1600 of 5591 @ t_step =     1599 Time Avg = 1.957577E-04 Time/step= 1.910000E-04 ETA (HH:MM:SS) = 0:00:00
 [ 29%]  Time step     1601 of 5591 @ t_step =     1600 Time Avg = 1.957534E-04 Time/step= 1.890000E-04 ETA (HH:MM:SS) = 0:00:00
 [ 29%]  Time step     1602 of 5591 @ t_step =     1601 Time Avg = 1.957498E-04 Time/step= 1.900000E-04 ETA (HH:MM:SS) = 0:00:00
 [ 29%]  Time step     1603 of 5591 @ t_step =     1602 Time Avg = 1.957462E-04 Time/step= 1.900000E-04 ETA (HH:MM:SS) = 0:00:00
 [ 29%]  Time step     1604 of 5591 @ t_step =     1603 Time Avg = 1.957527E-04 Time/step= 2.060000E-04 ETA (HH:MM:SS) = 0:00:00
 [ 29%]  Time step     1605 of 5591 @ t_step =     1604 Time Avg = 1.957491E-04 Time/step= 1.900000E-04 ETA (HH:MM:SS) = 0:00:00
 [ 29%]  Time step     1606 of 5591 @ t_step =     1605 Time Avg = 1.957449E-04 Time/step= 1.890000E-04 ETA (HH:MM:SS) = 0:00:00
 [ 29%]  Time step     1607 of 5591 @ t_step =     1606 Time Avg = 1.957413E-04 Time/step= 1.900000E-04 ETA (HH:MM:SS) = 0:00:00
 [ 29%]  Time step     1608 of 5591 @ t_step =     1607 Time Avg = 1.957371E-04 Time/step= 1.890000E-04 ETA (HH:MM:SS) = 0:00:00
 [ 29%]  Time step     1609 of 5591 @ t_step =     1608 Time Avg = 1.957435E-04 Time/step= 2.060000E-04 ETA (HH:MM:SS) = 0:00:00
 [ 29%]  Time step     1610 of 5591 @ t_step =     1609 Time Avg = 1.957399E-04 Time/step= 1.900000E-04 ETA (HH:MM:SS) = 0:00:00
 [ 29%]  Time step     1611 of 5591 @ t_step =     1610 Time Avg = 1.957363E-04 Time/step= 1.900000E-04 ETA (HH:MM:SS) = 0:00:00
 [ 29%]  Time step     1612 of 5591 @ t_step =     1611 Time Avg = 1.957321E-04 Time/step= 1.890000E-04 ETA (HH:MM:SS) = 0:00:00
 [ 29%]  Time step     1613 of 5591 @ t_step =     1612 Time Avg = 1.957280E-04 Time/step= 1.890000E-04 ETA (HH:MM:SS) = 0:00:00
 [ 29%]  Time step     1614 of 5591 @ t_step =     1613 Time Avg = 1.957412E-04 Time/step= 2.170000E-04 ETA (HH:MM:SS) = 0:00:00
 [ 29%]  Time step     1615 of 5591 @ t_step =     1614 Time Avg = 1.957413E-04 Time/step= 1.960000E-04 ETA (HH:MM:SS) = 0:00:00
 [ 29%]  Time step     1616 of 5591 @ t_step =     1615 Time Avg = 1.957446E-04 Time/step= 2.010000E-04 ETA (HH:MM:SS) = 0:00:00
 [ 29%]  Time step     1617 of 5591 @ t_step =     1616 Time Avg = 1.957404E-04 Time/step= 1.890000E-04 ETA (HH:MM:SS) = 0:00:00
 [ 29%]  Time step     1618 of 5591 @ t_step =     1617 Time Avg = 1.957362E-04 Time/step= 1.890000E-04 ETA (HH:MM:SS) = 0:00:00
 [ 29%]  Time step     1619 of 5591 @ t_step =     1618 Time Avg = 1.957463E-04 Time/step= 2.120000E-04 ETA (HH:MM:SS) = 0:00:00
 [ 29%]  Time step     1620 of 5591 @ t_step =     1619 Time Avg = 1.957434E-04 Time/step= 1.910000E-04 ETA (HH:MM:SS) = 0:00:00
 [ 29%]  Time step     1621 of 5591 @ t_step =     1620 Time Avg = 1.957392E-04 Time/step= 1.890000E-04 ETA (HH:MM:SS) = 0:00:00
 [ 29%]  Time step     1622 of 5591 @ t_step =     1621 Time Avg = 1.957350E-04 Time/step= 1.890000E-04 ETA (HH:MM:SS) = 0:00:00
 [ 30%]  Time step     1623 of 5591 @ t_step =     1622 Time Avg = 1.957315E-04 Time/step= 1.900000E-04 ETA (HH:MM:SS) = 0:00:00
 [ 30%]  Time step     1624 of 5591 @ t_step =     1623 Time Avg = 1.957310E-04 Time/step= 1.950000E-04 ETA (HH:MM:SS) = 0:00:00
 [ 30%]  Time step     1625 of 5591 @ t_step =     1624 Time Avg = 1.957275E-04 Time/step= 1.900000E-04 ETA (HH:MM:SS) = 0:00:00
 [ 30%]  Time step     1626 of 5591 @ t_step =     1625 Time Avg = 1.957234E-04 Time/step= 1.890000E-04 ETA (HH:MM:SS) = 0:00:00
 [ 30%]  Time step     1627 of 5591 @ t_step =     1626 Time Avg = 1.957192E-04 Time/step= 1.890000E-04 ETA (HH:MM:SS) = 0:00:00
 [ 30%]  Time step     1628 of 5591 @ t_step =     1627 Time Avg = 1.957157E-04 Time/step= 1.900000E-04 ETA (HH:MM:SS) = 0:00:00
 [ 30%]  Time step     1629 of 5591 @ t_step =     1628 Time Avg = 1.957183E-04 Time/step= 2.000000E-04 ETA (HH:MM:SS) = 0:00:00
 [ 30%]  Time step     1630 of 5591 @ t_step =     1629 Time Avg = 1.957148E-04 Time/step= 1.900000E-04 ETA (HH:MM:SS) = 0:00:00
 [ 30%]  Time step     1631 of 5591 @ t_step =     1630 Time Avg = 1.957113E-04 Time/step= 1.900000E-04 ETA (HH:MM:SS) = 0:00:00
 [ 30%]  Time step     1632 of 5591 @ t_step =     1631 Time Avg = 1.957072E-04 Time/step= 1.890000E-04 ETA (HH:MM:SS) = 0:00:00
 [ 30%]  Time step     1633 of 5591 @ t_step =     1632 Time Avg = 1.957031E-04 Time/step= 1.890000E-04 ETA (HH:MM:SS) = 0:00:00
 [ 30%]  Time step     1634 of 5591 @ t_step =     1633 Time Avg = 1.957284E-04 Time/step= 2.370000E-04 ETA (HH:MM:SS) = 0:00:00
 [ 30%]  Time step     1635 of 5591 @ t_step =     1634 Time Avg = 1.957439E-04 Time/step= 2.210000E-04 ETA (HH:MM:SS) = 0:00:00
 [ 30%]  Time step     1636 of 5591 @ t_step =     1635 Time Avg = 1.957544E-04 Time/step= 2.130000E-04 ETA (HH:MM:SS) = 0:00:00
 [ 30%]  Time step     1637 of 5591 @ t_step =     1636 Time Avg = 1.957656E-04 Time/step= 2.140000E-04 ETA (HH:MM:SS) = 0:00:00
 [ 30%]  Time step     1638 of 5591 @ t_step =     1637 Time Avg = 1.957688E-04 Time/step= 2.010000E-04 ETA (HH:MM:SS) = 0:00:00
 [ 30%]  Time step     1639 of 5591 @ t_step =     1638 Time Avg = 1.957818E-04 Time/step= 2.170000E-04 ETA (HH:MM:SS) = 0:00:00
 [ 30%]  Time step     1640 of 5591 @ t_step =     1639 Time Avg = 1.957819E-04 Time/step= 1.960000E-04 ETA (HH:MM:SS) = 0:00:00
 [ 30%]  Time step     1641 of 5591 @ t_step =     1640 Time Avg = 1.957845E-04 Time/step= 2.000000E-04 ETA (HH:MM:SS) = 0:00:00
 [ 30%]  Time step     1642 of 5591 @ t_step =     1641 Time Avg = 1.957804E-04 Time/step= 1.890000E-04 ETA (HH:MM:SS) = 0:00:00
 [ 30%]  Time step     1643 of 5591 @ t_step =     1642 Time Avg = 1.957866E-04 Time/step= 2.060000E-04 ETA (HH:MM:SS) = 0:00:00
 [ 30%]  Time step     1644 of 5591 @ t_step =     1643 Time Avg = 1.957952E-04 Time/step= 2.100000E-04 ETA (HH:MM:SS) = 0:00:00
 [ 30%]  Time step     1645 of 5591 @ t_step =     1644 Time Avg = 1.958100E-04 Time/step= 2.200000E-04 ETA (HH:MM:SS) = 0:00:00
 [ 30%]  Time step     1646 of 5591 @ t_step =     1645 Time Avg = 1.958065E-04 Time/step= 1.900000E-04 ETA (HH:MM:SS) = 0:00:00
 [ 30%]  Time step     1647 of 5591 @ t_step =     1646 Time Avg = 1.958023E-04 Time/step= 1.890000E-04 ETA (HH:MM:SS) = 0:00:00
 [ 30%]  Time step     1648 of 5591 @ t_step =     1647 Time Avg = 1.958061E-04 Time/step= 2.020000E-04 ETA (HH:MM:SS) = 0:00:00
 [ 30%]  Time step     1649 of 5591 @ t_step =     1648 Time Avg = 1.958026E-04 Time/step= 1.900000E-04 ETA (HH:MM:SS) = 0:00:00
 [ 30%]  Time step     1650 of 5591 @ t_step =     1649 Time Avg = 1.957984E-04 Time/step= 1.890000E-04 ETA (HH:MM:SS) = 0:00:00
 [ 30%]  Time step     1651 of 5591 @ t_step =     1650 Time Avg = 1.957943E-04 Time/step= 1.890000E-04 ETA (HH:MM:SS) = 0:00:00
 [ 30%]  Time step     1652 of 5591 @ t_step =     1651 Time Avg = 1.957902E-04 Time/step= 1.890000E-04 ETA (HH:MM:SS) = 0:00:00
 [ 30%]  Time step     1653 of 5591 @ t_step =     1652 Time Avg = 1.958018E-04 Time/step= 2.150000E-04 ETA (HH:MM:SS) = 0:00:00
 [ 30%]  Time step     1654 of 5591 @ t_step =     1653 Time Avg = 1.958086E-04 Time/step= 2.070000E-04 ETA (HH:MM:SS) = 0:00:00
 [ 30%]  Time step     1655 of 5591 @ t_step =     1654 Time Avg = 1.958117E-04 Time/step= 2.010000E-04 ETA (HH:MM:SS) = 0:00:00
 [ 30%]  Time step     1656 of 5591 @ t_step =     1655 Time Avg = 1.958330E-04 Time/step= 2.310000E-04 ETA (HH:MM:SS) = 0:00:00
 [ 30%]  Time step     1657 of 5591 @ t_step =     1656 Time Avg = 1.958615E-04 Time/step= 2.430000E-04 ETA (HH:MM:SS) = 0:00:00
 [ 30%]  Time step     1658 of 5591 @ t_step =     1657 Time Avg = 1.958634E-04 Time/step= 1.990000E-04 ETA (HH:MM:SS) = 0:00:00
 [ 30%]  Time step     1659 of 5591 @ t_step =     1658 Time Avg = 1.958810E-04 Time/step= 2.250000E-04 ETA (HH:MM:SS) = 0:00:00
 [ 30%]  Time step     1660 of 5591 @ t_step =     1659 Time Avg = 1.958944E-04 Time/step= 2.180000E-04 ETA (HH:MM:SS) = 0:00:00
 [ 30%]  Time step     1661 of 5591 @ t_step =     1660 Time Avg = 1.959083E-04 Time/step= 2.190000E-04 ETA (HH:MM:SS) = 0:00:00
 [ 30%]  Time step     1662 of 5591 @ t_step =     1661 Time Avg = 1.959277E-04 Time/step= 2.280000E-04 ETA (HH:MM:SS) = 0:00:00
 [ 30%]  Time step     1663 of 5591 @ t_step =     1662 Time Avg = 1.959416E-04 Time/step= 2.190000E-04 ETA (HH:MM:SS) = 0:00:00
 [ 30%]  Time step     1664 of 5591 @ t_step =     1663 Time Avg = 1.959548E-04 Time/step= 2.180000E-04 ETA (HH:MM:SS) = 0:00:00
 [ 30%]  Time step     1665 of 5591 @ t_step =     1664 Time Avg = 1.959681E-04 Time/step= 2.180000E-04 ETA (HH:MM:SS) = 0:00:00
 [ 30%]  Time step     1666 of 5591 @ t_step =     1665 Time Avg = 1.959934E-04 Time/step= 2.380000E-04 ETA (HH:MM:SS) = 0:00:00
 [ 30%]  Time step     1667 of 5591 @ t_step =     1666 Time Avg = 1.960072E-04 Time/step= 2.190000E-04 ETA (HH:MM:SS) = 0:00:00
 [ 30%]  Time step     1668 of 5591 @ t_step =     1667 Time Avg = 1.960204E-04 Time/step= 2.180000E-04 ETA (HH:MM:SS) = 0:00:00
 [ 30%]  Time step     1669 of 5591 @ t_step =     1668 Time Avg = 1.960336E-04 Time/step= 2.180000E-04 ETA (HH:MM:SS) = 0:00:00
 [ 30%]  Time step     1670 of 5591 @ t_step =     1669 Time Avg = 1.960564E-04 Time/step= 2.340000E-04 ETA (HH:MM:SS) = 0:00:00
 [ 30%]  Time step     1671 of 5591 @ t_step =     1670 Time Avg = 1.960713E-04 Time/step= 2.210000E-04 ETA (HH:MM:SS) = 0:00:00
 [ 30%]  Time step     1672 of 5591 @ t_step =     1671 Time Avg = 1.960845E-04 Time/step= 2.180000E-04 ETA (HH:MM:SS) = 0:00:00
 [ 30%]  Time step     1673 of 5591 @ t_step =     1672 Time Avg = 1.960976E-04 Time/step= 2.180000E-04 ETA (HH:MM:SS) = 0:00:00
 [ 30%]  Time step     1674 of 5591 @ t_step =     1673 Time Avg = 1.961113E-04 Time/step= 2.190000E-04 ETA (HH:MM:SS) = 0:00:00
 [ 30%]  Time step     1675 of 5591 @ t_step =     1674 Time Avg = 1.961453E-04 Time/step= 2.530000E-04 ETA (HH:MM:SS) = 0:00:00
 [ 30%]  Time step     1676 of 5591 @ t_step =     1675 Time Avg = 1.961590E-04 Time/step= 2.190000E-04 ETA (HH:MM:SS) = 0:00:00
 [ 30%]  Time step     1677 of 5591 @ t_step =     1676 Time Avg = 1.961720E-04 Time/step= 2.180000E-04 ETA (HH:MM:SS) = 0:00:00
 [ 30%]  Time step     1678 of 5591 @ t_step =     1677 Time Avg = 1.961851E-04 Time/step= 2.180000E-04 ETA (HH:MM:SS) = 0:00:00
 [ 31%]  Time step     1679 of 5591 @ t_step =     1678 Time Avg = 1.962035E-04 Time/step= 2.270000E-04 ETA (HH:MM:SS) = 0:00:00
 [ 31%]  Time step     1680 of 5591 @ t_step =     1679 Time Avg = 1.962165E-04 Time/step= 2.180000E-04 ETA (HH:MM:SS) = 0:00:00
 [ 31%]  Time step     1681 of 5591 @ t_step =     1680 Time Avg = 1.962294E-04 Time/step= 2.180000E-04 ETA (HH:MM:SS) = 0:00:00
 [ 31%]  Time step     1682 of 5591 @ t_step =     1681 Time Avg = 1.962424E-04 Time/step= 2.180000E-04 ETA (HH:MM:SS) = 0:00:00
 [ 31%]  Time step     1683 of 5591 @ t_step =     1682 Time Avg = 1.962655E-04 Time/step= 2.350000E-04 ETA (HH:MM:SS) = 0:00:00
 [ 31%]  Time step     1684 of 5591 @ t_step =     1683 Time Avg = 1.962796E-04 Time/step= 2.200000E-04 ETA (HH:MM:SS) = 0:00:00
 [ 31%]  Time step     1685 of 5591 @ t_step =     1684 Time Avg = 1.962925E-04 Time/step= 2.180000E-04 ETA (HH:MM:SS) = 0:00:00
 [ 31%]  Time step     1686 of 5591 @ t_step =     1685 Time Avg = 1.963060E-04 Time/step= 2.190000E-04 ETA (HH:MM:SS) = 0:00:00
 [ 31%]  Time step     1687 of 5591 @ t_step =     1686 Time Avg = 1.963195E-04 Time/step= 2.190000E-04 ETA (HH:MM:SS) = 0:00:00
 [ 31%]  Time step     1688 of 5591 @ t_step =     1687 Time Avg = 1.963412E-04 Time/step= 2.330000E-04 ETA (HH:MM:SS) = 0:00:00
 [ 31%]  Time step     1689 of 5591 @ t_step =     1688 Time Avg = 1.963547E-04 Time/step= 2.190000E-04 ETA (HH:MM:SS) = 0:00:00
 [ 31%]  Time step     1690 of 5591 @ t_step =     1689 Time Avg = 1.963675E-04 Time/step= 2.180000E-04 ETA (HH:MM:SS) = 0:00:00
 [ 31%]  Time step     1691 of 5591 @ t_step =     1690 Time Avg = 1.963809E-04 Time/step= 2.190000E-04 ETA (HH:MM:SS) = 0:00:00
 [ 31%]  Time step     1692 of 5591 @ t_step =     1691 Time Avg = 1.964144E-04 Time/step= 2.530000E-04 ETA (HH:MM:SS) = 0:00:00
 [ 31%]  Time step     1693 of 5591 @ t_step =     1692 Time Avg = 1.964278E-04 Time/step= 2.190000E-04 ETA (HH:MM:SS) = 0:00:00
 [ 31%]  Time step     1694 of 5591 @ t_step =     1693 Time Avg = 1.964406E-04 Time/step= 2.180000E-04 ETA (HH:MM:SS) = 0:00:00
 [ 31%]  Time step     1695 of 5591 @ t_step =     1694 Time Avg = 1.964533E-04 Time/step= 2.180000E-04 ETA (HH:MM:SS) = 0:00:00
 [ 31%]  Time step     1696 of 5591 @ t_step =     1695 Time Avg = 1.964714E-04 Time/step= 2.270000E-04 ETA (HH:MM:SS) = 0:00:00
 [ 31%]  Time step     1697 of 5591 @ t_step =     1696 Time Avg = 1.964906E-04 Time/step= 2.290000E-04 ETA (HH:MM:SS) = 0:00:00
 [ 31%]  Time step     1698 of 5591 @ t_step =     1697 Time Avg = 1.964903E-04 Time/step= 1.960000E-04 ETA (HH:MM:SS) = 0:00:00
 [ 31%]  Time step     1699 of 5591 @ t_step =     1698 Time Avg = 1.964900E-04 Time/step= 1.960000E-04 ETA (HH:MM:SS) = 0:00:00
 [ 31%]  Time step     1700 of 5591 @ t_step =     1699 Time Avg = 1.964897E-04 Time/step= 1.960000E-04 ETA (HH:MM:SS) = 0:00:00
 [ 31%]  Time step     1701 of 5591 @ t_step =     1700 Time Avg = 1.964929E-04 Time/step= 2.020000E-04 ETA (HH:MM:SS) = 0:00:00
 [ 31%]  Time step     1702 of 5591 @ t_step =     1701 Time Avg = 1.964926E-04 Time/step= 1.960000E-04 ETA (HH:MM:SS) = 0:00:00
 [ 31%]  Time step     1703 of 5591 @ t_step =     1702 Time Avg = 1.964924E-04 Time/step= 1.960000E-04 ETA (HH:MM:SS) = 0:00:00
 [ 31%]  Time step     1704 of 5591 @ t_step =     1703 Time Avg = 1.964915E-04 Time/step= 1.950000E-04 ETA (HH:MM:SS) = 0:00:00
 [ 31%]  Time step     1705 of 5591 @ t_step =     1704 Time Avg = 1.964906E-04 Time/step= 1.950000E-04 ETA (HH:MM:SS) = 0:00:00
 [ 31%]  Time step     1706 of 5591 @ t_step =     1705 Time Avg = 1.965026E-04 Time/step= 2.170000E-04 ETA (HH:MM:SS) = 0:00:00
 [ 31%]  Time step     1707 of 5591 @ t_step =     1706 Time Avg = 1.965123E-04 Time/step= 2.130000E-04 ETA (HH:MM:SS) = 0:00:00
 [ 31%]  Time step     1708 of 5591 @ t_step =     1707 Time Avg = 1.965120E-04 Time/step= 1.960000E-04 ETA (HH:MM:SS) = 0:00:00
 [ 31%]  Time step     1709 of 5591 @ t_step =     1708 Time Avg = 1.965117E-04 Time/step= 1.960000E-04 ETA (HH:MM:SS) = 0:00:00
 [ 31%]  Time step     1710 of 5591 @ t_step =     1709 Time Avg = 1.965114E-04 Time/step= 1.960000E-04 ETA (HH:MM:SS) = 0:00:00
 [ 31%]  Time step     1711 of 5591 @ t_step =     1710 Time Avg = 1.965275E-04 Time/step= 2.240000E-04 ETA (HH:MM:SS) = 0:00:00
 [ 31%]  Time step     1712 of 5591 @ t_step =     1711 Time Avg = 1.965307E-04 Time/step= 2.020000E-04 ETA (HH:MM:SS) = 0:00:00
 [ 31%]  Time step     1713 of 5591 @ t_step =     1712 Time Avg = 1.965269E-04 Time/step= 1.900000E-04 ETA (HH:MM:SS) = 0:00:00
 [ 31%]  Time step     1714 of 5591 @ t_step =     1713 Time Avg = 1.965225E-04 Time/step= 1.890000E-04 ETA (HH:MM:SS) = 0:00:00
 [ 31%]  Time step     1715 of 5591 @ t_step =     1714 Time Avg = 1.965234E-04 Time/step= 1.980000E-04 ETA (HH:MM:SS) = 0:00:00
 [ 31%]  Time step     1716 of 5591 @ t_step =     1715 Time Avg = 1.965201E-04 Time/step= 1.910000E-04 ETA (HH:MM:SS) = 0:00:00
 [ 31%]  Time step     1717 of 5591 @ t_step =     1716 Time Avg = 1.965163E-04 Time/step= 1.900000E-04 ETA (HH:MM:SS) = 0:00:00
 [ 31%]  Time step     1718 of 5591 @ t_step =     1717 Time Avg = 1.965125E-04 Time/step= 1.900000E-04 ETA (HH:MM:SS) = 0:00:00
 [ 31%]  Time step     1719 of 5591 @ t_step =     1718 Time Avg = 1.965082E-04 Time/step= 1.890000E-04 ETA (HH:MM:SS) = 0:00:00
 [ 31%]  Time step     1720 of 5591 @ t_step =     1719 Time Avg = 1.965073E-04 Time/step= 1.950000E-04 ETA (HH:MM:SS) = 0:00:00
 [ 31%]  Time step     1721 of 5591 @ t_step =     1720 Time Avg = 1.965029E-04 Time/step= 1.890000E-04 ETA (HH:MM:SS) = 0:00:00
 [ 31%]  Time step     1722 of 5591 @ t_step =     1721 Time Avg = 1.964991E-04 Time/step= 1.900000E-04 ETA (HH:MM:SS) = 0:00:00
 [ 31%]  Time step     1723 of 5591 @ t_step =     1722 Time Avg = 1.964948E-04 Time/step= 1.890000E-04 ETA (HH:MM:SS) = 0:00:00
 [ 31%]  Time step     1724 of 5591 @ t_step =     1723 Time Avg = 1.964910E-04 Time/step= 1.900000E-04 ETA (HH:MM:SS) = 0:00:00
 [ 31%]  Time step     1725 of 5591 @ t_step =     1724 Time Avg = 1.964959E-04 Time/step= 2.050000E-04 ETA (HH:MM:SS) = 0:00:00
 [ 31%]  Time step     1726 of 5591 @ t_step =     1725 Time Avg = 1.964956E-04 Time/step= 1.960000E-04 ETA (HH:MM:SS) = 0:00:00
 [ 31%]  Time step     1727 of 5591 @ t_step =     1726 Time Avg = 1.965000E-04 Time/step= 2.040000E-04 ETA (HH:MM:SS) = 0:00:00
 [ 31%]  Time step     1728 of 5591 @ t_step =     1727 Time Avg = 1.965067E-04 Time/step= 2.080000E-04 ETA (HH:MM:SS) = 0:00:00
 [ 31%]  Time step     1729 of 5591 @ t_step =     1728 Time Avg = 1.965626E-04 Time/step= 2.930000E-04 ETA (HH:MM:SS) = 0:00:00
 [ 31%]  Time step     1730 of 5591 @ t_step =     1729 Time Avg = 1.965825E-04 Time/step= 2.310000E-04 ETA (HH:MM:SS) = 0:00:00
 [ 31%]  Time step     1731 of 5591 @ t_step =     1730 Time Avg = 1.966123E-04 Time/step= 2.480000E-04 ETA (HH:MM:SS) = 0:00:00
 [ 31%]  Time step     1732 of 5591 @ t_step =     1731 Time Avg = 1.966119E-04 Time/step= 1.960000E-04 ETA (HH:MM:SS) = 0:00:00
 [ 31%]  Time step     1733 of 5591 @ t_step =     1732 Time Avg = 1.966116E-04 Time/step= 1.960000E-04 ETA (HH:MM:SS) = 0:00:00
 [ 31%]  Time step     1734 of 5591 @ t_step =     1733 Time Avg = 1.966164E-04 Time/step= 2.050000E-04 ETA (HH:MM:SS) = 0:00:00
 [ 32%]  Time step     1735 of 5591 @ t_step =     1734 Time Avg = 1.966161E-04 Time/step= 1.960000E-04 ETA (HH:MM:SS) = 0:00:00
 [ 32%]  Time step     1736 of 5591 @ t_step =     1735 Time Avg = 1.966157E-04 Time/step= 1.960000E-04 ETA (HH:MM:SS) = 0:00:00
 [ 32%]  Time step     1737 of 5591 @ t_step =     1736 Time Avg = 1.966148E-04 Time/step= 1.950000E-04 ETA (HH:MM:SS) = 0:00:00
 [ 32%]  Time step     1738 of 5591 @ t_step =     1737 Time Avg = 1.966138E-04 Time/step= 1.950000E-04 ETA (HH:MM:SS) = 0:00:00
 [ 32%]  Time step     1739 of 5591 @ t_step =     1738 Time Avg = 1.966169E-04 Time/step= 2.020000E-04 ETA (HH:MM:SS) = 0:00:00
 [ 32%]  Time step     1740 of 5591 @ t_step =     1739 Time Avg = 1.966212E-04 Time/step= 2.040000E-04 ETA (HH:MM:SS) = 0:00:00
 [ 32%]  Time step     1741 of 5591 @ t_step =     1740 Time Avg = 1.966168E-04 Time/step= 1.890000E-04 ETA (HH:MM:SS) = 0:00:00
 [ 32%]  Time step     1742 of 5591 @ t_step =     1741 Time Avg = 1.966130E-04 Time/step= 1.900000E-04 ETA (HH:MM:SS) = 0:00:00
 [ 32%]  Time step     1743 of 5591 @ t_step =     1742 Time Avg = 1.966086E-04 Time/step= 1.890000E-04 ETA (HH:MM:SS) = 0:00:00
 [ 32%]  Time step     1744 of 5591 @ t_step =     1743 Time Avg = 1.966180E-04 Time/step= 2.130000E-04 ETA (HH:MM:SS) = 0:00:00
 [ 32%]  Time step     1745 of 5591 @ t_step =     1744 Time Avg = 1.966326E-04 Time/step= 2.220000E-04 ETA (HH:MM:SS) = 0:00:00
 [ 32%]  Time step     1746 of 5591 @ t_step =     1745 Time Avg = 1.966282E-04 Time/step= 1.890000E-04 ETA (HH:MM:SS) = 0:00:00
 [ 32%]  Time step     1747 of 5591 @ t_step =     1746 Time Avg = 1.966244E-04 Time/step= 1.900000E-04 ETA (HH:MM:SS) = 0:00:00
 [ 32%]  Time step     1748 of 5591 @ t_step =     1747 Time Avg = 1.966201E-04 Time/step= 1.890000E-04 ETA (HH:MM:SS) = 0:00:00
 [ 32%]  Time step     1749 of 5591 @ t_step =     1748 Time Avg = 1.966443E-04 Time/step= 2.390000E-04 ETA (HH:MM:SS) = 0:00:00
 [ 32%]  Time step     1750 of 5591 @ t_step =     1749 Time Avg = 1.966480E-04 Time/step= 2.030000E-04 ETA (HH:MM:SS) = 0:00:00
 [ 32%]  Time step     1751 of 5591 @ t_step =     1750 Time Avg = 1.966436E-04 Time/step= 1.890000E-04 ETA (HH:MM:SS) = 0:00:00
 [ 32%]  Time step     1752 of 5591 @ t_step =     1751 Time Avg = 1.966392E-04 Time/step= 1.890000E-04 ETA (HH:MM:SS) = 0:00:00
 [ 32%]  Time step     1753 of 5591 @ t_step =     1752 Time Avg = 1.966349E-04 Time/step= 1.890000E-04 ETA (HH:MM:SS) = 0:00:00
 [ 32%]  Time step     1754 of 5591 @ t_step =     1753 Time Avg = 1.966362E-04 Time/step= 1.990000E-04 ETA (HH:MM:SS) = 0:00:00
 [ 32%]  Time step     1755 of 5591 @ t_step =     1754 Time Avg = 1.966495E-04 Time/step= 2.200000E-04 ETA (HH:MM:SS) = 0:00:00
 [ 32%]  Time step     1756 of 5591 @ t_step =     1755 Time Avg = 1.966543E-04 Time/step= 2.050000E-04 ETA (HH:MM:SS) = 0:00:00
 [ 32%]  Time step     1757 of 5591 @ t_step =     1756 Time Avg = 1.966499E-04 Time/step= 1.890000E-04 ETA (HH:MM:SS) = 0:00:00
 [ 32%]  Time step     1758 of 5591 @ t_step =     1757 Time Avg = 1.966564E-04 Time/step= 2.080000E-04 ETA (HH:MM:SS) = 0:00:00
 [ 32%]  Time step     1759 of 5591 @ t_step =     1758 Time Avg = 1.966560E-04 Time/step= 1.960000E-04 ETA (HH:MM:SS) = 0:00:00
 [ 32%]  Time step     1760 of 5591 @ t_step =     1759 Time Avg = 1.966585E-04 Time/step= 2.010000E-04 ETA (HH:MM:SS) = 0:00:00
 [ 32%]  Time step     1761 of 5591 @ t_step =     1760 Time Avg = 1.966542E-04 Time/step= 1.890000E-04 ETA (HH:MM:SS) = 0:00:00
 [ 32%]  Time step     1762 of 5591 @ t_step =     1761 Time Avg = 1.966504E-04 Time/step= 1.900000E-04 ETA (HH:MM:SS) = 0:00:00
 [ 32%]  Time step     1763 of 5591 @ t_step =     1762 Time Avg = 1.966585E-04 Time/step= 2.110000E-04 ETA (HH:MM:SS) = 0:00:00
 [ 32%]  Time step     1764 of 5591 @ t_step =     1763 Time Avg = 1.966678E-04 Time/step= 2.130000E-04 ETA (HH:MM:SS) = 0:00:00
 [ 32%]  Time step     1765 of 5591 @ t_step =     1764 Time Avg = 1.966697E-04 Time/step= 2.000000E-04 ETA (HH:MM:SS) = 0:00:00
 [ 32%]  Time step     1766 of 5591 @ t_step =     1765 Time Avg = 1.966653E-04 Time/step= 1.890000E-04 ETA (HH:MM:SS) = 0:00:00
 [ 32%]  Time step     1767 of 5591 @ t_step =     1766 Time Avg = 1.966610E-04 Time/step= 1.890000E-04 ETA (HH:MM:SS) = 0:00:00
 [ 32%]  Time step     1768 of 5591 @ t_step =     1767 Time Avg = 1.966691E-04 Time/step= 2.110000E-04 ETA (HH:MM:SS) = 0:00:00
 [ 32%]  Time step     1769 of 5591 @ t_step =     1768 Time Avg = 1.966738E-04 Time/step= 2.050000E-04 ETA (HH:MM:SS) = 0:00:00
 [ 32%]  Time step     1770 of 5591 @ t_step =     1769 Time Avg = 1.966701E-04 Time/step= 1.900000E-04 ETA (HH:MM:SS) = 0:00:00
 [ 32%]  Time step     1771 of 5591 @ t_step =     1770 Time Avg = 1.966657E-04 Time/step= 1.890000E-04 ETA (HH:MM:SS) = 0:00:00
 [ 32%]  Time step     1772 of 5591 @ t_step =     1771 Time Avg = 1.966614E-04 Time/step= 1.890000E-04 ETA (HH:MM:SS) = 0:00:00
 [ 32%]  Time step     1773 of 5591 @ t_step =     1772 Time Avg = 1.966695E-04 Time/step= 2.110000E-04 ETA (HH:MM:SS) = 0:00:00
 [ 32%]  Time step     1774 of 5591 @ t_step =     1773 Time Avg = 1.966736E-04 Time/step= 2.040000E-04 ETA (HH:MM:SS) = 0:00:00
 [ 32%]  Time step     1775 of 5591 @ t_step =     1774 Time Avg = 1.966693E-04 Time/step= 1.890000E-04 ETA (HH:MM:SS) = 0:00:00
 [ 32%]  Time step     1776 of 5591 @ t_step =     1775 Time Avg = 1.966740E-04 Time/step= 2.050000E-04 ETA (HH:MM:SS) = 0:00:00
 [ 32%]  Time step     1777 of 5591 @ t_step =     1776 Time Avg = 1.966742E-04 Time/step= 1.970000E-04 ETA (HH:MM:SS) = 0:00:00
 [ 32%]  Time step     1778 of 5591 @ t_step =     1777 Time Avg = 1.967003E-04 Time/step= 2.430000E-04 ETA (HH:MM:SS) = 0:00:00
 [ 32%]  Time step     1779 of 5591 @ t_step =     1778 Time Avg = 1.967162E-04 Time/step= 2.250000E-04 ETA (HH:MM:SS) = 0:00:00
 [ 32%]  Time step     1780 of 5591 @ t_step =     1779 Time Avg = 1.967248E-04 Time/step= 2.120000E-04 ETA (HH:MM:SS) = 0:00:00
 [ 32%]  Time step     1781 of 5591 @ t_step =     1780 Time Avg = 1.967300E-04 Time/step= 2.060000E-04 ETA (HH:MM:SS) = 0:00:00
 [ 32%]  Time step     1782 of 5591 @ t_step =     1781 Time Avg = 1.967487E-04 Time/step= 2.300000E-04 ETA (HH:MM:SS) = 0:00:00
 [ 32%]  Time step     1783 of 5591 @ t_step =     1782 Time Avg = 1.967629E-04 Time/step= 2.220000E-04 ETA (HH:MM:SS) = 0:00:00
 [ 32%]  Time step     1784 of 5591 @ t_step =     1783 Time Avg = 1.967591E-04 Time/step= 1.900000E-04 ETA (HH:MM:SS) = 0:00:00
 [ 32%]  Time step     1785 of 5591 @ t_step =     1784 Time Avg = 1.967548E-04 Time/step= 1.890000E-04 ETA (HH:MM:SS) = 0:00:00
 [ 32%]  Time step     1786 of 5591 @ t_step =     1785 Time Avg = 1.967510E-04 Time/step= 1.900000E-04 ETA (HH:MM:SS) = 0:00:00
 [ 32%]  Time step     1787 of 5591 @ t_step =     1786 Time Avg = 1.967640E-04 Time/step= 2.200000E-04 ETA (HH:MM:SS) = 0:00:00
 [ 32%]  Time step     1788 of 5591 @ t_step =     1787 Time Avg = 1.967675E-04 Time/step= 2.030000E-04 ETA (HH:MM:SS) = 0:00:00
 [ 32%]  Time step     1789 of 5591 @ t_step =     1788 Time Avg = 1.967637E-04 Time/step= 1.900000E-04 ETA (HH:MM:SS) = 0:00:00
 [ 32%]  Time step     1790 of 5591 @ t_step =     1789 Time Avg = 1.967594E-04 Time/step= 1.890000E-04 ETA (HH:MM:SS) = 0:00:00
 [ 33%]  Time step     1791 of 5591 @ t_step =     1790 Time Avg = 1.967556E-04 Time/step= 1.900000E-04 ETA (HH:MM:SS) = 0:00:00
 [ 33%]  Time step     1792 of 5591 @ t_step =     1791 Time Avg = 1.967641E-04 Time/step= 2.120000E-04 ETA (HH:MM:SS) = 0:00:00
 [ 33%]  Time step     1793 of 5591 @ t_step =     1792 Time Avg = 1.967676E-04 Time/step= 2.030000E-04 ETA (HH:MM:SS) = 0:00:00
 [ 33%]  Time step     1794 of 5591 @ t_step =     1793 Time Avg = 1.967638E-04 Time/step= 1.900000E-04 ETA (HH:MM:SS) = 0:00:00
 [ 33%]  Time step     1795 of 5591 @ t_step =     1794 Time Avg = 1.967595E-04 Time/step= 1.890000E-04 ETA (HH:MM:SS) = 0:00:00
 [ 33%]  Time step     1796 of 5591 @ t_step =     1795 Time Avg = 1.967702E-04 Time/step= 2.160000E-04 ETA (HH:MM:SS) = 0:00:00
 [ 33%]  Time step     1797 of 5591 @ t_step =     1796 Time Avg = 1.967770E-04 Time/step= 2.090000E-04 ETA (HH:MM:SS) = 0:00:00
 [ 33%]  Time step     1798 of 5591 @ t_step =     1797 Time Avg = 1.967794E-04 Time/step= 2.010000E-04 ETA (HH:MM:SS) = 0:00:00
 [ 33%]  Time step     1799 of 5591 @ t_step =     1798 Time Avg = 1.967751E-04 Time/step= 1.890000E-04 ETA (HH:MM:SS) = 0:00:00
 [ 33%]  Time step     1800 of 5591 @ t_step =     1799 Time Avg = 1.967707E-04 Time/step= 1.890000E-04 ETA (HH:MM:SS) = 0:00:00
 [ 33%]  Time step     1801 of 5591 @ t_step =     1800 Time Avg = 1.967853E-04 Time/step= 2.230000E-04 ETA (HH:MM:SS) = 0:00:00
 [ 33%]  Time step     1802 of 5591 @ t_step =     1801 Time Avg = 1.967888E-04 Time/step= 2.030000E-04 ETA (HH:MM:SS) = 0:00:00
 [ 33%]  Time step     1803 of 5591 @ t_step =     1802 Time Avg = 1.967906E-04 Time/step= 2.000000E-04 ETA (HH:MM:SS) = 0:00:00
 [ 33%]  Time step     1804 of 5591 @ t_step =     1803 Time Avg = 1.967868E-04 Time/step= 1.900000E-04 ETA (HH:MM:SS) = 0:00:00
 [ 33%]  Time step     1805 of 5591 @ t_step =     1804 Time Avg = 1.967825E-04 Time/step= 1.890000E-04 ETA (HH:MM:SS) = 0:00:00
 [ 33%]  Time step     1806 of 5591 @ t_step =     1805 Time Avg = 1.967970E-04 Time/step= 2.230000E-04 ETA (HH:MM:SS) = 0:00:00
 [ 33%]  Time step     1807 of 5591 @ t_step =     1806 Time Avg = 1.968021E-04 Time/step= 2.060000E-04 ETA (HH:MM:SS) = 0:00:00
 [ 33%]  Time step     1808 of 5591 @ t_step =     1807 Time Avg = 1.967983E-04 Time/step= 1.900000E-04 ETA (HH:MM:SS) = 0:00:00
 [ 33%]  Time step     1809 of 5591 @ t_step =     1808 Time Avg = 1.967940E-04 Time/step= 1.890000E-04 ETA (HH:MM:SS) = 0:00:00
 [ 33%]  Time step     1810 of 5591 @ t_step =     1809 Time Avg = 1.967897E-04 Time/step= 1.890000E-04 ETA (HH:MM:SS) = 0:00:00
 [ 33%]  Time step     1811 of 5591 @ t_step =     1810 Time Avg = 1.967942E-04 Time/step= 2.050000E-04 ETA (HH:MM:SS) = 0:00:00
 [ 33%]  Time step     1812 of 5591 @ t_step =     1811 Time Avg = 1.967905E-04 Time/step= 1.900000E-04 ETA (HH:MM:SS) = 0:00:00
 [ 33%]  Time step     1813 of 5591 @ t_step =     1812 Time Avg = 1.967862E-04 Time/step= 1.890000E-04 ETA (HH:MM:SS) = 0:00:00
 [ 33%]  Time step     1814 of 5591 @ t_step =     1813 Time Avg = 1.967819E-04 Time/step= 1.890000E-04 ETA (HH:MM:SS) = 0:00:00
 [ 33%]  Time step     1815 of 5591 @ t_step =     1814 Time Avg = 1.967776E-04 Time/step= 1.890000E-04 ETA (HH:MM:SS) = 0:00:00
 [ 33%]  Time step     1816 of 5591 @ t_step =     1815 Time Avg = 1.967899E-04 Time/step= 2.190000E-04 ETA (HH:MM:SS) = 0:00:00
 [ 33%]  Time step     1817 of 5591 @ t_step =     1816 Time Avg = 1.967856E-04 Time/step= 1.890000E-04 ETA (HH:MM:SS) = 0:00:00
 [ 33%]  Time step     1818 of 5591 @ t_step =     1817 Time Avg = 1.967818E-04 Time/step= 1.900000E-04 ETA (HH:MM:SS) = 0:00:00
 [ 33%]  Time step     1819 of 5591 @ t_step =     1818 Time Avg = 1.967781E-04 Time/step= 1.900000E-04 ETA (HH:MM:SS) = 0:00:00
 [ 33%]  Time step     1820 of 5591 @ t_step =     1819 Time Avg = 1.967738E-04 Time/step= 1.890000E-04 ETA (HH:MM:SS) = 0:00:00
 [ 33%]  Time step     1821 of 5591 @ t_step =     1820 Time Avg = 1.967866E-04 Time/step= 2.200000E-04 ETA (HH:MM:SS) = 0:00:00
 [ 33%]  Time step     1822 of 5591 @ t_step =     1821 Time Avg = 1.967911E-04 Time/step= 2.050000E-04 ETA (HH:MM:SS) = 0:00:00
 [ 33%]  Time step     1823 of 5591 @ t_step =     1822 Time Avg = 1.967868E-04 Time/step= 1.890000E-04 ETA (HH:MM:SS) = 0:00:00
 [ 33%]  Time step     1824 of 5591 @ t_step =     1823 Time Avg = 1.967831E-04 Time/step= 1.900000E-04 ETA (HH:MM:SS) = 0:00:00
 [ 33%]  Time step     1825 of 5591 @ t_step =     1824 Time Avg = 1.967832E-04 Time/step= 1.970000E-04 ETA (HH:MM:SS) = 0:00:00
 [ 33%]  Time step     1826 of 5591 @ t_step =     1825 Time Avg = 1.967822E-04 Time/step= 1.950000E-04 ETA (HH:MM:SS) = 0:00:00
 [ 33%]  Time step     1827 of 5591 @ t_step =     1826 Time Avg = 1.967780E-04 Time/step= 1.890000E-04 ETA (HH:MM:SS) = 0:00:00
 [ 33%]  Time step     1828 of 5591 @ t_step =     1827 Time Avg = 1.967737E-04 Time/step= 1.890000E-04 ETA (HH:MM:SS) = 0:00:00
 [ 33%]  Time step     1829 of 5591 @ t_step =     1828 Time Avg = 1.967700E-04 Time/step= 1.900000E-04 ETA (HH:MM:SS) = 0:00:00
 [ 33%]  Time step     1830 of 5591 @ t_step =     1829 Time Avg = 1.967690E-04 Time/step= 1.950000E-04 ETA (HH:MM:SS) = 0:00:00
 [ 33%]  Time step     1831 of 5591 @ t_step =     1830 Time Avg = 1.967653E-04 Time/step= 1.900000E-04 ETA (HH:MM:SS) = 0:00:00
 [ 33%]  Time step     1832 of 5591 @ t_step =     1831 Time Avg = 1.967611E-04 Time/step= 1.890000E-04 ETA (HH:MM:SS) = 0:00:00
 [ 33%]  Time step     1833 of 5591 @ t_step =     1832 Time Avg = 1.967568E-04 Time/step= 1.890000E-04 ETA (HH:MM:SS) = 0:00:00
 [ 33%]  Time step     1834 of 5591 @ t_step =     1833 Time Avg = 1.967526E-04 Time/step= 1.890000E-04 ETA (HH:MM:SS) = 0:00:00
 [ 33%]  Time step     1835 of 5591 @ t_step =     1834 Time Avg = 1.967484E-04 Time/step= 1.890000E-04 ETA (HH:MM:SS) = 0:00:00
 [ 33%]  Time step     1836 of 5591 @ t_step =     1835 Time Avg = 1.967561E-04 Time/step= 2.110000E-04 ETA (HH:MM:SS) = 0:00:00
 [ 33%]  Time step     1837 of 5591 @ t_step =     1836 Time Avg = 1.967519E-04 Time/step= 1.890000E-04 ETA (HH:MM:SS) = 0:00:00
 [ 33%]  Time step     1838 of 5591 @ t_step =     1837 Time Avg = 1.967477E-04 Time/step= 1.890000E-04 ETA (HH:MM:SS) = 0:00:00
 [ 33%]  Time step     1839 of 5591 @ t_step =     1838 Time Avg = 1.967435E-04 Time/step= 1.890000E-04 ETA (HH:MM:SS) = 0:00:00
 [ 33%]  Time step     1840 of 5591 @ t_step =     1839 Time Avg = 1.967529E-04 Time/step= 2.140000E-04 ETA (HH:MM:SS) = 0:00:00
 [ 33%]  Time step     1841 of 5591 @ t_step =     1840 Time Avg = 1.967535E-04 Time/step= 1.980000E-04 ETA (HH:MM:SS) = 0:00:00
 [ 33%]  Time step     1842 of 5591 @ t_step =     1841 Time Avg = 1.967569E-04 Time/step= 2.030000E-04 ETA (HH:MM:SS) = 0:00:00
 [ 33%]  Time step     1843 of 5591 @ t_step =     1842 Time Avg = 1.967527E-04 Time/step= 1.890000E-04 ETA (HH:MM:SS) = 0:00:00
 [ 33%]  Time step     1844 of 5591 @ t_step =     1843 Time Avg = 1.967485E-04 Time/step= 1.890000E-04 ETA (HH:MM:SS) = 0:00:00
 [ 33%]  Time step     1845 of 5591 @ t_step =     1844 Time Avg = 1.967666E-04 Time/step= 2.300000E-04 ETA (HH:MM:SS) = 0:00:00
 [ 33%]  Time step     1846 of 5591 @ t_step =     1845 Time Avg = 1.967857E-04 Time/step= 2.320000E-04 ETA (HH:MM:SS) = 0:00:00
 [ 34%]  Time step     1847 of 5591 @ t_step =     1846 Time Avg = 1.967923E-04 Time/step= 2.090000E-04 ETA (HH:MM:SS) = 0:00:00
 [ 34%]  Time step     1848 of 5591 @ t_step =     1847 Time Avg = 1.967951E-04 Time/step= 2.020000E-04 ETA (HH:MM:SS) = 0:00:00
 [ 34%]  Time step     1849 of 5591 @ t_step =     1848 Time Avg = 1.967914E-04 Time/step= 1.900000E-04 ETA (HH:MM:SS) = 0:00:00
 [ 34%]  Time step     1850 of 5591 @ t_step =     1849 Time Avg = 1.967910E-04 Time/step= 1.960000E-04 ETA (HH:MM:SS) = 0:00:00
 [ 34%]  Time step     1851 of 5591 @ t_step =     1850 Time Avg = 1.967873E-04 Time/step= 1.900000E-04 ETA (HH:MM:SS) = 0:00:00
 [ 34%]  Time step     1852 of 5591 @ t_step =     1851 Time Avg = 1.967837E-04 Time/step= 1.900000E-04 ETA (HH:MM:SS) = 0:00:00
 [ 34%]  Time step     1853 of 5591 @ t_step =     1852 Time Avg = 1.967795E-04 Time/step= 1.890000E-04 ETA (HH:MM:SS) = 0:00:00
 [ 34%]  Time step     1854 of 5591 @ t_step =     1853 Time Avg = 1.967758E-04 Time/step= 1.900000E-04 ETA (HH:MM:SS) = 0:00:00
 [ 34%]  Time step     1855 of 5591 @ t_step =     1854 Time Avg = 1.967873E-04 Time/step= 2.180000E-04 ETA (HH:MM:SS) = 0:00:00
 [ 34%]  Time step     1856 of 5591 @ t_step =     1855 Time Avg = 1.967836E-04 Time/step= 1.900000E-04 ETA (HH:MM:SS) = 0:00:00
 [ 34%]  Time step     1857 of 5591 @ t_step =     1856 Time Avg = 1.968004E-04 Time/step= 2.280000E-04 ETA (HH:MM:SS) = 0:00:00
 [ 34%]  Time step     1858 of 5591 @ t_step =     1857 Time Avg = 1.968167E-04 Time/step= 2.270000E-04 ETA (HH:MM:SS) = 0:00:00
 [ 34%]  Time step     1859 of 5591 @ t_step =     1858 Time Avg = 1.968335E-04 Time/step= 2.280000E-04 ETA (HH:MM:SS) = 0:00:00
 [ 34%]  Time step     1860 of 5591 @ t_step =     1859 Time Avg = 1.968336E-04 Time/step= 1.970000E-04 ETA (HH:MM:SS) = 0:00:00
 [ 34%]  Time step     1861 of 5591 @ t_step =     1860 Time Avg = 1.968364E-04 Time/step= 2.020000E-04 ETA (HH:MM:SS) = 0:00:00
 [ 34%]  Time step     1862 of 5591 @ t_step =     1861 Time Avg = 1.968322E-04 Time/step= 1.890000E-04 ETA (HH:MM:SS) = 0:00:00
 [ 34%]  Time step     1863 of 5591 @ t_step =     1862 Time Avg = 1.968285E-04 Time/step= 1.900000E-04 ETA (HH:MM:SS) = 0:00:00
 [ 34%]  Time step     1864 of 5591 @ t_step =     1863 Time Avg = 1.968377E-04 Time/step= 2.140000E-04 ETA (HH:MM:SS) = 0:00:00
 [ 34%]  Time step     1865 of 5591 @ t_step =     1864 Time Avg = 1.968340E-04 Time/step= 1.900000E-04 ETA (HH:MM:SS) = 0:00:00
 [ 34%]  Time step     1866 of 5591 @ t_step =     1865 Time Avg = 1.968540E-04 Time/step= 2.340000E-04 ETA (HH:MM:SS) = 0:00:00
 [ 34%]  Time step     1867 of 5591 @ t_step =     1866 Time Avg = 1.968653E-04 Time/step= 2.180000E-04 ETA (HH:MM:SS) = 0:00:00
 [ 34%]  Time step     1868 of 5591 @ t_step =     1867 Time Avg = 1.968745E-04 Time/step= 2.140000E-04 ETA (HH:MM:SS) = 0:00:00
 [ 34%]  Time step     1869 of 5591 @ t_step =     1868 Time Avg = 1.968708E-04 Time/step= 1.900000E-04 ETA (HH:MM:SS) = 0:00:00
 [ 34%]  Time step     1870 of 5591 @ t_step =     1869 Time Avg = 1.968666E-04 Time/step= 1.890000E-04 ETA (HH:MM:SS) = 0:00:00
 [ 34%]  Time step     1871 of 5591 @ t_step =     1870 Time Avg = 1.968630E-04 Time/step= 1.900000E-04 ETA (HH:MM:SS) = 0:00:00
 [ 34%]  Time step     1872 of 5591 @ t_step =     1871 Time Avg = 1.968587E-04 Time/step= 1.890000E-04 ETA (HH:MM:SS) = 0:00:00
 [ 34%]  Time step     1873 of 5591 @ t_step =     1872 Time Avg = 1.968551E-04 Time/step= 1.900000E-04 ETA (HH:MM:SS) = 0:00:00
 [ 34%]  Time step     1874 of 5591 @ t_step =     1873 Time Avg = 1.968648E-04 Time/step= 2.150000E-04 ETA (HH:MM:SS) = 0:00:00
 [ 34%]  Time step     1875 of 5591 @ t_step =     1874 Time Avg = 1.968611E-04 Time/step= 1.900000E-04 ETA (HH:MM:SS) = 0:00:00
 [ 34%]  Time step     1876 of 5591 @ t_step =     1875 Time Avg = 1.968574E-04 Time/step= 1.900000E-04 ETA (HH:MM:SS) = 0:00:00
 [ 34%]  Time step     1877 of 5591 @ t_step =     1876 Time Avg = 1.968533E-04 Time/step= 1.890000E-04 ETA (HH:MM:SS) = 0:00:00
 [ 34%]  Time step     1878 of 5591 @ t_step =     1877 Time Avg = 1.968491E-04 Time/step= 1.890000E-04 ETA (HH:MM:SS) = 0:00:00
 [ 34%]  Time step     1879 of 5591 @ t_step =     1878 Time Avg = 1.968507E-04 Time/step= 2.000000E-04 ETA (HH:MM:SS) = 0:00:00
 [ 34%]  Time step     1880 of 5591 @ t_step =     1879 Time Avg = 1.968540E-04 Time/step= 2.030000E-04 ETA (HH:MM:SS) = 0:00:00
 [ 34%]  Time step     1881 of 5591 @ t_step =     1880 Time Avg = 1.968498E-04 Time/step= 1.890000E-04 ETA (HH:MM:SS) = 0:00:00
 [ 34%]  Time step     1882 of 5591 @ t_step =     1881 Time Avg = 1.968462E-04 Time/step= 1.900000E-04 ETA (HH:MM:SS) = 0:00:00
 [ 34%]  Time step     1883 of 5591 @ t_step =     1882 Time Avg = 1.968495E-04 Time/step= 2.030000E-04 ETA (HH:MM:SS) = 0:00:00
 [ 34%]  Time step     1884 of 5591 @ t_step =     1883 Time Avg = 1.968458E-04 Time/step= 1.900000E-04 ETA (HH:MM:SS) = 0:00:00
 [ 34%]  Time step     1885 of 5591 @ t_step =     1884 Time Avg = 1.968422E-04 Time/step= 1.900000E-04 ETA (HH:MM:SS) = 0:00:00
 [ 34%]  Time step     1886 of 5591 @ t_step =     1885 Time Avg = 1.968386E-04 Time/step= 1.900000E-04 ETA (HH:MM:SS) = 0:00:00
 [ 34%]  Time step     1887 of 5591 @ t_step =     1886 Time Avg = 1.968344E-04 Time/step= 1.890000E-04 ETA (HH:MM:SS) = 0:00:00
 [ 34%]  Time step     1888 of 5591 @ t_step =     1887 Time Avg = 1.968334E-04 Time/step= 1.950000E-04 ETA (HH:MM:SS) = 0:00:00
 [ 34%]  Time step     1889 of 5591 @ t_step =     1888 Time Avg = 1.968293E-04 Time/step= 1.890000E-04 ETA (HH:MM:SS) = 0:00:00
 [ 34%]  Time step     1890 of 5591 @ t_step =     1889 Time Avg = 1.968251E-04 Time/step= 1.890000E-04 ETA (HH:MM:SS) = 0:00:00
 [ 34%]  Time step     1891 of 5591 @ t_step =     1890 Time Avg = 1.968215E-04 Time/step= 1.900000E-04 ETA (HH:MM:SS) = 0:00:00
 [ 34%]  Time step     1892 of 5591 @ t_step =     1891 Time Avg = 1.968174E-04 Time/step= 1.890000E-04 ETA (HH:MM:SS) = 0:00:00
 [ 34%]  Time step     1893 of 5591 @ t_step =     1892 Time Avg = 1.968222E-04 Time/step= 2.060000E-04 ETA (HH:MM:SS) = 0:00:00
 [ 34%]  Time step     1894 of 5591 @ t_step =     1893 Time Avg = 1.968223E-04 Time/step= 1.970000E-04 ETA (HH:MM:SS) = 0:00:00
 [ 34%]  Time step     1895 of 5591 @ t_step =     1894 Time Avg = 1.968182E-04 Time/step= 1.890000E-04 ETA (HH:MM:SS) = 0:00:00
 [ 34%]  Time step     1896 of 5591 @ t_step =     1895 Time Avg = 1.968141E-04 Time/step= 1.890000E-04 ETA (HH:MM:SS) = 0:00:00
 [ 34%]  Time step     1897 of 5591 @ t_step =     1896 Time Avg = 1.968105E-04 Time/step= 1.900000E-04 ETA (HH:MM:SS) = 0:00:00
 [ 34%]  Time step     1898 of 5591 @ t_step =     1897 Time Avg = 1.968243E-04 Time/step= 2.230000E-04 ETA (HH:MM:SS) = 0:00:00
 [ 34%]  Time step     1899 of 5591 @ t_step =     1898 Time Avg = 1.968249E-04 Time/step= 1.980000E-04 ETA (HH:MM:SS) = 0:00:00
 [ 34%]  Time step     1900 of 5591 @ t_step =     1899 Time Avg = 1.968281E-04 Time/step= 2.030000E-04 ETA (HH:MM:SS) = 0:00:00
 [ 34%]  Time step     1901 of 5591 @ t_step =     1900 Time Avg = 1.968246E-04 Time/step= 1.900000E-04 ETA (HH:MM:SS) = 0:00:00
 [ 35%]  Time step     1902 of 5591 @ t_step =     1901 Time Avg = 1.968204E-04 Time/step= 1.890000E-04 ETA (HH:MM:SS) = 0:00:00
 [ 35%]  Time step     1903 of 5591 @ t_step =     1902 Time Avg = 1.968258E-04 Time/step= 2.070000E-04 ETA (HH:MM:SS) = 0:00:00
 [ 35%]  Time step     1904 of 5591 @ t_step =     1903 Time Avg = 1.968217E-04 Time/step= 1.890000E-04 ETA (HH:MM:SS) = 0:00:00
 [ 35%]  Time step     1905 of 5591 @ t_step =     1904 Time Avg = 1.968181E-04 Time/step= 1.900000E-04 ETA (HH:MM:SS) = 0:00:00
 [ 35%]  Time step     1906 of 5591 @ t_step =     1905 Time Avg = 1.968140E-04 Time/step= 1.890000E-04 ETA (HH:MM:SS) = 0:00:00
 [ 35%]  Time step     1907 of 5591 @ t_step =     1906 Time Avg = 1.968104E-04 Time/step= 1.900000E-04 ETA (HH:MM:SS) = 0:00:00
 [ 35%]  Time step     1908 of 5591 @ t_step =     1907 Time Avg = 1.968094E-04 Time/step= 1.950000E-04 ETA (HH:MM:SS) = 0:00:00
 [ 35%]  Time step     1909 of 5591 @ t_step =     1908 Time Avg = 1.968054E-04 Time/step= 1.890000E-04 ETA (HH:MM:SS) = 0:00:00
 [ 35%]  Time step     1910 of 5591 @ t_step =     1909 Time Avg = 1.968018E-04 Time/step= 1.900000E-04 ETA (HH:MM:SS) = 0:00:00
 [ 35%]  Time step     1911 of 5591 @ t_step =     1910 Time Avg = 1.967977E-04 Time/step= 1.890000E-04 ETA (HH:MM:SS) = 0:00:00
 [ 35%]  Time step     1912 of 5591 @ t_step =     1911 Time Avg = 1.967936E-04 Time/step= 1.890000E-04 ETA (HH:MM:SS) = 0:00:00
 [ 35%]  Time step     1913 of 5591 @ t_step =     1912 Time Avg = 1.968073E-04 Time/step= 2.230000E-04 ETA (HH:MM:SS) = 0:00:00
 [ 35%]  Time step     1914 of 5591 @ t_step =     1913 Time Avg = 1.968038E-04 Time/step= 1.900000E-04 ETA (HH:MM:SS) = 0:00:00
 [ 35%]  Time step     1915 of 5591 @ t_step =     1914 Time Avg = 1.967997E-04 Time/step= 1.890000E-04 ETA (HH:MM:SS) = 0:00:00
 [ 35%]  Time step     1916 of 5591 @ t_step =     1915 Time Avg = 1.967961E-04 Time/step= 1.900000E-04 ETA (HH:MM:SS) = 0:00:00
 [ 35%]  Time step     1917 of 5591 @ t_step =     1916 Time Avg = 1.967926E-04 Time/step= 1.900000E-04 ETA (HH:MM:SS) = 0:00:00
 [ 35%]  Time step     1918 of 5591 @ t_step =     1917 Time Avg = 1.968031E-04 Time/step= 2.170000E-04 ETA (HH:MM:SS) = 0:00:00
 [ 35%]  Time step     1919 of 5591 @ t_step =     1918 Time Avg = 1.968027E-04 Time/step= 1.960000E-04 ETA (HH:MM:SS) = 0:00:00
 [ 35%]  Time step     1920 of 5591 @ t_step =     1919 Time Avg = 1.968044E-04 Time/step= 2.000000E-04 ETA (HH:MM:SS) = 0:00:00
 [ 35%]  Time step     1921 of 5591 @ t_step =     1920 Time Avg = 1.968008E-04 Time/step= 1.900000E-04 ETA (HH:MM:SS) = 0:00:00
 [ 35%]  Time step     1922 of 5591 @ t_step =     1921 Time Avg = 1.967973E-04 Time/step= 1.900000E-04 ETA (HH:MM:SS) = 0:00:00
 [ 35%]  Time step     1923 of 5591 @ t_step =     1922 Time Avg = 1.968010E-04 Time/step= 2.040000E-04 ETA (HH:MM:SS) = 0:00:00
 [ 35%]  Time step     1924 of 5591 @ t_step =     1923 Time Avg = 1.967975E-04 Time/step= 1.900000E-04 ETA (HH:MM:SS) = 0:00:00
 [ 35%]  Time step     1925 of 5591 @ t_step =     1924 Time Avg = 1.967940E-04 Time/step= 1.900000E-04 ETA (HH:MM:SS) = 0:00:00
 [ 35%]  Time step     1926 of 5591 @ t_step =     1925 Time Avg = 1.967899E-04 Time/step= 1.890000E-04 ETA (HH:MM:SS) = 0:00:00
 [ 35%]  Time step     1927 of 5591 @ t_step =     1926 Time Avg = 1.967864E-04 Time/step= 1.900000E-04 ETA (HH:MM:SS) = 0:00:00
 [ 35%]  Time step     1928 of 5591 @ t_step =     1927 Time Avg = 1.967865E-04 Time/step= 1.970000E-04 ETA (HH:MM:SS) = 0:00:00
 [ 35%]  Time step     1929 of 5591 @ t_step =     1928 Time Avg = 1.967830E-04 Time/step= 1.900000E-04 ETA (HH:MM:SS) = 0:00:00
 [ 35%]  Time step     1930 of 5591 @ t_step =     1929 Time Avg = 1.967789E-04 Time/step= 1.890000E-04 ETA (HH:MM:SS) = 0:00:00
 [ 35%]  Time step     1931 of 5591 @ t_step =     1930 Time Avg = 1.967754E-04 Time/step= 1.900000E-04 ETA (HH:MM:SS) = 0:00:00
 [ 35%]  Time step     1932 of 5591 @ t_step =     1931 Time Avg = 1.967714E-04 Time/step= 1.890000E-04 ETA (HH:MM:SS) = 0:00:00
 [ 35%]  Time step     1933 of 5591 @ t_step =     1932 Time Avg = 1.967803E-04 Time/step= 2.140000E-04 ETA (HH:MM:SS) = 0:00:00
 [ 35%]  Time step     1934 of 5591 @ t_step =     1933 Time Avg = 1.967913E-04 Time/step= 2.180000E-04 ETA (HH:MM:SS) = 0:00:00
 [ 35%]  Time step     1935 of 5591 @ t_step =     1934 Time Avg = 1.967992E-04 Time/step= 2.120000E-04 ETA (HH:MM:SS) = 0:00:00
 [ 35%]  Time step     1936 of 5591 @ t_step =     1935 Time Avg = 1.968019E-04 Time/step= 2.020000E-04 ETA (HH:MM:SS) = 0:00:00
 [ 35%]  Time step     1937 of 5591 @ t_step =     1936 Time Avg = 1.967978E-04 Time/step= 1.890000E-04 ETA (HH:MM:SS) = 0:00:00
 [ 35%]  Time step     1938 of 5591 @ t_step =     1937 Time Avg = 1.968124E-04 Time/step= 2.250000E-04 ETA (HH:MM:SS) = 0:00:00
 [ 35%]  Time step     1939 of 5591 @ t_step =     1938 Time Avg = 1.968161E-04 Time/step= 2.040000E-04 ETA (HH:MM:SS) = 0:00:00
 [ 35%]  Time step     1940 of 5591 @ t_step =     1939 Time Avg = 1.968126E-04 Time/step= 1.900000E-04 ETA (HH:MM:SS) = 0:00:00
 [ 35%]  Time step     1941 of 5591 @ t_step =     1940 Time Avg = 1.968086E-04 Time/step= 1.890000E-04 ETA (HH:MM:SS) = 0:00:00
 [ 35%]  Time step     1942 of 5591 @ t_step =     1941 Time Avg = 1.968190E-04 Time/step= 2.170000E-04 ETA (HH:MM:SS) = 0:00:00
 [ 35%]  Time step     1943 of 5591 @ t_step =     1942 Time Avg = 1.968196E-04 Time/step= 1.980000E-04 ETA (HH:MM:SS) = 0:00:00
 [ 35%]  Time step     1944 of 5591 @ t_step =     1943 Time Avg = 1.968228E-04 Time/step= 2.030000E-04 ETA (HH:MM:SS) = 0:00:00
 [ 35%]  Time step     1945 of 5591 @ t_step =     1944 Time Avg = 1.968187E-04 Time/step= 1.890000E-04 ETA (HH:MM:SS) = 0:00:00
 [ 35%]  Time step     1946 of 5591 @ t_step =     1945 Time Avg = 1.968152E-04 Time/step= 1.900000E-04 ETA (HH:MM:SS) = 0:00:00
 [ 35%]  Time step     1947 of 5591 @ t_step =     1946 Time Avg = 1.968148E-04 Time/step= 1.960000E-04 ETA (HH:MM:SS) = 0:00:00
 [ 35%]  Time step     1948 of 5591 @ t_step =     1947 Time Avg = 1.968113E-04 Time/step= 1.900000E-04 ETA (HH:MM:SS) = 0:00:00
 [ 35%]  Time step     1949 of 5591 @ t_step =     1948 Time Avg = 1.968073E-04 Time/step= 1.890000E-04 ETA (HH:MM:SS) = 0:00:00
 [ 35%]  Time step     1950 of 5591 @ t_step =     1949 Time Avg = 1.968038E-04 Time/step= 1.900000E-04 ETA (HH:MM:SS) = 0:00:00
 [ 35%]  Time step     1951 of 5591 @ t_step =     1950 Time Avg = 1.967998E-04 Time/step= 1.890000E-04 ETA (HH:MM:SS) = 0:00:00
 [ 35%]  Time step     1952 of 5591 @ t_step =     1951 Time Avg = 1.968081E-04 Time/step= 2.130000E-04 ETA (HH:MM:SS) = 0:00:00
 [ 35%]  Time step     1953 of 5591 @ t_step =     1952 Time Avg = 1.968051E-04 Time/step= 1.910000E-04 ETA (HH:MM:SS) = 0:00:00
 [ 35%]  Time step     1954 of 5591 @ t_step =     1953 Time Avg = 1.968011E-04 Time/step= 1.890000E-04 ETA (HH:MM:SS) = 0:00:00
 [ 35%]  Time step     1955 of 5591 @ t_step =     1954 Time Avg = 1.967971E-04 Time/step= 1.890000E-04 ETA (HH:MM:SS) = 0:00:00
 [ 35%]  Time step     1956 of 5591 @ t_step =     1955 Time Avg = 1.967931E-04 Time/step= 1.890000E-04 ETA (HH:MM:SS) = 0:00:00
 [ 35%]  Time step     1957 of 5591 @ t_step =     1956 Time Avg = 1.967968E-04 Time/step= 2.040000E-04 ETA (HH:MM:SS) = 0:00:00
 [ 36%]  Time step     1958 of 5591 @ t_step =     1957 Time Avg = 1.967934E-04 Time/step= 1.900000E-04 ETA (HH:MM:SS) = 0:00:00
 [ 36%]  Time step     1959 of 5591 @ t_step =     1958 Time Avg = 1.967894E-04 Time/step= 1.890000E-04 ETA (HH:MM:SS) = 0:00:00
 [ 36%]  Time step     1960 of 5591 @ t_step =     1959 Time Avg = 1.967859E-04 Time/step= 1.900000E-04 ETA (HH:MM:SS) = 0:00:00
 [ 36%]  Time step     1961 of 5591 @ t_step =     1960 Time Avg = 1.967824E-04 Time/step= 1.900000E-04 ETA (HH:MM:SS) = 0:00:00
 [ 36%]  Time step     1962 of 5591 @ t_step =     1961 Time Avg = 1.967922E-04 Time/step= 2.160000E-04 ETA (HH:MM:SS) = 0:00:00
 [ 36%]  Time step     1963 of 5591 @ t_step =     1962 Time Avg = 1.967923E-04 Time/step= 1.970000E-04 ETA (HH:MM:SS) = 0:00:00
 [ 36%]  Time step     1964 of 5591 @ t_step =     1963 Time Avg = 1.967945E-04 Time/step= 2.010000E-04 ETA (HH:MM:SS) = 0:00:00
 [ 36%]  Time step     1965 of 5591 @ t_step =     1964 Time Avg = 1.967905E-04 Time/step= 1.890000E-04 ETA (HH:MM:SS) = 0:00:00
 [ 36%]  Time step     1966 of 5591 @ t_step =     1965 Time Avg = 1.967866E-04 Time/step= 1.890000E-04 ETA (HH:MM:SS) = 0:00:00
 [ 36%]  Time step     1967 of 5591 @ t_step =     1966 Time Avg = 1.967862E-04 Time/step= 1.960000E-04 ETA (HH:MM:SS) = 0:00:00
 [ 36%]  Time step     1968 of 5591 @ t_step =     1967 Time Avg = 1.967822E-04 Time/step= 1.890000E-04 ETA (HH:MM:SS) = 0:00:00
 [ 36%]  Time step     1969 of 5591 @ t_step =     1968 Time Avg = 1.967787E-04 Time/step= 1.900000E-04 ETA (HH:MM:SS) = 0:00:00
 [ 36%]  Time step     1970 of 5591 @ t_step =     1969 Time Avg = 1.967748E-04 Time/step= 1.890000E-04 ETA (HH:MM:SS) = 0:00:00
 [ 36%]  Time step     1971 of 5591 @ t_step =     1970 Time Avg = 1.967713E-04 Time/step= 1.900000E-04 ETA (HH:MM:SS) = 0:00:00
 [ 36%]  Time step     1972 of 5591 @ t_step =     1971 Time Avg = 1.967847E-04 Time/step= 2.230000E-04 ETA (HH:MM:SS) = 0:00:00
 [ 36%]  Time step     1973 of 5591 @ t_step =     1972 Time Avg = 1.967812E-04 Time/step= 1.900000E-04 ETA (HH:MM:SS) = 0:00:00
 [ 36%]  Time step     1974 of 5591 @ t_step =     1973 Time Avg = 1.967773E-04 Time/step= 1.890000E-04 ETA (HH:MM:SS) = 0:00:00
 [ 36%]  Time step     1975 of 5591 @ t_step =     1974 Time Avg = 1.967733E-04 Time/step= 1.890000E-04 ETA (HH:MM:SS) = 0:00:00
 [ 36%]  Time step     1976 of 5591 @ t_step =     1975 Time Avg = 1.967699E-04 Time/step= 1.900000E-04 ETA (HH:MM:SS) = 0:00:00
 [ 36%]  Time step     1977 of 5591 @ t_step =     1976 Time Avg = 1.967862E-04 Time/step= 2.290000E-04 ETA (HH:MM:SS) = 0:00:00
 [ 36%]  Time step     1978 of 5591 @ t_step =     1977 Time Avg = 1.967828E-04 Time/step= 1.900000E-04 ETA (HH:MM:SS) = 0:00:00
 [ 36%]  Time step     1979 of 5591 @ t_step =     1978 Time Avg = 1.967794E-04 Time/step= 1.900000E-04 ETA (HH:MM:SS) = 0:00:00
 [ 36%]  Time step     1980 of 5591 @ t_step =     1979 Time Avg = 1.967754E-04 Time/step= 1.890000E-04 ETA (HH:MM:SS) = 0:00:00
 [ 36%]  Time step     1981 of 5591 @ t_step =     1980 Time Avg = 1.967720E-04 Time/step= 1.900000E-04 ETA (HH:MM:SS) = 0:00:00
 [ 36%]  Time step     1982 of 5591 @ t_step =     1981 Time Avg = 1.967847E-04 Time/step= 2.220000E-04 ETA (HH:MM:SS) = 0:00:00
 [ 36%]  Time step     1983 of 5591 @ t_step =     1982 Time Avg = 1.967894E-04 Time/step= 2.060000E-04 ETA (HH:MM:SS) = 0:00:00
 [ 36%]  Time step     1984 of 5591 @ t_step =     1983 Time Avg = 1.967860E-04 Time/step= 1.900000E-04 ETA (HH:MM:SS) = 0:00:00
 [ 36%]  Time step     1985 of 5591 @ t_step =     1984 Time Avg = 1.967820E-04 Time/step= 1.890000E-04 ETA (HH:MM:SS) = 0:00:00
 [ 36%]  Time step     1986 of 5591 @ t_step =     1985 Time Avg = 1.967781E-04 Time/step= 1.890000E-04 ETA (HH:MM:SS) = 0:00:00
 [ 36%]  Time step     1987 of 5591 @ t_step =     1986 Time Avg = 1.967812E-04 Time/step= 2.030000E-04 ETA (HH:MM:SS) = 0:00:00
 [ 36%]  Time step     1988 of 5591 @ t_step =     1987 Time Avg = 1.967778E-04 Time/step= 1.900000E-04 ETA (HH:MM:SS) = 0:00:00
 [ 36%]  Time step     1989 of 5591 @ t_step =     1988 Time Avg = 1.967744E-04 Time/step= 1.900000E-04 ETA (HH:MM:SS) = 0:00:00
 [ 36%]  Time step     1990 of 5591 @ t_step =     1989 Time Avg = 1.967705E-04 Time/step= 1.890000E-04 ETA (HH:MM:SS) = 0:00:00
 [ 36%]  Time step     1991 of 5591 @ t_step =     1990 Time Avg = 1.967666E-04 Time/step= 1.890000E-04 ETA (HH:MM:SS) = 0:00:00
 [ 36%]  Time step     1992 of 5591 @ t_step =     1991 Time Avg = 1.967768E-04 Time/step= 2.170000E-04 ETA (HH:MM:SS) = 0:00:00
 [ 36%]  Time step     1993 of 5591 @ t_step =     1992 Time Avg = 1.967734E-04 Time/step= 1.900000E-04 ETA (HH:MM:SS) = 0:00:00
 [ 36%]  Time step     1994 of 5591 @ t_step =     1993 Time Avg = 1.967695E-04 Time/step= 1.890000E-04 ETA (HH:MM:SS) = 0:00:00
 [ 36%]  Time step     1995 of 5591 @ t_step =     1994 Time Avg = 1.967661E-04 Time/step= 1.900000E-04 ETA (HH:MM:SS) = 0:00:00
 [ 36%]  Time step     1996 of 5591 @ t_step =     1995 Time Avg = 1.967622E-04 Time/step= 1.890000E-04 ETA (HH:MM:SS) = 0:00:00
 [ 36%]  Time step     1997 of 5591 @ t_step =     1996 Time Avg = 1.967648E-04 Time/step= 2.020000E-04 ETA (HH:MM:SS) = 0:00:00
 [ 36%]  Time step     1998 of 5591 @ t_step =     1997 Time Avg = 1.967614E-04 Time/step= 1.900000E-04 ETA (HH:MM:SS) = 0:00:00
 [ 36%]  Time step     1999 of 5591 @ t_step =     1998 Time Avg = 1.967575E-04 Time/step= 1.890000E-04 ETA (HH:MM:SS) = 0:00:00
 [ 36%]  Time step     2000 of 5591 @ t_step =     1999 Time Avg = 1.967536E-04 Time/step= 1.890000E-04 ETA (HH:MM:SS) = 0:00:00
 [ 36%]  Time step     2001 of 5591 @ t_step =     2000 Time Avg = 1.967497E-04 Time/step= 1.890000E-04 ETA (HH:MM:SS) = 0:00:00
 [ 36%]  Time step     2002 of 5591 @ t_step =     2001 Time Avg = 1.967604E-04 Time/step= 2.180000E-04 ETA (HH:MM:SS) = 0:00:00
 [ 36%]  Time step     2003 of 5591 @ t_step =     2002 Time Avg = 1.967640E-04 Time/step= 2.040000E-04 ETA (HH:MM:SS) = 0:00:00
 [ 36%]  Time step     2004 of 5591 @ t_step =     2003 Time Avg = 1.967601E-04 Time/step= 1.890000E-04 ETA (HH:MM:SS) = 0:00:00
 [ 36%]  Time step     2005 of 5591 @ t_step =     2004 Time Avg = 1.967562E-04 Time/step= 1.890000E-04 ETA (HH:MM:SS) = 0:00:00
 [ 36%]  Time step     2006 of 5591 @ t_step =     2005 Time Avg = 1.967539E-04 Time/step= 1.920000E-04 ETA (HH:MM:SS) = 0:00:00
 [ 36%]  Time step     2007 of 5591 @ t_step =     2006 Time Avg = 1.967510E-04 Time/step= 1.910000E-04 ETA (HH:MM:SS) = 0:00:00
 [ 36%]  Time step     2008 of 5591 @ t_step =     2007 Time Avg = 1.967476E-04 Time/step= 1.900000E-04 ETA (HH:MM:SS) = 0:00:00
 [ 36%]  Time step     2009 of 5591 @ t_step =     2008 Time Avg = 1.967443E-04 Time/step= 1.900000E-04 ETA (HH:MM:SS) = 0:00:00
 [ 36%]  Time step     2010 of 5591 @ t_step =     2009 Time Avg = 1.967404E-04 Time/step= 1.890000E-04 ETA (HH:MM:SS) = 0:00:00
 [ 36%]  Time step     2011 of 5591 @ t_step =     2010 Time Avg = 1.967371E-04 Time/step= 1.900000E-04 ETA (HH:MM:SS) = 0:00:00
 [ 36%]  Time step     2012 of 5591 @ t_step =     2011 Time Avg = 1.967446E-04 Time/step= 2.120000E-04 ETA (HH:MM:SS) = 0:00:00
 [ 36%]  Time step     2013 of 5591 @ t_step =     2012 Time Avg = 1.967413E-04 Time/step= 1.900000E-04 ETA (HH:MM:SS) = 0:00:00
 [ 37%]  Time step     2014 of 5591 @ t_step =     2013 Time Avg = 1.967379E-04 Time/step= 1.900000E-04 ETA (HH:MM:SS) = 0:00:00
 [ 37%]  Time step     2015 of 5591 @ t_step =     2014 Time Avg = 1.967346E-04 Time/step= 1.900000E-04 ETA (HH:MM:SS) = 0:00:00
 [ 37%]  Time step     2016 of 5591 @ t_step =     2015 Time Avg = 1.967352E-04 Time/step= 1.980000E-04 ETA (HH:MM:SS) = 0:00:00
 [ 37%]  Time step     2017 of 5591 @ t_step =     2016 Time Avg = 1.967324E-04 Time/step= 1.910000E-04 ETA (HH:MM:SS) = 0:00:00
 [ 37%]  Time step     2018 of 5591 @ t_step =     2017 Time Avg = 1.967290E-04 Time/step= 1.900000E-04 ETA (HH:MM:SS) = 0:00:00
 [ 37%]  Time step     2019 of 5591 @ t_step =     2018 Time Avg = 1.967252E-04 Time/step= 1.890000E-04 ETA (HH:MM:SS) = 0:00:00
 [ 37%]  Time step     2020 of 5591 @ t_step =     2019 Time Avg = 1.967214E-04 Time/step= 1.890000E-04 ETA (HH:MM:SS) = 0:00:00
 [ 37%]  Time step     2021 of 5591 @ t_step =     2020 Time Avg = 1.967284E-04 Time/step= 2.110000E-04 ETA (HH:MM:SS) = 0:00:00
 [ 37%]  Time step     2022 of 5591 @ t_step =     2021 Time Avg = 1.967291E-04 Time/step= 1.980000E-04 ETA (HH:MM:SS) = 0:00:00
 [ 37%]  Time step     2023 of 5591 @ t_step =     2022 Time Avg = 1.967327E-04 Time/step= 2.040000E-04 ETA (HH:MM:SS) = 0:00:00
 [ 37%]  Time step     2024 of 5591 @ t_step =     2023 Time Avg = 1.967293E-04 Time/step= 1.900000E-04 ETA (HH:MM:SS) = 0:00:00
 [ 37%]  Time step     2025 of 5591 @ t_step =     2024 Time Avg = 1.967255E-04 Time/step= 1.890000E-04 ETA (HH:MM:SS) = 0:00:00
 [ 37%]  Time step     2026 of 5591 @ t_step =     2025 Time Avg = 1.967247E-04 Time/step= 1.950000E-04 ETA (HH:MM:SS) = 0:00:00
 [ 37%]  Time step     2027 of 5591 @ t_step =     2026 Time Avg = 1.967213E-04 Time/step= 1.900000E-04 ETA (HH:MM:SS) = 0:00:00
 [ 37%]  Time step     2028 of 5591 @ t_step =     2027 Time Avg = 1.967180E-04 Time/step= 1.900000E-04 ETA (HH:MM:SS) = 0:00:00
 [ 37%]  Time step     2029 of 5591 @ t_step =     2028 Time Avg = 1.967142E-04 Time/step= 1.890000E-04 ETA (HH:MM:SS) = 0:00:00
 [ 37%]  Time step     2030 of 5591 @ t_step =     2029 Time Avg = 1.967109E-04 Time/step= 1.900000E-04 ETA (HH:MM:SS) = 0:00:00
 [ 37%]  Time step     2031 of 5591 @ t_step =     2030 Time Avg = 1.967170E-04 Time/step= 2.090000E-04 ETA (HH:MM:SS) = 0:00:00
 [ 37%]  Time step     2032 of 5591 @ t_step =     2031 Time Avg = 1.967141E-04 Time/step= 1.910000E-04 ETA (HH:MM:SS) = 0:00:00
 [ 37%]  Time step     2033 of 5591 @ t_step =     2032 Time Avg = 1.967103E-04 Time/step= 1.890000E-04 ETA (HH:MM:SS) = 0:00:00
 [ 37%]  Time step     2034 of 5591 @ t_step =     2033 Time Avg = 1.967070E-04 Time/step= 1.900000E-04 ETA (HH:MM:SS) = 0:00:00
 [ 37%]  Time step     2035 of 5591 @ t_step =     2034 Time Avg = 1.967032E-04 Time/step= 1.890000E-04 ETA (HH:MM:SS) = 0:00:00
 [ 37%]  Time step     2036 of 5591 @ t_step =     2035 Time Avg = 1.967054E-04 Time/step= 2.010000E-04 ETA (HH:MM:SS) = 0:00:00
 [ 37%]  Time step     2037 of 5591 @ t_step =     2036 Time Avg = 1.967021E-04 Time/step= 1.900000E-04 ETA (HH:MM:SS) = 0:00:00
 [ 37%]  Time step     2038 of 5591 @ t_step =     2037 Time Avg = 1.966983E-04 Time/step= 1.890000E-04 ETA (HH:MM:SS) = 0:00:00
 [ 37%]  Time step     2039 of 5591 @ t_step =     2038 Time Avg = 1.966945E-04 Time/step= 1.890000E-04 ETA (HH:MM:SS) = 0:00:00
 [ 37%]  Time step     2040 of 5591 @ t_step =     2039 Time Avg = 1.966907E-04 Time/step= 1.890000E-04 ETA (HH:MM:SS) = 0:00:00
 [ 37%]  Time step     2041 of 5591 @ t_step =     2040 Time Avg = 1.966997E-04 Time/step= 2.150000E-04 ETA (HH:MM:SS) = 0:00:00
 [ 37%]  Time step     2042 of 5591 @ t_step =     2041 Time Avg = 1.966999E-04 Time/step= 1.970000E-04 ETA (HH:MM:SS) = 0:00:00
 [ 37%]  Time step     2043 of 5591 @ t_step =     2042 Time Avg = 1.967025E-04 Time/step= 2.020000E-04 ETA (HH:MM:SS) = 0:00:00
 [ 37%]  Time step     2044 of 5591 @ t_step =     2043 Time Avg = 1.966992E-04 Time/step= 1.900000E-04 ETA (HH:MM:SS) = 0:00:00
 [ 37%]  Time step     2045 of 5591 @ t_step =     2044 Time Avg = 1.966954E-04 Time/step= 1.890000E-04 ETA (HH:MM:SS) = 0:00:00
 [ 37%]  Time step     2046 of 5591 @ t_step =     2045 Time Avg = 1.966946E-04 Time/step= 1.950000E-04 ETA (HH:MM:SS) = 0:00:00
 [ 37%]  Time step     2047 of 5591 @ t_step =     2046 Time Avg = 1.966908E-04 Time/step= 1.890000E-04 ETA (HH:MM:SS) = 0:00:00
 [ 37%]  Time step     2048 of 5591 @ t_step =     2047 Time Avg = 1.966875E-04 Time/step= 1.900000E-04 ETA (HH:MM:SS) = 0:00:00
 [ 37%]  Time step     2049 of 5591 @ t_step =     2048 Time Avg = 1.966838E-04 Time/step= 1.890000E-04 ETA (HH:MM:SS) = 0:00:00
 [ 37%]  Time step     2050 of 5591 @ t_step =     2049 Time Avg = 1.966800E-04 Time/step= 1.890000E-04 ETA (HH:MM:SS) = 0:00:00
 [ 37%]  Time step     2051 of 5591 @ t_step =     2050 Time Avg = 1.966885E-04 Time/step= 2.140000E-04 ETA (HH:MM:SS) = 0:00:00
 [ 37%]  Time step     2052 of 5591 @ t_step =     2051 Time Avg = 1.966857E-04 Time/step= 1.910000E-04 ETA (HH:MM:SS) = 0:00:00
 [ 37%]  Time step     2053 of 5591 @ t_step =     2052 Time Avg = 1.966820E-04 Time/step= 1.890000E-04 ETA (HH:MM:SS) = 0:00:00
 [ 37%]  Time step     2054 of 5591 @ t_step =     2053 Time Avg = 1.966782E-04 Time/step= 1.890000E-04 ETA (HH:MM:SS) = 0:00:00
 [ 37%]  Time step     2055 of 5591 @ t_step =     2054 Time Avg = 1.966745E-04 Time/step= 1.890000E-04 ETA (HH:MM:SS) = 0:00:00
 [ 37%]  Time step     2056 of 5591 @ t_step =     2055 Time Avg = 1.966785E-04 Time/step= 2.050000E-04 ETA (HH:MM:SS) = 0:00:00
 [ 37%]  Time step     2057 of 5591 @ t_step =     2056 Time Avg = 1.966835E-04 Time/step= 2.070000E-04 ETA (HH:MM:SS) = 0:00:00
 [ 37%]  Time step     2058 of 5591 @ t_step =     2057 Time Avg = 1.966832E-04 Time/step= 1.960000E-04 ETA (HH:MM:SS) = 0:00:00
 [ 37%]  Time step     2059 of 5591 @ t_step =     2058 Time Avg = 1.966848E-04 Time/step= 2.000000E-04 ETA (HH:MM:SS) = 0:00:00
 [ 37%]  Time step     2060 of 5591 @ t_step =     2059 Time Avg = 1.966811E-04 Time/step= 1.890000E-04 ETA (HH:MM:SS) = 0:00:00
 [ 37%]  Time step     2061 of 5591 @ t_step =     2060 Time Avg = 1.966905E-04 Time/step= 2.160000E-04 ETA (HH:MM:SS) = 0:00:00
 [ 37%]  Time step     2062 of 5591 @ t_step =     2061 Time Avg = 1.966901E-04 Time/step= 1.960000E-04 ETA (HH:MM:SS) = 0:00:00
 [ 37%]  Time step     2063 of 5591 @ t_step =     2062 Time Avg = 1.966864E-04 Time/step= 1.890000E-04 ETA (HH:MM:SS) = 0:00:00
 [ 37%]  Time step     2064 of 5591 @ t_step =     2063 Time Avg = 1.966827E-04 Time/step= 1.890000E-04 ETA (HH:MM:SS) = 0:00:00
 [ 37%]  Time step     2065 of 5591 @ t_step =     2064 Time Avg = 1.966794E-04 Time/step= 1.900000E-04 ETA (HH:MM:SS) = 0:00:00
 [ 37%]  Time step     2066 of 5591 @ t_step =     2065 Time Avg = 1.966791E-04 Time/step= 1.960000E-04 ETA (HH:MM:SS) = 0:00:00
 [ 37%]  Time step     2067 of 5591 @ t_step =     2066 Time Avg = 1.966754E-04 Time/step= 1.890000E-04 ETA (HH:MM:SS) = 0:00:00
 [ 37%]  Time step     2068 of 5591 @ t_step =     2067 Time Avg = 1.966722E-04 Time/step= 1.900000E-04 ETA (HH:MM:SS) = 0:00:00
 [ 37%]  Time step     2069 of 5591 @ t_step =     2068 Time Avg = 1.966689E-04 Time/step= 1.900000E-04 ETA (HH:MM:SS) = 0:00:00
 [ 38%]  Time step     2070 of 5591 @ t_step =     2069 Time Avg = 1.966652E-04 Time/step= 1.890000E-04 ETA (HH:MM:SS) = 0:00:00
 [ 38%]  Time step     2071 of 5591 @ t_step =     2070 Time Avg = 1.966741E-04 Time/step= 2.150000E-04 ETA (HH:MM:SS) = 0:00:00
 [ 38%]  Time step     2072 of 5591 @ t_step =     2071 Time Avg = 1.966709E-04 Time/step= 1.900000E-04 ETA (HH:MM:SS) = 0:00:00
 [ 38%]  Time step     2073 of 5591 @ t_step =     2072 Time Avg = 1.966671E-04 Time/step= 1.890000E-04 ETA (HH:MM:SS) = 0:00:00
 [ 38%]  Time step     2074 of 5591 @ t_step =     2073 Time Avg = 1.966634E-04 Time/step= 1.890000E-04 ETA (HH:MM:SS) = 0:00:00
 [ 38%]  Time step     2075 of 5591 @ t_step =     2074 Time Avg = 1.966602E-04 Time/step= 1.900000E-04 ETA (HH:MM:SS) = 0:00:00
 [ 38%]  Time step     2076 of 5591 @ t_step =     2075 Time Avg = 1.966628E-04 Time/step= 2.020000E-04 ETA (HH:MM:SS) = 0:00:00
 [ 38%]  Time step     2077 of 5591 @ t_step =     2076 Time Avg = 1.966596E-04 Time/step= 1.900000E-04 ETA (HH:MM:SS) = 0:00:00
 [ 38%]  Time step     2078 of 5591 @ t_step =     2077 Time Avg = 1.966564E-04 Time/step= 1.900000E-04 ETA (HH:MM:SS) = 0:00:00
 [ 38%]  Time step     2079 of 5591 @ t_step =     2078 Time Avg = 1.966532E-04 Time/step= 1.900000E-04 ETA (HH:MM:SS) = 0:00:00
 [ 38%]  Time step     2080 of 5591 @ t_step =     2079 Time Avg = 1.966495E-04 Time/step= 1.890000E-04 ETA (HH:MM:SS) = 0:00:00
 [ 38%]  Time step     2081 of 5591 @ t_step =     2080 Time Avg = 1.966593E-04 Time/step= 2.170000E-04 ETA (HH:MM:SS) = 0:00:00
 [ 38%]  Time step     2082 of 5591 @ t_step =     2081 Time Avg = 1.966638E-04 Time/step= 2.060000E-04 ETA (HH:MM:SS) = 0:00:00
 [ 38%]  Time step     2083 of 5591 @ t_step =     2082 Time Avg = 1.966601E-04 Time/step= 1.890000E-04 ETA (HH:MM:SS) = 0:00:00
 [ 38%]  Time step     2084 of 5591 @ t_step =     2083 Time Avg = 1.966564E-04 Time/step= 1.890000E-04 ETA (HH:MM:SS) = 0:00:00
 [ 38%]  Time step     2085 of 5591 @ t_step =     2084 Time Avg = 1.966532E-04 Time/step= 1.900000E-04 ETA (HH:MM:SS) = 0:00:00
 [ 38%]  Time step     2086 of 5591 @ t_step =     2085 Time Avg = 1.966543E-04 Time/step= 1.990000E-04 ETA (HH:MM:SS) = 0:00:00
 [ 38%]  Time step     2087 of 5591 @ t_step =     2086 Time Avg = 1.966507E-04 Time/step= 1.890000E-04 ETA (HH:MM:SS) = 0:00:00
 [ 38%]  Time step     2088 of 5591 @ t_step =     2087 Time Avg = 1.966470E-04 Time/step= 1.890000E-04 ETA (HH:MM:SS) = 0:00:00
 [ 38%]  Time step     2089 of 5591 @ t_step =     2088 Time Avg = 1.966433E-04 Time/step= 1.890000E-04 ETA (HH:MM:SS) = 0:00:00
 [ 38%]  Time step     2090 of 5591 @ t_step =     2089 Time Avg = 1.966402E-04 Time/step= 1.900000E-04 ETA (HH:MM:SS) = 0:00:00
 [ 38%]  Time step     2091 of 5591 @ t_step =     2090 Time Avg = 1.966489E-04 Time/step= 2.150000E-04 ETA (HH:MM:SS) = 0:00:00
 [ 38%]  Time step     2092 of 5591 @ t_step =     2091 Time Avg = 1.966458E-04 Time/step= 1.900000E-04 ETA (HH:MM:SS) = 0:00:00
 [ 38%]  Time step     2093 of 5591 @ t_step =     2092 Time Avg = 1.966421E-04 Time/step= 1.890000E-04 ETA (HH:MM:SS) = 0:00:00
 [ 38%]  Time step     2094 of 5591 @ t_step =     2093 Time Avg = 1.966389E-04 Time/step= 1.900000E-04 ETA (HH:MM:SS) = 0:00:00
 [ 38%]  Time step     2095 of 5591 @ t_step =     2094 Time Avg = 1.966353E-04 Time/step= 1.890000E-04 ETA (HH:MM:SS) = 0:00:00
 [ 38%]  Time step     2096 of 5591 @ t_step =     2095 Time Avg = 1.966378E-04 Time/step= 2.020000E-04 ETA (HH:MM:SS) = 0:00:00
 [ 38%]  Time step     2097 of 5591 @ t_step =     2096 Time Avg = 1.966347E-04 Time/step= 1.900000E-04 ETA (HH:MM:SS) = 0:00:00
 [ 38%]  Time step     2098 of 5591 @ t_step =     2097 Time Avg = 1.966310E-04 Time/step= 1.890000E-04 ETA (HH:MM:SS) = 0:00:00
 [ 38%]  Time step     2099 of 5591 @ t_step =     2098 Time Avg = 1.966279E-04 Time/step= 1.900000E-04 ETA (HH:MM:SS) = 0:00:00
 [ 38%]  Time step     2100 of 5591 @ t_step =     2099 Time Avg = 1.966242E-04 Time/step= 1.890000E-04 ETA (HH:MM:SS) = 0:00:00
 [ 38%]  Time step     2101 of 5591 @ t_step =     2100 Time Avg = 1.966358E-04 Time/step= 2.210000E-04 ETA (HH:MM:SS) = 0:00:00
 [ 38%]  Time step     2102 of 5591 @ t_step =     2101 Time Avg = 1.966398E-04 Time/step= 2.050000E-04 ETA (HH:MM:SS) = 0:00:00
 [ 38%]  Time step     2103 of 5591 @ t_step =     2102 Time Avg = 1.966362E-04 Time/step= 1.890000E-04 ETA (HH:MM:SS) = 0:00:00
 [ 38%]  Time step     2104 of 5591 @ t_step =     2103 Time Avg = 1.966330E-04 Time/step= 1.900000E-04 ETA (HH:MM:SS) = 0:00:00
 [ 38%]  Time step     2105 of 5591 @ t_step =     2104 Time Avg = 1.966323E-04 Time/step= 1.950000E-04 ETA (HH:MM:SS) = 0:00:00
 [ 38%]  Time step     2106 of 5591 @ t_step =     2105 Time Avg = 1.966291E-04 Time/step= 1.900000E-04 ETA (HH:MM:SS) = 0:00:00
 [ 38%]  Time step     2107 of 5591 @ t_step =     2106 Time Avg = 1.966255E-04 Time/step= 1.890000E-04 ETA (HH:MM:SS) = 0:00:00
 [ 38%]  Time step     2108 of 5591 @ t_step =     2107 Time Avg = 1.966223E-04 Time/step= 1.900000E-04 ETA (HH:MM:SS) = 0:00:00
 [ 38%]  Time step     2109 of 5591 @ t_step =     2108 Time Avg = 1.966187E-04 Time/step= 1.890000E-04 ETA (HH:MM:SS) = 0:00:00
 [ 38%]  Time step     2110 of 5591 @ t_step =     2109 Time Avg = 1.966156E-04 Time/step= 1.900000E-04 ETA (HH:MM:SS) = 0:00:00
 [ 38%]  Time step     2111 of 5591 @ t_step =     2110 Time Avg = 1.966224E-04 Time/step= 2.110000E-04 ETA (HH:MM:SS) = 0:00:00
 [ 38%]  Time step     2112 of 5591 @ t_step =     2111 Time Avg = 1.966193E-04 Time/step= 1.900000E-04 ETA (HH:MM:SS) = 0:00:00
 [ 38%]  Time step     2113 of 5591 @ t_step =     2112 Time Avg = 1.966161E-04 Time/step= 1.900000E-04 ETA (HH:MM:SS) = 0:00:00
 [ 38%]  Time step     2114 of 5591 @ t_step =     2113 Time Avg = 1.966130E-04 Time/step= 1.900000E-04 ETA (HH:MM:SS) = 0:00:00
 [ 38%]  Time step     2115 of 5591 @ t_step =     2114 Time Avg = 1.966217E-04 Time/step= 2.150000E-04 ETA (HH:MM:SS) = 0:00:00
 [ 38%]  Time step     2116 of 5591 @ t_step =     2115 Time Avg = 1.966299E-04 Time/step= 2.140000E-04 ETA (HH:MM:SS) = 0:00:00
 [ 38%]  Time step     2117 of 5591 @ t_step =     2116 Time Avg = 1.966405E-04 Time/step= 2.190000E-04 ETA (HH:MM:SS) = 0:00:00
 [ 38%]  Time step     2118 of 5591 @ t_step =     2117 Time Avg = 1.966374E-04 Time/step= 1.900000E-04 ETA (HH:MM:SS) = 0:00:00
 [ 38%]  Time step     2119 of 5591 @ t_step =     2118 Time Avg = 1.966342E-04 Time/step= 1.900000E-04 ETA (HH:MM:SS) = 0:00:00
 [ 38%]  Time step     2120 of 5591 @ t_step =     2119 Time Avg = 1.966438E-04 Time/step= 2.170000E-04 ETA (HH:MM:SS) = 0:00:00
 [ 38%]  Time step     2121 of 5591 @ t_step =     2120 Time Avg = 1.966435E-04 Time/step= 1.960000E-04 ETA (HH:MM:SS) = 0:00:00
 [ 38%]  Time step     2122 of 5591 @ t_step =     2121 Time Avg = 1.966456E-04 Time/step= 2.010000E-04 ETA (HH:MM:SS) = 0:00:00
 [ 38%]  Time step     2123 of 5591 @ t_step =     2122 Time Avg = 1.966425E-04 Time/step= 1.900000E-04 ETA (HH:MM:SS) = 0:00:00
 [ 38%]  Time step     2124 of 5591 @ t_step =     2123 Time Avg = 1.966388E-04 Time/step= 1.890000E-04 ETA (HH:MM:SS) = 0:00:00
 [ 38%]  Time step     2125 of 5591 @ t_step =     2124 Time Avg = 1.966381E-04 Time/step= 1.950000E-04 ETA (HH:MM:SS) = 0:00:00
 [ 39%]  Time step     2126 of 5591 @ t_step =     2125 Time Avg = 1.966566E-04 Time/step= 2.360000E-04 ETA (HH:MM:SS) = 0:00:00
 [ 39%]  Time step     2127 of 5591 @ t_step =     2126 Time Avg = 1.966662E-04 Time/step= 2.170000E-04 ETA (HH:MM:SS) = 0:00:00
 [ 39%]  Time step     2128 of 5591 @ t_step =     2127 Time Avg = 1.966852E-04 Time/step= 2.370000E-04 ETA (HH:MM:SS) = 0:00:00
 [ 39%]  Time step     2129 of 5591 @ t_step =     2128 Time Avg = 1.967065E-04 Time/step= 2.420000E-04 ETA (HH:MM:SS) = 0:00:00
 [ 39%]  Time step     2130 of 5591 @ t_step =     2129 Time Avg = 1.967104E-04 Time/step= 2.050000E-04 ETA (HH:MM:SS) = 0:00:00
 [ 39%]  Time step     2131 of 5591 @ t_step =     2130 Time Avg = 1.967068E-04 Time/step= 1.890000E-04 ETA (HH:MM:SS) = 0:00:00
 [ 39%]  Time step     2132 of 5591 @ t_step =     2131 Time Avg = 1.967031E-04 Time/step= 1.890000E-04 ETA (HH:MM:SS) = 0:00:00
 [ 39%]  Time step     2133 of 5591 @ t_step =     2132 Time Avg = 1.966995E-04 Time/step= 1.890000E-04 ETA (HH:MM:SS) = 0:00:00
 [ 39%]  Time step     2134 of 5591 @ t_step =     2133 Time Avg = 1.967030E-04 Time/step= 2.040000E-04 ETA (HH:MM:SS) = 0:00:00
 [ 39%]  Time step     2135 of 5591 @ t_step =     2134 Time Avg = 1.966998E-04 Time/step= 1.900000E-04 ETA (HH:MM:SS) = 0:00:00
 [ 39%]  Time step     2136 of 5591 @ t_step =     2135 Time Avg = 1.966967E-04 Time/step= 1.900000E-04 ETA (HH:MM:SS) = 0:00:00
 [ 39%]  Time step     2137 of 5591 @ t_step =     2136 Time Avg = 1.966931E-04 Time/step= 1.890000E-04 ETA (HH:MM:SS) = 0:00:00
 [ 39%]  Time step     2138 of 5591 @ t_step =     2137 Time Avg = 1.966899E-04 Time/step= 1.900000E-04 ETA (HH:MM:SS) = 0:00:00
 [ 39%]  Time step     2139 of 5591 @ t_step =     2138 Time Avg = 1.966985E-04 Time/step= 2.150000E-04 ETA (HH:MM:SS) = 0:00:00
 [ 39%]  Time step     2140 of 5591 @ t_step =     2139 Time Avg = 1.966986E-04 Time/step= 1.970000E-04 ETA (HH:MM:SS) = 0:00:00
 [ 39%]  Time step     2141 of 5591 @ t_step =     2140 Time Avg = 1.967007E-04 Time/step= 2.010000E-04 ETA (HH:MM:SS) = 0:00:00
 [ 39%]  Time step     2142 of 5591 @ t_step =     2141 Time Avg = 1.966975E-04 Time/step= 1.900000E-04 ETA (HH:MM:SS) = 0:00:00
 [ 39%]  Time step     2143 of 5591 @ t_step =     2142 Time Avg = 1.966939E-04 Time/step= 1.890000E-04 ETA (HH:MM:SS) = 0:00:00
 [ 39%]  Time step     2144 of 5591 @ t_step =     2143 Time Avg = 1.966931E-04 Time/step= 1.950000E-04 ETA (HH:MM:SS) = 0:00:00
 [ 39%]  Time step     2145 of 5591 @ t_step =     2144 Time Avg = 1.966895E-04 Time/step= 1.890000E-04 ETA (HH:MM:SS) = 0:00:00
 [ 39%]  Time step     2146 of 5591 @ t_step =     2145 Time Avg = 1.966860E-04 Time/step= 1.890000E-04 ETA (HH:MM:SS) = 0:00:00
 [ 39%]  Time step     2147 of 5591 @ t_step =     2146 Time Avg = 1.966824E-04 Time/step= 1.890000E-04 ETA (HH:MM:SS) = 0:00:00
 [ 39%]  Time step     2148 of 5591 @ t_step =     2147 Time Avg = 1.966793E-04 Time/step= 1.900000E-04 ETA (HH:MM:SS) = 0:00:00
 [ 39%]  Time step     2149 of 5591 @ t_step =     2148 Time Avg = 1.966934E-04 Time/step= 2.270000E-04 ETA (HH:MM:SS) = 0:00:00
 [ 39%]  Time step     2150 of 5591 @ t_step =     2149 Time Avg = 1.966903E-04 Time/step= 1.900000E-04 ETA (HH:MM:SS) = 0:00:00
 [ 39%]  Time step     2151 of 5591 @ t_step =     2150 Time Avg = 1.966872E-04 Time/step= 1.900000E-04 ETA (HH:MM:SS) = 0:00:00
 [ 39%]  Time step     2152 of 5591 @ t_step =     2151 Time Avg = 1.966836E-04 Time/step= 1.890000E-04 ETA (HH:MM:SS) = 0:00:00
 [ 39%]  Time step     2153 of 5591 @ t_step =     2152 Time Avg = 1.966800E-04 Time/step= 1.890000E-04 ETA (HH:MM:SS) = 0:00:00
 [ 39%]  Time step     2154 of 5591 @ t_step =     2153 Time Avg = 1.966848E-04 Time/step= 2.070000E-04 ETA (HH:MM:SS) = 0:00:00
 [ 39%]  Time step     2155 of 5591 @ t_step =     2154 Time Avg = 1.966817E-04 Time/step= 1.900000E-04 ETA (HH:MM:SS) = 0:00:00
 [ 39%]  Time step     2156 of 5591 @ t_step =     2155 Time Avg = 1.966781E-04 Time/step= 1.890000E-04 ETA (HH:MM:SS) = 0:00:00
 [ 39%]  Time step     2157 of 5591 @ t_step =     2156 Time Avg = 1.966811E-04 Time/step= 2.030000E-04 ETA (HH:MM:SS) = 0:00:00
 [ 39%]  Time step     2158 of 5591 @ t_step =     2157 Time Avg = 1.966951E-04 Time/step= 2.270000E-04 ETA (HH:MM:SS) = 0:00:00
 [ 39%]  Time step     2159 of 5591 @ t_step =     2158 Time Avg = 1.967092E-04 Time/step= 2.270000E-04 ETA (HH:MM:SS) = 0:00:00
 [ 39%]  Time step     2160 of 5591 @ t_step =     2159 Time Avg = 1.967274E-04 Time/step= 2.360000E-04 ETA (HH:MM:SS) = 0:00:00
 [ 39%]  Time step     2161 of 5591 @ t_step =     2160 Time Avg = 1.967303E-04 Time/step= 2.030000E-04 ETA (HH:MM:SS) = 0:00:00
 [ 39%]  Time step     2162 of 5591 @ t_step =     2161 Time Avg = 1.967272E-04 Time/step= 1.900000E-04 ETA (HH:MM:SS) = 0:00:00
 [ 39%]  Time step     2163 of 5591 @ t_step =     2162 Time Avg = 1.967306E-04 Time/step= 2.040000E-04 ETA (HH:MM:SS) = 0:00:00
 [ 39%]  Time step     2164 of 5591 @ t_step =     2163 Time Avg = 1.967274E-04 Time/step= 1.900000E-04 ETA (HH:MM:SS) = 0:00:00
 [ 39%]  Time step     2165 of 5591 @ t_step =     2164 Time Avg = 1.967243E-04 Time/step= 1.900000E-04 ETA (HH:MM:SS) = 0:00:00
 [ 39%]  Time step     2166 of 5591 @ t_step =     2165 Time Avg = 1.967212E-04 Time/step= 1.900000E-04 ETA (HH:MM:SS) = 0:00:00
 [ 39%]  Time step     2167 of 5591 @ t_step =     2166 Time Avg = 1.967177E-04 Time/step= 1.890000E-04 ETA (HH:MM:SS) = 0:00:00
 [ 39%]  Time step     2168 of 5591 @ t_step =     2167 Time Avg = 1.967279E-04 Time/step= 2.190000E-04 ETA (HH:MM:SS) = 0:00:00
 [ 39%]  Time step     2169 of 5591 @ t_step =     2168 Time Avg = 1.967248E-04 Time/step= 1.900000E-04 ETA (HH:MM:SS) = 0:00:00
 [ 39%]  Time step     2170 of 5591 @ t_step =     2169 Time Avg = 1.967213E-04 Time/step= 1.890000E-04 ETA (HH:MM:SS) = 0:00:00
 [ 39%]  Time step     2171 of 5591 @ t_step =     2170 Time Avg = 1.967182E-04 Time/step= 1.900000E-04 ETA (HH:MM:SS) = 0:00:00
 [ 39%]  Time step     2172 of 5591 @ t_step =     2171 Time Avg = 1.967146E-04 Time/step= 1.890000E-04 ETA (HH:MM:SS) = 0:00:00
 [ 39%]  Time step     2173 of 5591 @ t_step =     2172 Time Avg = 1.967166E-04 Time/step= 2.010000E-04 ETA (HH:MM:SS) = 0:00:00
 [ 39%]  Time step     2174 of 5591 @ t_step =     2173 Time Avg = 1.967135E-04 Time/step= 1.900000E-04 ETA (HH:MM:SS) = 0:00:00
 [ 39%]  Time step     2175 of 5591 @ t_step =     2174 Time Avg = 1.967104E-04 Time/step= 1.900000E-04 ETA (HH:MM:SS) = 0:00:00
 [ 39%]  Time step     2176 of 5591 @ t_step =     2175 Time Avg = 1.967073E-04 Time/step= 1.900000E-04 ETA (HH:MM:SS) = 0:00:00
 [ 39%]  Time step     2177 of 5591 @ t_step =     2176 Time Avg = 1.967038E-04 Time/step= 1.890000E-04 ETA (HH:MM:SS) = 0:00:00
 [ 39%]  Time step     2178 of 5591 @ t_step =     2177 Time Avg = 1.967163E-04 Time/step= 2.240000E-04 ETA (HH:MM:SS) = 0:00:00
 [ 39%]  Time step     2179 of 5591 @ t_step =     2178 Time Avg = 1.967206E-04 Time/step= 2.060000E-04 ETA (HH:MM:SS) = 0:00:00
 [ 39%]  Time step     2180 of 5591 @ t_step =     2179 Time Avg = 1.967175E-04 Time/step= 1.900000E-04 ETA (HH:MM:SS) = 0:00:00
 [ 39%]  Time step     2181 of 5591 @ t_step =     2180 Time Avg = 1.967140E-04 Time/step= 1.890000E-04 ETA (HH:MM:SS) = 0:00:00
 [ 40%]  Time step     2182 of 5591 @ t_step =     2181 Time Avg = 1.967109E-04 Time/step= 1.900000E-04 ETA (HH:MM:SS) = 0:00:00
 [ 40%]  Time step     2183 of 5591 @ t_step =     2182 Time Avg = 1.967106E-04 Time/step= 1.960000E-04 ETA (HH:MM:SS) = 0:00:00
 [ 40%]  Time step     2184 of 5591 @ t_step =     2183 Time Avg = 1.967075E-04 Time/step= 1.900000E-04 ETA (HH:MM:SS) = 0:00:00
 [ 40%]  Time step     2185 of 5591 @ t_step =     2184 Time Avg = 1.967039E-04 Time/step= 1.890000E-04 ETA (HH:MM:SS) = 0:00:00
 [ 40%]  Time step     2186 of 5591 @ t_step =     2185 Time Avg = 1.967004E-04 Time/step= 1.890000E-04 ETA (HH:MM:SS) = 0:00:00
 [ 40%]  Time step     2187 of 5591 @ t_step =     2186 Time Avg = 1.966973E-04 Time/step= 1.900000E-04 ETA (HH:MM:SS) = 0:00:00
 [ 40%]  Time step     2188 of 5591 @ t_step =     2187 Time Avg = 1.967062E-04 Time/step= 2.160000E-04 ETA (HH:MM:SS) = 0:00:00
 [ 40%]  Time step     2189 of 5591 @ t_step =     2188 Time Avg = 1.967031E-04 Time/step= 1.900000E-04 ETA (HH:MM:SS) = 0:00:00
 [ 40%]  Time step     2190 of 5591 @ t_step =     2189 Time Avg = 1.966996E-04 Time/step= 1.890000E-04 ETA (HH:MM:SS) = 0:00:00
 [ 40%]  Time step     2191 of 5591 @ t_step =     2190 Time Avg = 1.966965E-04 Time/step= 1.900000E-04 ETA (HH:MM:SS) = 0:00:00
 [ 40%]  Time step     2192 of 5591 @ t_step =     2191 Time Avg = 1.966930E-04 Time/step= 1.890000E-04 ETA (HH:MM:SS) = 0:00:00
 [ 40%]  Time step     2193 of 5591 @ t_step =     2192 Time Avg = 1.966959E-04 Time/step= 2.030000E-04 ETA (HH:MM:SS) = 0:00:00
 [ 40%]  Time step     2194 of 5591 @ t_step =     2193 Time Avg = 1.966928E-04 Time/step= 1.900000E-04 ETA (HH:MM:SS) = 0:00:00
 [ 40%]  Time step     2195 of 5591 @ t_step =     2194 Time Avg = 1.966893E-04 Time/step= 1.890000E-04 ETA (HH:MM:SS) = 0:00:00
 [ 40%]  Time step     2196 of 5591 @ t_step =     2195 Time Avg = 1.966858E-04 Time/step= 1.890000E-04 ETA (HH:MM:SS) = 0:00:00
 [ 40%]  Time step     2197 of 5591 @ t_step =     2196 Time Avg = 1.966823E-04 Time/step= 1.890000E-04 ETA (HH:MM:SS) = 0:00:00
 [ 40%]  Time step     2198 of 5591 @ t_step =     2197 Time Avg = 1.966911E-04 Time/step= 2.160000E-04 ETA (HH:MM:SS) = 0:00:00
 [ 40%]  Time step     2199 of 5591 @ t_step =     2198 Time Avg = 1.966954E-04 Time/step= 2.060000E-04 ETA (HH:MM:SS) = 0:00:00
 [ 40%]  Time step     2200 of 5591 @ t_step =     2199 Time Avg = 1.966923E-04 Time/step= 1.900000E-04 ETA (HH:MM:SS) = 0:00:00
 [ 40%]  Time step     2201 of 5591 @ t_step =     2200 Time Avg = 1.966888E-04 Time/step= 1.890000E-04 ETA (HH:MM:SS) = 0:00:00
 [ 40%]  Time step     2202 of 5591 @ t_step =     2201 Time Avg = 1.966858E-04 Time/step= 1.900000E-04 ETA (HH:MM:SS) = 0:00:00
 [ 40%]  Time step     2203 of 5591 @ t_step =     2202 Time Avg = 1.966850E-04 Time/step= 1.950000E-04 ETA (HH:MM:SS) = 0:00:00
 [ 40%]  Time step     2204 of 5591 @ t_step =     2203 Time Avg = 1.966820E-04 Time/step= 1.900000E-04 ETA (HH:MM:SS) = 0:00:00
 [ 40%]  Time step     2205 of 5591 @ t_step =     2204 Time Avg = 1.966785E-04 Time/step= 1.890000E-04 ETA (HH:MM:SS) = 0:00:00
 [ 40%]  Time step     2206 of 5591 @ t_step =     2205 Time Avg = 1.966754E-04 Time/step= 1.900000E-04 ETA (HH:MM:SS) = 0:00:00
 [ 40%]  Time step     2207 of 5591 @ t_step =     2206 Time Avg = 1.966724E-04 Time/step= 1.900000E-04 ETA (HH:MM:SS) = 0:00:00
 [ 40%]  Time step     2208 of 5591 @ t_step =     2207 Time Avg = 1.966798E-04 Time/step= 2.130000E-04 ETA (HH:MM:SS) = 0:00:00
 [ 40%]  Time step     2209 of 5591 @ t_step =     2208 Time Avg = 1.966763E-04 Time/step= 1.890000E-04 ETA (HH:MM:SS) = 0:00:00
 [ 40%]  Time step     2210 of 5591 @ t_step =     2209 Time Avg = 1.966729E-04 Time/step= 1.890000E-04 ETA (HH:MM:SS) = 0:00:00
 [ 40%]  Time step     2211 of 5591 @ t_step =     2210 Time Avg = 1.966698E-04 Time/step= 1.900000E-04 ETA (HH:MM:SS) = 0:00:00
 [ 40%]  Time step     2212 of 5591 @ t_step =     2211 Time Avg = 1.966664E-04 Time/step= 1.890000E-04 ETA (HH:MM:SS) = 0:00:00
 [ 40%]  Time step     2213 of 5591 @ t_step =     2212 Time Avg = 1.966688E-04 Time/step= 2.020000E-04 ETA (HH:MM:SS) = 0:00:00
 [ 40%]  Time step     2214 of 5591 @ t_step =     2213 Time Avg = 1.966658E-04 Time/step= 1.900000E-04 ETA (HH:MM:SS) = 0:00:00
 [ 40%]  Time step     2215 of 5591 @ t_step =     2214 Time Avg = 1.966627E-04 Time/step= 1.900000E-04 ETA (HH:MM:SS) = 0:00:00
 [ 40%]  Time step     2216 of 5591 @ t_step =     2215 Time Avg = 1.966593E-04 Time/step= 1.890000E-04 ETA (HH:MM:SS) = 0:00:00
 [ 40%]  Time step     2217 of 5591 @ t_step =     2216 Time Avg = 1.966563E-04 Time/step= 1.900000E-04 ETA (HH:MM:SS) = 0:00:00
 [ 40%]  Time step     2218 of 5591 @ t_step =     2217 Time Avg = 1.966682E-04 Time/step= 2.230000E-04 ETA (HH:MM:SS) = 0:00:00
 [ 40%]  Time step     2219 of 5591 @ t_step =     2218 Time Avg = 1.966719E-04 Time/step= 2.050000E-04 ETA (HH:MM:SS) = 0:00:00
 [ 40%]  Time step     2220 of 5591 @ t_step =     2219 Time Avg = 1.966685E-04 Time/step= 1.890000E-04 ETA (HH:MM:SS) = 0:00:00
 [ 40%]  Time step     2221 of 5591 @ t_step =     2220 Time Avg = 1.966650E-04 Time/step= 1.890000E-04 ETA (HH:MM:SS) = 0:00:00
 [ 40%]  Time step     2222 of 5591 @ t_step =     2221 Time Avg = 1.966647E-04 Time/step= 1.960000E-04 ETA (HH:MM:SS) = 0:00:00
 [ 40%]  Time step     2223 of 5591 @ t_step =     2222 Time Avg = 1.966626E-04 Time/step= 1.920000E-04 ETA (HH:MM:SS) = 0:00:00
 [ 40%]  Time step     2224 of 5591 @ t_step =     2223 Time Avg = 1.966592E-04 Time/step= 1.890000E-04 ETA (HH:MM:SS) = 0:00:00
 [ 40%]  Time step     2225 of 5591 @ t_step =     2224 Time Avg = 1.966557E-04 Time/step= 1.890000E-04 ETA (HH:MM:SS) = 0:00:00
 [ 40%]  Time step     2226 of 5591 @ t_step =     2225 Time Avg = 1.966523E-04 Time/step= 1.890000E-04 ETA (HH:MM:SS) = 0:00:00
 [ 40%]  Time step     2227 of 5591 @ t_step =     2226 Time Avg = 1.966493E-04 Time/step= 1.900000E-04 ETA (HH:MM:SS) = 0:00:00
 [ 40%]  Time step     2228 of 5591 @ t_step =     2227 Time Avg = 1.966544E-04 Time/step= 2.080000E-04 ETA (HH:MM:SS) = 0:00:00
 [ 40%]  Time step     2229 of 5591 @ t_step =     2228 Time Avg = 1.966514E-04 Time/step= 1.900000E-04 ETA (HH:MM:SS) = 0:00:00
 [ 40%]  Time step     2230 of 5591 @ t_step =     2229 Time Avg = 1.966480E-04 Time/step= 1.890000E-04 ETA (HH:MM:SS) = 0:00:00
 [ 40%]  Time step     2231 of 5591 @ t_step =     2230 Time Avg = 1.966445E-04 Time/step= 1.890000E-04 ETA (HH:MM:SS) = 0:00:00
 [ 40%]  Time step     2232 of 5591 @ t_step =     2231 Time Avg = 1.966474E-04 Time/step= 2.030000E-04 ETA (HH:MM:SS) = 0:00:00
 [ 40%]  Time step     2233 of 5591 @ t_step =     2232 Time Avg = 1.966448E-04 Time/step= 1.910000E-04 ETA (HH:MM:SS) = 0:00:00
 [ 40%]  Time step     2234 of 5591 @ t_step =     2233 Time Avg = 1.966419E-04 Time/step= 1.900000E-04 ETA (HH:MM:SS) = 0:00:00
 [ 40%]  Time step     2235 of 5591 @ t_step =     2234 Time Avg = 1.966384E-04 Time/step= 1.890000E-04 ETA (HH:MM:SS) = 0:00:00
 [ 40%]  Time step     2236 of 5591 @ t_step =     2235 Time Avg = 1.966355E-04 Time/step= 1.900000E-04 ETA (HH:MM:SS) = 0:00:00
 [ 40%]  Time step     2237 of 5591 @ t_step =     2236 Time Avg = 1.966428E-04 Time/step= 2.130000E-04 ETA (HH:MM:SS) = 0:00:00
 [ 41%]  Time step     2238 of 5591 @ t_step =     2237 Time Avg = 1.966434E-04 Time/step= 1.980000E-04 ETA (HH:MM:SS) = 0:00:00
 [ 41%]  Time step     2239 of 5591 @ t_step =     2238 Time Avg = 1.966467E-04 Time/step= 2.040000E-04 ETA (HH:MM:SS) = 0:00:00
 [ 41%]  Time step     2240 of 5591 @ t_step =     2239 Time Avg = 1.966437E-04 Time/step= 1.900000E-04 ETA (HH:MM:SS) = 0:00:00
 [ 41%]  Time step     2241 of 5591 @ t_step =     2240 Time Avg = 1.966403E-04 Time/step= 1.890000E-04 ETA (HH:MM:SS) = 0:00:00
 [ 41%]  Time step     2242 of 5591 @ t_step =     2241 Time Avg = 1.966427E-04 Time/step= 2.020000E-04 ETA (HH:MM:SS) = 0:00:00
 [ 41%]  Time step     2243 of 5591 @ t_step =     2242 Time Avg = 1.966397E-04 Time/step= 1.900000E-04 ETA (HH:MM:SS) = 0:00:00
 [ 41%]  Time step     2244 of 5591 @ t_step =     2243 Time Avg = 1.966368E-04 Time/step= 1.900000E-04 ETA (HH:MM:SS) = 0:00:00
 [ 41%]  Time step     2245 of 5591 @ t_step =     2244 Time Avg = 1.966338E-04 Time/step= 1.900000E-04 ETA (HH:MM:SS) = 0:00:00
 [ 41%]  Time step     2246 of 5591 @ t_step =     2245 Time Avg = 1.966304E-04 Time/step= 1.890000E-04 ETA (HH:MM:SS) = 0:00:00
 [ 41%]  Time step     2247 of 5591 @ t_step =     2246 Time Avg = 1.966373E-04 Time/step= 2.120000E-04 ETA (HH:MM:SS) = 0:00:00
 [ 41%]  Time step     2248 of 5591 @ t_step =     2247 Time Avg = 1.966347E-04 Time/step= 1.910000E-04 ETA (HH:MM:SS) = 0:00:00
 [ 41%]  Time step     2249 of 5591 @ t_step =     2248 Time Avg = 1.966318E-04 Time/step= 1.900000E-04 ETA (HH:MM:SS) = 0:00:00
 [ 41%]  Time step     2250 of 5591 @ t_step =     2249 Time Avg = 1.966284E-04 Time/step= 1.890000E-04 ETA (HH:MM:SS) = 0:00:00
 [ 41%]  Time step     2251 of 5591 @ t_step =     2250 Time Avg = 1.966254E-04 Time/step= 1.900000E-04 ETA (HH:MM:SS) = 0:00:00
 [ 41%]  Time step     2252 of 5591 @ t_step =     2251 Time Avg = 1.966278E-04 Time/step= 2.020000E-04 ETA (HH:MM:SS) = 0:00:00
 [ 41%]  Time step     2253 of 5591 @ t_step =     2252 Time Avg = 1.966249E-04 Time/step= 1.900000E-04 ETA (HH:MM:SS) = 0:00:00
 [ 41%]  Time step     2254 of 5591 @ t_step =     2253 Time Avg = 1.966219E-04 Time/step= 1.900000E-04 ETA (HH:MM:SS) = 0:00:00
 [ 41%]  Time step     2255 of 5591 @ t_step =     2254 Time Avg = 1.966186E-04 Time/step= 1.890000E-04 ETA (HH:MM:SS) = 0:00:00
 [ 41%]  Time step     2256 of 5591 @ t_step =     2255 Time Avg = 1.966156E-04 Time/step= 1.900000E-04 ETA (HH:MM:SS) = 0:00:00
 [ 41%]  Time step     2257 of 5591 @ t_step =     2256 Time Avg = 1.966229E-04 Time/step= 2.130000E-04 ETA (HH:MM:SS) = 0:00:00
 [ 41%]  Time step     2258 of 5591 @ t_step =     2257 Time Avg = 1.966231E-04 Time/step= 1.970000E-04 ETA (HH:MM:SS) = 0:00:00
 [ 41%]  Time step     2259 of 5591 @ t_step =     2258 Time Avg = 1.966250E-04 Time/step= 2.010000E-04 ETA (HH:MM:SS) = 0:00:00
 [ 41%]  Time step     2260 of 5591 @ t_step =     2259 Time Avg = 1.966216E-04 Time/step= 1.890000E-04 ETA (HH:MM:SS) = 0:00:00
 [ 41%]  Time step     2261 of 5591 @ t_step =     2260 Time Avg = 1.966187E-04 Time/step= 1.900000E-04 ETA (HH:MM:SS) = 0:00:00
 [ 41%]  Time step     2262 of 5591 @ t_step =     2261 Time Avg = 1.966220E-04 Time/step= 2.040000E-04 ETA (HH:MM:SS) = 0:00:00
 [ 41%]  Time step     2263 of 5591 @ t_step =     2262 Time Avg = 1.966190E-04 Time/step= 1.900000E-04 ETA (HH:MM:SS) = 0:00:00
 [ 41%]  Time step     2264 of 5591 @ t_step =     2263 Time Avg = 1.966161E-04 Time/step= 1.900000E-04 ETA (HH:MM:SS) = 0:00:00
 [ 41%]  Time step     2265 of 5591 @ t_step =     2264 Time Avg = 1.966127E-04 Time/step= 1.890000E-04 ETA (HH:MM:SS) = 0:00:00
 [ 41%]  Time step     2266 of 5591 @ t_step =     2265 Time Avg = 1.966094E-04 Time/step= 1.890000E-04 ETA (HH:MM:SS) = 0:00:00
 [ 41%]  Time step     2267 of 5591 @ t_step =     2266 Time Avg = 1.966184E-04 Time/step= 2.170000E-04 ETA (HH:MM:SS) = 0:00:00
 [ 41%]  Time step     2268 of 5591 @ t_step =     2267 Time Avg = 1.966155E-04 Time/step= 1.900000E-04 ETA (HH:MM:SS) = 0:00:00
 [ 41%]  Time step     2269 of 5591 @ t_step =     2268 Time Avg = 1.966125E-04 Time/step= 1.900000E-04 ETA (HH:MM:SS) = 0:00:00
 [ 41%]  Time step     2270 of 5591 @ t_step =     2269 Time Avg = 1.966096E-04 Time/step= 1.900000E-04 ETA (HH:MM:SS) = 0:00:00
 [ 41%]  Time step     2271 of 5591 @ t_step =     2270 Time Avg = 1.966063E-04 Time/step= 1.890000E-04 ETA (HH:MM:SS) = 0:00:00
 [ 41%]  Time step     2272 of 5591 @ t_step =     2271 Time Avg = 1.966086E-04 Time/step= 2.020000E-04 ETA (HH:MM:SS) = 0:00:00
 [ 41%]  Time step     2273 of 5591 @ t_step =     2272 Time Avg = 1.966057E-04 Time/step= 1.900000E-04 ETA (HH:MM:SS) = 0:00:00
 [ 41%]  Time step     2274 of 5591 @ t_step =     2273 Time Avg = 1.966028E-04 Time/step= 1.900000E-04 ETA (HH:MM:SS) = 0:00:00
 [ 41%]  Time step     2275 of 5591 @ t_step =     2274 Time Avg = 1.965999E-04 Time/step= 1.900000E-04 ETA (HH:MM:SS) = 0:00:00
 [ 41%]  Time step     2276 of 5591 @ t_step =     2275 Time Avg = 1.965966E-04 Time/step= 1.890000E-04 ETA (HH:MM:SS) = 0:00:00
 [ 41%]  Time step     2277 of 5591 @ t_step =     2276 Time Avg = 1.966051E-04 Time/step= 2.160000E-04 ETA (HH:MM:SS) = 0:00:00
 [ 41%]  Time step     2278 of 5591 @ t_step =     2277 Time Avg = 1.966048E-04 Time/step= 1.960000E-04 ETA (HH:MM:SS) = 0:00:00
 [ 41%]  Time step     2279 of 5591 @ t_step =     2278 Time Avg = 1.966063E-04 Time/step= 2.000000E-04 ETA (HH:MM:SS) = 0:00:00
 [ 41%]  Time step     2280 of 5591 @ t_step =     2279 Time Avg = 1.966030E-04 Time/step= 1.890000E-04 ETA (HH:MM:SS) = 0:00:00
 [ 41%]  Time step     2281 of 5591 @ t_step =     2280 Time Avg = 1.966001E-04 Time/step= 1.900000E-04 ETA (HH:MM:SS) = 0:00:00
 [ 41%]  Time step     2282 of 5591 @ t_step =     2281 Time Avg = 1.966025E-04 Time/step= 2.020000E-04 ETA (HH:MM:SS) = 0:00:00
 [ 41%]  Time step     2283 of 5591 @ t_step =     2282 Time Avg = 1.965996E-04 Time/step= 1.900000E-04 ETA (HH:MM:SS) = 0:00:00
 [ 41%]  Time step     2284 of 5591 @ t_step =     2283 Time Avg = 1.965967E-04 Time/step= 1.900000E-04 ETA (HH:MM:SS) = 0:00:00
 [ 41%]  Time step     2285 of 5591 @ t_step =     2284 Time Avg = 1.965933E-04 Time/step= 1.890000E-04 ETA (HH:MM:SS) = 0:00:00
 [ 41%]  Time step     2286 of 5591 @ t_step =     2285 Time Avg = 1.965900E-04 Time/step= 1.890000E-04 ETA (HH:MM:SS) = 0:00:00
 [ 41%]  Time step     2287 of 5591 @ t_step =     2286 Time Avg = 1.965968E-04 Time/step= 2.120000E-04 ETA (HH:MM:SS) = 0:00:00
 [ 41%]  Time step     2288 of 5591 @ t_step =     2287 Time Avg = 1.965934E-04 Time/step= 1.890000E-04 ETA (HH:MM:SS) = 0:00:00
 [ 41%]  Time step     2289 of 5591 @ t_step =     2288 Time Avg = 1.965901E-04 Time/step= 1.890000E-04 ETA (HH:MM:SS) = 0:00:00
 [ 41%]  Time step     2290 of 5591 @ t_step =     2289 Time Avg = 1.965872E-04 Time/step= 1.900000E-04 ETA (HH:MM:SS) = 0:00:00
 [ 41%]  Time step     2291 of 5591 @ t_step =     2290 Time Avg = 1.965844E-04 Time/step= 1.900000E-04 ETA (HH:MM:SS) = 0:00:00
 [ 41%]  Time step     2292 of 5591 @ t_step =     2291 Time Avg = 1.965885E-04 Time/step= 2.060000E-04 ETA (HH:MM:SS) = 0:00:00
 [ 41%]  Time step     2293 of 5591 @ t_step =     2292 Time Avg = 1.965852E-04 Time/step= 1.890000E-04 ETA (HH:MM:SS) = 0:00:00
 [ 42%]  Time step     2294 of 5591 @ t_step =     2293 Time Avg = 1.965823E-04 Time/step= 1.900000E-04 ETA (HH:MM:SS) = 0:00:00
 [ 42%]  Time step     2295 of 5591 @ t_step =     2294 Time Avg = 1.965790E-04 Time/step= 1.890000E-04 ETA (HH:MM:SS) = 0:00:00
 [ 42%]  Time step     2296 of 5591 @ t_step =     2295 Time Avg = 1.965757E-04 Time/step= 1.890000E-04 ETA (HH:MM:SS) = 0:00:00
 [ 42%]  Time step     2297 of 5591 @ t_step =     2296 Time Avg = 1.965898E-04 Time/step= 2.290000E-04 ETA (HH:MM:SS) = 0:00:00
 [ 42%]  Time step     2298 of 5591 @ t_step =     2297 Time Avg = 1.965935E-04 Time/step= 2.050000E-04 ETA (HH:MM:SS) = 0:00:00
 [ 42%]  Time step     2299 of 5591 @ t_step =     2298 Time Avg = 1.965902E-04 Time/step= 1.890000E-04 ETA (HH:MM:SS) = 0:00:00
 [ 42%]  Time step     2300 of 5591 @ t_step =     2299 Time Avg = 1.965873E-04 Time/step= 1.900000E-04 ETA (HH:MM:SS) = 0:00:00
 [ 42%]  Time step     2301 of 5591 @ t_step =     2300 Time Avg = 1.965840E-04 Time/step= 1.890000E-04 ETA (HH:MM:SS) = 0:00:00
 [ 42%]  Time step     2302 of 5591 @ t_step =     2301 Time Avg = 1.965868E-04 Time/step= 2.030000E-04 ETA (HH:MM:SS) = 0:00:00
 [ 42%]  Time step     2303 of 5591 @ t_step =     2302 Time Avg = 1.965835E-04 Time/step= 1.890000E-04 ETA (HH:MM:SS) = 0:00:00
 [ 42%]  Time step     2304 of 5591 @ t_step =     2303 Time Avg = 1.965802E-04 Time/step= 1.890000E-04 ETA (HH:MM:SS) = 0:00:00
 [ 42%]  Time step     2305 of 5591 @ t_step =     2304 Time Avg = 1.965769E-04 Time/step= 1.890000E-04 ETA (HH:MM:SS) = 0:00:00
 [ 42%]  Time step     2306 of 5591 @ t_step =     2305 Time Avg = 1.965736E-04 Time/step= 1.890000E-04 ETA (HH:MM:SS) = 0:00:00
 [ 42%]  Time step     2307 of 5591 @ t_step =     2306 Time Avg = 1.965803E-04 Time/step= 2.120000E-04 ETA (HH:MM:SS) = 0:00:00
 [ 42%]  Time step     2308 of 5591 @ t_step =     2307 Time Avg = 1.965779E-04 Time/step= 1.910000E-04 ETA (HH:MM:SS) = 0:00:00
 [ 42%]  Time step     2309 of 5591 @ t_step =     2308 Time Avg = 1.965746E-04 Time/step= 1.890000E-04 ETA (HH:MM:SS) = 0:00:00
 [ 42%]  Time step     2310 of 5591 @ t_step =     2309 Time Avg = 1.965717E-04 Time/step= 1.900000E-04 ETA (HH:MM:SS) = 0:00:00
 [ 42%]  Time step     2311 of 5591 @ t_step =     2310 Time Avg = 1.965685E-04 Time/step= 1.890000E-04 ETA (HH:MM:SS) = 0:00:00
 [ 42%]  Time step     2312 of 5591 @ t_step =     2311 Time Avg = 1.965708E-04 Time/step= 2.020000E-04 ETA (HH:MM:SS) = 0:00:00
 [ 42%]  Time step     2313 of 5591 @ t_step =     2312 Time Avg = 1.965680E-04 Time/step= 1.900000E-04 ETA (HH:MM:SS) = 0:00:00
 [ 42%]  Time step     2314 of 5591 @ t_step =     2313 Time Avg = 1.965647E-04 Time/step= 1.890000E-04 ETA (HH:MM:SS) = 0:00:00
 [ 42%]  Time step     2315 of 5591 @ t_step =     2314 Time Avg = 1.965619E-04 Time/step= 1.900000E-04 ETA (HH:MM:SS) = 0:00:00
 [ 42%]  Time step     2316 of 5591 @ t_step =     2315 Time Avg = 1.965586E-04 Time/step= 1.890000E-04 ETA (HH:MM:SS) = 0:00:00
 [ 42%]  Time step     2317 of 5591 @ t_step =     2316 Time Avg = 1.965752E-04 Time/step= 2.350000E-04 ETA (HH:MM:SS) = 0:00:00
 [ 42%]  Time step     2318 of 5591 @ t_step =     2317 Time Avg = 1.965849E-04 Time/step= 2.190000E-04 ETA (HH:MM:SS) = 0:00:00
 [ 42%]  Time step     2319 of 5591 @ t_step =     2318 Time Avg = 1.965820E-04 Time/step= 1.900000E-04 ETA (HH:MM:SS) = 0:00:00
 [ 42%]  Time step     2320 of 5591 @ t_step =     2319 Time Avg = 1.965788E-04 Time/step= 1.890000E-04 ETA (HH:MM:SS) = 0:00:00
 [ 42%]  Time step     2321 of 5591 @ t_step =     2320 Time Avg = 1.965802E-04 Time/step= 2.000000E-04 ETA (HH:MM:SS) = 0:00:00
 [ 42%]  Time step     2322 of 5591 @ t_step =     2321 Time Avg = 1.965774E-04 Time/step= 1.900000E-04 ETA (HH:MM:SS) = 0:00:00
 [ 42%]  Time step     2323 of 5591 @ t_step =     2322 Time Avg = 1.965746E-04 Time/step= 1.900000E-04 ETA (HH:MM:SS) = 0:00:00
 [ 42%]  Time step     2324 of 5591 @ t_step =     2323 Time Avg = 1.965713E-04 Time/step= 1.890000E-04 ETA (HH:MM:SS) = 0:00:00
 [ 42%]  Time step     2325 of 5591 @ t_step =     2324 Time Avg = 1.965685E-04 Time/step= 1.900000E-04 ETA (HH:MM:SS) = 0:00:00
 [ 42%]  Time step     2326 of 5591 @ t_step =     2325 Time Avg = 1.965743E-04 Time/step= 2.100000E-04 ETA (HH:MM:SS) = 0:00:00
 [ 42%]  Time step     2327 of 5591 @ t_step =     2326 Time Avg = 1.965723E-04 Time/step= 1.920000E-04 ETA (HH:MM:SS) = 0:00:00
 [ 42%]  Time step     2328 of 5591 @ t_step =     2327 Time Avg = 1.965695E-04 Time/step= 1.900000E-04 ETA (HH:MM:SS) = 0:00:00
 [ 42%]  Time step     2329 of 5591 @ t_step =     2328 Time Avg = 1.965662E-04 Time/step= 1.890000E-04 ETA (HH:MM:SS) = 0:00:00
 [ 42%]  Time step     2330 of 5591 @ t_step =     2329 Time Avg = 1.965634E-04 Time/step= 1.900000E-04 ETA (HH:MM:SS) = 0:00:00
 [ 42%]  Time step     2331 of 5591 @ t_step =     2330 Time Avg = 1.965704E-04 Time/step= 2.130000E-04 ETA (HH:MM:SS) = 0:00:00
 [ 42%]  Time step     2332 of 5591 @ t_step =     2331 Time Avg = 1.965702E-04 Time/step= 1.960000E-04 ETA (HH:MM:SS) = 0:00:00
 [ 42%]  Time step     2333 of 5591 @ t_step =     2332 Time Avg = 1.965670E-04 Time/step= 1.890000E-04 ETA (HH:MM:SS) = 0:00:00
 [ 42%]  Time step     2334 of 5591 @ t_step =     2333 Time Avg = 1.965641E-04 Time/step= 1.900000E-04 ETA (HH:MM:SS) = 0:00:00
 [ 42%]  Time step     2335 of 5591 @ t_step =     2334 Time Avg = 1.965609E-04 Time/step= 1.890000E-04 ETA (HH:MM:SS) = 0:00:00
 [ 42%]  Time step     2336 of 5591 @ t_step =     2335 Time Avg = 1.965697E-04 Time/step= 2.170000E-04 ETA (HH:MM:SS) = 0:00:00
 [ 42%]  Time step     2337 of 5591 @ t_step =     2336 Time Avg = 1.965698E-04 Time/step= 1.970000E-04 ETA (HH:MM:SS) = 0:00:00
 [ 42%]  Time step     2338 of 5591 @ t_step =     2337 Time Avg = 1.965722E-04 Time/step= 2.020000E-04 ETA (HH:MM:SS) = 0:00:00
 [ 42%]  Time step     2339 of 5591 @ t_step =     2338 Time Avg = 1.965693E-04 Time/step= 1.900000E-04 ETA (HH:MM:SS) = 0:00:00
 [ 42%]  Time step     2340 of 5591 @ t_step =     2339 Time Avg = 1.965665E-04 Time/step= 1.900000E-04 ETA (HH:MM:SS) = 0:00:00
 [ 42%]  Time step     2341 of 5591 @ t_step =     2340 Time Avg = 1.965684E-04 Time/step= 2.010000E-04 ETA (HH:MM:SS) = 0:00:00
 [ 42%]  Time step     2342 of 5591 @ t_step =     2341 Time Avg = 1.965840E-04 Time/step= 2.330000E-04 ETA (HH:MM:SS) = 0:00:00
 [ 42%]  Time step     2343 of 5591 @ t_step =     2342 Time Avg = 1.965932E-04 Time/step= 2.180000E-04 ETA (HH:MM:SS) = 0:00:00
 [ 42%]  Time step     2344 of 5591 @ t_step =     2343 Time Avg = 1.966010E-04 Time/step= 2.150000E-04 ETA (HH:MM:SS) = 0:00:00
 [ 42%]  Time step     2345 of 5591 @ t_step =     2344 Time Avg = 1.965978E-04 Time/step= 1.890000E-04 ETA (HH:MM:SS) = 0:00:00
 [ 42%]  Time step     2346 of 5591 @ t_step =     2345 Time Avg = 1.966035E-04 Time/step= 2.100000E-04 ETA (HH:MM:SS) = 0:00:00
 [ 42%]  Time step     2347 of 5591 @ t_step =     2346 Time Avg = 1.966007E-04 Time/step= 1.900000E-04 ETA (HH:MM:SS) = 0:00:00
 [ 42%]  Time step     2348 of 5591 @ t_step =     2347 Time Avg = 1.965974E-04 Time/step= 1.890000E-04 ETA (HH:MM:SS) = 0:00:00
 [ 42%]  Time step     2349 of 5591 @ t_step =     2348 Time Avg = 1.965942E-04 Time/step= 1.890000E-04 ETA (HH:MM:SS) = 0:00:00
 [ 43%]  Time step     2350 of 5591 @ t_step =     2349 Time Avg = 1.965944E-04 Time/step= 1.970000E-04 ETA (HH:MM:SS) = 0:00:00
 [ 43%]  Time step     2351 of 5591 @ t_step =     2350 Time Avg = 1.965997E-04 Time/step= 2.090000E-04 ETA (HH:MM:SS) = 0:00:00
 [ 43%]  Time step     2352 of 5591 @ t_step =     2351 Time Avg = 1.966041E-04 Time/step= 2.070000E-04 ETA (HH:MM:SS) = 0:00:00
 [ 43%]  Time step     2353 of 5591 @ t_step =     2352 Time Avg = 1.966009E-04 Time/step= 1.890000E-04 ETA (HH:MM:SS) = 0:00:00
 [ 43%]  Time step     2354 of 5591 @ t_step =     2353 Time Avg = 1.965976E-04 Time/step= 1.890000E-04 ETA (HH:MM:SS) = 0:00:00
 [ 43%]  Time step     2355 of 5591 @ t_step =     2354 Time Avg = 1.966050E-04 Time/step= 2.140000E-04 ETA (HH:MM:SS) = 0:00:00
 [ 43%]  Time step     2356 of 5591 @ t_step =     2355 Time Avg = 1.966052E-04 Time/step= 1.970000E-04 ETA (HH:MM:SS) = 0:00:00
 [ 43%]  Time step     2357 of 5591 @ t_step =     2356 Time Avg = 1.966079E-04 Time/step= 2.030000E-04 ETA (HH:MM:SS) = 0:00:00
 [ 43%]  Time step     2358 of 5591 @ t_step =     2357 Time Avg = 1.966047E-04 Time/step= 1.890000E-04 ETA (HH:MM:SS) = 0:00:00
 [ 43%]  Time step     2359 of 5591 @ t_step =     2358 Time Avg = 1.966019E-04 Time/step= 1.900000E-04 ETA (HH:MM:SS) = 0:00:00
 [ 43%]  Time step     2360 of 5591 @ t_step =     2359 Time Avg = 1.966050E-04 Time/step= 2.040000E-04 ETA (HH:MM:SS) = 0:00:00
 [ 43%]  Time step     2361 of 5591 @ t_step =     2360 Time Avg = 1.966022E-04 Time/step= 1.900000E-04 ETA (HH:MM:SS) = 0:00:00
 [ 43%]  Time step     2362 of 5591 @ t_step =     2361 Time Avg = 1.965990E-04 Time/step= 1.890000E-04 ETA (HH:MM:SS) = 0:00:00
 [ 43%]  Time step     2363 of 5591 @ t_step =     2362 Time Avg = 1.965962E-04 Time/step= 1.900000E-04 ETA (HH:MM:SS) = 0:00:00
 [ 43%]  Time step     2364 of 5591 @ t_step =     2363 Time Avg = 1.965930E-04 Time/step= 1.890000E-04 ETA (HH:MM:SS) = 0:00:00
 [ 43%]  Time step     2365 of 5591 @ t_step =     2364 Time Avg = 1.966012E-04 Time/step= 2.160000E-04 ETA (HH:MM:SS) = 0:00:00
 [ 43%]  Time step     2366 of 5591 @ t_step =     2365 Time Avg = 1.965984E-04 Time/step= 1.900000E-04 ETA (HH:MM:SS) = 0:00:00
 [ 43%]  Time step     2367 of 5591 @ t_step =     2366 Time Avg = 1.965952E-04 Time/step= 1.890000E-04 ETA (HH:MM:SS) = 0:00:00
 [ 43%]  Time step     2368 of 5591 @ t_step =     2367 Time Avg = 1.965924E-04 Time/step= 1.900000E-04 ETA (HH:MM:SS) = 0:00:00
 [ 43%]  Time step     2369 of 5591 @ t_step =     2368 Time Avg = 1.965896E-04 Time/step= 1.900000E-04 ETA (HH:MM:SS) = 0:00:00
 [ 43%]  Time step     2370 of 5591 @ t_step =     2369 Time Avg = 1.965944E-04 Time/step= 2.080000E-04 ETA (HH:MM:SS) = 0:00:00
 [ 43%]  Time step     2371 of 5591 @ t_step =     2370 Time Avg = 1.965921E-04 Time/step= 1.910000E-04 ETA (HH:MM:SS) = 0:00:00
 [ 43%]  Time step     2372 of 5591 @ t_step =     2371 Time Avg = 1.965893E-04 Time/step= 1.900000E-04 ETA (HH:MM:SS) = 0:00:00
 [ 43%]  Time step     2373 of 5591 @ t_step =     2372 Time Avg = 1.965865E-04 Time/step= 1.900000E-04 ETA (HH:MM:SS) = 0:00:00
 [ 43%]  Time step     2374 of 5591 @ t_step =     2373 Time Avg = 1.965833E-04 Time/step= 1.890000E-04 ETA (HH:MM:SS) = 0:00:00
 [ 43%]  Time step     2375 of 5591 @ t_step =     2374 Time Avg = 1.965919E-04 Time/step= 2.170000E-04 ETA (HH:MM:SS) = 0:00:00
 [ 43%]  Time step     2376 of 5591 @ t_step =     2375 Time Avg = 1.965921E-04 Time/step= 1.970000E-04 ETA (HH:MM:SS) = 0:00:00
 [ 43%]  Time step     2377 of 5591 @ t_step =     2376 Time Avg = 1.965939E-04 Time/step= 2.010000E-04 ETA (HH:MM:SS) = 0:00:00
 [ 43%]  Time step     2378 of 5591 @ t_step =     2377 Time Avg = 1.965907E-04 Time/step= 1.890000E-04 ETA (HH:MM:SS) = 0:00:00
 [ 43%]  Time step     2379 of 5591 @ t_step =     2378 Time Avg = 1.965880E-04 Time/step= 1.900000E-04 ETA (HH:MM:SS) = 0:00:00
 [ 43%]  Time step     2380 of 5591 @ t_step =     2379 Time Avg = 1.965902E-04 Time/step= 2.020000E-04 ETA (HH:MM:SS) = 0:00:00
 [ 43%]  Time step     2381 of 5591 @ t_step =     2380 Time Avg = 1.965875E-04 Time/step= 1.900000E-04 ETA (HH:MM:SS) = 0:00:00
 [ 43%]  Time step     2382 of 5591 @ t_step =     2381 Time Avg = 1.965847E-04 Time/step= 1.900000E-04 ETA (HH:MM:SS) = 0:00:00
 [ 43%]  Time step     2383 of 5591 @ t_step =     2382 Time Avg = 1.965819E-04 Time/step= 1.900000E-04 ETA (HH:MM:SS) = 0:00:00
 [ 43%]  Time step     2384 of 5591 @ t_step =     2383 Time Avg = 1.965787E-04 Time/step= 1.890000E-04 ETA (HH:MM:SS) = 0:00:00
 [ 43%]  Time step     2385 of 5591 @ t_step =     2384 Time Avg = 1.965852E-04 Time/step= 2.120000E-04 ETA (HH:MM:SS) = 0:00:00
 [ 43%]  Time step     2386 of 5591 @ t_step =     2385 Time Avg = 1.965825E-04 Time/step= 1.900000E-04 ETA (HH:MM:SS) = 0:00:00
 [ 43%]  Time step     2387 of 5591 @ t_step =     2386 Time Avg = 1.965793E-04 Time/step= 1.890000E-04 ETA (HH:MM:SS) = 0:00:00
 [ 43%]  Time step     2388 of 5591 @ t_step =     2387 Time Avg = 1.965761E-04 Time/step= 1.890000E-04 ETA (HH:MM:SS) = 0:00:00
 [ 43%]  Time step     2389 of 5591 @ t_step =     2388 Time Avg = 1.965733E-04 Time/step= 1.900000E-04 ETA (HH:MM:SS) = 0:00:00
 [ 43%]  Time step     2390 of 5591 @ t_step =     2389 Time Avg = 1.965777E-04 Time/step= 2.070000E-04 ETA (HH:MM:SS) = 0:00:00
 [ 43%]  Time step     2391 of 5591 @ t_step =     2390 Time Avg = 1.965750E-04 Time/step= 1.900000E-04 ETA (HH:MM:SS) = 0:00:00
 [ 43%]  Time step     2392 of 5591 @ t_step =     2391 Time Avg = 1.965722E-04 Time/step= 1.900000E-04 ETA (HH:MM:SS) = 0:00:00
 [ 43%]  Time step     2393 of 5591 @ t_step =     2392 Time Avg = 1.965690E-04 Time/step= 1.890000E-04 ETA (HH:MM:SS) = 0:00:00
 [ 43%]  Time step     2394 of 5591 @ t_step =     2393 Time Avg = 1.965659E-04 Time/step= 1.890000E-04 ETA (HH:MM:SS) = 0:00:00
 [ 43%]  Time step     2395 of 5591 @ t_step =     2394 Time Avg = 1.965778E-04 Time/step= 2.250000E-04 ETA (HH:MM:SS) = 0:00:00
 [ 43%]  Time step     2396 of 5591 @ t_step =     2395 Time Avg = 1.965821E-04 Time/step= 2.070000E-04 ETA (HH:MM:SS) = 0:00:00
 [ 43%]  Time step     2397 of 5591 @ t_step =     2396 Time Avg = 1.965789E-04 Time/step= 1.890000E-04 ETA (HH:MM:SS) = 0:00:00
 [ 43%]  Time step     2398 of 5591 @ t_step =     2397 Time Avg = 1.965758E-04 Time/step= 1.890000E-04 ETA (HH:MM:SS) = 0:00:00
 [ 43%]  Time step     2399 of 5591 @ t_step =     2398 Time Avg = 1.965730E-04 Time/step= 1.900000E-04 ETA (HH:MM:SS) = 0:00:00
 [ 43%]  Time step     2400 of 5591 @ t_step =     2399 Time Avg = 1.965753E-04 Time/step= 2.020000E-04 ETA (HH:MM:SS) = 0:00:00
 [ 43%]  Time step     2401 of 5591 @ t_step =     2400 Time Avg = 1.965726E-04 Time/step= 1.900000E-04 ETA (HH:MM:SS) = 0:00:00
 [ 43%]  Time step     2402 of 5591 @ t_step =     2401 Time Avg = 1.965698E-04 Time/step= 1.900000E-04 ETA (HH:MM:SS) = 0:00:00
 [ 43%]  Time step     2403 of 5591 @ t_step =     2402 Time Avg = 1.965671E-04 Time/step= 1.900000E-04 ETA (HH:MM:SS) = 0:00:00
 [ 43%]  Time step     2404 of 5591 @ t_step =     2403 Time Avg = 1.965643E-04 Time/step= 1.900000E-04 ETA (HH:MM:SS) = 0:00:00
 [ 43%]  Time step     2405 of 5591 @ t_step =     2404 Time Avg = 1.965708E-04 Time/step= 2.120000E-04 ETA (HH:MM:SS) = 0:00:00
 [ 44%]  Time step     2406 of 5591 @ t_step =     2405 Time Avg = 1.965680E-04 Time/step= 1.900000E-04 ETA (HH:MM:SS) = 0:00:00
 [ 44%]  Time step     2407 of 5591 @ t_step =     2406 Time Avg = 1.965653E-04 Time/step= 1.900000E-04 ETA (HH:MM:SS) = 0:00:00
 [ 44%]  Time step     2408 of 5591 @ t_step =     2407 Time Avg = 1.965626E-04 Time/step= 1.900000E-04 ETA (HH:MM:SS) = 0:00:00
 [ 44%]  Time step     2409 of 5591 @ t_step =     2408 Time Avg = 1.965594E-04 Time/step= 1.890000E-04 ETA (HH:MM:SS) = 0:00:00
 [ 44%]  Time step     2410 of 5591 @ t_step =     2409 Time Avg = 1.965617E-04 Time/step= 2.020000E-04 ETA (HH:MM:SS) = 0:00:00
 [ 44%]  Time step     2411 of 5591 @ t_step =     2410 Time Avg = 1.965590E-04 Time/step= 1.900000E-04 ETA (HH:MM:SS) = 0:00:00
 [ 44%]  Time step     2412 of 5591 @ t_step =     2411 Time Avg = 1.965558E-04 Time/step= 1.890000E-04 ETA (HH:MM:SS) = 0:00:00
 [ 44%]  Time step     2413 of 5591 @ t_step =     2412 Time Avg = 1.965527E-04 Time/step= 1.890000E-04 ETA (HH:MM:SS) = 0:00:00
 [ 44%]  Time step     2414 of 5591 @ t_step =     2413 Time Avg = 1.965500E-04 Time/step= 1.900000E-04 ETA (HH:MM:SS) = 0:00:00
 [ 44%]  Time step     2415 of 5591 @ t_step =     2414 Time Avg = 1.965589E-04 Time/step= 2.180000E-04 ETA (HH:MM:SS) = 0:00:00
 [ 44%]  Time step     2416 of 5591 @ t_step =     2415 Time Avg = 1.965624E-04 Time/step= 2.050000E-04 ETA (HH:MM:SS) = 0:00:00
 [ 44%]  Time step     2417 of 5591 @ t_step =     2416 Time Avg = 1.965597E-04 Time/step= 1.900000E-04 ETA (HH:MM:SS) = 0:00:00
 [ 44%]  Time step     2418 of 5591 @ t_step =     2417 Time Avg = 1.965569E-04 Time/step= 1.900000E-04 ETA (HH:MM:SS) = 0:00:00
 [ 44%]  Time step     2419 of 5591 @ t_step =     2418 Time Avg = 1.965538E-04 Time/step= 1.890000E-04 ETA (HH:MM:SS) = 0:00:00
 [ 44%]  Time step     2420 of 5591 @ t_step =     2419 Time Avg = 1.965523E-04 Time/step= 1.930000E-04 ETA (HH:MM:SS) = 0:00:00
 [ 44%]  Time step     2421 of 5591 @ t_step =     2420 Time Avg = 1.965496E-04 Time/step= 1.900000E-04 ETA (HH:MM:SS) = 0:00:00
 [ 44%]  Time step     2422 of 5591 @ t_step =     2421 Time Avg = 1.965469E-04 Time/step= 1.900000E-04 ETA (HH:MM:SS) = 0:00:00
 [ 44%]  Time step     2423 of 5591 @ t_step =     2422 Time Avg = 1.965442E-04 Time/step= 1.900000E-04 ETA (HH:MM:SS) = 0:00:00
 [ 44%]  Time step     2424 of 5591 @ t_step =     2423 Time Avg = 1.965411E-04 Time/step= 1.890000E-04 ETA (HH:MM:SS) = 0:00:00
 [ 44%]  Time step     2425 of 5591 @ t_step =     2424 Time Avg = 1.965458E-04 Time/step= 2.080000E-04 ETA (HH:MM:SS) = 0:00:00
 [ 44%]  Time step     2426 of 5591 @ t_step =     2425 Time Avg = 1.965431E-04 Time/step= 1.900000E-04 ETA (HH:MM:SS) = 0:00:00
 [ 44%]  Time step     2427 of 5591 @ t_step =     2426 Time Avg = 1.965400E-04 Time/step= 1.890000E-04 ETA (HH:MM:SS) = 0:00:00
 [ 44%]  Time step     2428 of 5591 @ t_step =     2427 Time Avg = 1.965369E-04 Time/step= 1.890000E-04 ETA (HH:MM:SS) = 0:00:00
 [ 44%]  Time step     2429 of 5591 @ t_step =     2428 Time Avg = 1.965392E-04 Time/step= 2.020000E-04 ETA (HH:MM:SS) = 0:00:00
 [ 44%]  Time step     2430 of 5591 @ t_step =     2429 Time Avg = 1.965373E-04 Time/step= 1.920000E-04 ETA (HH:MM:SS) = 0:00:00
 [ 44%]  Time step     2431 of 5591 @ t_step =     2430 Time Avg = 1.965346E-04 Time/step= 1.900000E-04 ETA (HH:MM:SS) = 0:00:00
 [ 44%]  Time step     2432 of 5591 @ t_step =     2431 Time Avg = 1.965319E-04 Time/step= 1.900000E-04 ETA (HH:MM:SS) = 0:00:00
 [ 44%]  Time step     2433 of 5591 @ t_step =     2432 Time Avg = 1.965292E-04 Time/step= 1.900000E-04 ETA (HH:MM:SS) = 0:00:00
 [ 44%]  Time step     2434 of 5591 @ t_step =     2433 Time Avg = 1.965356E-04 Time/step= 2.120000E-04 ETA (HH:MM:SS) = 0:00:00
 [ 44%]  Time step     2435 of 5591 @ t_step =     2434 Time Avg = 1.965362E-04 Time/step= 1.980000E-04 ETA (HH:MM:SS) = 0:00:00
 [ 44%]  Time step     2436 of 5591 @ t_step =     2435 Time Avg = 1.965393E-04 Time/step= 2.040000E-04 ETA (HH:MM:SS) = 0:00:00
 [ 44%]  Time step     2437 of 5591 @ t_step =     2436 Time Avg = 1.965362E-04 Time/step= 1.890000E-04 ETA (HH:MM:SS) = 0:00:00
 [ 44%]  Time step     2438 of 5591 @ t_step =     2437 Time Avg = 1.965331E-04 Time/step= 1.890000E-04 ETA (HH:MM:SS) = 0:00:00
 [ 44%]  Time step     2439 of 5591 @ t_step =     2438 Time Avg = 1.965349E-04 Time/step= 2.010000E-04 ETA (HH:MM:SS) = 0:00:00
 [ 44%]  Time step     2440 of 5591 @ t_step =     2439 Time Avg = 1.965322E-04 Time/step= 1.900000E-04 ETA (HH:MM:SS) = 0:00:00
 [ 44%]  Time step     2441 of 5591 @ t_step =     2440 Time Avg = 1.965291E-04 Time/step= 1.890000E-04 ETA (HH:MM:SS) = 0:00:00
 [ 44%]  Time step     2442 of 5591 @ t_step =     2441 Time Avg = 1.965260E-04 Time/step= 1.890000E-04 ETA (HH:MM:SS) = 0:00:00
 [ 44%]  Time step     2443 of 5591 @ t_step =     2442 Time Avg = 1.965234E-04 Time/step= 1.900000E-04 ETA (HH:MM:SS) = 0:00:00
 [ 44%]  Time step     2444 of 5591 @ t_step =     2443 Time Avg = 1.965293E-04 Time/step= 2.110000E-04 ETA (HH:MM:SS) = 0:00:00
 [ 44%]  Time step     2445 of 5591 @ t_step =     2444 Time Avg = 1.965270E-04 Time/step= 1.910000E-04 ETA (HH:MM:SS) = 0:00:00
 [ 44%]  Time step     2446 of 5591 @ t_step =     2445 Time Avg = 1.965239E-04 Time/step= 1.890000E-04 ETA (HH:MM:SS) = 0:00:00
 [ 44%]  Time step     2447 of 5591 @ t_step =     2446 Time Avg = 1.965209E-04 Time/step= 1.890000E-04 ETA (HH:MM:SS) = 0:00:00
 [ 44%]  Time step     2448 of 5591 @ t_step =     2447 Time Avg = 1.965182E-04 Time/step= 1.900000E-04 ETA (HH:MM:SS) = 0:00:00
 [ 44%]  Time step     2449 of 5591 @ t_step =     2448 Time Avg = 1.965196E-04 Time/step= 2.000000E-04 ETA (HH:MM:SS) = 0:00:00
 [ 44%]  Time step     2450 of 5591 @ t_step =     2449 Time Avg = 1.965174E-04 Time/step= 1.910000E-04 ETA (HH:MM:SS) = 0:00:00
 [ 44%]  Time step     2451 of 5591 @ t_step =     2450 Time Avg = 1.965147E-04 Time/step= 1.900000E-04 ETA (HH:MM:SS) = 0:00:00
 [ 44%]  Time step     2452 of 5591 @ t_step =     2451 Time Avg = 1.965169E-04 Time/step= 2.020000E-04 ETA (HH:MM:SS) = 0:00:00
 [ 44%]  Time step     2453 of 5591 @ t_step =     2452 Time Avg = 1.965229E-04 Time/step= 2.110000E-04 ETA (HH:MM:SS) = 0:00:00
 [ 44%]  Time step     2454 of 5591 @ t_step =     2453 Time Avg = 1.965414E-04 Time/step= 2.420000E-04 ETA (HH:MM:SS) = 0:00:00
 [ 44%]  Time step     2455 of 5591 @ t_step =     2454 Time Avg = 1.965469E-04 Time/step= 2.100000E-04 ETA (HH:MM:SS) = 0:00:00
 [ 44%]  Time step     2456 of 5591 @ t_step =     2455 Time Avg = 1.965467E-04 Time/step= 1.960000E-04 ETA (HH:MM:SS) = 0:00:00
 [ 44%]  Time step     2457 of 5591 @ t_step =     2456 Time Avg = 1.965465E-04 Time/step= 1.960000E-04 ETA (HH:MM:SS) = 0:00:00
 [ 44%]  Time step     2458 of 5591 @ t_step =     2457 Time Avg = 1.965503E-04 Time/step= 2.060000E-04 ETA (HH:MM:SS) = 0:00:00
 [ 44%]  Time step     2459 of 5591 @ t_step =     2458 Time Avg = 1.965529E-04 Time/step= 2.030000E-04 ETA (HH:MM:SS) = 0:00:00
 [ 44%]  Time step     2460 of 5591 @ t_step =     2459 Time Avg = 1.965503E-04 Time/step= 1.900000E-04 ETA (HH:MM:SS) = 0:00:00
 [ 44%]  Time step     2461 of 5591 @ t_step =     2460 Time Avg = 1.965476E-04 Time/step= 1.900000E-04 ETA (HH:MM:SS) = 0:00:00
 [ 45%]  Time step     2462 of 5591 @ t_step =     2461 Time Avg = 1.965502E-04 Time/step= 2.030000E-04 ETA (HH:MM:SS) = 0:00:00
 [ 45%]  Time step     2463 of 5591 @ t_step =     2462 Time Avg = 1.965695E-04 Time/step= 2.440000E-04 ETA (HH:MM:SS) = 0:00:00
 [ 45%]  Time step     2464 of 5591 @ t_step =     2463 Time Avg = 1.965924E-04 Time/step= 2.530000E-04 ETA (HH:MM:SS) = 0:00:00
 [ 45%]  Time step     2465 of 5591 @ t_step =     2464 Time Avg = 1.966080E-04 Time/step= 2.350000E-04 ETA (HH:MM:SS) = 0:00:00
 [ 45%]  Time step     2466 of 5591 @ t_step =     2465 Time Avg = 1.966078E-04 Time/step= 1.960000E-04 ETA (HH:MM:SS) = 0:00:00
 [ 45%]  Time step     2467 of 5591 @ t_step =     2466 Time Avg = 1.966096E-04 Time/step= 2.010000E-04 ETA (HH:MM:SS) = 0:00:00
 [ 45%]  Time step     2468 of 5591 @ t_step =     2467 Time Avg = 1.966130E-04 Time/step= 2.050000E-04 ETA (HH:MM:SS) = 0:00:00
 [ 45%]  Time step     2469 of 5591 @ t_step =     2468 Time Avg = 1.966103E-04 Time/step= 1.900000E-04 ETA (HH:MM:SS) = 0:00:00
 [ 45%]  Time step     2470 of 5591 @ t_step =     2469 Time Avg = 1.966076E-04 Time/step= 1.900000E-04 ETA (HH:MM:SS) = 0:00:00
 [ 45%]  Time step     2471 of 5591 @ t_step =     2470 Time Avg = 1.966045E-04 Time/step= 1.890000E-04 ETA (HH:MM:SS) = 0:00:00
 [ 45%]  Time step     2472 of 5591 @ t_step =     2471 Time Avg = 1.966015E-04 Time/step= 1.890000E-04 ETA (HH:MM:SS) = 0:00:00
 [ 45%]  Time step     2473 of 5591 @ t_step =     2472 Time Avg = 1.966113E-04 Time/step= 2.210000E-04 ETA (HH:MM:SS) = 0:00:00
 [ 45%]  Time step     2474 of 5591 @ t_step =     2473 Time Avg = 1.966147E-04 Time/step= 2.050000E-04 ETA (HH:MM:SS) = 0:00:00
 [ 45%]  Time step     2475 of 5591 @ t_step =     2474 Time Avg = 1.966117E-04 Time/step= 1.890000E-04 ETA (HH:MM:SS) = 0:00:00
 [ 45%]  Time step     2476 of 5591 @ t_step =     2475 Time Avg = 1.966090E-04 Time/step= 1.900000E-04 ETA (HH:MM:SS) = 0:00:00
 [ 45%]  Time step     2477 of 5591 @ t_step =     2476 Time Avg = 1.966124E-04 Time/step= 2.050000E-04 ETA (HH:MM:SS) = 0:00:00
 [ 45%]  Time step     2478 of 5591 @ t_step =     2477 Time Avg = 1.966105E-04 Time/step= 1.920000E-04 ETA (HH:MM:SS) = 0:00:00
 [ 45%]  Time step     2479 of 5591 @ t_step =     2478 Time Avg = 1.966074E-04 Time/step= 1.890000E-04 ETA (HH:MM:SS) = 0:00:00
 [ 45%]  Time step     2480 of 5591 @ t_step =     2479 Time Avg = 1.966044E-04 Time/step= 1.890000E-04 ETA (HH:MM:SS) = 0:00:00
 [ 45%]  Time step     2481 of 5591 @ t_step =     2480 Time Avg = 1.966017E-04 Time/step= 1.900000E-04 ETA (HH:MM:SS) = 0:00:00
 [ 45%]  Time step     2482 of 5591 @ t_step =     2481 Time Avg = 1.966051E-04 Time/step= 2.050000E-04 ETA (HH:MM:SS) = 0:00:00
 [ 45%]  Time step     2483 of 5591 @ t_step =     2482 Time Avg = 1.966069E-04 Time/step= 2.010000E-04 ETA (HH:MM:SS) = 0:00:00
 [ 45%]  Time step     2484 of 5591 @ t_step =     2483 Time Avg = 1.966042E-04 Time/step= 1.900000E-04 ETA (HH:MM:SS) = 0:00:00
 [ 45%]  Time step     2485 of 5591 @ t_step =     2484 Time Avg = 1.966015E-04 Time/step= 1.900000E-04 ETA (HH:MM:SS) = 0:00:00
 [ 45%]  Time step     2486 of 5591 @ t_step =     2485 Time Avg = 1.965985E-04 Time/step= 1.890000E-04 ETA (HH:MM:SS) = 0:00:00
 [ 45%]  Time step     2487 of 5591 @ t_step =     2486 Time Avg = 1.966014E-04 Time/step= 2.040000E-04 ETA (HH:MM:SS) = 0:00:00
 [ 45%]  Time step     2488 of 5591 @ t_step =     2487 Time Avg = 1.965988E-04 Time/step= 1.900000E-04 ETA (HH:MM:SS) = 0:00:00
 [ 45%]  Time step     2489 of 5591 @ t_step =     2488 Time Avg = 1.965961E-04 Time/step= 1.900000E-04 ETA (HH:MM:SS) = 0:00:00
 [ 45%]  Time step     2490 of 5591 @ t_step =     2489 Time Avg = 1.965931E-04 Time/step= 1.890000E-04 ETA (HH:MM:SS) = 0:00:00
 [ 45%]  Time step     2491 of 5591 @ t_step =     2490 Time Avg = 1.965904E-04 Time/step= 1.900000E-04 ETA (HH:MM:SS) = 0:00:00
 [ 45%]  Time step     2492 of 5591 @ t_step =     2491 Time Avg = 1.965974E-04 Time/step= 2.140000E-04 ETA (HH:MM:SS) = 0:00:00
 [ 45%]  Time step     2493 of 5591 @ t_step =     2492 Time Avg = 1.965976E-04 Time/step= 1.970000E-04 ETA (HH:MM:SS) = 0:00:00
 [ 45%]  Time step     2494 of 5591 @ t_step =     2493 Time Avg = 1.966002E-04 Time/step= 2.030000E-04 ETA (HH:MM:SS) = 0:00:00
 [ 45%]  Time step     2495 of 5591 @ t_step =     2494 Time Avg = 1.965975E-04 Time/step= 1.900000E-04 ETA (HH:MM:SS) = 0:00:00
 [ 45%]  Time step     2496 of 5591 @ t_step =     2495 Time Avg = 1.965945E-04 Time/step= 1.890000E-04 ETA (HH:MM:SS) = 0:00:00
 [ 45%]  Time step     2497 of 5591 @ t_step =     2496 Time Avg = 1.965978E-04 Time/step= 2.050000E-04 ETA (HH:MM:SS) = 0:00:00
 [ 45%]  Time step     2498 of 5591 @ t_step =     2497 Time Avg = 1.965952E-04 Time/step= 1.900000E-04 ETA (HH:MM:SS) = 0:00:00
 [ 45%]  Time step     2499 of 5591 @ t_step =     2498 Time Avg = 1.965921E-04 Time/step= 1.890000E-04 ETA (HH:MM:SS) = 0:00:00
 [ 45%]  Time step     2500 of 5591 @ t_step =     2499 Time Avg = 1.965895E-04 Time/step= 1.900000E-04 ETA (HH:MM:SS) = 0:00:00
 [ 45%]  Time step     2501 of 5591 @ t_step =     2500 Time Avg = 1.965869E-04 Time/step= 1.900000E-04 ETA (HH:MM:SS) = 0:00:00
 [ 45%]  Time step     2502 of 5591 @ t_step =     2501 Time Avg = 1.965946E-04 Time/step= 2.160000E-04 ETA (HH:MM:SS) = 0:00:00
 [ 45%]  Time step     2503 of 5591 @ t_step =     2502 Time Avg = 1.965924E-04 Time/step= 1.910000E-04 ETA (HH:MM:SS) = 0:00:00
 [ 45%]  Time step     2504 of 5591 @ t_step =     2503 Time Avg = 1.965898E-04 Time/step= 1.900000E-04 ETA (HH:MM:SS) = 0:00:00
 [ 45%]  Time step     2505 of 5591 @ t_step =     2504 Time Avg = 1.965867E-04 Time/step= 1.890000E-04 ETA (HH:MM:SS) = 0:00:00
 [ 45%]  Time step     2506 of 5591 @ t_step =     2505 Time Avg = 1.965837E-04 Time/step= 1.890000E-04 ETA (HH:MM:SS) = 0:00:00
 [ 45%]  Time step     2507 of 5591 @ t_step =     2506 Time Avg = 1.965867E-04 Time/step= 2.040000E-04 ETA (HH:MM:SS) = 0:00:00
 [ 45%]  Time step     2508 of 5591 @ t_step =     2507 Time Avg = 1.965840E-04 Time/step= 1.900000E-04 ETA (HH:MM:SS) = 0:00:00
 [ 45%]  Time step     2509 of 5591 @ t_step =     2508 Time Avg = 1.965814E-04 Time/step= 1.900000E-04 ETA (HH:MM:SS) = 0:00:00
 [ 45%]  Time step     2510 of 5591 @ t_step =     2509 Time Avg = 1.965788E-04 Time/step= 1.900000E-04 ETA (HH:MM:SS) = 0:00:00
 [ 45%]  Time step     2511 of 5591 @ t_step =     2510 Time Avg = 1.965873E-04 Time/step= 2.180000E-04 ETA (HH:MM:SS) = 0:00:00
 [ 45%]  Time step     2512 of 5591 @ t_step =     2511 Time Avg = 1.966138E-04 Time/step= 2.630000E-04 ETA (HH:MM:SS) = 0:00:00
 [ 45%]  Time step     2513 of 5591 @ t_step =     2512 Time Avg = 1.966446E-04 Time/step= 2.740000E-04 ETA (HH:MM:SS) = 0:00:00
 [ 45%]  Time step     2514 of 5591 @ t_step =     2513 Time Avg = 1.966416E-04 Time/step= 1.890000E-04 ETA (HH:MM:SS) = 0:00:00
 [ 45%]  Time step     2515 of 5591 @ t_step =     2514 Time Avg = 1.966385E-04 Time/step= 1.890000E-04 ETA (HH:MM:SS) = 0:00:00
 [ 45%]  Time step     2516 of 5591 @ t_step =     2515 Time Avg = 1.966446E-04 Time/step= 2.120000E-04 ETA (HH:MM:SS) = 0:00:00
 [ 46%]  Time step     2517 of 5591 @ t_step =     2516 Time Avg = 1.966420E-04 Time/step= 1.900000E-04 ETA (HH:MM:SS) = 0:00:00
 [ 46%]  Time step     2518 of 5591 @ t_step =     2517 Time Avg = 1.966394E-04 Time/step= 1.900000E-04 ETA (HH:MM:SS) = 0:00:00
 [ 46%]  Time step     2519 of 5591 @ t_step =     2518 Time Avg = 1.966367E-04 Time/step= 1.900000E-04 ETA (HH:MM:SS) = 0:00:00
 [ 46%]  Time step     2520 of 5591 @ t_step =     2519 Time Avg = 1.966337E-04 Time/step= 1.890000E-04 ETA (HH:MM:SS) = 0:00:00
 [ 46%]  Time step     2521 of 5591 @ t_step =     2520 Time Avg = 1.966418E-04 Time/step= 2.170000E-04 ETA (HH:MM:SS) = 0:00:00
 [ 46%]  Time step     2522 of 5591 @ t_step =     2521 Time Avg = 1.966391E-04 Time/step= 1.900000E-04 ETA (HH:MM:SS) = 0:00:00
 [ 46%]  Time step     2523 of 5591 @ t_step =     2522 Time Avg = 1.966365E-04 Time/step= 1.900000E-04 ETA (HH:MM:SS) = 0:00:00
 [ 46%]  Time step     2524 of 5591 @ t_step =     2523 Time Avg = 1.966339E-04 Time/step= 1.900000E-04 ETA (HH:MM:SS) = 0:00:00
 [ 46%]  Time step     2525 of 5591 @ t_step =     2524 Time Avg = 1.966312E-04 Time/step= 1.900000E-04 ETA (HH:MM:SS) = 0:00:00
 [ 46%]  Time step     2526 of 5591 @ t_step =     2525 Time Avg = 1.966342E-04 Time/step= 2.040000E-04 ETA (HH:MM:SS) = 0:00:00
 [ 46%]  Time step     2527 of 5591 @ t_step =     2526 Time Avg = 1.966311E-04 Time/step= 1.890000E-04 ETA (HH:MM:SS) = 0:00:00
 [ 46%]  Time step     2528 of 5591 @ t_step =     2527 Time Avg = 1.966281E-04 Time/step= 1.890000E-04 ETA (HH:MM:SS) = 0:00:00
 [ 46%]  Time step     2529 of 5591 @ t_step =     2528 Time Avg = 1.966255E-04 Time/step= 1.900000E-04 ETA (HH:MM:SS) = 0:00:00
 [ 46%]  Time step     2530 of 5591 @ t_step =     2529 Time Avg = 1.966229E-04 Time/step= 1.900000E-04 ETA (HH:MM:SS) = 0:00:00
 [ 46%]  Time step     2531 of 5591 @ t_step =     2530 Time Avg = 1.966305E-04 Time/step= 2.160000E-04 ETA (HH:MM:SS) = 0:00:00
 [ 46%]  Time step     2532 of 5591 @ t_step =     2531 Time Avg = 1.966307E-04 Time/step= 1.970000E-04 ETA (HH:MM:SS) = 0:00:00
 [ 46%]  Time step     2533 of 5591 @ t_step =     2532 Time Avg = 1.966324E-04 Time/step= 2.010000E-04 ETA (HH:MM:SS) = 0:00:00
 [ 46%]  Time step     2534 of 5591 @ t_step =     2533 Time Avg = 1.966298E-04 Time/step= 1.900000E-04 ETA (HH:MM:SS) = 0:00:00
 [ 46%]  Time step     2535 of 5591 @ t_step =     2534 Time Avg = 1.966268E-04 Time/step= 1.890000E-04 ETA (HH:MM:SS) = 0:00:00
 [ 46%]  Time step     2536 of 5591 @ t_step =     2535 Time Avg = 1.966293E-04 Time/step= 2.030000E-04 ETA (HH:MM:SS) = 0:00:00
 [ 46%]  Time step     2537 of 5591 @ t_step =     2536 Time Avg = 1.966267E-04 Time/step= 1.900000E-04 ETA (HH:MM:SS) = 0:00:00
 [ 46%]  Time step     2538 of 5591 @ t_step =     2537 Time Avg = 1.966241E-04 Time/step= 1.900000E-04 ETA (HH:MM:SS) = 0:00:00
 [ 46%]  Time step     2539 of 5591 @ t_step =     2538 Time Avg = 1.966211E-04 Time/step= 1.890000E-04 ETA (HH:MM:SS) = 0:00:00
 [ 46%]  Time step     2540 of 5591 @ t_step =     2539 Time Avg = 1.966181E-04 Time/step= 1.890000E-04 ETA (HH:MM:SS) = 0:00:00
 [ 46%]  Time step     2541 of 5591 @ t_step =     2540 Time Avg = 1.966241E-04 Time/step= 2.120000E-04 ETA (HH:MM:SS) = 0:00:00
 [ 46%]  Time step     2542 of 5591 @ t_step =     2541 Time Avg = 1.966215E-04 Time/step= 1.900000E-04 ETA (HH:MM:SS) = 0:00:00
 [ 46%]  Time step     2543 of 5591 @ t_step =     2542 Time Avg = 1.966189E-04 Time/step= 1.900000E-04 ETA (HH:MM:SS) = 0:00:00
 [ 46%]  Time step     2544 of 5591 @ t_step =     2543 Time Avg = 1.966159E-04 Time/step= 1.890000E-04 ETA (HH:MM:SS) = 0:00:00
 [ 46%]  Time step     2545 of 5591 @ t_step =     2544 Time Avg = 1.966129E-04 Time/step= 1.890000E-04 ETA (HH:MM:SS) = 0:00:00
 [ 46%]  Time step     2546 of 5591 @ t_step =     2545 Time Avg = 1.966205E-04 Time/step= 2.160000E-04 ETA (HH:MM:SS) = 0:00:00
 [ 46%]  Time step     2547 of 5591 @ t_step =     2546 Time Avg = 1.966207E-04 Time/step= 1.970000E-04 ETA (HH:MM:SS) = 0:00:00
 [ 46%]  Time step     2548 of 5591 @ t_step =     2547 Time Avg = 1.966204E-04 Time/step= 1.960000E-04 ETA (HH:MM:SS) = 0:00:00
 [ 46%]  Time step     2549 of 5591 @ t_step =     2548 Time Avg = 1.966222E-04 Time/step= 2.010000E-04 ETA (HH:MM:SS) = 0:00:00
 [ 46%]  Time step     2550 of 5591 @ t_step =     2549 Time Avg = 1.966192E-04 Time/step= 1.890000E-04 ETA (HH:MM:SS) = 0:00:00
 [ 46%]  Time step     2551 of 5591 @ t_step =     2550 Time Avg = 1.966276E-04 Time/step= 2.180000E-04 ETA (HH:MM:SS) = 0:00:00
 [ 46%]  Time step     2552 of 5591 @ t_step =     2551 Time Avg = 1.966312E-04 Time/step= 2.060000E-04 ETA (HH:MM:SS) = 0:00:00
 [ 46%]  Time step     2553 of 5591 @ t_step =     2552 Time Avg = 1.966282E-04 Time/step= 1.890000E-04 ETA (HH:MM:SS) = 0:00:00
 [ 46%]  Time step     2554 of 5591 @ t_step =     2553 Time Avg = 1.966252E-04 Time/step= 1.890000E-04 ETA (HH:MM:SS) = 0:00:00
 [ 46%]  Time step     2555 of 5591 @ t_step =     2554 Time Avg = 1.966226E-04 Time/step= 1.900000E-04 ETA (HH:MM:SS) = 0:00:00
 [ 46%]  Time step     2556 of 5591 @ t_step =     2555 Time Avg = 1.966236E-04 Time/step= 1.990000E-04 ETA (HH:MM:SS) = 0:00:00
 [ 46%]  Time step     2557 of 5591 @ t_step =     2556 Time Avg = 1.966210E-04 Time/step= 1.900000E-04 ETA (HH:MM:SS) = 0:00:00
 [ 46%]  Time step     2558 of 5591 @ t_step =     2557 Time Avg = 1.966184E-04 Time/step= 1.900000E-04 ETA (HH:MM:SS) = 0:00:00
 [ 46%]  Time step     2559 of 5591 @ t_step =     2558 Time Avg = 1.966158E-04 Time/step= 1.900000E-04 ETA (HH:MM:SS) = 0:00:00
 [ 46%]  Time step     2560 of 5591 @ t_step =     2559 Time Avg = 1.966128E-04 Time/step= 1.890000E-04 ETA (HH:MM:SS) = 0:00:00
 [ 46%]  Time step     2561 of 5591 @ t_step =     2560 Time Avg = 1.966181E-04 Time/step= 2.100000E-04 ETA (HH:MM:SS) = 0:00:00
 [ 46%]  Time step     2562 of 5591 @ t_step =     2561 Time Avg = 1.966155E-04 Time/step= 1.900000E-04 ETA (HH:MM:SS) = 0:00:00
 [ 46%]  Time step     2563 of 5591 @ t_step =     2562 Time Avg = 1.966129E-04 Time/step= 1.900000E-04 ETA (HH:MM:SS) = 0:00:00
 [ 46%]  Time step     2564 of 5591 @ t_step =     2563 Time Avg = 1.966103E-04 Time/step= 1.900000E-04 ETA (HH:MM:SS) = 0:00:00
 [ 46%]  Time step     2565 of 5591 @ t_step =     2564 Time Avg = 1.966109E-04 Time/step= 1.980000E-04 ETA (HH:MM:SS) = 0:00:00
 [ 46%]  Time step     2566 of 5591 @ t_step =     2565 Time Avg = 1.966091E-04 Time/step= 1.920000E-04 ETA (HH:MM:SS) = 0:00:00
 [ 46%]  Time step     2567 of 5591 @ t_step =     2566 Time Avg = 1.966065E-04 Time/step= 1.900000E-04 ETA (HH:MM:SS) = 0:00:00
 [ 46%]  Time step     2568 of 5591 @ t_step =     2567 Time Avg = 1.966035E-04 Time/step= 1.890000E-04 ETA (HH:MM:SS) = 0:00:00
 [ 46%]  Time step     2569 of 5591 @ t_step =     2568 Time Avg = 1.966009E-04 Time/step= 1.900000E-04 ETA (HH:MM:SS) = 0:00:00
 [ 46%]  Time step     2570 of 5591 @ t_step =     2569 Time Avg = 1.966069E-04 Time/step= 2.120000E-04 ETA (HH:MM:SS) = 0:00:00
 [ 46%]  Time step     2571 of 5591 @ t_step =     2570 Time Avg = 1.966102E-04 Time/step= 2.050000E-04 ETA (HH:MM:SS) = 0:00:00
 [ 46%]  Time step     2572 of 5591 @ t_step =     2571 Time Avg = 1.966127E-04 Time/step= 2.030000E-04 ETA (HH:MM:SS) = 0:00:00
 [ 47%]  Time step     2573 of 5591 @ t_step =     2572 Time Avg = 1.966097E-04 Time/step= 1.890000E-04 ETA (HH:MM:SS) = 0:00:00
 [ 47%]  Time step     2574 of 5591 @ t_step =     2573 Time Avg = 1.966075E-04 Time/step= 1.910000E-04 ETA (HH:MM:SS) = 0:00:00
 [ 47%]  Time step     2575 of 5591 @ t_step =     2574 Time Avg = 1.966100E-04 Time/step= 2.030000E-04 ETA (HH:MM:SS) = 0:00:00
 [ 47%]  Time step     2576 of 5591 @ t_step =     2575 Time Avg = 1.966079E-04 Time/step= 1.910000E-04 ETA (HH:MM:SS) = 0:00:00
 [ 47%]  Time step     2577 of 5591 @ t_step =     2576 Time Avg = 1.966053E-04 Time/step= 1.900000E-04 ETA (HH:MM:SS) = 0:00:00
 [ 47%]  Time step     2578 of 5591 @ t_step =     2577 Time Avg = 1.966027E-04 Time/step= 1.900000E-04 ETA (HH:MM:SS) = 0:00:00
 [ 47%]  Time step     2579 of 5591 @ t_step =     2578 Time Avg = 1.966002E-04 Time/step= 1.900000E-04 ETA (HH:MM:SS) = 0:00:00
 [ 47%]  Time step     2580 of 5591 @ t_step =     2579 Time Avg = 1.966057E-04 Time/step= 2.110000E-04 ETA (HH:MM:SS) = 0:00:00
 [ 47%]  Time step     2581 of 5591 @ t_step =     2580 Time Avg = 1.966036E-04 Time/step= 1.910000E-04 ETA (HH:MM:SS) = 0:00:00
 [ 47%]  Time step     2582 of 5591 @ t_step =     2581 Time Avg = 1.966010E-04 Time/step= 1.900000E-04 ETA (HH:MM:SS) = 0:00:00
 [ 47%]  Time step     2583 of 5591 @ t_step =     2582 Time Avg = 1.965984E-04 Time/step= 1.900000E-04 ETA (HH:MM:SS) = 0:00:00
 [ 47%]  Time step     2584 of 5591 @ t_step =     2583 Time Avg = 1.965955E-04 Time/step= 1.890000E-04 ETA (HH:MM:SS) = 0:00:00
 [ 47%]  Time step     2585 of 5591 @ t_step =     2584 Time Avg = 1.965991E-04 Time/step= 2.060000E-04 ETA (HH:MM:SS) = 0:00:00
 [ 47%]  Time step     2586 of 5591 @ t_step =     2585 Time Avg = 1.965966E-04 Time/step= 1.900000E-04 ETA (HH:MM:SS) = 0:00:00
 [ 47%]  Time step     2587 of 5591 @ t_step =     2586 Time Avg = 1.965937E-04 Time/step= 1.890000E-04 ETA (HH:MM:SS) = 0:00:00
 [ 47%]  Time step     2588 of 5591 @ t_step =     2587 Time Avg = 1.965907E-04 Time/step= 1.890000E-04 ETA (HH:MM:SS) = 0:00:00
 [ 47%]  Time step     2589 of 5591 @ t_step =     2588 Time Avg = 1.965882E-04 Time/step= 1.900000E-04 ETA (HH:MM:SS) = 0:00:00
 [ 47%]  Time step     2590 of 5591 @ t_step =     2589 Time Avg = 1.965964E-04 Time/step= 2.180000E-04 ETA (HH:MM:SS) = 0:00:00
 [ 47%]  Time step     2591 of 5591 @ t_step =     2590 Time Avg = 1.966074E-04 Time/step= 2.250000E-04 ETA (HH:MM:SS) = 0:00:00
 [ 47%]  Time step     2592 of 5591 @ t_step =     2591 Time Avg = 1.966273E-04 Time/step= 2.480000E-04 ETA (HH:MM:SS) = 0:00:00
 [ 47%]  Time step     2593 of 5591 @ t_step =     2592 Time Avg = 1.966394E-04 Time/step= 2.280000E-04 ETA (HH:MM:SS) = 0:00:00
 [ 47%]  Time step     2594 of 5591 @ t_step =     2593 Time Avg = 1.966438E-04 Time/step= 2.080000E-04 ETA (HH:MM:SS) = 0:00:00
 [ 47%]  Time step     2595 of 5591 @ t_step =     2594 Time Avg = 1.966439E-04 Time/step= 1.970000E-04 ETA (HH:MM:SS) = 0:00:00
 [ 47%]  Time step     2596 of 5591 @ t_step =     2595 Time Avg = 1.966437E-04 Time/step= 1.960000E-04 ETA (HH:MM:SS) = 0:00:00
 [ 47%]  Time step     2597 of 5591 @ t_step =     2596 Time Avg = 1.966434E-04 Time/step= 1.960000E-04 ETA (HH:MM:SS) = 0:00:00
 [ 47%]  Time step     2598 of 5591 @ t_step =     2597 Time Avg = 1.966432E-04 Time/step= 1.960000E-04 ETA (HH:MM:SS) = 0:00:00
 [ 47%]  Time step     2599 of 5591 @ t_step =     2598 Time Avg = 1.966691E-04 Time/step= 2.640000E-04 ETA (HH:MM:SS) = 0:00:00
 [ 47%]  Time step     2600 of 5591 @ t_step =     2599 Time Avg = 1.966943E-04 Time/step= 2.620000E-04 ETA (HH:MM:SS) = 0:00:00
 [ 47%]  Time step     2601 of 5591 @ t_step =     2600 Time Avg = 1.967028E-04 Time/step= 2.190000E-04 ETA (HH:MM:SS) = 0:00:00
 [ 47%]  Time step     2602 of 5591 @ t_step =     2601 Time Avg = 1.967210E-04 Time/step= 2.440000E-04 ETA (HH:MM:SS) = 0:00:00
 [ 47%]  Time step     2603 of 5591 @ t_step =     2602 Time Avg = 1.967308E-04 Time/step= 2.220000E-04 ETA (HH:MM:SS) = 0:00:00
 [ 47%]  Time step     2604 of 5591 @ t_step =     2603 Time Avg = 1.967282E-04 Time/step= 1.900000E-04 ETA (HH:MM:SS) = 0:00:00
 [ 47%]  Time step     2605 of 5591 @ t_step =     2604 Time Avg = 1.967371E-04 Time/step= 2.200000E-04 ETA (HH:MM:SS) = 0:00:00
 [ 47%]  Time step     2606 of 5591 @ t_step =     2605 Time Avg = 1.967395E-04 Time/step= 2.030000E-04 ETA (HH:MM:SS) = 0:00:00
 [ 47%]  Time step     2607 of 5591 @ t_step =     2606 Time Avg = 1.967458E-04 Time/step= 2.130000E-04 ETA (HH:MM:SS) = 0:00:00
 [ 47%]  Time step     2608 of 5591 @ t_step =     2607 Time Avg = 1.967655E-04 Time/step= 2.480000E-04 ETA (HH:MM:SS) = 0:00:00
 [ 47%]  Time step     2609 of 5591 @ t_step =     2608 Time Avg = 1.967778E-04 Time/step= 2.290000E-04 ETA (HH:MM:SS) = 0:00:00
 [ 47%]  Time step     2610 of 5591 @ t_step =     2609 Time Avg = 1.967833E-04 Time/step= 2.110000E-04 ETA (HH:MM:SS) = 0:00:00
 [ 47%]  Time step     2611 of 5591 @ t_step =     2610 Time Avg = 1.967945E-04 Time/step= 2.260000E-04 ETA (HH:MM:SS) = 0:00:00
 [ 47%]  Time step     2612 of 5591 @ t_step =     2611 Time Avg = 1.968176E-04 Time/step= 2.570000E-04 ETA (HH:MM:SS) = 0:00:00
 [ 47%]  Time step     2613 of 5591 @ t_step =     2612 Time Avg = 1.968295E-04 Time/step= 2.280000E-04 ETA (HH:MM:SS) = 0:00:00
 [ 47%]  Time step     2614 of 5591 @ t_step =     2613 Time Avg = 1.968292E-04 Time/step= 1.960000E-04 ETA (HH:MM:SS) = 0:00:00
 [ 47%]  Time step     2615 of 5591 @ t_step =     2614 Time Avg = 1.968285E-04 Time/step= 1.950000E-04 ETA (HH:MM:SS) = 0:00:00
 [ 47%]  Time step     2616 of 5591 @ t_step =     2615 Time Avg = 1.968488E-04 Time/step= 2.500000E-04 ETA (HH:MM:SS) = 0:00:00
 [ 47%]  Time step     2617 of 5591 @ t_step =     2616 Time Avg = 1.968550E-04 Time/step= 2.130000E-04 ETA (HH:MM:SS) = 0:00:00
 [ 47%]  Time step     2618 of 5591 @ t_step =     2617 Time Avg = 1.968616E-04 Time/step= 2.140000E-04 ETA (HH:MM:SS) = 0:00:00
 [ 47%]  Time step     2619 of 5591 @ t_step =     2618 Time Avg = 1.968658E-04 Time/step= 2.080000E-04 ETA (HH:MM:SS) = 0:00:00
 [ 47%]  Time step     2620 of 5591 @ t_step =     2619 Time Avg = 1.968655E-04 Time/step= 1.960000E-04 ETA (HH:MM:SS) = 0:00:00
 [ 47%]  Time step     2621 of 5591 @ t_step =     2620 Time Avg = 1.968717E-04 Time/step= 2.130000E-04 ETA (HH:MM:SS) = 0:00:00
 [ 47%]  Time step     2622 of 5591 @ t_step =     2621 Time Avg = 1.968778E-04 Time/step= 2.130000E-04 ETA (HH:MM:SS) = 0:00:00
 [ 47%]  Time step     2623 of 5591 @ t_step =     2622 Time Avg = 1.968859E-04 Time/step= 2.180000E-04 ETA (HH:MM:SS) = 0:00:00
 [ 47%]  Time step     2624 of 5591 @ t_step =     2623 Time Avg = 1.968981E-04 Time/step= 2.290000E-04 ETA (HH:MM:SS) = 0:00:00
 [ 47%]  Time step     2625 of 5591 @ t_step =     2624 Time Avg = 1.969317E-04 Time/step= 2.850000E-04 ETA (HH:MM:SS) = 0:00:00
 [ 47%]  Time step     2626 of 5591 @ t_step =     2625 Time Avg = 1.969489E-04 Time/step= 2.420000E-04 ETA (HH:MM:SS) = 0:00:00
 [ 47%]  Time step     2627 of 5591 @ t_step =     2626 Time Avg = 1.969596E-04 Time/step= 2.250000E-04 ETA (HH:MM:SS) = 0:00:00
 [ 47%]  Time step     2628 of 5591 @ t_step =     2627 Time Avg = 1.969619E-04 Time/step= 2.030000E-04 ETA (HH:MM:SS) = 0:00:00
 [ 48%]  Time step     2629 of 5591 @ t_step =     2628 Time Avg = 1.969840E-04 Time/step= 2.550000E-04 ETA (HH:MM:SS) = 0:00:00
 [ 48%]  Time step     2630 of 5591 @ t_step =     2629 Time Avg = 1.969874E-04 Time/step= 2.060000E-04 ETA (HH:MM:SS) = 0:00:00
 [ 48%]  Time step     2631 of 5591 @ t_step =     2630 Time Avg = 1.969844E-04 Time/step= 1.890000E-04 ETA (HH:MM:SS) = 0:00:00
 [ 48%]  Time step     2632 of 5591 @ t_step =     2631 Time Avg = 1.969814E-04 Time/step= 1.890000E-04 ETA (HH:MM:SS) = 0:00:00
 [ 48%]  Time step     2633 of 5591 @ t_step =     2632 Time Avg = 1.969787E-04 Time/step= 1.900000E-04 ETA (HH:MM:SS) = 0:00:00
 [ 48%]  Time step     2634 of 5591 @ t_step =     2633 Time Avg = 1.969932E-04 Time/step= 2.350000E-04 ETA (HH:MM:SS) = 0:00:00
 [ 48%]  Time step     2635 of 5591 @ t_step =     2634 Time Avg = 1.970023E-04 Time/step= 2.210000E-04 ETA (HH:MM:SS) = 0:00:00
 [ 48%]  Time step     2636 of 5591 @ t_step =     2635 Time Avg = 1.970038E-04 Time/step= 2.010000E-04 ETA (HH:MM:SS) = 0:00:00
 [ 48%]  Time step     2637 of 5591 @ t_step =     2636 Time Avg = 1.970034E-04 Time/step= 1.960000E-04 ETA (HH:MM:SS) = 0:00:00
 [ 48%]  Time step     2638 of 5591 @ t_step =     2637 Time Avg = 1.970190E-04 Time/step= 2.380000E-04 ETA (HH:MM:SS) = 0:00:00
 [ 48%]  Time step     2639 of 5591 @ t_step =     2638 Time Avg = 1.970197E-04 Time/step= 1.990000E-04 ETA (HH:MM:SS) = 0:00:00
 [ 48%]  Time step     2640 of 5591 @ t_step =     2639 Time Avg = 1.970216E-04 Time/step= 2.020000E-04 ETA (HH:MM:SS) = 0:00:00
 [ 48%]  Time step     2641 of 5591 @ t_step =     2640 Time Avg = 1.970186E-04 Time/step= 1.890000E-04 ETA (HH:MM:SS) = 0:00:00
 [ 48%]  Time step     2642 of 5591 @ t_step =     2641 Time Avg = 1.970155E-04 Time/step= 1.890000E-04 ETA (HH:MM:SS) = 0:00:00
 [ 48%]  Time step     2643 of 5591 @ t_step =     2642 Time Avg = 1.970239E-04 Time/step= 2.190000E-04 ETA (HH:MM:SS) = 0:00:00
 [ 48%]  Time step     2644 of 5591 @ t_step =     2643 Time Avg = 1.970239E-04 Time/step= 1.970000E-04 ETA (HH:MM:SS) = 0:00:00
 [ 48%]  Time step     2645 of 5591 @ t_step =     2644 Time Avg = 1.970250E-04 Time/step= 2.000000E-04 ETA (HH:MM:SS) = 0:00:00
 [ 48%]  Time step     2646 of 5591 @ t_step =     2645 Time Avg = 1.970219E-04 Time/step= 1.890000E-04 ETA (HH:MM:SS) = 0:00:00
 [ 48%]  Time step     2647 of 5591 @ t_step =     2646 Time Avg = 1.970193E-04 Time/step= 1.900000E-04 ETA (HH:MM:SS) = 0:00:00
 [ 48%]  Time step     2648 of 5591 @ t_step =     2647 Time Avg = 1.970272E-04 Time/step= 2.180000E-04 ETA (HH:MM:SS) = 0:00:00
 [ 48%]  Time step     2649 of 5591 @ t_step =     2648 Time Avg = 1.970306E-04 Time/step= 2.060000E-04 ETA (HH:MM:SS) = 0:00:00
 [ 48%]  Time step     2650 of 5591 @ t_step =     2649 Time Avg = 1.970276E-04 Time/step= 1.890000E-04 ETA (HH:MM:SS) = 0:00:00
 [ 48%]  Time step     2651 of 5591 @ t_step =     2650 Time Avg = 1.970245E-04 Time/step= 1.890000E-04 ETA (HH:MM:SS) = 0:00:00
 [ 48%]  Time step     2652 of 5591 @ t_step =     2651 Time Avg = 1.970219E-04 Time/step= 1.900000E-04 ETA (HH:MM:SS) = 0:00:00
 [ 48%]  Time step     2653 of 5591 @ t_step =     2652 Time Avg = 1.970370E-04 Time/step= 2.370000E-04 ETA (HH:MM:SS) = 0:00:00
 [ 48%]  Time step     2654 of 5591 @ t_step =     2653 Time Avg = 1.970456E-04 Time/step= 2.200000E-04 ETA (HH:MM:SS) = 0:00:00
 [ 48%]  Time step     2655 of 5591 @ t_step =     2654 Time Avg = 1.970426E-04 Time/step= 1.890000E-04 ETA (HH:MM:SS) = 0:00:00
 [ 48%]  Time step     2656 of 5591 @ t_step =     2655 Time Avg = 1.970400E-04 Time/step= 1.900000E-04 ETA (HH:MM:SS) = 0:00:00
 [ 48%]  Time step     2657 of 5591 @ t_step =     2656 Time Avg = 1.970369E-04 Time/step= 1.890000E-04 ETA (HH:MM:SS) = 0:00:00
 [ 48%]  Time step     2658 of 5591 @ t_step =     2657 Time Avg = 1.970482E-04 Time/step= 2.270000E-04 ETA (HH:MM:SS) = 0:00:00
 [ 48%]  Time step     2659 of 5591 @ t_step =     2658 Time Avg = 1.970505E-04 Time/step= 2.030000E-04 ETA (HH:MM:SS) = 0:00:00
 [ 48%]  Time step     2660 of 5591 @ t_step =     2659 Time Avg = 1.970474E-04 Time/step= 1.890000E-04 ETA (HH:MM:SS) = 0:00:00
 [ 48%]  Time step     2661 of 5591 @ t_step =     2660 Time Avg = 1.970448E-04 Time/step= 1.900000E-04 ETA (HH:MM:SS) = 0:00:00
 [ 48%]  Time step     2662 of 5591 @ t_step =     2661 Time Avg = 1.970530E-04 Time/step= 2.190000E-04 ETA (HH:MM:SS) = 0:00:00
 [ 48%]  Time step     2663 of 5591 @ t_step =     2662 Time Avg = 1.970534E-04 Time/step= 1.980000E-04 ETA (HH:MM:SS) = 0:00:00
 [ 48%]  Time step     2664 of 5591 @ t_step =     2663 Time Avg = 1.970552E-04 Time/step= 2.020000E-04 ETA (HH:MM:SS) = 0:00:00
 [ 48%]  Time step     2665 of 5591 @ t_step =     2664 Time Avg = 1.970522E-04 Time/step= 1.890000E-04 ETA (HH:MM:SS) = 0:00:00
 [ 48%]  Time step     2666 of 5591 @ t_step =     2665 Time Avg = 1.970492E-04 Time/step= 1.890000E-04 ETA (HH:MM:SS) = 0:00:00
 [ 48%]  Time step     2667 of 5591 @ t_step =     2666 Time Avg = 1.970582E-04 Time/step= 2.210000E-04 ETA (HH:MM:SS) = 0:00:00
 [ 48%]  Time step     2668 of 5591 @ t_step =     2667 Time Avg = 1.970582E-04 Time/step= 1.970000E-04 ETA (HH:MM:SS) = 0:00:00
 [ 48%]  Time step     2669 of 5591 @ t_step =     2668 Time Avg = 1.970593E-04 Time/step= 2.000000E-04 ETA (HH:MM:SS) = 0:00:00
 [ 48%]  Time step     2670 of 5591 @ t_step =     2669 Time Avg = 1.970562E-04 Time/step= 1.890000E-04 ETA (HH:MM:SS) = 0:00:00
 [ 48%]  Time step     2671 of 5591 @ t_step =     2670 Time Avg = 1.970536E-04 Time/step= 1.900000E-04 ETA (HH:MM:SS) = 0:00:00
 [ 48%]  Time step     2672 of 5591 @ t_step =     2671 Time Avg = 1.970686E-04 Time/step= 2.370000E-04 ETA (HH:MM:SS) = 0:00:00
 [ 48%]  Time step     2673 of 5591 @ t_step =     2672 Time Avg = 1.970783E-04 Time/step= 2.230000E-04 ETA (HH:MM:SS) = 0:00:00
 [ 48%]  Time step     2674 of 5591 @ t_step =     2673 Time Avg = 1.970756E-04 Time/step= 1.900000E-04 ETA (HH:MM:SS) = 0:00:00
 [ 48%]  Time step     2675 of 5591 @ t_step =     2674 Time Avg = 1.970726E-04 Time/step= 1.890000E-04 ETA (HH:MM:SS) = 0:00:00
 [ 48%]  Time step     2676 of 5591 @ t_step =     2675 Time Avg = 1.970700E-04 Time/step= 1.900000E-04 ETA (HH:MM:SS) = 0:00:00
 [ 48%]  Time step     2677 of 5591 @ t_step =     2676 Time Avg = 1.970898E-04 Time/step= 2.500000E-04 ETA (HH:MM:SS) = 0:00:00
 [ 48%]  Time step     2678 of 5591 @ t_step =     2677 Time Avg = 1.970920E-04 Time/step= 2.030000E-04 ETA (HH:MM:SS) = 0:00:00
 [ 48%]  Time step     2679 of 5591 @ t_step =     2678 Time Avg = 1.970889E-04 Time/step= 1.890000E-04 ETA (HH:MM:SS) = 0:00:00
 [ 48%]  Time step     2680 of 5591 @ t_step =     2679 Time Avg = 1.970863E-04 Time/step= 1.900000E-04 ETA (HH:MM:SS) = 0:00:00
 [ 48%]  Time step     2681 of 5591 @ t_step =     2680 Time Avg = 1.970934E-04 Time/step= 2.160000E-04 ETA (HH:MM:SS) = 0:00:00
 [ 48%]  Time step     2682 of 5591 @ t_step =     2681 Time Avg = 1.970937E-04 Time/step= 1.980000E-04 ETA (HH:MM:SS) = 0:00:00
 [ 48%]  Time step     2683 of 5591 @ t_step =     2682 Time Avg = 1.970955E-04 Time/step= 2.020000E-04 ETA (HH:MM:SS) = 0:00:00
 [ 48%]  Time step     2684 of 5591 @ t_step =     2683 Time Avg = 1.970925E-04 Time/step= 1.890000E-04 ETA (HH:MM:SS) = 0:00:00
 [ 49%]  Time step     2685 of 5591 @ t_step =     2684 Time Avg = 1.970899E-04 Time/step= 1.900000E-04 ETA (HH:MM:SS) = 0:00:00
 [ 49%]  Time step     2686 of 5591 @ t_step =     2685 Time Avg = 1.970980E-04 Time/step= 2.190000E-04 ETA (HH:MM:SS) = 0:00:00
 [ 49%]  Time step     2687 of 5591 @ t_step =     2686 Time Avg = 1.970980E-04 Time/step= 1.970000E-04 ETA (HH:MM:SS) = 0:00:00
 [ 49%]  Time step     2688 of 5591 @ t_step =     2687 Time Avg = 1.970994E-04 Time/step= 2.010000E-04 ETA (HH:MM:SS) = 0:00:00
 [ 49%]  Time step     2689 of 5591 @ t_step =     2688 Time Avg = 1.970964E-04 Time/step= 1.890000E-04 ETA (HH:MM:SS) = 0:00:00
 [ 49%]  Time step     2690 of 5591 @ t_step =     2689 Time Avg = 1.970938E-04 Time/step= 1.900000E-04 ETA (HH:MM:SS) = 0:00:00
 [ 49%]  Time step     2691 of 5591 @ t_step =     2690 Time Avg = 1.971090E-04 Time/step= 2.380000E-04 ETA (HH:MM:SS) = 0:00:00
 [ 49%]  Time step     2692 of 5591 @ t_step =     2691 Time Avg = 1.971186E-04 Time/step= 2.230000E-04 ETA (HH:MM:SS) = 0:00:00
 [ 49%]  Time step     2693 of 5591 @ t_step =     2692 Time Avg = 1.971156E-04 Time/step= 1.890000E-04 ETA (HH:MM:SS) = 0:00:00
 [ 49%]  Time step     2694 of 5591 @ t_step =     2693 Time Avg = 1.971130E-04 Time/step= 1.900000E-04 ETA (HH:MM:SS) = 0:00:00
 [ 49%]  Time step     2695 of 5591 @ t_step =     2694 Time Avg = 1.971100E-04 Time/step= 1.890000E-04 ETA (HH:MM:SS) = 0:00:00
 [ 49%]  Time step     2696 of 5591 @ t_step =     2695 Time Avg = 1.971188E-04 Time/step= 2.210000E-04 ETA (HH:MM:SS) = 0:00:00
 [ 49%]  Time step     2697 of 5591 @ t_step =     2696 Time Avg = 1.971218E-04 Time/step= 2.050000E-04 ETA (HH:MM:SS) = 0:00:00
 [ 49%]  Time step     2698 of 5591 @ t_step =     2697 Time Avg = 1.971191E-04 Time/step= 1.900000E-04 ETA (HH:MM:SS) = 0:00:00
 [ 49%]  Time step     2699 of 5591 @ t_step =     2698 Time Avg = 1.971161E-04 Time/step= 1.890000E-04 ETA (HH:MM:SS) = 0:00:00
 [ 49%]  Time step     2700 of 5591 @ t_step =     2699 Time Avg = 1.971135E-04 Time/step= 1.900000E-04 ETA (HH:MM:SS) = 0:00:00
 [ 49%]  Time step     2701 of 5591 @ t_step =     2700 Time Avg = 1.971216E-04 Time/step= 2.190000E-04 ETA (HH:MM:SS) = 0:00:00
 [ 49%]  Time step     2702 of 5591 @ t_step =     2701 Time Avg = 1.971237E-04 Time/step= 2.030000E-04 ETA (HH:MM:SS) = 0:00:00
 [ 49%]  Time step     2703 of 5591 @ t_step =     2702 Time Avg = 1.971211E-04 Time/step= 1.900000E-04 ETA (HH:MM:SS) = 0:00:00
 [ 49%]  Time step     2704 of 5591 @ t_step =     2703 Time Avg = 1.971185E-04 Time/step= 1.900000E-04 ETA (HH:MM:SS) = 0:00:00
 [ 49%]  Time step     2705 of 5591 @ t_step =     2704 Time Avg = 1.971262E-04 Time/step= 2.180000E-04 ETA (HH:MM:SS) = 0:00:00
 [ 49%]  Time step     2706 of 5591 @ t_step =     2705 Time Avg = 1.971262E-04 Time/step= 1.970000E-04 ETA (HH:MM:SS) = 0:00:00
 [ 49%]  Time step     2707 of 5591 @ t_step =     2706 Time Avg = 1.971276E-04 Time/step= 2.010000E-04 ETA (HH:MM:SS) = 0:00:00
 [ 49%]  Time step     2708 of 5591 @ t_step =     2707 Time Avg = 1.971250E-04 Time/step= 1.900000E-04 ETA (HH:MM:SS) = 0:00:00
 [ 49%]  Time step     2709 of 5591 @ t_step =     2708 Time Avg = 1.971220E-04 Time/step= 1.890000E-04 ETA (HH:MM:SS) = 0:00:00
 [ 49%]  Time step     2710 of 5591 @ t_step =     2709 Time Avg = 1.971363E-04 Time/step= 2.360000E-04 ETA (HH:MM:SS) = 0:00:00
 [ 49%]  Time step     2711 of 5591 @ t_step =     2710 Time Avg = 1.971425E-04 Time/step= 2.140000E-04 ETA (HH:MM:SS) = 0:00:00
 [ 49%]  Time step     2712 of 5591 @ t_step =     2711 Time Avg = 1.971440E-04 Time/step= 2.010000E-04 ETA (HH:MM:SS) = 0:00:00
 [ 49%]  Time step     2713 of 5591 @ t_step =     2712 Time Avg = 1.971413E-04 Time/step= 1.900000E-04 ETA (HH:MM:SS) = 0:00:00
 [ 49%]  Time step     2714 of 5591 @ t_step =     2713 Time Avg = 1.971383E-04 Time/step= 1.890000E-04 ETA (HH:MM:SS) = 0:00:00
 [ 49%]  Time step     2715 of 5591 @ t_step =     2714 Time Avg = 1.971490E-04 Time/step= 2.260000E-04 ETA (HH:MM:SS) = 0:00:00
 [ 49%]  Time step     2716 of 5591 @ t_step =     2715 Time Avg = 1.971519E-04 Time/step= 2.050000E-04 ETA (HH:MM:SS) = 0:00:00
 [ 49%]  Time step     2717 of 5591 @ t_step =     2716 Time Avg = 1.971492E-04 Time/step= 1.900000E-04 ETA (HH:MM:SS) = 0:00:00
 [ 49%]  Time step     2718 of 5591 @ t_step =     2717 Time Avg = 1.971462E-04 Time/step= 1.890000E-04 ETA (HH:MM:SS) = 0:00:00
 [ 49%]  Time step     2719 of 5591 @ t_step =     2718 Time Avg = 1.971432E-04 Time/step= 1.890000E-04 ETA (HH:MM:SS) = 0:00:00
 [ 49%]  Time step     2720 of 5591 @ t_step =     2719 Time Avg = 1.971524E-04 Time/step= 2.220000E-04 ETA (HH:MM:SS) = 0:00:00
 [ 49%]  Time step     2721 of 5591 @ t_step =     2720 Time Avg = 1.971545E-04 Time/step= 2.030000E-04 ETA (HH:MM:SS) = 0:00:00
 [ 49%]  Time step     2722 of 5591 @ t_step =     2721 Time Avg = 1.971515E-04 Time/step= 1.890000E-04 ETA (HH:MM:SS) = 0:00:00
 [ 49%]  Time step     2723 of 5591 @ t_step =     2722 Time Avg = 1.971489E-04 Time/step= 1.900000E-04 ETA (HH:MM:SS) = 0:00:00
 [ 49%]  Time step     2724 of 5591 @ t_step =     2723 Time Avg = 1.971540E-04 Time/step= 2.110000E-04 ETA (HH:MM:SS) = 0:00:00
 [ 49%]  Time step     2725 of 5591 @ t_step =     2724 Time Avg = 1.971543E-04 Time/step= 1.980000E-04 ETA (HH:MM:SS) = 0:00:00
 [ 49%]  Time step     2726 of 5591 @ t_step =     2725 Time Avg = 1.971561E-04 Time/step= 2.020000E-04 ETA (HH:MM:SS) = 0:00:00
 [ 49%]  Time step     2727 of 5591 @ t_step =     2726 Time Avg = 1.971531E-04 Time/step= 1.890000E-04 ETA (HH:MM:SS) = 0:00:00
 [ 49%]  Time step     2728 of 5591 @ t_step =     2727 Time Avg = 1.971501E-04 Time/step= 1.890000E-04 ETA (HH:MM:SS) = 0:00:00
 [ 49%]  Time step     2729 of 5591 @ t_step =     2728 Time Avg = 1.971618E-04 Time/step= 2.290000E-04 ETA (HH:MM:SS) = 0:00:00
 [ 49%]  Time step     2730 of 5591 @ t_step =     2729 Time Avg = 1.971646E-04 Time/step= 2.050000E-04 ETA (HH:MM:SS) = 0:00:00
 [ 49%]  Time step     2731 of 5591 @ t_step =     2730 Time Avg = 1.971701E-04 Time/step= 2.120000E-04 ETA (HH:MM:SS) = 0:00:00
 [ 49%]  Time step     2732 of 5591 @ t_step =     2731 Time Avg = 1.971675E-04 Time/step= 1.900000E-04 ETA (HH:MM:SS) = 0:00:00
 [ 49%]  Time step     2733 of 5591 @ t_step =     2732 Time Avg = 1.971645E-04 Time/step= 1.890000E-04 ETA (HH:MM:SS) = 0:00:00
 [ 49%]  Time step     2734 of 5591 @ t_step =     2733 Time Avg = 1.971732E-04 Time/step= 2.210000E-04 ETA (HH:MM:SS) = 0:00:00
 [ 49%]  Time step     2735 of 5591 @ t_step =     2734 Time Avg = 1.971764E-04 Time/step= 2.060000E-04 ETA (HH:MM:SS) = 0:00:00
 [ 49%]  Time step     2736 of 5591 @ t_step =     2735 Time Avg = 1.971738E-04 Time/step= 1.900000E-04 ETA (HH:MM:SS) = 0:00:00
 [ 49%]  Time step     2737 of 5591 @ t_step =     2736 Time Avg = 1.971708E-04 Time/step= 1.890000E-04 ETA (HH:MM:SS) = 0:00:00
 [ 49%]  Time step     2738 of 5591 @ t_step =     2737 Time Avg = 1.971678E-04 Time/step= 1.890000E-04 ETA (HH:MM:SS) = 0:00:00
 [ 49%]  Time step     2739 of 5591 @ t_step =     2738 Time Avg = 1.971718E-04 Time/step= 2.080000E-04 ETA (HH:MM:SS) = 0:00:00
 [ 49%]  Time step     2740 of 5591 @ t_step =     2739 Time Avg = 1.971692E-04 Time/step= 1.900000E-04 ETA (HH:MM:SS) = 0:00:00
 [ 50%]  Time step     2741 of 5591 @ t_step =     2740 Time Avg = 1.971665E-04 Time/step= 1.900000E-04 ETA (HH:MM:SS) = 0:00:00
 [ 50%]  Time step     2742 of 5591 @ t_step =     2741 Time Avg = 1.971636E-04 Time/step= 1.890000E-04 ETA (HH:MM:SS) = 0:00:00
 [ 50%]  Time step     2743 of 5591 @ t_step =     2742 Time Avg = 1.971609E-04 Time/step= 1.900000E-04 ETA (HH:MM:SS) = 0:00:00
 [ 50%]  Time step     2744 of 5591 @ t_step =     2743 Time Avg = 1.971638E-04 Time/step= 2.050000E-04 ETA (HH:MM:SS) = 0:00:00
 [ 50%]  Time step     2745 of 5591 @ t_step =     2744 Time Avg = 1.971616E-04 Time/step= 1.910000E-04 ETA (HH:MM:SS) = 0:00:00
 [ 50%]  Time step     2746 of 5591 @ t_step =     2745 Time Avg = 1.971590E-04 Time/step= 1.900000E-04 ETA (HH:MM:SS) = 0:00:00
 [ 50%]  Time step     2747 of 5591 @ t_step =     2746 Time Avg = 1.971560E-04 Time/step= 1.890000E-04 ETA (HH:MM:SS) = 0:00:00
 [ 50%]  Time step     2748 of 5591 @ t_step =     2747 Time Avg = 1.971530E-04 Time/step= 1.890000E-04 ETA (HH:MM:SS) = 0:00:00
 [ 50%]  Time step     2749 of 5591 @ t_step =     2748 Time Avg = 1.971664E-04 Time/step= 2.340000E-04 ETA (HH:MM:SS) = 0:00:00
 [ 50%]  Time step     2750 of 5591 @ t_step =     2749 Time Avg = 1.971693E-04 Time/step= 2.050000E-04 ETA (HH:MM:SS) = 0:00:00
 [ 50%]  Time step     2751 of 5591 @ t_step =     2750 Time Avg = 1.971663E-04 Time/step= 1.890000E-04 ETA (HH:MM:SS) = 0:00:00
 [ 50%]  Time step     2752 of 5591 @ t_step =     2751 Time Avg = 1.971633E-04 Time/step= 1.890000E-04 ETA (HH:MM:SS) = 0:00:00
 [ 50%]  Time step     2753 of 5591 @ t_step =     2752 Time Avg = 1.971607E-04 Time/step= 1.900000E-04 ETA (HH:MM:SS) = 0:00:00
 [ 50%]  Time step     2754 of 5591 @ t_step =     2753 Time Avg = 1.971625E-04 Time/step= 2.020000E-04 ETA (HH:MM:SS) = 0:00:00
 [ 50%]  Time step     2755 of 5591 @ t_step =     2754 Time Avg = 1.971602E-04 Time/step= 1.910000E-04 ETA (HH:MM:SS) = 0:00:00
 [ 50%]  Time step     2756 of 5591 @ t_step =     2755 Time Avg = 1.971573E-04 Time/step= 1.890000E-04 ETA (HH:MM:SS) = 0:00:00
 [ 50%]  Time step     2757 of 5591 @ t_step =     2756 Time Avg = 1.971547E-04 Time/step= 1.900000E-04 ETA (HH:MM:SS) = 0:00:00
 [ 50%]  Time step     2758 of 5591 @ t_step =     2757 Time Avg = 1.971550E-04 Time/step= 1.980000E-04 ETA (HH:MM:SS) = 0:00:00
 [ 50%]  Time step     2759 of 5591 @ t_step =     2758 Time Avg = 1.971549E-04 Time/step= 1.970000E-04 ETA (HH:MM:SS) = 0:00:00
 [ 50%]  Time step     2760 of 5591 @ t_step =     2759 Time Avg = 1.971523E-04 Time/step= 1.900000E-04 ETA (HH:MM:SS) = 0:00:00
 [ 50%]  Time step     2761 of 5591 @ t_step =     2760 Time Avg = 1.971494E-04 Time/step= 1.890000E-04 ETA (HH:MM:SS) = 0:00:00
 [ 50%]  Time step     2762 of 5591 @ t_step =     2761 Time Avg = 1.971468E-04 Time/step= 1.900000E-04 ETA (HH:MM:SS) = 0:00:00
 [ 50%]  Time step     2763 of 5591 @ t_step =     2762 Time Avg = 1.971471E-04 Time/step= 1.980000E-04 ETA (HH:MM:SS) = 0:00:00
 [ 50%]  Time step     2764 of 5591 @ t_step =     2763 Time Avg = 1.971456E-04 Time/step= 1.930000E-04 ETA (HH:MM:SS) = 0:00:00
 [ 50%]  Time step     2765 of 5591 @ t_step =     2764 Time Avg = 1.971430E-04 Time/step= 1.900000E-04 ETA (HH:MM:SS) = 0:00:00
 [ 50%]  Time step     2766 of 5591 @ t_step =     2765 Time Avg = 1.971401E-04 Time/step= 1.890000E-04 ETA (HH:MM:SS) = 0:00:00
 [ 50%]  Time step     2767 of 5591 @ t_step =     2766 Time Avg = 1.971375E-04 Time/step= 1.900000E-04 ETA (HH:MM:SS) = 0:00:00
 [ 50%]  Time step     2768 of 5591 @ t_step =     2767 Time Avg = 1.971425E-04 Time/step= 2.110000E-04 ETA (HH:MM:SS) = 0:00:00
 [ 50%]  Time step     2769 of 5591 @ t_step =     2768 Time Avg = 1.971479E-04 Time/step= 2.120000E-04 ETA (HH:MM:SS) = 0:00:00
 [ 50%]  Time step     2770 of 5591 @ t_step =     2769 Time Avg = 1.971500E-04 Time/step= 2.030000E-04 ETA (HH:MM:SS) = 0:00:00
 [ 50%]  Time step     2771 of 5591 @ t_step =     2770 Time Avg = 1.971474E-04 Time/step= 1.900000E-04 ETA (HH:MM:SS) = 0:00:00
 [ 50%]  Time step     2772 of 5591 @ t_step =     2771 Time Avg = 1.971445E-04 Time/step= 1.890000E-04 ETA (HH:MM:SS) = 0:00:00
 [ 50%]  Time step     2773 of 5591 @ t_step =     2772 Time Avg = 1.971473E-04 Time/step= 2.050000E-04 ETA (HH:MM:SS) = 0:00:00
 [ 50%]  Time step     2774 of 5591 @ t_step =     2773 Time Avg = 1.971451E-04 Time/step= 1.910000E-04 ETA (HH:MM:SS) = 0:00:00
 [ 50%]  Time step     2775 of 5591 @ t_step =     2774 Time Avg = 1.971425E-04 Time/step= 1.900000E-04 ETA (HH:MM:SS) = 0:00:00
 [ 50%]  Time step     2776 of 5591 @ t_step =     2775 Time Avg = 1.971399E-04 Time/step= 1.900000E-04 ETA (HH:MM:SS) = 0:00:00
 [ 50%]  Time step     2777 of 5591 @ t_step =     2776 Time Avg = 1.971373E-04 Time/step= 1.900000E-04 ETA (HH:MM:SS) = 0:00:00
 [ 50%]  Time step     2778 of 5591 @ t_step =     2777 Time Avg = 1.971405E-04 Time/step= 2.060000E-04 ETA (HH:MM:SS) = 0:00:00
 [ 50%]  Time step     2779 of 5591 @ t_step =     2778 Time Avg = 1.971380E-04 Time/step= 1.900000E-04 ETA (HH:MM:SS) = 0:00:00
 [ 50%]  Time step     2780 of 5591 @ t_step =     2779 Time Avg = 1.971354E-04 Time/step= 1.900000E-04 ETA (HH:MM:SS) = 0:00:00
 [ 50%]  Time step     2781 of 5591 @ t_step =     2780 Time Avg = 1.971328E-04 Time/step= 1.900000E-04 ETA (HH:MM:SS) = 0:00:00
 [ 50%]  Time step     2782 of 5591 @ t_step =     2781 Time Avg = 1.971299E-04 Time/step= 1.890000E-04 ETA (HH:MM:SS) = 0:00:00
 [ 50%]  Time step     2783 of 5591 @ t_step =     2782 Time Avg = 1.971381E-04 Time/step= 2.200000E-04 ETA (HH:MM:SS) = 0:00:00
 [ 50%]  Time step     2784 of 5591 @ t_step =     2783 Time Avg = 1.971381E-04 Time/step= 1.970000E-04 ETA (HH:MM:SS) = 0:00:00
 [ 50%]  Time step     2785 of 5591 @ t_step =     2784 Time Avg = 1.971391E-04 Time/step= 2.000000E-04 ETA (HH:MM:SS) = 0:00:00
 [ 50%]  Time step     2786 of 5591 @ t_step =     2785 Time Avg = 1.971362E-04 Time/step= 1.890000E-04 ETA (HH:MM:SS) = 0:00:00
 [ 50%]  Time step     2787 of 5591 @ t_step =     2786 Time Avg = 1.971336E-04 Time/step= 1.900000E-04 ETA (HH:MM:SS) = 0:00:00
 [ 50%]  Time step     2788 of 5591 @ t_step =     2787 Time Avg = 1.971454E-04 Time/step= 2.300000E-04 ETA (HH:MM:SS) = 0:00:00
 [ 50%]  Time step     2789 of 5591 @ t_step =     2788 Time Avg = 1.971490E-04 Time/step= 2.070000E-04 ETA (HH:MM:SS) = 0:00:00
 [ 50%]  Time step     2790 of 5591 @ t_step =     2789 Time Avg = 1.971464E-04 Time/step= 1.900000E-04 ETA (HH:MM:SS) = 0:00:00
 [ 50%]  Time step     2791 of 5591 @ t_step =     2790 Time Avg = 1.971438E-04 Time/step= 1.900000E-04 ETA (HH:MM:SS) = 0:00:00
 [ 50%]  Time step     2792 of 5591 @ t_step =     2791 Time Avg = 1.971409E-04 Time/step= 1.890000E-04 ETA (HH:MM:SS) = 0:00:00
 [ 50%]  Time step     2793 of 5591 @ t_step =     2792 Time Avg = 1.971548E-04 Time/step= 2.360000E-04 ETA (HH:MM:SS) = 0:00:00
 [ 50%]  Time step     2794 of 5591 @ t_step =     2793 Time Avg = 1.971659E-04 Time/step= 2.280000E-04 ETA (HH:MM:SS) = 0:00:00
 [ 50%]  Time step     2795 of 5591 @ t_step =     2794 Time Avg = 1.971780E-04 Time/step= 2.310000E-04 ETA (HH:MM:SS) = 0:00:00
 [ 50%]  Time step     2796 of 5591 @ t_step =     2795 Time Avg = 1.971772E-04 Time/step= 1.950000E-04 ETA (HH:MM:SS) = 0:00:00
 [ 51%]  Time step     2797 of 5591 @ t_step =     2796 Time Avg = 1.971850E-04 Time/step= 2.190000E-04 ETA (HH:MM:SS) = 0:00:00
 [ 51%]  Time step     2798 of 5591 @ t_step =     2797 Time Avg = 1.971825E-04 Time/step= 1.900000E-04 ETA (HH:MM:SS) = 0:00:00
 [ 51%]  Time step     2799 of 5591 @ t_step =     2798 Time Avg = 1.971799E-04 Time/step= 1.900000E-04 ETA (HH:MM:SS) = 0:00:00
 [ 51%]  Time step     2800 of 5591 @ t_step =     2799 Time Avg = 1.971770E-04 Time/step= 1.890000E-04 ETA (HH:MM:SS) = 0:00:00
 [ 51%]  Time step     2801 of 5591 @ t_step =     2800 Time Avg = 1.971744E-04 Time/step= 1.900000E-04 ETA (HH:MM:SS) = 0:00:00
 [ 51%]  Time step     2802 of 5591 @ t_step =     2801 Time Avg = 1.971776E-04 Time/step= 2.060000E-04 ETA (HH:MM:SS) = 0:00:00
 [ 51%]  Time step     2803 of 5591 @ t_step =     2802 Time Avg = 1.971750E-04 Time/step= 1.900000E-04 ETA (HH:MM:SS) = 0:00:00
 [ 51%]  Time step     2804 of 5591 @ t_step =     2803 Time Avg = 1.971724E-04 Time/step= 1.900000E-04 ETA (HH:MM:SS) = 0:00:00
 [ 51%]  Time step     2805 of 5591 @ t_step =     2804 Time Avg = 1.971695E-04 Time/step= 1.890000E-04 ETA (HH:MM:SS) = 0:00:00
 [ 51%]  Time step     2806 of 5591 @ t_step =     2805 Time Avg = 1.971666E-04 Time/step= 1.890000E-04 ETA (HH:MM:SS) = 0:00:00
 [ 51%]  Time step     2807 of 5591 @ t_step =     2806 Time Avg = 1.971797E-04 Time/step= 2.340000E-04 ETA (HH:MM:SS) = 0:00:00
 [ 51%]  Time step     2808 of 5591 @ t_step =     2807 Time Avg = 1.971797E-04 Time/step= 1.970000E-04 ETA (HH:MM:SS) = 0:00:00
 [ 51%]  Time step     2809 of 5591 @ t_step =     2808 Time Avg = 1.971771E-04 Time/step= 1.900000E-04 ETA (HH:MM:SS) = 0:00:00
 [ 51%]  Time step     2810 of 5591 @ t_step =     2809 Time Avg = 1.971746E-04 Time/step= 1.900000E-04 ETA (HH:MM:SS) = 0:00:00
 [ 51%]  Time step     2811 of 5591 @ t_step =     2810 Time Avg = 1.971717E-04 Time/step= 1.890000E-04 ETA (HH:MM:SS) = 0:00:00
 [ 51%]  Time step     2812 of 5591 @ t_step =     2811 Time Avg = 1.971762E-04 Time/step= 2.100000E-04 ETA (HH:MM:SS) = 0:00:00
 [ 51%]  Time step     2813 of 5591 @ t_step =     2812 Time Avg = 1.971737E-04 Time/step= 1.900000E-04 ETA (HH:MM:SS) = 0:00:00
 [ 51%]  Time step     2814 of 5591 @ t_step =     2813 Time Avg = 1.971711E-04 Time/step= 1.900000E-04 ETA (HH:MM:SS) = 0:00:00
 [ 51%]  Time step     2815 of 5591 @ t_step =     2814 Time Avg = 1.971686E-04 Time/step= 1.900000E-04 ETA (HH:MM:SS) = 0:00:00
 [ 51%]  Time step     2816 of 5591 @ t_step =     2815 Time Avg = 1.971660E-04 Time/step= 1.900000E-04 ETA (HH:MM:SS) = 0:00:00
 [ 51%]  Time step     2817 of 5591 @ t_step =     2816 Time Avg = 1.971688E-04 Time/step= 2.050000E-04 ETA (HH:MM:SS) = 0:00:00
 [ 51%]  Time step     2818 of 5591 @ t_step =     2817 Time Avg = 1.971663E-04 Time/step= 1.900000E-04 ETA (HH:MM:SS) = 0:00:00
 [ 51%]  Time step     2819 of 5591 @ t_step =     2818 Time Avg = 1.971637E-04 Time/step= 1.900000E-04 ETA (HH:MM:SS) = 0:00:00
 [ 51%]  Time step     2820 of 5591 @ t_step =     2819 Time Avg = 1.971608E-04 Time/step= 1.890000E-04 ETA (HH:MM:SS) = 0:00:00
 [ 51%]  Time step     2821 of 5591 @ t_step =     2820 Time Avg = 1.971583E-04 Time/step= 1.900000E-04 ETA (HH:MM:SS) = 0:00:00
 [ 51%]  Time step     2822 of 5591 @ t_step =     2821 Time Avg = 1.971618E-04 Time/step= 2.070000E-04 ETA (HH:MM:SS) = 0:00:00
 [ 51%]  Time step     2823 of 5591 @ t_step =     2822 Time Avg = 1.971592E-04 Time/step= 1.900000E-04 ETA (HH:MM:SS) = 0:00:00
 [ 51%]  Time step     2824 of 5591 @ t_step =     2823 Time Avg = 1.971567E-04 Time/step= 1.900000E-04 ETA (HH:MM:SS) = 0:00:00
 [ 51%]  Time step     2825 of 5591 @ t_step =     2824 Time Avg = 1.971541E-04 Time/step= 1.900000E-04 ETA (HH:MM:SS) = 0:00:00
 [ 51%]  Time step     2826 of 5591 @ t_step =     2825 Time Avg = 1.971513E-04 Time/step= 1.890000E-04 ETA (HH:MM:SS) = 0:00:00
 [ 51%]  Time step     2827 of 5591 @ t_step =     2826 Time Avg = 1.971650E-04 Time/step= 2.360000E-04 ETA (HH:MM:SS) = 0:00:00
 [ 51%]  Time step     2828 of 5591 @ t_step =     2827 Time Avg = 1.971681E-04 Time/step= 2.060000E-04 ETA (HH:MM:SS) = 0:00:00
 [ 51%]  Time step     2829 of 5591 @ t_step =     2828 Time Avg = 1.971653E-04 Time/step= 1.890000E-04 ETA (HH:MM:SS) = 0:00:00
 [ 51%]  Time step     2830 of 5591 @ t_step =     2829 Time Avg = 1.971680E-04 Time/step= 2.050000E-04 ETA (HH:MM:SS) = 0:00:00
 [ 51%]  Time step     2831 of 5591 @ t_step =     2830 Time Avg = 1.971796E-04 Time/step= 2.300000E-04 ETA (HH:MM:SS) = 0:00:00
 [ 51%]  Time step     2832 of 5591 @ t_step =     2831 Time Avg = 1.971941E-04 Time/step= 2.380000E-04 ETA (HH:MM:SS) = 0:00:00
 [ 51%]  Time step     2833 of 5591 @ t_step =     2832 Time Avg = 1.971961E-04 Time/step= 2.030000E-04 ETA (HH:MM:SS) = 0:00:00
 [ 51%]  Time step     2834 of 5591 @ t_step =     2833 Time Avg = 1.971932E-04 Time/step= 1.890000E-04 ETA (HH:MM:SS) = 0:00:00
 [ 51%]  Time step     2835 of 5591 @ t_step =     2834 Time Avg = 1.971907E-04 Time/step= 1.900000E-04 ETA (HH:MM:SS) = 0:00:00
 [ 51%]  Time step     2836 of 5591 @ t_step =     2835 Time Avg = 1.971998E-04 Time/step= 2.230000E-04 ETA (HH:MM:SS) = 0:00:00
 [ 51%]  Time step     2837 of 5591 @ t_step =     2836 Time Avg = 1.972152E-04 Time/step= 2.410000E-04 ETA (HH:MM:SS) = 0:00:00
 [ 51%]  Time step     2838 of 5591 @ t_step =     2837 Time Avg = 1.972275E-04 Time/step= 2.320000E-04 ETA (HH:MM:SS) = 0:00:00
 [ 51%]  Time step     2839 of 5591 @ t_step =     2838 Time Avg = 1.972317E-04 Time/step= 2.090000E-04 ETA (HH:MM:SS) = 0:00:00
 [ 51%]  Time step     2840 of 5591 @ t_step =     2839 Time Avg = 1.972411E-04 Time/step= 2.240000E-04 ETA (HH:MM:SS) = 0:00:00
 [ 51%]  Time step     2841 of 5591 @ t_step =     2840 Time Avg = 1.972541E-04 Time/step= 2.340000E-04 ETA (HH:MM:SS) = 0:00:00
 [ 51%]  Time step     2842 of 5591 @ t_step =     2841 Time Avg = 1.972744E-04 Time/step= 2.550000E-04 ETA (HH:MM:SS) = 0:00:00
 [ 51%]  Time step     2843 of 5591 @ t_step =     2842 Time Avg = 1.972817E-04 Time/step= 2.180000E-04 ETA (HH:MM:SS) = 0:00:00
 [ 51%]  Time step     2844 of 5591 @ t_step =     2843 Time Avg = 1.972886E-04 Time/step= 2.170000E-04 ETA (HH:MM:SS) = 0:00:00
 [ 51%]  Time step     2845 of 5591 @ t_step =     2844 Time Avg = 1.972942E-04 Time/step= 2.130000E-04 ETA (HH:MM:SS) = 0:00:00
 [ 51%]  Time step     2846 of 5591 @ t_step =     2845 Time Avg = 1.972962E-04 Time/step= 2.030000E-04 ETA (HH:MM:SS) = 0:00:00
 [ 51%]  Time step     2847 of 5591 @ t_step =     2846 Time Avg = 1.972932E-04 Time/step= 1.890000E-04 ETA (HH:MM:SS) = 0:00:00
 [ 51%]  Time step     2848 of 5591 @ t_step =     2847 Time Avg = 1.972903E-04 Time/step= 1.890000E-04 ETA (HH:MM:SS) = 0:00:00
 [ 51%]  Time step     2849 of 5591 @ t_step =     2848 Time Avg = 1.972955E-04 Time/step= 2.120000E-04 ETA (HH:MM:SS) = 0:00:00
 [ 51%]  Time step     2850 of 5591 @ t_step =     2849 Time Avg = 1.972929E-04 Time/step= 1.900000E-04 ETA (HH:MM:SS) = 0:00:00
 [ 51%]  Time step     2851 of 5591 @ t_step =     2850 Time Avg = 1.972904E-04 Time/step= 1.900000E-04 ETA (HH:MM:SS) = 0:00:00
 [ 51%]  Time step     2852 of 5591 @ t_step =     2851 Time Avg = 1.972878E-04 Time/step= 1.900000E-04 ETA (HH:MM:SS) = 0:00:00
 [ 52%]  Time step     2853 of 5591 @ t_step =     2852 Time Avg = 1.972849E-04 Time/step= 1.890000E-04 ETA (HH:MM:SS) = 0:00:00
 [ 52%]  Time step     2854 of 5591 @ t_step =     2853 Time Avg = 1.972890E-04 Time/step= 2.090000E-04 ETA (HH:MM:SS) = 0:00:00
 [ 52%]  Time step     2855 of 5591 @ t_step =     2854 Time Avg = 1.972865E-04 Time/step= 1.900000E-04 ETA (HH:MM:SS) = 0:00:00
 [ 52%]  Time step     2856 of 5591 @ t_step =     2855 Time Avg = 1.972836E-04 Time/step= 1.890000E-04 ETA (HH:MM:SS) = 0:00:00
 [ 52%]  Time step     2857 of 5591 @ t_step =     2856 Time Avg = 1.972810E-04 Time/step= 1.900000E-04 ETA (HH:MM:SS) = 0:00:00
 [ 52%]  Time step     2858 of 5591 @ t_step =     2857 Time Avg = 1.972785E-04 Time/step= 1.900000E-04 ETA (HH:MM:SS) = 0:00:00
 [ 52%]  Time step     2859 of 5591 @ t_step =     2858 Time Avg = 1.972822E-04 Time/step= 2.080000E-04 ETA (HH:MM:SS) = 0:00:00
 [ 52%]  Time step     2860 of 5591 @ t_step =     2859 Time Avg = 1.972797E-04 Time/step= 1.900000E-04 ETA (HH:MM:SS) = 0:00:00
 [ 52%]  Time step     2861 of 5591 @ t_step =     2860 Time Avg = 1.972771E-04 Time/step= 1.900000E-04 ETA (HH:MM:SS) = 0:00:00
 [ 52%]  Time step     2862 of 5591 @ t_step =     2861 Time Avg = 1.972742E-04 Time/step= 1.890000E-04 ETA (HH:MM:SS) = 0:00:00
 [ 52%]  Time step     2863 of 5591 @ t_step =     2862 Time Avg = 1.972713E-04 Time/step= 1.890000E-04 ETA (HH:MM:SS) = 0:00:00
 [ 52%]  Time step     2864 of 5591 @ t_step =     2863 Time Avg = 1.972849E-04 Time/step= 2.360000E-04 ETA (HH:MM:SS) = 0:00:00
 [ 52%]  Time step     2865 of 5591 @ t_step =     2864 Time Avg = 1.972848E-04 Time/step= 1.970000E-04 ETA (HH:MM:SS) = 0:00:00
 [ 52%]  Time step     2866 of 5591 @ t_step =     2865 Time Avg = 1.972857E-04 Time/step= 2.000000E-04 ETA (HH:MM:SS) = 0:00:00
 [ 52%]  Time step     2867 of 5591 @ t_step =     2866 Time Avg = 1.972828E-04 Time/step= 1.890000E-04 ETA (HH:MM:SS) = 0:00:00
 [ 52%]  Time step     2868 of 5591 @ t_step =     2867 Time Avg = 1.972803E-04 Time/step= 1.900000E-04 ETA (HH:MM:SS) = 0:00:00
 [ 52%]  Time step     2869 of 5591 @ t_step =     2868 Time Avg = 1.972844E-04 Time/step= 2.090000E-04 ETA (HH:MM:SS) = 0:00:00
 [ 52%]  Time step     2870 of 5591 @ t_step =     2869 Time Avg = 1.972818E-04 Time/step= 1.900000E-04 ETA (HH:MM:SS) = 0:00:00
 [ 52%]  Time step     2871 of 5591 @ t_step =     2870 Time Avg = 1.972793E-04 Time/step= 1.900000E-04 ETA (HH:MM:SS) = 0:00:00
 [ 52%]  Time step     2872 of 5591 @ t_step =     2871 Time Avg = 1.972768E-04 Time/step= 1.900000E-04 ETA (HH:MM:SS) = 0:00:00
 [ 52%]  Time step     2873 of 5591 @ t_step =     2872 Time Avg = 1.972739E-04 Time/step= 1.890000E-04 ETA (HH:MM:SS) = 0:00:00
 [ 52%]  Time step     2874 of 5591 @ t_step =     2873 Time Avg = 1.972773E-04 Time/step= 2.070000E-04 ETA (HH:MM:SS) = 0:00:00
 [ 52%]  Time step     2875 of 5591 @ t_step =     2874 Time Avg = 1.972747E-04 Time/step= 1.900000E-04 ETA (HH:MM:SS) = 0:00:00
 [ 52%]  Time step     2876 of 5591 @ t_step =     2875 Time Avg = 1.972823E-04 Time/step= 2.190000E-04 ETA (HH:MM:SS) = 0:00:00
 [ 52%]  Time step     2877 of 5591 @ t_step =     2876 Time Avg = 1.972839E-04 Time/step= 2.020000E-04 ETA (HH:MM:SS) = 0:00:00
 [ 52%]  Time step     2878 of 5591 @ t_step =     2877 Time Avg = 1.972974E-04 Time/step= 2.360000E-04 ETA (HH:MM:SS) = 0:00:00
 [ 52%]  Time step     2879 of 5591 @ t_step =     2878 Time Avg = 1.972952E-04 Time/step= 1.910000E-04 ETA (HH:MM:SS) = 0:00:00
 [ 52%]  Time step     2880 of 5591 @ t_step =     2879 Time Avg = 1.972927E-04 Time/step= 1.900000E-04 ETA (HH:MM:SS) = 0:00:00
 [ 52%]  Time step     2881 of 5591 @ t_step =     2880 Time Avg = 1.972901E-04 Time/step= 1.900000E-04 ETA (HH:MM:SS) = 0:00:00
 [ 52%]  Time step     2882 of 5591 @ t_step =     2881 Time Avg = 1.972876E-04 Time/step= 1.900000E-04 ETA (HH:MM:SS) = 0:00:00
 [ 52%]  Time step     2883 of 5591 @ t_step =     2882 Time Avg = 1.972944E-04 Time/step= 2.170000E-04 ETA (HH:MM:SS) = 0:00:00
 [ 52%]  Time step     2884 of 5591 @ t_step =     2883 Time Avg = 1.972971E-04 Time/step= 2.050000E-04 ETA (HH:MM:SS) = 0:00:00
 [ 52%]  Time step     2885 of 5591 @ t_step =     2884 Time Avg = 1.972988E-04 Time/step= 2.020000E-04 ETA (HH:MM:SS) = 0:00:00
 [ 52%]  Time step     2886 of 5591 @ t_step =     2885 Time Avg = 1.972959E-04 Time/step= 1.890000E-04 ETA (HH:MM:SS) = 0:00:00
 [ 52%]  Time step     2887 of 5591 @ t_step =     2886 Time Avg = 1.972930E-04 Time/step= 1.890000E-04 ETA (HH:MM:SS) = 0:00:00
 [ 52%]  Time step     2888 of 5591 @ t_step =     2887 Time Avg = 1.972974E-04 Time/step= 2.100000E-04 ETA (HH:MM:SS) = 0:00:00
 [ 52%]  Time step     2889 of 5591 @ t_step =     2888 Time Avg = 1.972949E-04 Time/step= 1.900000E-04 ETA (HH:MM:SS) = 0:00:00
 [ 52%]  Time step     2890 of 5591 @ t_step =     2889 Time Avg = 1.972923E-04 Time/step= 1.900000E-04 ETA (HH:MM:SS) = 0:00:00
 [ 52%]  Time step     2891 of 5591 @ t_step =     2890 Time Avg = 1.972895E-04 Time/step= 1.890000E-04 ETA (HH:MM:SS) = 0:00:00
 [ 52%]  Time step     2892 of 5591 @ t_step =     2891 Time Avg = 1.972866E-04 Time/step= 1.890000E-04 ETA (HH:MM:SS) = 0:00:00
 [ 52%]  Time step     2893 of 5591 @ t_step =     2892 Time Avg = 1.972903E-04 Time/step= 2.080000E-04 ETA (HH:MM:SS) = 0:00:00
 [ 52%]  Time step     2894 of 5591 @ t_step =     2893 Time Avg = 1.972878E-04 Time/step= 1.900000E-04 ETA (HH:MM:SS) = 0:00:00
 [ 52%]  Time step     2895 of 5591 @ t_step =     2894 Time Avg = 1.972908E-04 Time/step= 2.060000E-04 ETA (HH:MM:SS) = 0:00:00
 [ 52%]  Time step     2896 of 5591 @ t_step =     2895 Time Avg = 1.972935E-04 Time/step= 2.050000E-04 ETA (HH:MM:SS) = 0:00:00
 [ 52%]  Time step     2897 of 5591 @ t_step =     2896 Time Avg = 1.972906E-04 Time/step= 1.890000E-04 ETA (HH:MM:SS) = 0:00:00
 [ 52%]  Time step     2898 of 5591 @ t_step =     2897 Time Avg = 1.972929E-04 Time/step= 2.040000E-04 ETA (HH:MM:SS) = 0:00:00
 [ 52%]  Time step     2899 of 5591 @ t_step =     2898 Time Avg = 1.972904E-04 Time/step= 1.900000E-04 ETA (HH:MM:SS) = 0:00:00
 [ 52%]  Time step     2900 of 5591 @ t_step =     2899 Time Avg = 1.972879E-04 Time/step= 1.900000E-04 ETA (HH:MM:SS) = 0:00:00
 [ 52%]  Time step     2901 of 5591 @ t_step =     2900 Time Avg = 1.972850E-04 Time/step= 1.890000E-04 ETA (HH:MM:SS) = 0:00:00
 [ 52%]  Time step     2902 of 5591 @ t_step =     2901 Time Avg = 1.972822E-04 Time/step= 1.890000E-04 ETA (HH:MM:SS) = 0:00:00
 [ 52%]  Time step     2903 of 5591 @ t_step =     2902 Time Avg = 1.972931E-04 Time/step= 2.290000E-04 ETA (HH:MM:SS) = 0:00:00
 [ 52%]  Time step     2904 of 5591 @ t_step =     2903 Time Avg = 1.972964E-04 Time/step= 2.070000E-04 ETA (HH:MM:SS) = 0:00:00
 [ 52%]  Time step     2905 of 5591 @ t_step =     2904 Time Avg = 1.972936E-04 Time/step= 1.890000E-04 ETA (HH:MM:SS) = 0:00:00
 [ 52%]  Time step     2906 of 5591 @ t_step =     2905 Time Avg = 1.972907E-04 Time/step= 1.890000E-04 ETA (HH:MM:SS) = 0:00:00
 [ 52%]  Time step     2907 of 5591 @ t_step =     2906 Time Avg = 1.972882E-04 Time/step= 1.900000E-04 ETA (HH:MM:SS) = 0:00:00
 [ 52%]  Time step     2908 of 5591 @ t_step =     2907 Time Avg = 1.972909E-04 Time/step= 2.050000E-04 ETA (HH:MM:SS) = 0:00:00
 [ 53%]  Time step     2909 of 5591 @ t_step =     2908 Time Avg = 1.972880E-04 Time/step= 1.890000E-04 ETA (HH:MM:SS) = 0:00:00
 [ 53%]  Time step     2910 of 5591 @ t_step =     2909 Time Avg = 1.972855E-04 Time/step= 1.900000E-04 ETA (HH:MM:SS) = 0:00:00
 [ 53%]  Time step     2911 of 5591 @ t_step =     2910 Time Avg = 1.972827E-04 Time/step= 1.890000E-04 ETA (HH:MM:SS) = 0:00:00
 [ 53%]  Time step     2912 of 5591 @ t_step =     2911 Time Avg = 1.972798E-04 Time/step= 1.890000E-04 ETA (HH:MM:SS) = 0:00:00
 [ 53%]  Time step     2913 of 5591 @ t_step =     2912 Time Avg = 1.972838E-04 Time/step= 2.090000E-04 ETA (HH:MM:SS) = 0:00:00
 [ 53%]  Time step     2914 of 5591 @ t_step =     2913 Time Avg = 1.972813E-04 Time/step= 1.900000E-04 ETA (HH:MM:SS) = 0:00:00
 [ 53%]  Time step     2915 of 5591 @ t_step =     2914 Time Avg = 1.972785E-04 Time/step= 1.890000E-04 ETA (HH:MM:SS) = 0:00:00
 [ 53%]  Time step     2916 of 5591 @ t_step =     2915 Time Avg = 1.972760E-04 Time/step= 1.900000E-04 ETA (HH:MM:SS) = 0:00:00
 [ 53%]  Time step     2917 of 5591 @ t_step =     2916 Time Avg = 1.972732E-04 Time/step= 1.890000E-04 ETA (HH:MM:SS) = 0:00:00
 [ 53%]  Time step     2918 of 5591 @ t_step =     2917 Time Avg = 1.972748E-04 Time/step= 2.020000E-04 ETA (HH:MM:SS) = 0:00:00
 [ 53%]  Time step     2919 of 5591 @ t_step =     2918 Time Avg = 1.972723E-04 Time/step= 1.900000E-04 ETA (HH:MM:SS) = 0:00:00
 [ 53%]  Time step     2920 of 5591 @ t_step =     2919 Time Avg = 1.972698E-04 Time/step= 1.900000E-04 ETA (HH:MM:SS) = 0:00:00
 [ 53%]  Time step     2921 of 5591 @ t_step =     2920 Time Avg = 1.972673E-04 Time/step= 1.900000E-04 ETA (HH:MM:SS) = 0:00:00
 [ 53%]  Time step     2922 of 5591 @ t_step =     2921 Time Avg = 1.972648E-04 Time/step= 1.900000E-04 ETA (HH:MM:SS) = 0:00:00
 [ 53%]  Time step     2923 of 5591 @ t_step =     2922 Time Avg = 1.972791E-04 Time/step= 2.390000E-04 ETA (HH:MM:SS) = 0:00:00
 [ 53%]  Time step     2924 of 5591 @ t_step =     2923 Time Avg = 1.972862E-04 Time/step= 2.180000E-04 ETA (HH:MM:SS) = 0:00:00
 [ 53%]  Time step     2925 of 5591 @ t_step =     2924 Time Avg = 1.972834E-04 Time/step= 1.890000E-04 ETA (HH:MM:SS) = 0:00:00
 [ 53%]  Time step     2926 of 5591 @ t_step =     2925 Time Avg = 1.972857E-04 Time/step= 2.040000E-04 ETA (HH:MM:SS) = 0:00:00
 [ 53%]  Time step     2927 of 5591 @ t_step =     2926 Time Avg = 1.973071E-04 Time/step= 2.600000E-04 ETA (HH:MM:SS) = 0:00:00
 [ 53%]  Time step     2928 of 5591 @ t_step =     2927 Time Avg = 1.973313E-04 Time/step= 2.680000E-04 ETA (HH:MM:SS) = 0:00:00
 [ 53%]  Time step     2929 of 5591 @ t_step =     2928 Time Avg = 1.973308E-04 Time/step= 1.960000E-04 ETA (HH:MM:SS) = 0:00:00
 [ 53%]  Time step     2930 of 5591 @ t_step =     2929 Time Avg = 1.973304E-04 Time/step= 1.960000E-04 ETA (HH:MM:SS) = 0:00:00
 [ 53%]  Time step     2931 of 5591 @ t_step =     2930 Time Avg = 1.973299E-04 Time/step= 1.960000E-04 ETA (HH:MM:SS) = 0:00:00
 [ 53%]  Time step     2932 of 5591 @ t_step =     2931 Time Avg = 1.973336E-04 Time/step= 2.080000E-04 ETA (HH:MM:SS) = 0:00:00
 [ 53%]  Time step     2933 of 5591 @ t_step =     2932 Time Avg = 1.973352E-04 Time/step= 2.020000E-04 ETA (HH:MM:SS) = 0:00:00
 [ 53%]  Time step     2934 of 5591 @ t_step =     2933 Time Avg = 1.973327E-04 Time/step= 1.900000E-04 ETA (HH:MM:SS) = 0:00:00
 [ 53%]  Time step     2935 of 5591 @ t_step =     2934 Time Avg = 1.973397E-04 Time/step= 2.180000E-04 ETA (HH:MM:SS) = 0:00:00
 [ 53%]  Time step     2936 of 5591 @ t_step =     2935 Time Avg = 1.973624E-04 Time/step= 2.640000E-04 ETA (HH:MM:SS) = 0:00:00
 [ 53%]  Time step     2937 of 5591 @ t_step =     2936 Time Avg = 1.973773E-04 Time/step= 2.410000E-04 ETA (HH:MM:SS) = 0:00:00
 [ 53%]  Time step     2938 of 5591 @ t_step =     2937 Time Avg = 1.973833E-04 Time/step= 2.150000E-04 ETA (HH:MM:SS) = 0:00:00
 [ 53%]  Time step     2939 of 5591 @ t_step =     2938 Time Avg = 1.973804E-04 Time/step= 1.890000E-04 ETA (HH:MM:SS) = 0:00:00
 [ 53%]  Time step     2940 of 5591 @ t_step =     2939 Time Avg = 1.973779E-04 Time/step= 1.900000E-04 ETA (HH:MM:SS) = 0:00:00
 [ 53%]  Time step     2941 of 5591 @ t_step =     2940 Time Avg = 1.973904E-04 Time/step= 2.340000E-04 ETA (HH:MM:SS) = 0:00:00
 [ 53%]  Time step     2942 of 5591 @ t_step =     2941 Time Avg = 1.973930E-04 Time/step= 2.050000E-04 ETA (HH:MM:SS) = 0:00:00
 [ 53%]  Time step     2943 of 5591 @ t_step =     2942 Time Avg = 1.973901E-04 Time/step= 1.890000E-04 ETA (HH:MM:SS) = 0:00:00
 [ 53%]  Time step     2944 of 5591 @ t_step =     2943 Time Avg = 1.973876E-04 Time/step= 1.900000E-04 ETA (HH:MM:SS) = 0:00:00
 [ 53%]  Time step     2945 of 5591 @ t_step =     2944 Time Avg = 1.973895E-04 Time/step= 2.030000E-04 ETA (HH:MM:SS) = 0:00:00
 [ 53%]  Time step     2946 of 5591 @ t_step =     2945 Time Avg = 1.973874E-04 Time/step= 1.910000E-04 ETA (HH:MM:SS) = 0:00:00
 [ 53%]  Time step     2947 of 5591 @ t_step =     2946 Time Avg = 1.973849E-04 Time/step= 1.900000E-04 ETA (HH:MM:SS) = 0:00:00
 [ 53%]  Time step     2948 of 5591 @ t_step =     2947 Time Avg = 1.973823E-04 Time/step= 1.900000E-04 ETA (HH:MM:SS) = 0:00:00
 [ 53%]  Time step     2949 of 5591 @ t_step =     2948 Time Avg = 1.973795E-04 Time/step= 1.890000E-04 ETA (HH:MM:SS) = 0:00:00
 [ 53%]  Time step     2950 of 5591 @ t_step =     2949 Time Avg = 1.973811E-04 Time/step= 2.020000E-04 ETA (HH:MM:SS) = 0:00:00
 [ 53%]  Time step     2951 of 5591 @ t_step =     2950 Time Avg = 1.973789E-04 Time/step= 1.910000E-04 ETA (HH:MM:SS) = 0:00:00
 [ 53%]  Time step     2952 of 5591 @ t_step =     2951 Time Avg = 1.973764E-04 Time/step= 1.900000E-04 ETA (HH:MM:SS) = 0:00:00
 [ 53%]  Time step     2953 of 5591 @ t_step =     2952 Time Avg = 1.973739E-04 Time/step= 1.900000E-04 ETA (HH:MM:SS) = 0:00:00
 [ 53%]  Time step     2954 of 5591 @ t_step =     2953 Time Avg = 1.973714E-04 Time/step= 1.900000E-04 ETA (HH:MM:SS) = 0:00:00
 [ 53%]  Time step     2955 of 5591 @ t_step =     2954 Time Avg = 1.973733E-04 Time/step= 2.030000E-04 ETA (HH:MM:SS) = 0:00:00
 [ 53%]  Time step     2956 of 5591 @ t_step =     2955 Time Avg = 1.973711E-04 Time/step= 1.910000E-04 ETA (HH:MM:SS) = 0:00:00
 [ 53%]  Time step     2957 of 5591 @ t_step =     2956 Time Avg = 1.973687E-04 Time/step= 1.900000E-04 ETA (HH:MM:SS) = 0:00:00
 [ 53%]  Time step     2958 of 5591 @ t_step =     2957 Time Avg = 1.973662E-04 Time/step= 1.900000E-04 ETA (HH:MM:SS) = 0:00:00
 [ 53%]  Time step     2959 of 5591 @ t_step =     2958 Time Avg = 1.973633E-04 Time/step= 1.890000E-04 ETA (HH:MM:SS) = 0:00:00
 [ 53%]  Time step     2960 of 5591 @ t_step =     2959 Time Avg = 1.973720E-04 Time/step= 2.230000E-04 ETA (HH:MM:SS) = 0:00:00
 [ 53%]  Time step     2961 of 5591 @ t_step =     2960 Time Avg = 1.973725E-04 Time/step= 1.990000E-04 ETA (HH:MM:SS) = 0:00:00
 [ 53%]  Time step     2962 of 5591 @ t_step =     2961 Time Avg = 1.973741E-04 Time/step= 2.020000E-04 ETA (HH:MM:SS) = 0:00:00
 [ 53%]  Time step     2963 of 5591 @ t_step =     2962 Time Avg = 1.973713E-04 Time/step= 1.890000E-04 ETA (HH:MM:SS) = 0:00:00
 [ 53%]  Time step     2964 of 5591 @ t_step =     2963 Time Avg = 1.973688E-04 Time/step= 1.900000E-04 ETA (HH:MM:SS) = 0:00:00
 [ 54%]  Time step     2965 of 5591 @ t_step =     2964 Time Avg = 1.973717E-04 Time/step= 2.060000E-04 ETA (HH:MM:SS) = 0:00:00
 [ 54%]  Time step     2966 of 5591 @ t_step =     2965 Time Avg = 1.973692E-04 Time/step= 1.900000E-04 ETA (HH:MM:SS) = 0:00:00
 [ 54%]  Time step     2967 of 5591 @ t_step =     2966 Time Avg = 1.973667E-04 Time/step= 1.900000E-04 ETA (HH:MM:SS) = 0:00:00
 [ 54%]  Time step     2968 of 5591 @ t_step =     2967 Time Avg = 1.973642E-04 Time/step= 1.900000E-04 ETA (HH:MM:SS) = 0:00:00
 [ 54%]  Time step     2969 of 5591 @ t_step =     2968 Time Avg = 1.973618E-04 Time/step= 1.900000E-04 ETA (HH:MM:SS) = 0:00:00
 [ 54%]  Time step     2970 of 5591 @ t_step =     2969 Time Avg = 1.973643E-04 Time/step= 2.050000E-04 ETA (HH:MM:SS) = 0:00:00
 [ 54%]  Time step     2971 of 5591 @ t_step =     2970 Time Avg = 1.973622E-04 Time/step= 1.910000E-04 ETA (HH:MM:SS) = 0:00:00
 [ 54%]  Time step     2972 of 5591 @ t_step =     2971 Time Avg = 1.973597E-04 Time/step= 1.900000E-04 ETA (HH:MM:SS) = 0:00:00
 [ 54%]  Time step     2973 of 5591 @ t_step =     2972 Time Avg = 1.973569E-04 Time/step= 1.890000E-04 ETA (HH:MM:SS) = 0:00:00
 [ 54%]  Time step     2974 of 5591 @ t_step =     2973 Time Avg = 1.973544E-04 Time/step= 1.900000E-04 ETA (HH:MM:SS) = 0:00:00
 [ 54%]  Time step     2975 of 5591 @ t_step =     2974 Time Avg = 1.973580E-04 Time/step= 2.080000E-04 ETA (HH:MM:SS) = 0:00:00
 [ 54%]  Time step     2976 of 5591 @ t_step =     2975 Time Avg = 1.973559E-04 Time/step= 1.910000E-04 ETA (HH:MM:SS) = 0:00:00
 [ 54%]  Time step     2977 of 5591 @ t_step =     2976 Time Avg = 1.973534E-04 Time/step= 1.900000E-04 ETA (HH:MM:SS) = 0:00:00
 [ 54%]  Time step     2978 of 5591 @ t_step =     2977 Time Avg = 1.973509E-04 Time/step= 1.900000E-04 ETA (HH:MM:SS) = 0:00:00
 [ 54%]  Time step     2979 of 5591 @ t_step =     2978 Time Avg = 1.973481E-04 Time/step= 1.890000E-04 ETA (HH:MM:SS) = 0:00:00
 [ 54%]  Time step     2980 of 5591 @ t_step =     2979 Time Avg = 1.973608E-04 Time/step= 2.350000E-04 ETA (HH:MM:SS) = 0:00:00
 [ 54%]  Time step     2981 of 5591 @ t_step =     2980 Time Avg = 1.973606E-04 Time/step= 1.970000E-04 ETA (HH:MM:SS) = 0:00:00
 [ 54%]  Time step     2982 of 5591 @ t_step =     2981 Time Avg = 1.973578E-04 Time/step= 1.890000E-04 ETA (HH:MM:SS) = 0:00:00
 [ 54%]  Time step     2983 of 5591 @ t_step =     2982 Time Avg = 1.973550E-04 Time/step= 1.890000E-04 ETA (HH:MM:SS) = 0:00:00
 [ 54%]  Time step     2984 of 5591 @ t_step =     2983 Time Avg = 1.973522E-04 Time/step= 1.890000E-04 ETA (HH:MM:SS) = 0:00:00
 [ 54%]  Time step     2985 of 5591 @ t_step =     2984 Time Avg = 1.973548E-04 Time/step= 2.050000E-04 ETA (HH:MM:SS) = 0:00:00
 [ 54%]  Time step     2986 of 5591 @ t_step =     2985 Time Avg = 1.973523E-04 Time/step= 1.900000E-04 ETA (HH:MM:SS) = 0:00:00
 [ 54%]  Time step     2987 of 5591 @ t_step =     2986 Time Avg = 1.973495E-04 Time/step= 1.890000E-04 ETA (HH:MM:SS) = 0:00:00
 [ 54%]  Time step     2988 of 5591 @ t_step =     2987 Time Avg = 1.973467E-04 Time/step= 1.890000E-04 ETA (HH:MM:SS) = 0:00:00
 [ 54%]  Time step     2989 of 5591 @ t_step =     2988 Time Avg = 1.973439E-04 Time/step= 1.890000E-04 ETA (HH:MM:SS) = 0:00:00
 [ 54%]  Time step     2990 of 5591 @ t_step =     2989 Time Avg = 1.973582E-04 Time/step= 2.400000E-04 ETA (HH:MM:SS) = 0:00:00
 [ 54%]  Time step     2991 of 5591 @ t_step =     2990 Time Avg = 1.973608E-04 Time/step= 2.050000E-04 ETA (HH:MM:SS) = 0:00:00
 [ 54%]  Time step     2992 of 5591 @ t_step =     2991 Time Avg = 1.973583E-04 Time/step= 1.900000E-04 ETA (HH:MM:SS) = 0:00:00
 [ 54%]  Time step     2993 of 5591 @ t_step =     2992 Time Avg = 1.973555E-04 Time/step= 1.890000E-04 ETA (HH:MM:SS) = 0:00:00
 [ 54%]  Time step     2994 of 5591 @ t_step =     2993 Time Avg = 1.973527E-04 Time/step= 1.890000E-04 ETA (HH:MM:SS) = 0:00:00
 [ 54%]  Time step     2995 of 5591 @ t_step =     2994 Time Avg = 1.973643E-04 Time/step= 2.320000E-04 ETA (HH:MM:SS) = 0:00:00
 [ 54%]  Time step     2996 of 5591 @ t_step =     2995 Time Avg = 1.973719E-04 Time/step= 2.200000E-04 ETA (HH:MM:SS) = 0:00:00
 [ 54%]  Time step     2997 of 5591 @ t_step =     2996 Time Avg = 1.973948E-04 Time/step= 2.660000E-04 ETA (HH:MM:SS) = 0:00:00
 [ 54%]  Time step     2998 of 5591 @ t_step =     2997 Time Avg = 1.974277E-04 Time/step= 2.960000E-04 ETA (HH:MM:SS) = 0:00:00
 [ 54%]  Time step     2999 of 5591 @ t_step =     2998 Time Avg = 1.974336E-04 Time/step= 2.150000E-04 ETA (HH:MM:SS) = 0:00:00
 [ 54%]  Time step     3000 of 5591 @ t_step =     2999 Time Avg = 1.974368E-04 Time/step= 2.070000E-04 ETA (HH:MM:SS) = 0:00:00
 [ 54%]  Time step     3001 of 5591 @ t_step =     3000 Time Avg = 1.974360E-04 Time/step= 1.950000E-04 ETA (HH:MM:SS) = 0:00:00
 [ 54%]  Time step     3002 of 5591 @ t_step =     3001 Time Avg = 1.974512E-04 Time/step= 2.430000E-04 ETA (HH:MM:SS) = 0:00:00
 [ 54%]  Time step     3003 of 5591 @ t_step =     3002 Time Avg = 1.974643E-04 Time/step= 2.370000E-04 ETA (HH:MM:SS) = 0:00:00
 [ 54%]  Time step     3004 of 5591 @ t_step =     3003 Time Avg = 1.974715E-04 Time/step= 2.190000E-04 ETA (HH:MM:SS) = 0:00:00
 [ 54%]  Time step     3005 of 5591 @ t_step =     3004 Time Avg = 1.974947E-04 Time/step= 2.670000E-04 ETA (HH:MM:SS) = 0:00:00
 [ 54%]  Time step     3006 of 5591 @ t_step =     3005 Time Avg = 1.975018E-04 Time/step= 2.190000E-04 ETA (HH:MM:SS) = 0:00:00
 [ 54%]  Time step     3007 of 5591 @ t_step =     3006 Time Avg = 1.975286E-04 Time/step= 2.780000E-04 ETA (HH:MM:SS) = 0:00:00
 [ 54%]  Time step     3008 of 5591 @ t_step =     3007 Time Avg = 1.975358E-04 Time/step= 2.190000E-04 ETA (HH:MM:SS) = 0:00:00
 [ 54%]  Time step     3009 of 5591 @ t_step =     3008 Time Avg = 1.975426E-04 Time/step= 2.180000E-04 ETA (HH:MM:SS) = 0:00:00
 [ 54%]  Time step     3010 of 5591 @ t_step =     3009 Time Avg = 1.975484E-04 Time/step= 2.150000E-04 ETA (HH:MM:SS) = 0:00:00
 [ 54%]  Time step     3011 of 5591 @ t_step =     3010 Time Avg = 1.975612E-04 Time/step= 2.360000E-04 ETA (HH:MM:SS) = 0:00:00
 [ 54%]  Time step     3012 of 5591 @ t_step =     3011 Time Avg = 1.975656E-04 Time/step= 2.110000E-04 ETA (HH:MM:SS) = 0:00:00
 [ 54%]  Time step     3013 of 5591 @ t_step =     3012 Time Avg = 1.975701E-04 Time/step= 2.110000E-04 ETA (HH:MM:SS) = 0:00:00
 [ 54%]  Time step     3014 of 5591 @ t_step =     3013 Time Avg = 1.975799E-04 Time/step= 2.270000E-04 ETA (HH:MM:SS) = 0:00:00
 [ 54%]  Time step     3015 of 5591 @ t_step =     3014 Time Avg = 1.975979E-04 Time/step= 2.520000E-04 ETA (HH:MM:SS) = 0:00:00
 [ 54%]  Time step     3016 of 5591 @ t_step =     3015 Time Avg = 1.976100E-04 Time/step= 2.340000E-04 ETA (HH:MM:SS) = 0:00:00
 [ 54%]  Time step     3017 of 5591 @ t_step =     3016 Time Avg = 1.976115E-04 Time/step= 2.020000E-04 ETA (HH:MM:SS) = 0:00:00
 [ 54%]  Time step     3018 of 5591 @ t_step =     3017 Time Avg = 1.976086E-04 Time/step= 1.890000E-04 ETA (HH:MM:SS) = 0:00:00
 [ 54%]  Time step     3019 of 5591 @ t_step =     3018 Time Avg = 1.976061E-04 Time/step= 1.900000E-04 ETA (HH:MM:SS) = 0:00:00
 [ 54%]  Time step     3020 of 5591 @ t_step =     3019 Time Avg = 1.976255E-04 Time/step= 2.560000E-04 ETA (HH:MM:SS) = 0:00:00
 [ 55%]  Time step     3021 of 5591 @ t_step =     3020 Time Avg = 1.976322E-04 Time/step= 2.180000E-04 ETA (HH:MM:SS) = 0:00:00
 [ 55%]  Time step     3022 of 5591 @ t_step =     3021 Time Avg = 1.976426E-04 Time/step= 2.290000E-04 ETA (HH:MM:SS) = 0:00:00
 [ 55%]  Time step     3023 of 5591 @ t_step =     3022 Time Avg = 1.976437E-04 Time/step= 2.010000E-04 ETA (HH:MM:SS) = 0:00:00
 [ 55%]  Time step     3024 of 5591 @ t_step =     3023 Time Avg = 1.976511E-04 Time/step= 2.200000E-04 ETA (HH:MM:SS) = 0:00:00
 [ 55%]  Time step     3025 of 5591 @ t_step =     3024 Time Avg = 1.976509E-04 Time/step= 1.970000E-04 ETA (HH:MM:SS) = 0:00:00
 [ 55%]  Time step     3026 of 5591 @ t_step =     3025 Time Avg = 1.976517E-04 Time/step= 2.000000E-04 ETA (HH:MM:SS) = 0:00:00
 [ 55%]  Time step     3027 of 5591 @ t_step =     3026 Time Avg = 1.976488E-04 Time/step= 1.890000E-04 ETA (HH:MM:SS) = 0:00:00
 [ 55%]  Time step     3028 of 5591 @ t_step =     3027 Time Avg = 1.976460E-04 Time/step= 1.890000E-04 ETA (HH:MM:SS) = 0:00:00
 [ 55%]  Time step     3029 of 5591 @ t_step =     3028 Time Avg = 1.976527E-04 Time/step= 2.180000E-04 ETA (HH:MM:SS) = 0:00:00
 [ 55%]  Time step     3030 of 5591 @ t_step =     3029 Time Avg = 1.976558E-04 Time/step= 2.070000E-04 ETA (HH:MM:SS) = 0:00:00
 [ 55%]  Time step     3031 of 5591 @ t_step =     3030 Time Avg = 1.976532E-04 Time/step= 1.900000E-04 ETA (HH:MM:SS) = 0:00:00
 [ 55%]  Time step     3032 of 5591 @ t_step =     3031 Time Avg = 1.976507E-04 Time/step= 1.900000E-04 ETA (HH:MM:SS) = 0:00:00
 [ 55%]  Time step     3033 of 5591 @ t_step =     3032 Time Avg = 1.976479E-04 Time/step= 1.890000E-04 ETA (HH:MM:SS) = 0:00:00
 [ 55%]  Time step     3034 of 5591 @ t_step =     3033 Time Avg = 1.976605E-04 Time/step= 2.360000E-04 ETA (HH:MM:SS) = 0:00:00
 [ 55%]  Time step     3035 of 5591 @ t_step =     3034 Time Avg = 1.976682E-04 Time/step= 2.210000E-04 ETA (HH:MM:SS) = 0:00:00
 [ 55%]  Time step     3036 of 5591 @ t_step =     3035 Time Avg = 1.976653E-04 Time/step= 1.890000E-04 ETA (HH:MM:SS) = 0:00:00
 [ 55%]  Time step     3037 of 5591 @ t_step =     3036 Time Avg = 1.976628E-04 Time/step= 1.900000E-04 ETA (HH:MM:SS) = 0:00:00
 [ 55%]  Time step     3038 of 5591 @ t_step =     3037 Time Avg = 1.976603E-04 Time/step= 1.900000E-04 ETA (HH:MM:SS) = 0:00:00
 [ 55%]  Time step     3039 of 5591 @ t_step =     3038 Time Avg = 1.976696E-04 Time/step= 2.260000E-04 ETA (HH:MM:SS) = 0:00:00
 [ 55%]  Time step     3040 of 5591 @ t_step =     3039 Time Avg = 1.976714E-04 Time/step= 2.030000E-04 ETA (HH:MM:SS) = 0:00:00
 [ 55%]  Time step     3041 of 5591 @ t_step =     3040 Time Avg = 1.976685E-04 Time/step= 1.890000E-04 ETA (HH:MM:SS) = 0:00:00
 [ 55%]  Time step     3042 of 5591 @ t_step =     3041 Time Avg = 1.976660E-04 Time/step= 1.900000E-04 ETA (HH:MM:SS) = 0:00:00
 [ 55%]  Time step     3043 of 5591 @ t_step =     3042 Time Avg = 1.976727E-04 Time/step= 2.180000E-04 ETA (HH:MM:SS) = 0:00:00
 [ 55%]  Time step     3044 of 5591 @ t_step =     3043 Time Avg = 1.976748E-04 Time/step= 2.040000E-04 ETA (HH:MM:SS) = 0:00:00
 [ 55%]  Time step     3045 of 5591 @ t_step =     3044 Time Avg = 1.976801E-04 Time/step= 2.140000E-04 ETA (HH:MM:SS) = 0:00:00
 [ 55%]  Time step     3046 of 5591 @ t_step =     3045 Time Avg = 1.976773E-04 Time/step= 1.890000E-04 ETA (HH:MM:SS) = 0:00:00
 [ 55%]  Time step     3047 of 5591 @ t_step =     3046 Time Avg = 1.976748E-04 Time/step= 1.900000E-04 ETA (HH:MM:SS) = 0:00:00
 [ 55%]  Time step     3048 of 5591 @ t_step =     3047 Time Avg = 1.976814E-04 Time/step= 2.180000E-04 ETA (HH:MM:SS) = 0:00:00
 [ 55%]  Time step     3049 of 5591 @ t_step =     3048 Time Avg = 1.976855E-04 Time/step= 2.100000E-04 ETA (HH:MM:SS) = 0:00:00
 [ 55%]  Time step     3050 of 5591 @ t_step =     3049 Time Avg = 1.976905E-04 Time/step= 2.130000E-04 ETA (HH:MM:SS) = 0:00:00
 [ 55%]  Time step     3051 of 5591 @ t_step =     3050 Time Avg = 1.976916E-04 Time/step= 2.010000E-04 ETA (HH:MM:SS) = 0:00:00
 [ 55%]  Time step     3052 of 5591 @ t_step =     3051 Time Avg = 1.976888E-04 Time/step= 1.890000E-04 ETA (HH:MM:SS) = 0:00:00
 [ 55%]  Time step     3053 of 5591 @ t_step =     3052 Time Avg = 1.977026E-04 Time/step= 2.400000E-04 ETA (HH:MM:SS) = 0:00:00
 [ 55%]  Time step     3054 of 5591 @ t_step =     3053 Time Avg = 1.977096E-04 Time/step= 2.190000E-04 ETA (HH:MM:SS) = 0:00:00
 [ 55%]  Time step     3055 of 5591 @ t_step =     3054 Time Avg = 1.977067E-04 Time/step= 1.890000E-04 ETA (HH:MM:SS) = 0:00:00
 [ 55%]  Time step     3056 of 5591 @ t_step =     3055 Time Avg = 1.977042E-04 Time/step= 1.900000E-04 ETA (HH:MM:SS) = 0:00:00
 [ 55%]  Time step     3057 of 5591 @ t_step =     3056 Time Avg = 1.977105E-04 Time/step= 2.170000E-04 ETA (HH:MM:SS) = 0:00:00
 [ 55%]  Time step     3058 of 5591 @ t_step =     3057 Time Avg = 1.977103E-04 Time/step= 1.970000E-04 ETA (HH:MM:SS) = 0:00:00
 [ 55%]  Time step     3059 of 5591 @ t_step =     3058 Time Avg = 1.977114E-04 Time/step= 2.010000E-04 ETA (HH:MM:SS) = 0:00:00
 [ 55%]  Time step     3060 of 5591 @ t_step =     3059 Time Avg = 1.977085E-04 Time/step= 1.890000E-04 ETA (HH:MM:SS) = 0:00:00
 [ 55%]  Time step     3061 of 5591 @ t_step =     3060 Time Avg = 1.977060E-04 Time/step= 1.900000E-04 ETA (HH:MM:SS) = 0:00:00
 [ 55%]  Time step     3062 of 5591 @ t_step =     3061 Time Avg = 1.977127E-04 Time/step= 2.180000E-04 ETA (HH:MM:SS) = 0:00:00
 [ 55%]  Time step     3063 of 5591 @ t_step =     3062 Time Avg = 1.977121E-04 Time/step= 1.960000E-04 ETA (HH:MM:SS) = 0:00:00
 [ 55%]  Time step     3064 of 5591 @ t_step =     3063 Time Avg = 1.977128E-04 Time/step= 2.000000E-04 ETA (HH:MM:SS) = 0:00:00
 [ 55%]  Time step     3065 of 5591 @ t_step =     3064 Time Avg = 1.977100E-04 Time/step= 1.890000E-04 ETA (HH:MM:SS) = 0:00:00
 [ 55%]  Time step     3066 of 5591 @ t_step =     3065 Time Avg = 1.977075E-04 Time/step= 1.900000E-04 ETA (HH:MM:SS) = 0:00:00
 [ 55%]  Time step     3067 of 5591 @ t_step =     3066 Time Avg = 1.977144E-04 Time/step= 2.190000E-04 ETA (HH:MM:SS) = 0:00:00
 [ 55%]  Time step     3068 of 5591 @ t_step =     3067 Time Avg = 1.977230E-04 Time/step= 2.240000E-04 ETA (HH:MM:SS) = 0:00:00
 [ 55%]  Time step     3069 of 5591 @ t_step =     3068 Time Avg = 1.977202E-04 Time/step= 1.890000E-04 ETA (HH:MM:SS) = 0:00:00
 [ 55%]  Time step     3070 of 5591 @ t_step =     3069 Time Avg = 1.977173E-04 Time/step= 1.890000E-04 ETA (HH:MM:SS) = 0:00:00
 [ 55%]  Time step     3071 of 5591 @ t_step =     3070 Time Avg = 1.977145E-04 Time/step= 1.890000E-04 ETA (HH:MM:SS) = 0:00:00
 [ 55%]  Time step     3072 of 5591 @ t_step =     3071 Time Avg = 1.977283E-04 Time/step= 2.400000E-04 ETA (HH:MM:SS) = 0:00:00
 [ 55%]  Time step     3073 of 5591 @ t_step =     3072 Time Avg = 1.977355E-04 Time/step= 2.200000E-04 ETA (HH:MM:SS) = 0:00:00
 [ 55%]  Time step     3074 of 5591 @ t_step =     3073 Time Avg = 1.977327E-04 Time/step= 1.890000E-04 ETA (HH:MM:SS) = 0:00:00
 [ 55%]  Time step     3075 of 5591 @ t_step =     3074 Time Avg = 1.977298E-04 Time/step= 1.890000E-04 ETA (HH:MM:SS) = 0:00:00
 [ 55%]  Time step     3076 of 5591 @ t_step =     3075 Time Avg = 1.977341E-04 Time/step= 2.110000E-04 ETA (HH:MM:SS) = 0:00:00
 [ 56%]  Time step     3077 of 5591 @ t_step =     3076 Time Avg = 1.977342E-04 Time/step= 1.980000E-04 ETA (HH:MM:SS) = 0:00:00
 [ 56%]  Time step     3078 of 5591 @ t_step =     3077 Time Avg = 1.977428E-04 Time/step= 2.240000E-04 ETA (HH:MM:SS) = 0:00:00
 [ 56%]  Time step     3079 of 5591 @ t_step =     3078 Time Avg = 1.977467E-04 Time/step= 2.100000E-04 ETA (HH:MM:SS) = 0:00:00
 [ 56%]  Time step     3080 of 5591 @ t_step =     3079 Time Avg = 1.977478E-04 Time/step= 2.010000E-04 ETA (HH:MM:SS) = 0:00:00
 [ 56%]  Time step     3081 of 5591 @ t_step =     3080 Time Avg = 1.977550E-04 Time/step= 2.200000E-04 ETA (HH:MM:SS) = 0:00:00
 [ 56%]  Time step     3082 of 5591 @ t_step =     3081 Time Avg = 1.977580E-04 Time/step= 2.070000E-04 ETA (HH:MM:SS) = 0:00:00
 [ 56%]  Time step     3083 of 5591 @ t_step =     3082 Time Avg = 1.977555E-04 Time/step= 1.900000E-04 ETA (HH:MM:SS) = 0:00:00
 [ 56%]  Time step     3084 of 5591 @ t_step =     3083 Time Avg = 1.977527E-04 Time/step= 1.890000E-04 ETA (HH:MM:SS) = 0:00:00
 [ 56%]  Time step     3085 of 5591 @ t_step =     3084 Time Avg = 1.977502E-04 Time/step= 1.900000E-04 ETA (HH:MM:SS) = 0:00:00
 [ 56%]  Time step     3086 of 5591 @ t_step =     3085 Time Avg = 1.977587E-04 Time/step= 2.240000E-04 ETA (HH:MM:SS) = 0:00:00
 [ 56%]  Time step     3087 of 5591 @ t_step =     3086 Time Avg = 1.977610E-04 Time/step= 2.050000E-04 ETA (HH:MM:SS) = 0:00:00
 [ 56%]  Time step     3088 of 5591 @ t_step =     3087 Time Avg = 1.977585E-04 Time/step= 1.900000E-04 ETA (HH:MM:SS) = 0:00:00
 [ 56%]  Time step     3089 of 5591 @ t_step =     3088 Time Avg = 1.977557E-04 Time/step= 1.890000E-04 ETA (HH:MM:SS) = 0:00:00
 [ 56%]  Time step     3090 of 5591 @ t_step =     3089 Time Avg = 1.977528E-04 Time/step= 1.890000E-04 ETA (HH:MM:SS) = 0:00:00
 [ 56%]  Time step     3091 of 5591 @ t_step =     3090 Time Avg = 1.977659E-04 Time/step= 2.380000E-04 ETA (HH:MM:SS) = 0:00:00
 [ 56%]  Time step     3092 of 5591 @ t_step =     3091 Time Avg = 1.977727E-04 Time/step= 2.190000E-04 ETA (HH:MM:SS) = 0:00:00
 [ 56%]  Time step     3093 of 5591 @ t_step =     3092 Time Avg = 1.977702E-04 Time/step= 1.900000E-04 ETA (HH:MM:SS) = 0:00:00
 [ 56%]  Time step     3094 of 5591 @ t_step =     3093 Time Avg = 1.977674E-04 Time/step= 1.890000E-04 ETA (HH:MM:SS) = 0:00:00
 [ 56%]  Time step     3095 of 5591 @ t_step =     3094 Time Avg = 1.977733E-04 Time/step= 2.160000E-04 ETA (HH:MM:SS) = 0:00:00
 [ 56%]  Time step     3096 of 5591 @ t_step =     3095 Time Avg = 1.977734E-04 Time/step= 1.980000E-04 ETA (HH:MM:SS) = 0:00:00
 [ 56%]  Time step     3097 of 5591 @ t_step =     3096 Time Avg = 1.977747E-04 Time/step= 2.020000E-04 ETA (HH:MM:SS) = 0:00:00
 [ 56%]  Time step     3098 of 5591 @ t_step =     3097 Time Avg = 1.977719E-04 Time/step= 1.890000E-04 ETA (HH:MM:SS) = 0:00:00
 [ 56%]  Time step     3099 of 5591 @ t_step =     3098 Time Avg = 1.977691E-04 Time/step= 1.890000E-04 ETA (HH:MM:SS) = 0:00:00
 [ 56%]  Time step     3100 of 5591 @ t_step =     3099 Time Avg = 1.977788E-04 Time/step= 2.280000E-04 ETA (HH:MM:SS) = 0:00:00
 [ 56%]  Time step     3101 of 5591 @ t_step =     3100 Time Avg = 1.977786E-04 Time/step= 1.970000E-04 ETA (HH:MM:SS) = 0:00:00
 [ 56%]  Time step     3102 of 5591 @ t_step =     3101 Time Avg = 1.977764E-04 Time/step= 1.910000E-04 ETA (HH:MM:SS) = 0:00:00
 [ 56%]  Time step     3103 of 5591 @ t_step =     3102 Time Avg = 1.977735E-04 Time/step= 1.890000E-04 ETA (HH:MM:SS) = 0:00:00
 [ 56%]  Time step     3104 of 5591 @ t_step =     3103 Time Avg = 1.977765E-04 Time/step= 2.070000E-04 ETA (HH:MM:SS) = 0:00:00
 [ 56%]  Time step     3105 of 5591 @ t_step =     3104 Time Avg = 1.977898E-04 Time/step= 2.390000E-04 ETA (HH:MM:SS) = 0:00:00
 [ 56%]  Time step     3106 of 5591 @ t_step =     3105 Time Avg = 1.977921E-04 Time/step= 2.050000E-04 ETA (HH:MM:SS) = 0:00:00
 [ 56%]  Time step     3107 of 5591 @ t_step =     3106 Time Avg = 1.977945E-04 Time/step= 2.050000E-04 ETA (HH:MM:SS) = 0:00:00
 [ 56%]  Time step     3108 of 5591 @ t_step =     3107 Time Avg = 1.978016E-04 Time/step= 2.200000E-04 ETA (HH:MM:SS) = 0:00:00
 [ 56%]  Time step     3109 of 5591 @ t_step =     3108 Time Avg = 1.978152E-04 Time/step= 2.400000E-04 ETA (HH:MM:SS) = 0:00:00
 [ 56%]  Time step     3110 of 5591 @ t_step =     3109 Time Avg = 1.978175E-04 Time/step= 2.050000E-04 ETA (HH:MM:SS) = 0:00:00
 [ 56%]  Time step     3111 of 5591 @ t_step =     3110 Time Avg = 1.978224E-04 Time/step= 2.130000E-04 ETA (HH:MM:SS) = 0:00:00
 [ 56%]  Time step     3112 of 5591 @ t_step =     3111 Time Avg = 1.978199E-04 Time/step= 1.900000E-04 ETA (HH:MM:SS) = 0:00:00
 [ 56%]  Time step     3113 of 5591 @ t_step =     3112 Time Avg = 1.978174E-04 Time/step= 1.900000E-04 ETA (HH:MM:SS) = 0:00:00
 [ 56%]  Time step     3114 of 5591 @ t_step =     3113 Time Avg = 1.978245E-04 Time/step= 2.200000E-04 ETA (HH:MM:SS) = 0:00:00
 [ 56%]  Time step     3115 of 5591 @ t_step =     3114 Time Avg = 1.978271E-04 Time/step= 2.060000E-04 ETA (HH:MM:SS) = 0:00:00
 [ 56%]  Time step     3116 of 5591 @ t_step =     3115 Time Avg = 1.978288E-04 Time/step= 2.030000E-04 ETA (HH:MM:SS) = 0:00:00
 [ 56%]  Time step     3117 of 5591 @ t_step =     3116 Time Avg = 1.978282E-04 Time/step= 1.960000E-04 ETA (HH:MM:SS) = 0:00:00
 [ 56%]  Time step     3118 of 5591 @ t_step =     3117 Time Avg = 1.978292E-04 Time/step= 2.010000E-04 ETA (HH:MM:SS) = 0:00:00
 [ 56%]  Time step     3119 of 5591 @ t_step =     3118 Time Avg = 1.978373E-04 Time/step= 2.230000E-04 ETA (HH:MM:SS) = 0:00:00
 [ 56%]  Time step     3120 of 5591 @ t_step =     3119 Time Avg = 1.978396E-04 Time/step= 2.050000E-04 ETA (HH:MM:SS) = 0:00:00
 [ 56%]  Time step     3121 of 5591 @ t_step =     3120 Time Avg = 1.978368E-04 Time/step= 1.890000E-04 ETA (HH:MM:SS) = 0:00:00
 [ 56%]  Time step     3122 of 5591 @ t_step =     3121 Time Avg = 1.978342E-04 Time/step= 1.900000E-04 ETA (HH:MM:SS) = 0:00:00
 [ 56%]  Time step     3123 of 5591 @ t_step =     3122 Time Avg = 1.978388E-04 Time/step= 2.120000E-04 ETA (HH:MM:SS) = 0:00:00
 [ 56%]  Time step     3124 of 5591 @ t_step =     3123 Time Avg = 1.978440E-04 Time/step= 2.140000E-04 ETA (HH:MM:SS) = 0:00:00
 [ 56%]  Time step     3125 of 5591 @ t_step =     3124 Time Avg = 1.978546E-04 Time/step= 2.310000E-04 ETA (HH:MM:SS) = 0:00:00
 [ 56%]  Time step     3126 of 5591 @ t_step =     3125 Time Avg = 1.978540E-04 Time/step= 1.960000E-04 ETA (HH:MM:SS) = 0:00:00
 [ 56%]  Time step     3127 of 5591 @ t_step =     3126 Time Avg = 1.978547E-04 Time/step= 2.000000E-04 ETA (HH:MM:SS) = 0:00:00
 [ 56%]  Time step     3128 of 5591 @ t_step =     3127 Time Avg = 1.978662E-04 Time/step= 2.340000E-04 ETA (HH:MM:SS) = 0:00:00
 [ 56%]  Time step     3129 of 5591 @ t_step =     3128 Time Avg = 1.978743E-04 Time/step= 2.230000E-04 ETA (HH:MM:SS) = 0:00:00
 [ 56%]  Time step     3130 of 5591 @ t_step =     3129 Time Avg = 1.978718E-04 Time/step= 1.900000E-04 ETA (HH:MM:SS) = 0:00:00
 [ 56%]  Time step     3131 of 5591 @ t_step =     3130 Time Avg = 1.978689E-04 Time/step= 1.890000E-04 ETA (HH:MM:SS) = 0:00:00
 [ 57%]  Time step     3132 of 5591 @ t_step =     3131 Time Avg = 1.978661E-04 Time/step= 1.890000E-04 ETA (HH:MM:SS) = 0:00:00
 [ 57%]  Time step     3133 of 5591 @ t_step =     3132 Time Avg = 1.978738E-04 Time/step= 2.220000E-04 ETA (HH:MM:SS) = 0:00:00
 [ 57%]  Time step     3134 of 5591 @ t_step =     3133 Time Avg = 1.978758E-04 Time/step= 2.040000E-04 ETA (HH:MM:SS) = 0:00:00
 [ 57%]  Time step     3135 of 5591 @ t_step =     3134 Time Avg = 1.978732E-04 Time/step= 1.900000E-04 ETA (HH:MM:SS) = 0:00:00
 [ 57%]  Time step     3136 of 5591 @ t_step =     3135 Time Avg = 1.978704E-04 Time/step= 1.890000E-04 ETA (HH:MM:SS) = 0:00:00
 [ 57%]  Time step     3137 of 5591 @ t_step =     3136 Time Avg = 1.978705E-04 Time/step= 1.980000E-04 ETA (HH:MM:SS) = 0:00:00
 [ 57%]  Time step     3138 of 5591 @ t_step =     3137 Time Avg = 1.978692E-04 Time/step= 1.940000E-04 ETA (HH:MM:SS) = 0:00:00
 [ 57%]  Time step     3139 of 5591 @ t_step =     3138 Time Avg = 1.978667E-04 Time/step= 1.900000E-04 ETA (HH:MM:SS) = 0:00:00
 [ 57%]  Time step     3140 of 5591 @ t_step =     3139 Time Avg = 1.978639E-04 Time/step= 1.890000E-04 ETA (HH:MM:SS) = 0:00:00
 [ 57%]  Time step     3141 of 5591 @ t_step =     3140 Time Avg = 1.978614E-04 Time/step= 1.900000E-04 ETA (HH:MM:SS) = 0:00:00
 [ 57%]  Time step     3142 of 5591 @ t_step =     3141 Time Avg = 1.978621E-04 Time/step= 2.000000E-04 ETA (HH:MM:SS) = 0:00:00
 [ 57%]  Time step     3143 of 5591 @ t_step =     3142 Time Avg = 1.978599E-04 Time/step= 1.910000E-04 ETA (HH:MM:SS) = 0:00:00
 [ 57%]  Time step     3144 of 5591 @ t_step =     3143 Time Avg = 1.978574E-04 Time/step= 1.900000E-04 ETA (HH:MM:SS) = 0:00:00
 [ 57%]  Time step     3145 of 5591 @ t_step =     3144 Time Avg = 1.978549E-04 Time/step= 1.900000E-04 ETA (HH:MM:SS) = 0:00:00
 [ 57%]  Time step     3146 of 5591 @ t_step =     3145 Time Avg = 1.978521E-04 Time/step= 1.890000E-04 ETA (HH:MM:SS) = 0:00:00
 [ 57%]  Time step     3147 of 5591 @ t_step =     3146 Time Avg = 1.978575E-04 Time/step= 2.150000E-04 ETA (HH:MM:SS) = 0:00:00
 [ 57%]  Time step     3148 of 5591 @ t_step =     3147 Time Avg = 1.978610E-04 Time/step= 2.090000E-04 ETA (HH:MM:SS) = 0:00:00
 [ 57%]  Time step     3149 of 5591 @ t_step =     3148 Time Avg = 1.978627E-04 Time/step= 2.030000E-04 ETA (HH:MM:SS) = 0:00:00
 [ 57%]  Time step     3150 of 5591 @ t_step =     3149 Time Avg = 1.978599E-04 Time/step= 1.890000E-04 ETA (HH:MM:SS) = 0:00:00
 [ 57%]  Time step     3151 of 5591 @ t_step =     3150 Time Avg = 1.978574E-04 Time/step= 1.900000E-04 ETA (HH:MM:SS) = 0:00:00
 [ 57%]  Time step     3152 of 5591 @ t_step =     3151 Time Avg = 1.978606E-04 Time/step= 2.080000E-04 ETA (HH:MM:SS) = 0:00:00
 [ 57%]  Time step     3153 of 5591 @ t_step =     3152 Time Avg = 1.978584E-04 Time/step= 1.910000E-04 ETA (HH:MM:SS) = 0:00:00
 [ 57%]  Time step     3154 of 5591 @ t_step =     3153 Time Avg = 1.978556E-04 Time/step= 1.890000E-04 ETA (HH:MM:SS) = 0:00:00
 [ 57%]  Time step     3155 of 5591 @ t_step =     3154 Time Avg = 1.978528E-04 Time/step= 1.890000E-04 ETA (HH:MM:SS) = 0:00:00
 [ 57%]  Time step     3156 of 5591 @ t_step =     3155 Time Avg = 1.978503E-04 Time/step= 1.900000E-04 ETA (HH:MM:SS) = 0:00:00
 [ 57%]  Time step     3157 of 5591 @ t_step =     3156 Time Avg = 1.978548E-04 Time/step= 2.120000E-04 ETA (HH:MM:SS) = 0:00:00
 [ 57%]  Time step     3158 of 5591 @ t_step =     3157 Time Avg = 1.978523E-04 Time/step= 1.900000E-04 ETA (HH:MM:SS) = 0:00:00
 [ 57%]  Time step     3159 of 5591 @ t_step =     3158 Time Avg = 1.978495E-04 Time/step= 1.890000E-04 ETA (HH:MM:SS) = 0:00:00
 [ 57%]  Time step     3160 of 5591 @ t_step =     3159 Time Avg = 1.978467E-04 Time/step= 1.890000E-04 ETA (HH:MM:SS) = 0:00:00
 [ 57%]  Time step     3161 of 5591 @ t_step =     3160 Time Avg = 1.978439E-04 Time/step= 1.890000E-04 ETA (HH:MM:SS) = 0:00:00
 [ 57%]  Time step     3162 of 5591 @ t_step =     3161 Time Avg = 1.978462E-04 Time/step= 2.050000E-04 ETA (HH:MM:SS) = 0:00:00
 [ 57%]  Time step     3163 of 5591 @ t_step =     3162 Time Avg = 1.978437E-04 Time/step= 1.900000E-04 ETA (HH:MM:SS) = 0:00:00
 [ 57%]  Time step     3164 of 5591 @ t_step =     3163 Time Avg = 1.978409E-04 Time/step= 1.890000E-04 ETA (HH:MM:SS) = 0:00:00
 [ 57%]  Time step     3165 of 5591 @ t_step =     3164 Time Avg = 1.978384E-04 Time/step= 1.900000E-04 ETA (HH:MM:SS) = 0:00:00
 [ 57%]  Time step     3166 of 5591 @ t_step =     3165 Time Avg = 1.978356E-04 Time/step= 1.890000E-04 ETA (HH:MM:SS) = 0:00:00
 [ 57%]  Time step     3167 of 5591 @ t_step =     3166 Time Avg = 1.978461E-04 Time/step= 2.310000E-04 ETA (HH:MM:SS) = 0:00:00
 [ 57%]  Time step     3168 of 5591 @ t_step =     3167 Time Avg = 1.978458E-04 Time/step= 1.970000E-04 ETA (HH:MM:SS) = 0:00:00
 [ 57%]  Time step     3169 of 5591 @ t_step =     3168 Time Avg = 1.978468E-04 Time/step= 2.010000E-04 ETA (HH:MM:SS) = 0:00:00
 [ 57%]  Time step     3170 of 5591 @ t_step =     3169 Time Avg = 1.978440E-04 Time/step= 1.890000E-04 ETA (HH:MM:SS) = 0:00:00
 [ 57%]  Time step     3171 of 5591 @ t_step =     3170 Time Avg = 1.978412E-04 Time/step= 1.890000E-04 ETA (HH:MM:SS) = 0:00:00
 [ 57%]  Time step     3172 of 5591 @ t_step =     3171 Time Avg = 1.978441E-04 Time/step= 2.070000E-04 ETA (HH:MM:SS) = 0:00:00
 [ 57%]  Time step     3173 of 5591 @ t_step =     3172 Time Avg = 1.978416E-04 Time/step= 1.900000E-04 ETA (HH:MM:SS) = 0:00:00
 [ 57%]  Time step     3174 of 5591 @ t_step =     3173 Time Avg = 1.978389E-04 Time/step= 1.890000E-04 ETA (HH:MM:SS) = 0:00:00
 [ 57%]  Time step     3175 of 5591 @ t_step =     3174 Time Avg = 1.978361E-04 Time/step= 1.890000E-04 ETA (HH:MM:SS) = 0:00:00
 [ 57%]  Time step     3176 of 5591 @ t_step =     3175 Time Avg = 1.978333E-04 Time/step= 1.890000E-04 ETA (HH:MM:SS) = 0:00:00
 [ 57%]  Time step     3177 of 5591 @ t_step =     3176 Time Avg = 1.978365E-04 Time/step= 2.080000E-04 ETA (HH:MM:SS) = 0:00:00
 [ 57%]  Time step     3178 of 5591 @ t_step =     3177 Time Avg = 1.978340E-04 Time/step= 1.900000E-04 ETA (HH:MM:SS) = 0:00:00
 [ 57%]  Time step     3179 of 5591 @ t_step =     3178 Time Avg = 1.978312E-04 Time/step= 1.890000E-04 ETA (HH:MM:SS) = 0:00:00
 [ 57%]  Time step     3180 of 5591 @ t_step =     3179 Time Avg = 1.978285E-04 Time/step= 1.890000E-04 ETA (HH:MM:SS) = 0:00:00
 [ 57%]  Time step     3181 of 5591 @ t_step =     3180 Time Avg = 1.978257E-04 Time/step= 1.890000E-04 ETA (HH:MM:SS) = 0:00:00
 [ 57%]  Time step     3182 of 5591 @ t_step =     3181 Time Avg = 1.978289E-04 Time/step= 2.080000E-04 ETA (HH:MM:SS) = 0:00:00
 [ 57%]  Time step     3183 of 5591 @ t_step =     3182 Time Avg = 1.978264E-04 Time/step= 1.900000E-04 ETA (HH:MM:SS) = 0:00:00
 [ 57%]  Time step     3184 of 5591 @ t_step =     3183 Time Avg = 1.978236E-04 Time/step= 1.890000E-04 ETA (HH:MM:SS) = 0:00:00
 [ 57%]  Time step     3185 of 5591 @ t_step =     3184 Time Avg = 1.978209E-04 Time/step= 1.890000E-04 ETA (HH:MM:SS) = 0:00:00
 [ 57%]  Time step     3186 of 5591 @ t_step =     3185 Time Avg = 1.978181E-04 Time/step= 1.890000E-04 ETA (HH:MM:SS) = 0:00:00
 [ 57%]  Time step     3187 of 5591 @ t_step =     3186 Time Avg = 1.978310E-04 Time/step= 2.390000E-04 ETA (HH:MM:SS) = 0:00:00
 [ 58%]  Time step     3188 of 5591 @ t_step =     3187 Time Avg = 1.978383E-04 Time/step= 2.210000E-04 ETA (HH:MM:SS) = 0:00:00
 [ 58%]  Time step     3189 of 5591 @ t_step =     3188 Time Avg = 1.978355E-04 Time/step= 1.890000E-04 ETA (HH:MM:SS) = 0:00:00
 [ 58%]  Time step     3190 of 5591 @ t_step =     3189 Time Avg = 1.978331E-04 Time/step= 1.900000E-04 ETA (HH:MM:SS) = 0:00:00
 [ 58%]  Time step     3191 of 5591 @ t_step =     3190 Time Avg = 1.978303E-04 Time/step= 1.890000E-04 ETA (HH:MM:SS) = 0:00:00
 [ 58%]  Time step     3192 of 5591 @ t_step =     3191 Time Avg = 1.978304E-04 Time/step= 1.980000E-04 ETA (HH:MM:SS) = 0:00:00
 [ 58%]  Time step     3193 of 5591 @ t_step =     3192 Time Avg = 1.978279E-04 Time/step= 1.900000E-04 ETA (HH:MM:SS) = 0:00:00
 [ 58%]  Time step     3194 of 5591 @ t_step =     3193 Time Avg = 1.978251E-04 Time/step= 1.890000E-04 ETA (HH:MM:SS) = 0:00:00
 [ 58%]  Time step     3195 of 5591 @ t_step =     3194 Time Avg = 1.978224E-04 Time/step= 1.890000E-04 ETA (HH:MM:SS) = 0:00:00
 [ 58%]  Time step     3196 of 5591 @ t_step =     3195 Time Avg = 1.978218E-04 Time/step= 1.960000E-04 ETA (HH:MM:SS) = 0:00:00
 [ 58%]  Time step     3197 of 5591 @ t_step =     3196 Time Avg = 1.978275E-04 Time/step= 2.160000E-04 ETA (HH:MM:SS) = 0:00:00
 [ 58%]  Time step     3198 of 5591 @ t_step =     3197 Time Avg = 1.978369E-04 Time/step= 2.280000E-04 ETA (HH:MM:SS) = 0:00:00
 [ 58%]  Time step     3199 of 5591 @ t_step =     3198 Time Avg = 1.978432E-04 Time/step= 2.180000E-04 ETA (HH:MM:SS) = 0:00:00
 [ 58%]  Time step     3200 of 5591 @ t_step =     3199 Time Avg = 1.978452E-04 Time/step= 2.040000E-04 ETA (HH:MM:SS) = 0:00:00
 [ 58%]  Time step     3201 of 5591 @ t_step =     3200 Time Avg = 1.978487E-04 Time/step= 2.090000E-04 ETA (HH:MM:SS) = 0:00:00
 [ 58%]  Time step     3202 of 5591 @ t_step =     3201 Time Avg = 1.978459E-04 Time/step= 1.890000E-04 ETA (HH:MM:SS) = 0:00:00
 [ 58%]  Time step     3203 of 5591 @ t_step =     3202 Time Avg = 1.978434E-04 Time/step= 1.900000E-04 ETA (HH:MM:SS) = 0:00:00
 [ 58%]  Time step     3204 of 5591 @ t_step =     3203 Time Avg = 1.978407E-04 Time/step= 1.890000E-04 ETA (HH:MM:SS) = 0:00:00
 [ 58%]  Time step     3205 of 5591 @ t_step =     3204 Time Avg = 1.978382E-04 Time/step= 1.900000E-04 ETA (HH:MM:SS) = 0:00:00
 [ 58%]  Time step     3206 of 5591 @ t_step =     3205 Time Avg = 1.978492E-04 Time/step= 2.330000E-04 ETA (HH:MM:SS) = 0:00:00
 [ 58%]  Time step     3207 of 5591 @ t_step =     3206 Time Avg = 1.978514E-04 Time/step= 2.050000E-04 ETA (HH:MM:SS) = 0:00:00
 [ 58%]  Time step     3208 of 5591 @ t_step =     3207 Time Avg = 1.978487E-04 Time/step= 1.890000E-04 ETA (HH:MM:SS) = 0:00:00
 [ 58%]  Time step     3209 of 5591 @ t_step =     3208 Time Avg = 1.978462E-04 Time/step= 1.900000E-04 ETA (HH:MM:SS) = 0:00:00
 [ 58%]  Time step     3210 of 5591 @ t_step =     3209 Time Avg = 1.978435E-04 Time/step= 1.890000E-04 ETA (HH:MM:SS) = 0:00:00
 [ 58%]  Time step     3211 of 5591 @ t_step =     3210 Time Avg = 1.978457E-04 Time/step= 2.050000E-04 ETA (HH:MM:SS) = 0:00:00
 [ 58%]  Time step     3212 of 5591 @ t_step =     3211 Time Avg = 1.978429E-04 Time/step= 1.890000E-04 ETA (HH:MM:SS) = 0:00:00
 [ 58%]  Time step     3213 of 5591 @ t_step =     3212 Time Avg = 1.978402E-04 Time/step= 1.890000E-04 ETA (HH:MM:SS) = 0:00:00
 [ 58%]  Time step     3214 of 5591 @ t_step =     3213 Time Avg = 1.978377E-04 Time/step= 1.900000E-04 ETA (HH:MM:SS) = 0:00:00
 [ 58%]  Time step     3215 of 5591 @ t_step =     3214 Time Avg = 1.978350E-04 Time/step= 1.890000E-04 ETA (HH:MM:SS) = 0:00:00
 [ 58%]  Time step     3216 of 5591 @ t_step =     3215 Time Avg = 1.978369E-04 Time/step= 2.040000E-04 ETA (HH:MM:SS) = 0:00:00
 [ 58%]  Time step     3217 of 5591 @ t_step =     3216 Time Avg = 1.978345E-04 Time/step= 1.900000E-04 ETA (HH:MM:SS) = 0:00:00
 [ 58%]  Time step     3218 of 5591 @ t_step =     3217 Time Avg = 1.978317E-04 Time/step= 1.890000E-04 ETA (HH:MM:SS) = 0:00:00
 [ 58%]  Time step     3219 of 5591 @ t_step =     3218 Time Avg = 1.978290E-04 Time/step= 1.890000E-04 ETA (HH:MM:SS) = 0:00:00
 [ 58%]  Time step     3220 of 5591 @ t_step =     3219 Time Avg = 1.978265E-04 Time/step= 1.900000E-04 ETA (HH:MM:SS) = 0:00:00
 [ 58%]  Time step     3221 of 5591 @ t_step =     3220 Time Avg = 1.978291E-04 Time/step= 2.060000E-04 ETA (HH:MM:SS) = 0:00:00
 [ 58%]  Time step     3222 of 5591 @ t_step =     3221 Time Avg = 1.978267E-04 Time/step= 1.900000E-04 ETA (HH:MM:SS) = 0:00:00
 [ 58%]  Time step     3223 of 5591 @ t_step =     3222 Time Avg = 1.978239E-04 Time/step= 1.890000E-04 ETA (HH:MM:SS) = 0:00:00
 [ 58%]  Time step     3224 of 5591 @ t_step =     3223 Time Avg = 1.978215E-04 Time/step= 1.900000E-04 ETA (HH:MM:SS) = 0:00:00
 [ 58%]  Time step     3225 of 5591 @ t_step =     3224 Time Avg = 1.978187E-04 Time/step= 1.890000E-04 ETA (HH:MM:SS) = 0:00:00
 [ 58%]  Time step     3226 of 5591 @ t_step =     3225 Time Avg = 1.978297E-04 Time/step= 2.330000E-04 ETA (HH:MM:SS) = 0:00:00
 [ 58%]  Time step     3227 of 5591 @ t_step =     3226 Time Avg = 1.978434E-04 Time/step= 2.420000E-04 ETA (HH:MM:SS) = 0:00:00
 [ 58%]  Time step     3228 of 5591 @ t_step =     3227 Time Avg = 1.978561E-04 Time/step= 2.390000E-04 ETA (HH:MM:SS) = 0:00:00
 [ 58%]  Time step     3229 of 5591 @ t_step =     3228 Time Avg = 1.978642E-04 Time/step= 2.240000E-04 ETA (HH:MM:SS) = 0:00:00
 [ 58%]  Time step     3230 of 5591 @ t_step =     3229 Time Avg = 1.978671E-04 Time/step= 2.070000E-04 ETA (HH:MM:SS) = 0:00:00
 [ 58%]  Time step     3231 of 5591 @ t_step =     3230 Time Avg = 1.978646E-04 Time/step= 1.900000E-04 ETA (HH:MM:SS) = 0:00:00
 [ 58%]  Time step     3232 of 5591 @ t_step =     3231 Time Avg = 1.978622E-04 Time/step= 1.900000E-04 ETA (HH:MM:SS) = 0:00:00
 [ 58%]  Time step     3233 of 5591 @ t_step =     3232 Time Avg = 1.978594E-04 Time/step= 1.890000E-04 ETA (HH:MM:SS) = 0:00:00
 [ 58%]  Time step     3234 of 5591 @ t_step =     3233 Time Avg = 1.978607E-04 Time/step= 2.020000E-04 ETA (HH:MM:SS) = 0:00:00
 [ 58%]  Time step     3235 of 5591 @ t_step =     3234 Time Avg = 1.978719E-04 Time/step= 2.340000E-04 ETA (HH:MM:SS) = 0:00:00
 [ 58%]  Time step     3236 of 5591 @ t_step =     3235 Time Avg = 1.978781E-04 Time/step= 2.180000E-04 ETA (HH:MM:SS) = 0:00:00
 [ 58%]  Time step     3237 of 5591 @ t_step =     3236 Time Avg = 1.978816E-04 Time/step= 2.090000E-04 ETA (HH:MM:SS) = 0:00:00
 [ 58%]  Time step     3238 of 5591 @ t_step =     3237 Time Avg = 1.978810E-04 Time/step= 1.960000E-04 ETA (HH:MM:SS) = 0:00:00
 [ 58%]  Time step     3239 of 5591 @ t_step =     3238 Time Avg = 1.978847E-04 Time/step= 2.100000E-04 ETA (HH:MM:SS) = 0:00:00
 [ 58%]  Time step     3240 of 5591 @ t_step =     3239 Time Avg = 1.978872E-04 Time/step= 2.060000E-04 ETA (HH:MM:SS) = 0:00:00
 [ 58%]  Time step     3241 of 5591 @ t_step =     3240 Time Avg = 1.978845E-04 Time/step= 1.890000E-04 ETA (HH:MM:SS) = 0:00:00
 [ 58%]  Time step     3242 of 5591 @ t_step =     3241 Time Avg = 1.978818E-04 Time/step= 1.890000E-04 ETA (HH:MM:SS) = 0:00:00
 [ 58%]  Time step     3243 of 5591 @ t_step =     3242 Time Avg = 1.978827E-04 Time/step= 2.010000E-04 ETA (HH:MM:SS) = 0:00:00
 [ 59%]  Time step     3244 of 5591 @ t_step =     3243 Time Avg = 1.979031E-04 Time/step= 2.640000E-04 ETA (HH:MM:SS) = 0:00:00
 [ 59%]  Time step     3245 of 5591 @ t_step =     3244 Time Avg = 1.979349E-04 Time/step= 3.010000E-04 ETA (HH:MM:SS) = 0:00:00
 [ 59%]  Time step     3246 of 5591 @ t_step =     3245 Time Avg = 1.979414E-04 Time/step= 2.190000E-04 ETA (HH:MM:SS) = 0:00:00
 [ 59%]  Time step     3247 of 5591 @ t_step =     3246 Time Avg = 1.979390E-04 Time/step= 1.900000E-04 ETA (HH:MM:SS) = 0:00:00
 [ 59%]  Time step     3248 of 5591 @ t_step =     3247 Time Avg = 1.979427E-04 Time/step= 2.100000E-04 ETA (HH:MM:SS) = 0:00:00
 [ 59%]  Time step     3249 of 5591 @ t_step =     3248 Time Avg = 1.979402E-04 Time/step= 1.900000E-04 ETA (HH:MM:SS) = 0:00:00
 [ 59%]  Time step     3250 of 5591 @ t_step =     3249 Time Avg = 1.979378E-04 Time/step= 1.900000E-04 ETA (HH:MM:SS) = 0:00:00
 [ 59%]  Time step     3251 of 5591 @ t_step =     3250 Time Avg = 1.979353E-04 Time/step= 1.900000E-04 ETA (HH:MM:SS) = 0:00:00
 [ 59%]  Time step     3252 of 5591 @ t_step =     3251 Time Avg = 1.979326E-04 Time/step= 1.890000E-04 ETA (HH:MM:SS) = 0:00:00
 [ 59%]  Time step     3253 of 5591 @ t_step =     3252 Time Avg = 1.979385E-04 Time/step= 2.170000E-04 ETA (HH:MM:SS) = 0:00:00
 [ 59%]  Time step     3254 of 5591 @ t_step =     3253 Time Avg = 1.979360E-04 Time/step= 1.900000E-04 ETA (HH:MM:SS) = 0:00:00
 [ 59%]  Time step     3255 of 5591 @ t_step =     3254 Time Avg = 1.979373E-04 Time/step= 2.020000E-04 ETA (HH:MM:SS) = 0:00:00
 [ 59%]  Time step     3256 of 5591 @ t_step =     3255 Time Avg = 1.979447E-04 Time/step= 2.220000E-04 ETA (HH:MM:SS) = 0:00:00
 [ 59%]  Time step     3257 of 5591 @ t_step =     3256 Time Avg = 1.979533E-04 Time/step= 2.260000E-04 ETA (HH:MM:SS) = 0:00:00
 [ 59%]  Time step     3258 of 5591 @ t_step =     3257 Time Avg = 1.979570E-04 Time/step= 2.100000E-04 ETA (HH:MM:SS) = 0:00:00
 [ 59%]  Time step     3259 of 5591 @ t_step =     3258 Time Avg = 1.979564E-04 Time/step= 1.960000E-04 ETA (HH:MM:SS) = 0:00:00
 [ 59%]  Time step     3260 of 5591 @ t_step =     3259 Time Avg = 1.979579E-04 Time/step= 2.030000E-04 ETA (HH:MM:SS) = 0:00:00
 [ 59%]  Time step     3261 of 5591 @ t_step =     3260 Time Avg = 1.979552E-04 Time/step= 1.890000E-04 ETA (HH:MM:SS) = 0:00:00
 [ 59%]  Time step     3262 of 5591 @ t_step =     3261 Time Avg = 1.979644E-04 Time/step= 2.280000E-04 ETA (HH:MM:SS) = 0:00:00
 [ 59%]  Time step     3263 of 5591 @ t_step =     3262 Time Avg = 1.979641E-04 Time/step= 1.970000E-04 ETA (HH:MM:SS) = 0:00:00
 [ 59%]  Time step     3264 of 5591 @ t_step =     3263 Time Avg = 1.979721E-04 Time/step= 2.240000E-04 ETA (HH:MM:SS) = 0:00:00
 [ 59%]  Time step     3265 of 5591 @ t_step =     3264 Time Avg = 1.979908E-04 Time/step= 2.590000E-04 ETA (HH:MM:SS) = 0:00:00
 [ 59%]  Time step     3266 of 5591 @ t_step =     3265 Time Avg = 1.980077E-04 Time/step= 2.530000E-04 ETA (HH:MM:SS) = 0:00:00
 [ 59%]  Time step     3267 of 5591 @ t_step =     3266 Time Avg = 1.980104E-04 Time/step= 2.070000E-04 ETA (HH:MM:SS) = 0:00:00
 [ 59%]  Time step     3268 of 5591 @ t_step =     3267 Time Avg = 1.980116E-04 Time/step= 2.020000E-04 ETA (HH:MM:SS) = 0:00:00
 [ 59%]  Time step     3269 of 5591 @ t_step =     3268 Time Avg = 1.980089E-04 Time/step= 1.890000E-04 ETA (HH:MM:SS) = 0:00:00
 [ 59%]  Time step     3270 of 5591 @ t_step =     3269 Time Avg = 1.980061E-04 Time/step= 1.890000E-04 ETA (HH:MM:SS) = 0:00:00
 [ 59%]  Time step     3271 of 5591 @ t_step =     3270 Time Avg = 1.980083E-04 Time/step= 2.050000E-04 ETA (HH:MM:SS) = 0:00:00
 [ 59%]  Time step     3272 of 5591 @ t_step =     3271 Time Avg = 1.980113E-04 Time/step= 2.080000E-04 ETA (HH:MM:SS) = 0:00:00
 [ 59%]  Time step     3273 of 5591 @ t_step =     3272 Time Avg = 1.980131E-04 Time/step= 2.040000E-04 ETA (HH:MM:SS) = 0:00:00
 [ 59%]  Time step     3274 of 5591 @ t_step =     3273 Time Avg = 1.980107E-04 Time/step= 1.900000E-04 ETA (HH:MM:SS) = 0:00:00
 [ 59%]  Time step     3275 of 5591 @ t_step =     3274 Time Avg = 1.980083E-04 Time/step= 1.900000E-04 ETA (HH:MM:SS) = 0:00:00
 [ 59%]  Time step     3276 of 5591 @ t_step =     3275 Time Avg = 1.980122E-04 Time/step= 2.110000E-04 ETA (HH:MM:SS) = 0:00:00
 [ 59%]  Time step     3277 of 5591 @ t_step =     3276 Time Avg = 1.980098E-04 Time/step= 1.900000E-04 ETA (HH:MM:SS) = 0:00:00
 [ 59%]  Time step     3278 of 5591 @ t_step =     3277 Time Avg = 1.980073E-04 Time/step= 1.900000E-04 ETA (HH:MM:SS) = 0:00:00
 [ 59%]  Time step     3279 of 5591 @ t_step =     3278 Time Avg = 1.980046E-04 Time/step= 1.890000E-04 ETA (HH:MM:SS) = 0:00:00
 [ 59%]  Time step     3280 of 5591 @ t_step =     3279 Time Avg = 1.980018E-04 Time/step= 1.890000E-04 ETA (HH:MM:SS) = 0:00:00
 [ 59%]  Time step     3281 of 5591 @ t_step =     3280 Time Avg = 1.980092E-04 Time/step= 2.220000E-04 ETA (HH:MM:SS) = 0:00:00
 [ 59%]  Time step     3282 of 5591 @ t_step =     3281 Time Avg = 1.980067E-04 Time/step= 1.900000E-04 ETA (HH:MM:SS) = 0:00:00
 [ 59%]  Time step     3283 of 5591 @ t_step =     3282 Time Avg = 1.980040E-04 Time/step= 1.890000E-04 ETA (HH:MM:SS) = 0:00:00
 [ 59%]  Time step     3284 of 5591 @ t_step =     3283 Time Avg = 1.980012E-04 Time/step= 1.890000E-04 ETA (HH:MM:SS) = 0:00:00
 [ 59%]  Time step     3285 of 5591 @ t_step =     3284 Time Avg = 1.979988E-04 Time/step= 1.900000E-04 ETA (HH:MM:SS) = 0:00:00
 [ 59%]  Time step     3286 of 5591 @ t_step =     3285 Time Avg = 1.980058E-04 Time/step= 2.210000E-04 ETA (HH:MM:SS) = 0:00:00
 [ 59%]  Time step     3287 of 5591 @ t_step =     3286 Time Avg = 1.980079E-04 Time/step= 2.050000E-04 ETA (HH:MM:SS) = 0:00:00
 [ 59%]  Time step     3288 of 5591 @ t_step =     3287 Time Avg = 1.980055E-04 Time/step= 1.900000E-04 ETA (HH:MM:SS) = 0:00:00
 [ 59%]  Time step     3289 of 5591 @ t_step =     3288 Time Avg = 1.980030E-04 Time/step= 1.900000E-04 ETA (HH:MM:SS) = 0:00:00
 [ 59%]  Time step     3290 of 5591 @ t_step =     3289 Time Avg = 1.980082E-04 Time/step= 2.150000E-04 ETA (HH:MM:SS) = 0:00:00
 [ 59%]  Time step     3291 of 5591 @ t_step =     3290 Time Avg = 1.980176E-04 Time/step= 2.290000E-04 ETA (HH:MM:SS) = 0:00:00
 [ 59%]  Time step     3292 of 5591 @ t_step =     3291 Time Avg = 1.980234E-04 Time/step= 2.170000E-04 ETA (HH:MM:SS) = 0:00:00
 [ 59%]  Time step     3293 of 5591 @ t_step =     3292 Time Avg = 1.980264E-04 Time/step= 2.080000E-04 ETA (HH:MM:SS) = 0:00:00
 [ 59%]  Time step     3294 of 5591 @ t_step =     3293 Time Avg = 1.980258E-04 Time/step= 1.960000E-04 ETA (HH:MM:SS) = 0:00:00
 [ 59%]  Time step     3295 of 5591 @ t_step =     3294 Time Avg = 1.980298E-04 Time/step= 2.110000E-04 ETA (HH:MM:SS) = 0:00:00
 [ 59%]  Time step     3296 of 5591 @ t_step =     3295 Time Avg = 1.980322E-04 Time/step= 2.060000E-04 ETA (HH:MM:SS) = 0:00:00
 [ 59%]  Time step     3297 of 5591 @ t_step =     3296 Time Avg = 1.980298E-04 Time/step= 1.900000E-04 ETA (HH:MM:SS) = 0:00:00
 [ 59%]  Time step     3298 of 5591 @ t_step =     3297 Time Avg = 1.980355E-04 Time/step= 2.170000E-04 ETA (HH:MM:SS) = 0:00:00
 [ 59%]  Time step     3299 of 5591 @ t_step =     3298 Time Avg = 1.980476E-04 Time/step= 2.380000E-04 ETA (HH:MM:SS) = 0:00:00
 [ 60%]  Time step     3300 of 5591 @ t_step =     3299 Time Avg = 1.980631E-04 Time/step= 2.490000E-04 ETA (HH:MM:SS) = 0:00:00
 [ 60%]  Time step     3301 of 5591 @ t_step =     3300 Time Avg = 1.980625E-04 Time/step= 1.960000E-04 ETA (HH:MM:SS) = 0:00:00
 [ 60%]  Time step     3302 of 5591 @ t_step =     3301 Time Avg = 1.980618E-04 Time/step= 1.960000E-04 ETA (HH:MM:SS) = 0:00:00
 [ 60%]  Time step     3303 of 5591 @ t_step =     3302 Time Avg = 1.980700E-04 Time/step= 2.250000E-04 ETA (HH:MM:SS) = 0:00:00
 [ 60%]  Time step     3304 of 5591 @ t_step =     3303 Time Avg = 1.980830E-04 Time/step= 2.410000E-04 ETA (HH:MM:SS) = 0:00:00
 [ 60%]  Time step     3305 of 5591 @ t_step =     3304 Time Avg = 1.980896E-04 Time/step= 2.200000E-04 ETA (HH:MM:SS) = 0:00:00
 [ 60%]  Time step     3306 of 5591 @ t_step =     3305 Time Avg = 1.980987E-04 Time/step= 2.280000E-04 ETA (HH:MM:SS) = 0:00:00
 [ 60%]  Time step     3307 of 5591 @ t_step =     3306 Time Avg = 1.981074E-04 Time/step= 2.270000E-04 ETA (HH:MM:SS) = 0:00:00
 [ 60%]  Time step     3308 of 5591 @ t_step =     3307 Time Avg = 1.981192E-04 Time/step= 2.370000E-04 ETA (HH:MM:SS) = 0:00:00
 [ 60%]  Time step     3309 of 5591 @ t_step =     3308 Time Avg = 1.981255E-04 Time/step= 2.190000E-04 ETA (HH:MM:SS) = 0:00:00
 [ 60%]  Time step     3310 of 5591 @ t_step =     3309 Time Avg = 1.981346E-04 Time/step= 2.280000E-04 ETA (HH:MM:SS) = 0:00:00
 [ 60%]  Time step     3311 of 5591 @ t_step =     3310 Time Avg = 1.981412E-04 Time/step= 2.200000E-04 ETA (HH:MM:SS) = 0:00:00
 [ 60%]  Time step     3312 of 5591 @ t_step =     3311 Time Avg = 1.981502E-04 Time/step= 2.280000E-04 ETA (HH:MM:SS) = 0:00:00
 [ 60%]  Time step     3313 of 5591 @ t_step =     3312 Time Avg = 1.981622E-04 Time/step= 2.380000E-04 ETA (HH:MM:SS) = 0:00:00
 [ 60%]  Time step     3314 of 5591 @ t_step =     3313 Time Avg = 1.981682E-04 Time/step= 2.180000E-04 ETA (HH:MM:SS) = 0:00:00
 [ 60%]  Time step     3315 of 5591 @ t_step =     3314 Time Avg = 1.981745E-04 Time/step= 2.190000E-04 ETA (HH:MM:SS) = 0:00:00
 [ 60%]  Time step     3316 of 5591 @ t_step =     3315 Time Avg = 1.981805E-04 Time/step= 2.180000E-04 ETA (HH:MM:SS) = 0:00:00
 [ 60%]  Time step     3317 of 5591 @ t_step =     3316 Time Avg = 1.981949E-04 Time/step= 2.460000E-04 ETA (HH:MM:SS) = 0:00:00
 [ 60%]  Time step     3318 of 5591 @ t_step =     3317 Time Avg = 1.982012E-04 Time/step= 2.190000E-04 ETA (HH:MM:SS) = 0:00:00
 [ 60%]  Time step     3319 of 5591 @ t_step =     3318 Time Avg = 1.982072E-04 Time/step= 2.180000E-04 ETA (HH:MM:SS) = 0:00:00
 [ 60%]  Time step     3320 of 5591 @ t_step =     3319 Time Avg = 1.982131E-04 Time/step= 2.180000E-04 ETA (HH:MM:SS) = 0:00:00
 [ 60%]  Time step     3321 of 5591 @ t_step =     3320 Time Avg = 1.982309E-04 Time/step= 2.570000E-04 ETA (HH:MM:SS) = 0:00:00
 [ 60%]  Time step     3322 of 5591 @ t_step =     3321 Time Avg = 1.982350E-04 Time/step= 2.120000E-04 ETA (HH:MM:SS) = 0:00:00
 [ 60%]  Time step     3323 of 5591 @ t_step =     3322 Time Avg = 1.982479E-04 Time/step= 2.410000E-04 ETA (HH:MM:SS) = 0:00:00
 [ 60%]  Time step     3324 of 5591 @ t_step =     3323 Time Avg = 1.982538E-04 Time/step= 2.180000E-04 ETA (HH:MM:SS) = 0:00:00
 [ 60%]  Time step     3325 of 5591 @ t_step =     3324 Time Avg = 1.982664E-04 Time/step= 2.400000E-04 ETA (HH:MM:SS) = 0:00:00
 [ 60%]  Time step     3326 of 5591 @ t_step =     3325 Time Avg = 1.982726E-04 Time/step= 2.190000E-04 ETA (HH:MM:SS) = 0:00:00
 [ 60%]  Time step     3327 of 5591 @ t_step =     3326 Time Avg = 1.982786E-04 Time/step= 2.180000E-04 ETA (HH:MM:SS) = 0:00:00
 [ 60%]  Time step     3328 of 5591 @ t_step =     3327 Time Avg = 1.982962E-04 Time/step= 2.570000E-04 ETA (HH:MM:SS) = 0:00:00
 [ 60%]  Time step     3329 of 5591 @ t_step =     3328 Time Avg = 1.983073E-04 Time/step= 2.350000E-04 ETA (HH:MM:SS) = 0:00:00
 [ 60%]  Time step     3330 of 5591 @ t_step =     3329 Time Avg = 1.983270E-04 Time/step= 2.640000E-04 ETA (HH:MM:SS) = 0:00:00
 [ 60%]  Time step     3331 of 5591 @ t_step =     3330 Time Avg = 1.983329E-04 Time/step= 2.180000E-04 ETA (HH:MM:SS) = 0:00:00
 [ 60%]  Time step     3332 of 5591 @ t_step =     3331 Time Avg = 1.983388E-04 Time/step= 2.180000E-04 ETA (HH:MM:SS) = 0:00:00
 [ 60%]  Time step     3333 of 5591 @ t_step =     3332 Time Avg = 1.983595E-04 Time/step= 2.670000E-04 ETA (HH:MM:SS) = 0:00:00
 [ 60%]  Time step     3334 of 5591 @ t_step =     3333 Time Avg = 1.983657E-04 Time/step= 2.190000E-04 ETA (HH:MM:SS) = 0:00:00
 [ 60%]  Time step     3335 of 5591 @ t_step =     3334 Time Avg = 1.983748E-04 Time/step= 2.290000E-04 ETA (HH:MM:SS) = 0:00:00
 [ 60%]  Time step     3336 of 5591 @ t_step =     3335 Time Avg = 1.983891E-04 Time/step= 2.460000E-04 ETA (HH:MM:SS) = 0:00:00
 [ 60%]  Time step     3337 of 5591 @ t_step =     3336 Time Avg = 1.984025E-04 Time/step= 2.430000E-04 ETA (HH:MM:SS) = 0:00:00
 [ 60%]  Time step     3338 of 5591 @ t_step =     3337 Time Avg = 1.984129E-04 Time/step= 2.330000E-04 ETA (HH:MM:SS) = 0:00:00
 [ 60%]  Time step     3339 of 5591 @ t_step =     3338 Time Avg = 1.984155E-04 Time/step= 2.070000E-04 ETA (HH:MM:SS) = 0:00:00
 [ 60%]  Time step     3340 of 5591 @ t_step =     3339 Time Avg = 1.984144E-04 Time/step= 1.950000E-04 ETA (HH:MM:SS) = 0:00:00
 [ 60%]  Time step     3341 of 5591 @ t_step =     3340 Time Avg = 1.984155E-04 Time/step= 2.020000E-04 ETA (HH:MM:SS) = 0:00:00
 [ 60%]  Time step     3342 of 5591 @ t_step =     3341 Time Avg = 1.984211E-04 Time/step= 2.170000E-04 ETA (HH:MM:SS) = 0:00:00
 [ 60%]  Time step     3343 of 5591 @ t_step =     3342 Time Avg = 1.984231E-04 Time/step= 2.050000E-04 ETA (HH:MM:SS) = 0:00:00
 [ 60%]  Time step     3344 of 5591 @ t_step =     3343 Time Avg = 1.984241E-04 Time/step= 2.020000E-04 ETA (HH:MM:SS) = 0:00:00
 [ 60%]  Time step     3345 of 5591 @ t_step =     3344 Time Avg = 1.984285E-04 Time/step= 2.130000E-04 ETA (HH:MM:SS) = 0:00:00
 [ 60%]  Time step     3346 of 5591 @ t_step =     3345 Time Avg = 1.984394E-04 Time/step= 2.350000E-04 ETA (HH:MM:SS) = 0:00:00
 [ 60%]  Time step     3347 of 5591 @ t_step =     3346 Time Avg = 1.984447E-04 Time/step= 2.160000E-04 ETA (HH:MM:SS) = 0:00:00
 [ 60%]  Time step     3348 of 5591 @ t_step =     3347 Time Avg = 1.984422E-04 Time/step= 1.900000E-04 ETA (HH:MM:SS) = 0:00:00
 [ 60%]  Time step     3349 of 5591 @ t_step =     3348 Time Avg = 1.984396E-04 Time/step= 1.900000E-04 ETA (HH:MM:SS) = 0:00:00
 [ 60%]  Time step     3350 of 5591 @ t_step =     3349 Time Avg = 1.984371E-04 Time/step= 1.900000E-04 ETA (HH:MM:SS) = 0:00:00
 [ 60%]  Time step     3351 of 5591 @ t_step =     3350 Time Avg = 1.984492E-04 Time/step= 2.390000E-04 ETA (HH:MM:SS) = 0:00:00
 [ 60%]  Time step     3352 of 5591 @ t_step =     3351 Time Avg = 1.984518E-04 Time/step= 2.070000E-04 ETA (HH:MM:SS) = 0:00:00
 [ 60%]  Time step     3353 of 5591 @ t_step =     3352 Time Avg = 1.984490E-04 Time/step= 1.890000E-04 ETA (HH:MM:SS) = 0:00:00
 [ 60%]  Time step     3354 of 5591 @ t_step =     3353 Time Avg = 1.984464E-04 Time/step= 1.900000E-04 ETA (HH:MM:SS) = 0:00:00
 [ 60%]  Time step     3355 of 5591 @ t_step =     3354 Time Avg = 1.984439E-04 Time/step= 1.900000E-04 ETA (HH:MM:SS) = 0:00:00
 [ 61%]  Time step     3356 of 5591 @ t_step =     3355 Time Avg = 1.984602E-04 Time/step= 2.530000E-04 ETA (HH:MM:SS) = 0:00:00
 [ 61%]  Time step     3357 of 5591 @ t_step =     3356 Time Avg = 1.984621E-04 Time/step= 2.050000E-04 ETA (HH:MM:SS) = 0:00:00
 [ 61%]  Time step     3358 of 5591 @ t_step =     3357 Time Avg = 1.984593E-04 Time/step= 1.890000E-04 ETA (HH:MM:SS) = 0:00:00
 [ 61%]  Time step     3359 of 5591 @ t_step =     3358 Time Avg = 1.984565E-04 Time/step= 1.890000E-04 ETA (HH:MM:SS) = 0:00:00
 [ 61%]  Time step     3360 of 5591 @ t_step =     3359 Time Avg = 1.984537E-04 Time/step= 1.890000E-04 ETA (HH:MM:SS) = 0:00:00
 [ 61%]  Time step     3361 of 5591 @ t_step =     3360 Time Avg = 1.984550E-04 Time/step= 2.030000E-04 ETA (HH:MM:SS) = 0:00:00
 [ 61%]  Time step     3362 of 5591 @ t_step =     3361 Time Avg = 1.984525E-04 Time/step= 1.900000E-04 ETA (HH:MM:SS) = 0:00:00
 [ 61%]  Time step     3363 of 5591 @ t_step =     3362 Time Avg = 1.984497E-04 Time/step= 1.890000E-04 ETA (HH:MM:SS) = 0:00:00
 [ 61%]  Time step     3364 of 5591 @ t_step =     3363 Time Avg = 1.984472E-04 Time/step= 1.900000E-04 ETA (HH:MM:SS) = 0:00:00
 [ 61%]  Time step     3365 of 5591 @ t_step =     3364 Time Avg = 1.984465E-04 Time/step= 1.960000E-04 ETA (HH:MM:SS) = 0:00:00
 [ 61%]  Time step     3366 of 5591 @ t_step =     3365 Time Avg = 1.984490E-04 Time/step= 2.070000E-04 ETA (HH:MM:SS) = 0:00:00
 [ 61%]  Time step     3367 of 5591 @ t_step =     3366 Time Avg = 1.984507E-04 Time/step= 2.040000E-04 ETA (HH:MM:SS) = 0:00:00
 [ 61%]  Time step     3368 of 5591 @ t_step =     3367 Time Avg = 1.984481E-04 Time/step= 1.900000E-04 ETA (HH:MM:SS) = 0:00:00
 [ 61%]  Time step     3369 of 5591 @ t_step =     3368 Time Avg = 1.984456E-04 Time/step= 1.900000E-04 ETA (HH:MM:SS) = 0:00:00
 [ 61%]  Time step     3370 of 5591 @ t_step =     3369 Time Avg = 1.984497E-04 Time/step= 2.120000E-04 ETA (HH:MM:SS) = 0:00:00
 [ 61%]  Time step     3371 of 5591 @ t_step =     3370 Time Avg = 1.984474E-04 Time/step= 1.910000E-04 ETA (HH:MM:SS) = 0:00:00
 [ 61%]  Time step     3372 of 5591 @ t_step =     3371 Time Avg = 1.984449E-04 Time/step= 1.900000E-04 ETA (HH:MM:SS) = 0:00:00
 [ 61%]  Time step     3373 of 5591 @ t_step =     3372 Time Avg = 1.984421E-04 Time/step= 1.890000E-04 ETA (HH:MM:SS) = 0:00:00
 [ 61%]  Time step     3374 of 5591 @ t_step =     3373 Time Avg = 1.984396E-04 Time/step= 1.900000E-04 ETA (HH:MM:SS) = 0:00:00
 [ 61%]  Time step     3375 of 5591 @ t_step =     3374 Time Avg = 1.984457E-04 Time/step= 2.190000E-04 ETA (HH:MM:SS) = 0:00:00
 [ 61%]  Time step     3376 of 5591 @ t_step =     3375 Time Avg = 1.984456E-04 Time/step= 1.980000E-04 ETA (HH:MM:SS) = 0:00:00
 [ 61%]  Time step     3377 of 5591 @ t_step =     3376 Time Avg = 1.984467E-04 Time/step= 2.020000E-04 ETA (HH:MM:SS) = 0:00:00
 [ 61%]  Time step     3378 of 5591 @ t_step =     3377 Time Avg = 1.984441E-04 Time/step= 1.900000E-04 ETA (HH:MM:SS) = 0:00:00
 [ 61%]  Time step     3379 of 5591 @ t_step =     3378 Time Avg = 1.984416E-04 Time/step= 1.900000E-04 ETA (HH:MM:SS) = 0:00:00
 [ 61%]  Time step     3380 of 5591 @ t_step =     3379 Time Avg = 1.984445E-04 Time/step= 2.080000E-04 ETA (HH:MM:SS) = 0:00:00
 [ 61%]  Time step     3381 of 5591 @ t_step =     3380 Time Avg = 1.984420E-04 Time/step= 1.900000E-04 ETA (HH:MM:SS) = 0:00:00
 [ 61%]  Time step     3382 of 5591 @ t_step =     3381 Time Avg = 1.984395E-04 Time/step= 1.900000E-04 ETA (HH:MM:SS) = 0:00:00
 [ 61%]  Time step     3383 of 5591 @ t_step =     3382 Time Avg = 1.984414E-04 Time/step= 2.050000E-04 ETA (HH:MM:SS) = 0:00:00
 [ 61%]  Time step     3384 of 5591 @ t_step =     3383 Time Avg = 1.984404E-04 Time/step= 1.950000E-04 ETA (HH:MM:SS) = 0:00:00
 [ 61%]  Time step     3385 of 5591 @ t_step =     3384 Time Avg = 1.984477E-04 Time/step= 2.230000E-04 ETA (HH:MM:SS) = 0:00:00
 [ 61%]  Time step     3386 of 5591 @ t_step =     3385 Time Avg = 1.984452E-04 Time/step= 1.900000E-04 ETA (HH:MM:SS) = 0:00:00
 [ 61%]  Time step     3387 of 5591 @ t_step =     3386 Time Avg = 1.984427E-04 Time/step= 1.900000E-04 ETA (HH:MM:SS) = 0:00:00
 [ 61%]  Time step     3388 of 5591 @ t_step =     3387 Time Avg = 1.984402E-04 Time/step= 1.900000E-04 ETA (HH:MM:SS) = 0:00:00
 [ 61%]  Time step     3389 of 5591 @ t_step =     3388 Time Avg = 1.984377E-04 Time/step= 1.900000E-04 ETA (HH:MM:SS) = 0:00:00
 [ 61%]  Time step     3390 of 5591 @ t_step =     3389 Time Avg = 1.984438E-04 Time/step= 2.190000E-04 ETA (HH:MM:SS) = 0:00:00
 [ 61%]  Time step     3391 of 5591 @ t_step =     3390 Time Avg = 1.984410E-04 Time/step= 1.890000E-04 ETA (HH:MM:SS) = 0:00:00
 [ 61%]  Time step     3392 of 5591 @ t_step =     3391 Time Avg = 1.984382E-04 Time/step= 1.890000E-04 ETA (HH:MM:SS) = 0:00:00
 [ 61%]  Time step     3393 of 5591 @ t_step =     3392 Time Avg = 1.984354E-04 Time/step= 1.890000E-04 ETA (HH:MM:SS) = 0:00:00
 [ 61%]  Time step     3394 of 5591 @ t_step =     3393 Time Avg = 1.984329E-04 Time/step= 1.900000E-04 ETA (HH:MM:SS) = 0:00:00
 [ 61%]  Time step     3395 of 5591 @ t_step =     3394 Time Avg = 1.984402E-04 Time/step= 2.230000E-04 ETA (HH:MM:SS) = 0:00:00
 [ 61%]  Time step     3396 of 5591 @ t_step =     3395 Time Avg = 1.984424E-04 Time/step= 2.060000E-04 ETA (HH:MM:SS) = 0:00:00
 [ 61%]  Time step     3397 of 5591 @ t_step =     3396 Time Avg = 1.984399E-04 Time/step= 1.900000E-04 ETA (HH:MM:SS) = 0:00:00
 [ 61%]  Time step     3398 of 5591 @ t_step =     3397 Time Avg = 1.984374E-04 Time/step= 1.900000E-04 ETA (HH:MM:SS) = 0:00:00
 [ 61%]  Time step     3399 of 5591 @ t_step =     3398 Time Avg = 1.984346E-04 Time/step= 1.890000E-04 ETA (HH:MM:SS) = 0:00:00
 [ 61%]  Time step     3400 of 5591 @ t_step =     3399 Time Avg = 1.984377E-04 Time/step= 2.090000E-04 ETA (HH:MM:SS) = 0:00:00
 [ 61%]  Time step     3401 of 5591 @ t_step =     3400 Time Avg = 1.984353E-04 Time/step= 1.900000E-04 ETA (HH:MM:SS) = 0:00:00
 [ 61%]  Time step     3402 of 5591 @ t_step =     3401 Time Avg = 1.984328E-04 Time/step= 1.900000E-04 ETA (HH:MM:SS) = 0:00:00
 [ 61%]  Time step     3403 of 5591 @ t_step =     3402 Time Avg = 1.984303E-04 Time/step= 1.900000E-04 ETA (HH:MM:SS) = 0:00:00
 [ 61%]  Time step     3404 of 5591 @ t_step =     3403 Time Avg = 1.984275E-04 Time/step= 1.890000E-04 ETA (HH:MM:SS) = 0:00:00
 [ 61%]  Time step     3405 of 5591 @ t_step =     3404 Time Avg = 1.984289E-04 Time/step= 2.030000E-04 ETA (HH:MM:SS) = 0:00:00
 [ 61%]  Time step     3406 of 5591 @ t_step =     3405 Time Avg = 1.984264E-04 Time/step= 1.900000E-04 ETA (HH:MM:SS) = 0:00:00
 [ 61%]  Time step     3407 of 5591 @ t_step =     3406 Time Avg = 1.984236E-04 Time/step= 1.890000E-04 ETA (HH:MM:SS) = 0:00:00
 [ 61%]  Time step     3408 of 5591 @ t_step =     3407 Time Avg = 1.984211E-04 Time/step= 1.900000E-04 ETA (HH:MM:SS) = 0:00:00
 [ 61%]  Time step     3409 of 5591 @ t_step =     3408 Time Avg = 1.984201E-04 Time/step= 1.950000E-04 ETA (HH:MM:SS) = 0:00:00
 [ 61%]  Time step     3410 of 5591 @ t_step =     3409 Time Avg = 1.984232E-04 Time/step= 2.090000E-04 ETA (HH:MM:SS) = 0:00:00
 [ 61%]  Time step     3411 of 5591 @ t_step =     3410 Time Avg = 1.984205E-04 Time/step= 1.890000E-04 ETA (HH:MM:SS) = 0:00:00
 [ 62%]  Time step     3412 of 5591 @ t_step =     3411 Time Avg = 1.984177E-04 Time/step= 1.890000E-04 ETA (HH:MM:SS) = 0:00:00
 [ 62%]  Time step     3413 of 5591 @ t_step =     3412 Time Avg = 1.984152E-04 Time/step= 1.900000E-04 ETA (HH:MM:SS) = 0:00:00
 [ 62%]  Time step     3414 of 5591 @ t_step =     3413 Time Avg = 1.984201E-04 Time/step= 2.150000E-04 ETA (HH:MM:SS) = 0:00:00
 [ 62%]  Time step     3415 of 5591 @ t_step =     3414 Time Avg = 1.984197E-04 Time/step= 1.970000E-04 ETA (HH:MM:SS) = 0:00:00
 [ 62%]  Time step     3416 of 5591 @ t_step =     3415 Time Avg = 1.984210E-04 Time/step= 2.030000E-04 ETA (HH:MM:SS) = 0:00:00
 [ 62%]  Time step     3417 of 5591 @ t_step =     3416 Time Avg = 1.984183E-04 Time/step= 1.890000E-04 ETA (HH:MM:SS) = 0:00:00
 [ 62%]  Time step     3418 of 5591 @ t_step =     3417 Time Avg = 1.984155E-04 Time/step= 1.890000E-04 ETA (HH:MM:SS) = 0:00:00
 [ 62%]  Time step     3419 of 5591 @ t_step =     3418 Time Avg = 1.984174E-04 Time/step= 2.050000E-04 ETA (HH:MM:SS) = 0:00:00
 [ 62%]  Time step     3420 of 5591 @ t_step =     3419 Time Avg = 1.984150E-04 Time/step= 1.900000E-04 ETA (HH:MM:SS) = 0:00:00
 [ 62%]  Time step     3421 of 5591 @ t_step =     3420 Time Avg = 1.984125E-04 Time/step= 1.900000E-04 ETA (HH:MM:SS) = 0:00:00
 [ 62%]  Time step     3422 of 5591 @ t_step =     3421 Time Avg = 1.984101E-04 Time/step= 1.900000E-04 ETA (HH:MM:SS) = 0:00:00
 [ 62%]  Time step     3423 of 5591 @ t_step =     3422 Time Avg = 1.984073E-04 Time/step= 1.890000E-04 ETA (HH:MM:SS) = 0:00:00
 [ 62%]  Time step     3424 of 5591 @ t_step =     3423 Time Avg = 1.984087E-04 Time/step= 2.030000E-04 ETA (HH:MM:SS) = 0:00:00
 [ 62%]  Time step     3425 of 5591 @ t_step =     3424 Time Avg = 1.984065E-04 Time/step= 1.910000E-04 ETA (HH:MM:SS) = 0:00:00
 [ 62%]  Time step     3426 of 5591 @ t_step =     3425 Time Avg = 1.984037E-04 Time/step= 1.890000E-04 ETA (HH:MM:SS) = 0:00:00
 [ 62%]  Time step     3427 of 5591 @ t_step =     3426 Time Avg = 1.984057E-04 Time/step= 2.050000E-04 ETA (HH:MM:SS) = 0:00:00
 [ 62%]  Time step     3428 of 5591 @ t_step =     3427 Time Avg = 1.984073E-04 Time/step= 2.040000E-04 ETA (HH:MM:SS) = 0:00:00
 [ 62%]  Time step     3429 of 5591 @ t_step =     3428 Time Avg = 1.984177E-04 Time/step= 2.340000E-04 ETA (HH:MM:SS) = 0:00:00
 [ 62%]  Time step     3430 of 5591 @ t_step =     3429 Time Avg = 1.984184E-04 Time/step= 2.010000E-04 ETA (HH:MM:SS) = 0:00:00
 [ 62%]  Time step     3431 of 5591 @ t_step =     3430 Time Avg = 1.984157E-04 Time/step= 1.890000E-04 ETA (HH:MM:SS) = 0:00:00
 [ 62%]  Time step     3432 of 5591 @ t_step =     3431 Time Avg = 1.984132E-04 Time/step= 1.900000E-04 ETA (HH:MM:SS) = 0:00:00
 [ 62%]  Time step     3433 of 5591 @ t_step =     3432 Time Avg = 1.984105E-04 Time/step= 1.890000E-04 ETA (HH:MM:SS) = 0:00:00
 [ 62%]  Time step     3434 of 5591 @ t_step =     3433 Time Avg = 1.984185E-04 Time/step= 2.260000E-04 ETA (HH:MM:SS) = 0:00:00
 [ 62%]  Time step     3435 of 5591 @ t_step =     3434 Time Avg = 1.984205E-04 Time/step= 2.050000E-04 ETA (HH:MM:SS) = 0:00:00
 [ 62%]  Time step     3436 of 5591 @ t_step =     3435 Time Avg = 1.984177E-04 Time/step= 1.890000E-04 ETA (HH:MM:SS) = 0:00:00
 [ 62%]  Time step     3437 of 5591 @ t_step =     3436 Time Avg = 1.984153E-04 Time/step= 1.900000E-04 ETA (HH:MM:SS) = 0:00:00
 [ 62%]  Time step     3438 of 5591 @ t_step =     3437 Time Avg = 1.984125E-04 Time/step= 1.890000E-04 ETA (HH:MM:SS) = 0:00:00
 [ 62%]  Time step     3439 of 5591 @ t_step =     3438 Time Avg = 1.984144E-04 Time/step= 2.050000E-04 ETA (HH:MM:SS) = 0:00:00
 [ 62%]  Time step     3440 of 5591 @ t_step =     3439 Time Avg = 1.984120E-04 Time/step= 1.900000E-04 ETA (HH:MM:SS) = 0:00:00
 [ 62%]  Time step     3441 of 5591 @ t_step =     3440 Time Avg = 1.984095E-04 Time/step= 1.900000E-04 ETA (HH:MM:SS) = 0:00:00
 [ 62%]  Time step     3442 of 5591 @ t_step =     3441 Time Avg = 1.984071E-04 Time/step= 1.900000E-04 ETA (HH:MM:SS) = 0:00:00
 [ 62%]  Time step     3443 of 5591 @ t_step =     3442 Time Avg = 1.984044E-04 Time/step= 1.890000E-04 ETA (HH:MM:SS) = 0:00:00
 [ 62%]  Time step     3444 of 5591 @ t_step =     3443 Time Avg = 1.984060E-04 Time/step= 2.040000E-04 ETA (HH:MM:SS) = 0:00:00
 [ 62%]  Time step     3445 of 5591 @ t_step =     3444 Time Avg = 1.984035E-04 Time/step= 1.900000E-04 ETA (HH:MM:SS) = 0:00:00
 [ 62%]  Time step     3446 of 5591 @ t_step =     3445 Time Avg = 1.984011E-04 Time/step= 1.900000E-04 ETA (HH:MM:SS) = 0:00:00
 [ 62%]  Time step     3447 of 5591 @ t_step =     3446 Time Avg = 1.983987E-04 Time/step= 1.900000E-04 ETA (HH:MM:SS) = 0:00:00
 [ 62%]  Time step     3448 of 5591 @ t_step =     3447 Time Avg = 1.983959E-04 Time/step= 1.890000E-04 ETA (HH:MM:SS) = 0:00:00
 [ 62%]  Time step     3449 of 5591 @ t_step =     3448 Time Avg = 1.983999E-04 Time/step= 2.120000E-04 ETA (HH:MM:SS) = 0:00:00
 [ 62%]  Time step     3450 of 5591 @ t_step =     3449 Time Avg = 1.983974E-04 Time/step= 1.900000E-04 ETA (HH:MM:SS) = 0:00:00
 [ 62%]  Time step     3451 of 5591 @ t_step =     3450 Time Avg = 1.983947E-04 Time/step= 1.890000E-04 ETA (HH:MM:SS) = 0:00:00
 [ 62%]  Time step     3452 of 5591 @ t_step =     3451 Time Avg = 1.983920E-04 Time/step= 1.890000E-04 ETA (HH:MM:SS) = 0:00:00
 [ 62%]  Time step     3453 of 5591 @ t_step =     3452 Time Avg = 1.983896E-04 Time/step= 1.900000E-04 ETA (HH:MM:SS) = 0:00:00
 [ 62%]  Time step     3454 of 5591 @ t_step =     3453 Time Avg = 1.983979E-04 Time/step= 2.270000E-04 ETA (HH:MM:SS) = 0:00:00
 [ 62%]  Time step     3455 of 5591 @ t_step =     3454 Time Avg = 1.983995E-04 Time/step= 2.040000E-04 ETA (HH:MM:SS) = 0:00:00
 [ 62%]  Time step     3456 of 5591 @ t_step =     3455 Time Avg = 1.983968E-04 Time/step= 1.890000E-04 ETA (HH:MM:SS) = 0:00:00
 [ 62%]  Time step     3457 of 5591 @ t_step =     3456 Time Avg = 1.983940E-04 Time/step= 1.890000E-04 ETA (HH:MM:SS) = 0:00:00
 [ 62%]  Time step     3458 of 5591 @ t_step =     3457 Time Avg = 1.983957E-04 Time/step= 2.040000E-04 ETA (HH:MM:SS) = 0:00:00
 [ 62%]  Time step     3459 of 5591 @ t_step =     3458 Time Avg = 1.983935E-04 Time/step= 1.910000E-04 ETA (HH:MM:SS) = 0:00:00
 [ 62%]  Time step     3460 of 5591 @ t_step =     3459 Time Avg = 1.983911E-04 Time/step= 1.900000E-04 ETA (HH:MM:SS) = 0:00:00
 [ 62%]  Time step     3461 of 5591 @ t_step =     3460 Time Avg = 1.983887E-04 Time/step= 1.900000E-04 ETA (HH:MM:SS) = 0:00:00
 [ 62%]  Time step     3462 of 5591 @ t_step =     3461 Time Avg = 1.983859E-04 Time/step= 1.890000E-04 ETA (HH:MM:SS) = 0:00:00
 [ 62%]  Time step     3463 of 5591 @ t_step =     3462 Time Avg = 1.983919E-04 Time/step= 2.190000E-04 ETA (HH:MM:SS) = 0:00:00
 [ 62%]  Time step     3464 of 5591 @ t_step =     3463 Time Avg = 1.983918E-04 Time/step= 1.980000E-04 ETA (HH:MM:SS) = 0:00:00
 [ 62%]  Time step     3465 of 5591 @ t_step =     3464 Time Avg = 1.983928E-04 Time/step= 2.020000E-04 ETA (HH:MM:SS) = 0:00:00
 [ 62%]  Time step     3466 of 5591 @ t_step =     3465 Time Avg = 1.983904E-04 Time/step= 1.900000E-04 ETA (HH:MM:SS) = 0:00:00
 [ 62%]  Time step     3467 of 5591 @ t_step =     3466 Time Avg = 1.983877E-04 Time/step= 1.890000E-04 ETA (HH:MM:SS) = 0:00:00
 [ 63%]  Time step     3468 of 5591 @ t_step =     3467 Time Avg = 1.983939E-04 Time/step= 2.200000E-04 ETA (HH:MM:SS) = 0:00:00
 [ 63%]  Time step     3469 of 5591 @ t_step =     3468 Time Avg = 1.983918E-04 Time/step= 1.910000E-04 ETA (HH:MM:SS) = 0:00:00
 [ 63%]  Time step     3470 of 5591 @ t_step =     3469 Time Avg = 1.983894E-04 Time/step= 1.900000E-04 ETA (HH:MM:SS) = 0:00:00
 [ 63%]  Time step     3471 of 5591 @ t_step =     3470 Time Avg = 1.983867E-04 Time/step= 1.890000E-04 ETA (HH:MM:SS) = 0:00:00
 [ 63%]  Time step     3472 of 5591 @ t_step =     3471 Time Avg = 1.983840E-04 Time/step= 1.890000E-04 ETA (HH:MM:SS) = 0:00:00
 [ 63%]  Time step     3473 of 5591 @ t_step =     3472 Time Avg = 1.983908E-04 Time/step= 2.220000E-04 ETA (HH:MM:SS) = 0:00:00
 [ 63%]  Time step     3474 of 5591 @ t_step =     3473 Time Avg = 1.983901E-04 Time/step= 1.960000E-04 ETA (HH:MM:SS) = 0:00:00
 [ 63%]  Time step     3475 of 5591 @ t_step =     3474 Time Avg = 1.983908E-04 Time/step= 2.010000E-04 ETA (HH:MM:SS) = 0:00:00
 [ 63%]  Time step     3476 of 5591 @ t_step =     3475 Time Avg = 1.983881E-04 Time/step= 1.890000E-04 ETA (HH:MM:SS) = 0:00:00
 [ 63%]  Time step     3477 of 5591 @ t_step =     3476 Time Avg = 1.983854E-04 Time/step= 1.890000E-04 ETA (HH:MM:SS) = 0:00:00
 [ 63%]  Time step     3478 of 5591 @ t_step =     3477 Time Avg = 1.983885E-04 Time/step= 2.090000E-04 ETA (HH:MM:SS) = 0:00:00
 [ 63%]  Time step     3479 of 5591 @ t_step =     3478 Time Avg = 1.983861E-04 Time/step= 1.900000E-04 ETA (HH:MM:SS) = 0:00:00
 [ 63%]  Time step     3480 of 5591 @ t_step =     3479 Time Avg = 1.983837E-04 Time/step= 1.900000E-04 ETA (HH:MM:SS) = 0:00:00
 [ 63%]  Time step     3481 of 5591 @ t_step =     3480 Time Avg = 1.983813E-04 Time/step= 1.900000E-04 ETA (HH:MM:SS) = 0:00:00
 [ 63%]  Time step     3482 of 5591 @ t_step =     3481 Time Avg = 1.983788E-04 Time/step= 1.900000E-04 ETA (HH:MM:SS) = 0:00:00
 [ 63%]  Time step     3483 of 5591 @ t_step =     3482 Time Avg = 1.983862E-04 Time/step= 2.240000E-04 ETA (HH:MM:SS) = 0:00:00
 [ 63%]  Time step     3484 of 5591 @ t_step =     3483 Time Avg = 1.983878E-04 Time/step= 2.040000E-04 ETA (HH:MM:SS) = 0:00:00
 [ 63%]  Time step     3485 of 5591 @ t_step =     3484 Time Avg = 1.983851E-04 Time/step= 1.890000E-04 ETA (HH:MM:SS) = 0:00:00
 [ 63%]  Time step     3486 of 5591 @ t_step =     3485 Time Avg = 1.983827E-04 Time/step= 1.900000E-04 ETA (HH:MM:SS) = 0:00:00
 [ 63%]  Time step     3487 of 5591 @ t_step =     3486 Time Avg = 1.983800E-04 Time/step= 1.890000E-04 ETA (HH:MM:SS) = 0:00:00
 [ 63%]  Time step     3488 of 5591 @ t_step =     3487 Time Avg = 1.983842E-04 Time/step= 2.130000E-04 ETA (HH:MM:SS) = 0:00:00
 [ 63%]  Time step     3489 of 5591 @ t_step =     3488 Time Avg = 1.983818E-04 Time/step= 1.900000E-04 ETA (HH:MM:SS) = 0:00:00
 [ 63%]  Time step     3490 of 5591 @ t_step =     3489 Time Avg = 1.983794E-04 Time/step= 1.900000E-04 ETA (HH:MM:SS) = 0:00:00
 [ 63%]  Time step     3491 of 5591 @ t_step =     3490 Time Avg = 1.983767E-04 Time/step= 1.890000E-04 ETA (HH:MM:SS) = 0:00:00
 [ 63%]  Time step     3492 of 5591 @ t_step =     3491 Time Avg = 1.983743E-04 Time/step= 1.900000E-04 ETA (HH:MM:SS) = 0:00:00
 [ 63%]  Time step     3493 of 5591 @ t_step =     3492 Time Avg = 1.983811E-04 Time/step= 2.220000E-04 ETA (HH:MM:SS) = 0:00:00
 [ 63%]  Time step     3494 of 5591 @ t_step =     3493 Time Avg = 1.983827E-04 Time/step= 2.040000E-04 ETA (HH:MM:SS) = 0:00:00
 [ 63%]  Time step     3495 of 5591 @ t_step =     3494 Time Avg = 1.983803E-04 Time/step= 1.900000E-04 ETA (HH:MM:SS) = 0:00:00
 [ 63%]  Time step     3496 of 5591 @ t_step =     3495 Time Avg = 1.983779E-04 Time/step= 1.900000E-04 ETA (HH:MM:SS) = 0:00:00
 [ 63%]  Time step     3497 of 5591 @ t_step =     3496 Time Avg = 1.983784E-04 Time/step= 2.000000E-04 ETA (HH:MM:SS) = 0:00:00
 [ 63%]  Time step     3498 of 5591 @ t_step =     3497 Time Avg = 1.983763E-04 Time/step= 1.910000E-04 ETA (HH:MM:SS) = 0:00:00
 [ 63%]  Time step     3499 of 5591 @ t_step =     3498 Time Avg = 1.983736E-04 Time/step= 1.890000E-04 ETA (HH:MM:SS) = 0:00:00
 [ 63%]  Time step     3500 of 5591 @ t_step =     3499 Time Avg = 1.983712E-04 Time/step= 1.900000E-04 ETA (HH:MM:SS) = 0:00:00
 [ 63%]  Time step     3501 of 5591 @ t_step =     3500 Time Avg = 1.983688E-04 Time/step= 1.900000E-04 ETA (HH:MM:SS) = 0:00:00
 [ 63%]  Time step     3502 of 5591 @ t_step =     3501 Time Avg = 1.983695E-04 Time/step= 2.010000E-04 ETA (HH:MM:SS) = 0:00:00
 [ 63%]  Time step     3503 of 5591 @ t_step =     3502 Time Avg = 1.983677E-04 Time/step= 1.920000E-04 ETA (HH:MM:SS) = 0:00:00
 [ 63%]  Time step     3504 of 5591 @ t_step =     3503 Time Avg = 1.983653E-04 Time/step= 1.900000E-04 ETA (HH:MM:SS) = 0:00:00
 [ 63%]  Time step     3505 of 5591 @ t_step =     3504 Time Avg = 1.983629E-04 Time/step= 1.900000E-04 ETA (HH:MM:SS) = 0:00:00
 [ 63%]  Time step     3506 of 5591 @ t_step =     3505 Time Avg = 1.983605E-04 Time/step= 1.900000E-04 ETA (HH:MM:SS) = 0:00:00
 [ 63%]  Time step     3507 of 5591 @ t_step =     3506 Time Avg = 1.983622E-04 Time/step= 2.040000E-04 ETA (HH:MM:SS) = 0:00:00
 [ 63%]  Time step     3508 of 5591 @ t_step =     3507 Time Avg = 1.983632E-04 Time/step= 2.020000E-04 ETA (HH:MM:SS) = 0:00:00
 [ 63%]  Time step     3509 of 5591 @ t_step =     3508 Time Avg = 1.983605E-04 Time/step= 1.890000E-04 ETA (HH:MM:SS) = 0:00:00
 [ 63%]  Time step     3510 of 5591 @ t_step =     3509 Time Avg = 1.983581E-04 Time/step= 1.900000E-04 ETA (HH:MM:SS) = 0:00:00
 [ 63%]  Time step     3511 of 5591 @ t_step =     3510 Time Avg = 1.983558E-04 Time/step= 1.900000E-04 ETA (HH:MM:SS) = 0:00:00
 [ 63%]  Time step     3512 of 5591 @ t_step =     3511 Time Avg = 1.983619E-04 Time/step= 2.200000E-04 ETA (HH:MM:SS) = 0:00:00
 [ 63%]  Time step     3513 of 5591 @ t_step =     3512 Time Avg = 1.983689E-04 Time/step= 2.230000E-04 ETA (HH:MM:SS) = 0:00:00
 [ 63%]  Time step     3514 of 5591 @ t_step =     3513 Time Avg = 1.983794E-04 Time/step= 2.350000E-04 ETA (HH:MM:SS) = 0:00:00
 [ 63%]  Time step     3515 of 5591 @ t_step =     3514 Time Avg = 1.983847E-04 Time/step= 2.170000E-04 ETA (HH:MM:SS) = 0:00:00
 [ 63%]  Time step     3516 of 5591 @ t_step =     3515 Time Avg = 1.983868E-04 Time/step= 2.060000E-04 ETA (HH:MM:SS) = 0:00:00
 [ 63%]  Time step     3517 of 5591 @ t_step =     3516 Time Avg = 1.983890E-04 Time/step= 2.060000E-04 ETA (HH:MM:SS) = 0:00:00
 [ 63%]  Time step     3518 of 5591 @ t_step =     3517 Time Avg = 1.983866E-04 Time/step= 1.900000E-04 ETA (HH:MM:SS) = 0:00:00
 [ 63%]  Time step     3519 of 5591 @ t_step =     3518 Time Avg = 1.983840E-04 Time/step= 1.890000E-04 ETA (HH:MM:SS) = 0:00:00
 [ 63%]  Time step     3520 of 5591 @ t_step =     3519 Time Avg = 1.983861E-04 Time/step= 2.060000E-04 ETA (HH:MM:SS) = 0:00:00
 [ 63%]  Time step     3521 of 5591 @ t_step =     3520 Time Avg = 1.983926E-04 Time/step= 2.210000E-04 ETA (HH:MM:SS) = 0:00:00
 [ 63%]  Time step     3522 of 5591 @ t_step =     3521 Time Avg = 1.983905E-04 Time/step= 1.910000E-04 ETA (HH:MM:SS) = 0:00:00
 [ 63%]  Time step     3523 of 5591 @ t_step =     3522 Time Avg = 1.983881E-04 Time/step= 1.900000E-04 ETA (HH:MM:SS) = 0:00:00
 [ 64%]  Time step     3524 of 5591 @ t_step =     3523 Time Avg = 1.983857E-04 Time/step= 1.900000E-04 ETA (HH:MM:SS) = 0:00:00
 [ 64%]  Time step     3525 of 5591 @ t_step =     3524 Time Avg = 1.983833E-04 Time/step= 1.900000E-04 ETA (HH:MM:SS) = 0:00:00
 [ 64%]  Time step     3526 of 5591 @ t_step =     3525 Time Avg = 1.983866E-04 Time/step= 2.100000E-04 ETA (HH:MM:SS) = 0:00:00
 [ 64%]  Time step     3527 of 5591 @ t_step =     3526 Time Avg = 1.983845E-04 Time/step= 1.910000E-04 ETA (HH:MM:SS) = 0:00:00
 [ 64%]  Time step     3528 of 5591 @ t_step =     3527 Time Avg = 1.983821E-04 Time/step= 1.900000E-04 ETA (HH:MM:SS) = 0:00:00
 [ 64%]  Time step     3529 of 5591 @ t_step =     3528 Time Avg = 1.983795E-04 Time/step= 1.890000E-04 ETA (HH:MM:SS) = 0:00:00
 [ 64%]  Time step     3530 of 5591 @ t_step =     3529 Time Avg = 1.983768E-04 Time/step= 1.890000E-04 ETA (HH:MM:SS) = 0:00:00
 [ 64%]  Time step     3531 of 5591 @ t_step =     3530 Time Avg = 1.983818E-04 Time/step= 2.160000E-04 ETA (HH:MM:SS) = 0:00:00
 [ 64%]  Time step     3532 of 5591 @ t_step =     3531 Time Avg = 1.983814E-04 Time/step= 1.970000E-04 ETA (HH:MM:SS) = 0:00:00
 [ 64%]  Time step     3533 of 5591 @ t_step =     3532 Time Avg = 1.983824E-04 Time/step= 2.020000E-04 ETA (HH:MM:SS) = 0:00:00
 [ 64%]  Time step     3534 of 5591 @ t_step =     3533 Time Avg = 1.983798E-04 Time/step= 1.890000E-04 ETA (HH:MM:SS) = 0:00:00
 [ 64%]  Time step     3535 of 5591 @ t_step =     3534 Time Avg = 1.983774E-04 Time/step= 1.900000E-04 ETA (HH:MM:SS) = 0:00:00
 [ 64%]  Time step     3536 of 5591 @ t_step =     3535 Time Avg = 1.983798E-04 Time/step= 2.070000E-04 ETA (HH:MM:SS) = 0:00:00
 [ 64%]  Time step     3537 of 5591 @ t_step =     3536 Time Avg = 1.983775E-04 Time/step= 1.900000E-04 ETA (HH:MM:SS) = 0:00:00
 [ 64%]  Time step     3538 of 5591 @ t_step =     3537 Time Avg = 1.983751E-04 Time/step= 1.900000E-04 ETA (HH:MM:SS) = 0:00:00
 [ 64%]  Time step     3539 of 5591 @ t_step =     3538 Time Avg = 1.983727E-04 Time/step= 1.900000E-04 ETA (HH:MM:SS) = 0:00:00
 [ 64%]  Time step     3540 of 5591 @ t_step =     3539 Time Avg = 1.983701E-04 Time/step= 1.890000E-04 ETA (HH:MM:SS) = 0:00:00
 [ 64%]  Time step     3541 of 5591 @ t_step =     3540 Time Avg = 1.983728E-04 Time/step= 2.080000E-04 ETA (HH:MM:SS) = 0:00:00
 [ 64%]  Time step     3542 of 5591 @ t_step =     3541 Time Avg = 1.983704E-04 Time/step= 1.900000E-04 ETA (HH:MM:SS) = 0:00:00
 [ 64%]  Time step     3543 of 5591 @ t_step =     3542 Time Avg = 1.983678E-04 Time/step= 1.890000E-04 ETA (HH:MM:SS) = 0:00:00
 [ 64%]  Time step     3544 of 5591 @ t_step =     3543 Time Avg = 1.983688E-04 Time/step= 2.020000E-04 ETA (HH:MM:SS) = 0:00:00
 [ 64%]  Time step     3545 of 5591 @ t_step =     3544 Time Avg = 1.983682E-04 Time/step= 1.960000E-04 ETA (HH:MM:SS) = 0:00:00
 [ 64%]  Time step     3546 of 5591 @ t_step =     3545 Time Avg = 1.983776E-04 Time/step= 2.320000E-04 ETA (HH:MM:SS) = 0:00:00
 [ 64%]  Time step     3547 of 5591 @ t_step =     3546 Time Avg = 1.983753E-04 Time/step= 1.900000E-04 ETA (HH:MM:SS) = 0:00:00
 [ 64%]  Time step     3548 of 5591 @ t_step =     3547 Time Avg = 1.983726E-04 Time/step= 1.890000E-04 ETA (HH:MM:SS) = 0:00:00
 [ 64%]  Time step     3549 of 5591 @ t_step =     3548 Time Avg = 1.983785E-04 Time/step= 2.190000E-04 ETA (HH:MM:SS) = 0:00:00
 [ 64%]  Time step     3550 of 5591 @ t_step =     3549 Time Avg = 1.983936E-04 Time/step= 2.520000E-04 ETA (HH:MM:SS) = 0:00:00
 [ 64%]  Time step     3551 of 5591 @ t_step =     3550 Time Avg = 1.983999E-04 Time/step= 2.210000E-04 ETA (HH:MM:SS) = 0:00:00
 [ 64%]  Time step     3552 of 5591 @ t_step =     3551 Time Avg = 1.984094E-04 Time/step= 2.320000E-04 ETA (HH:MM:SS) = 0:00:00
 [ 64%]  Time step     3553 of 5591 @ t_step =     3552 Time Avg = 1.984087E-04 Time/step= 1.960000E-04 ETA (HH:MM:SS) = 0:00:00
 [ 64%]  Time step     3554 of 5591 @ t_step =     3553 Time Avg = 1.984081E-04 Time/step= 1.960000E-04 ETA (HH:MM:SS) = 0:00:00
 [ 64%]  Time step     3555 of 5591 @ t_step =     3554 Time Avg = 1.984158E-04 Time/step= 2.260000E-04 ETA (HH:MM:SS) = 0:00:00
 [ 64%]  Time step     3556 of 5591 @ t_step =     3555 Time Avg = 1.984225E-04 Time/step= 2.220000E-04 ETA (HH:MM:SS) = 0:00:00
 [ 64%]  Time step     3557 of 5591 @ t_step =     3556 Time Avg = 1.984201E-04 Time/step= 1.900000E-04 ETA (HH:MM:SS) = 0:00:00
 [ 64%]  Time step     3558 of 5591 @ t_step =     3557 Time Avg = 1.984264E-04 Time/step= 2.210000E-04 ETA (HH:MM:SS) = 0:00:00
 [ 64%]  Time step     3559 of 5591 @ t_step =     3558 Time Avg = 1.984429E-04 Time/step= 2.570000E-04 ETA (HH:MM:SS) = 0:00:00
 [ 64%]  Time step     3560 of 5591 @ t_step =     3559 Time Avg = 1.984546E-04 Time/step= 2.400000E-04 ETA (HH:MM:SS) = 0:00:00
 [ 64%]  Time step     3561 of 5591 @ t_step =     3560 Time Avg = 1.984576E-04 Time/step= 2.090000E-04 ETA (HH:MM:SS) = 0:00:00
 [ 64%]  Time step     3562 of 5591 @ t_step =     3561 Time Avg = 1.984675E-04 Time/step= 2.340000E-04 ETA (HH:MM:SS) = 0:00:00
 [ 64%]  Time step     3563 of 5591 @ t_step =     3562 Time Avg = 1.984792E-04 Time/step= 2.400000E-04 ETA (HH:MM:SS) = 0:00:00
 [ 64%]  Time step     3564 of 5591 @ t_step =     3563 Time Avg = 1.984883E-04 Time/step= 2.310000E-04 ETA (HH:MM:SS) = 0:00:00
 [ 64%]  Time step     3565 of 5591 @ t_step =     3564 Time Avg = 1.984910E-04 Time/step= 2.080000E-04 ETA (HH:MM:SS) = 0:00:00
 [ 64%]  Time step     3566 of 5591 @ t_step =     3565 Time Avg = 1.984903E-04 Time/step= 1.960000E-04 ETA (HH:MM:SS) = 0:00:00
 [ 64%]  Time step     3567 of 5591 @ t_step =     3566 Time Avg = 1.984972E-04 Time/step= 2.230000E-04 ETA (HH:MM:SS) = 0:00:00
 [ 64%]  Time step     3568 of 5591 @ t_step =     3567 Time Avg = 1.985060E-04 Time/step= 2.300000E-04 ETA (HH:MM:SS) = 0:00:00
 [ 64%]  Time step     3569 of 5591 @ t_step =     3568 Time Avg = 1.985123E-04 Time/step= 2.210000E-04 ETA (HH:MM:SS) = 0:00:00
 [ 64%]  Time step     3570 of 5591 @ t_step =     3569 Time Avg = 1.985136E-04 Time/step= 2.030000E-04 ETA (HH:MM:SS) = 0:00:00
 [ 64%]  Time step     3571 of 5591 @ t_step =     3570 Time Avg = 1.985112E-04 Time/step= 1.900000E-04 ETA (HH:MM:SS) = 0:00:00
 [ 64%]  Time step     3572 of 5591 @ t_step =     3571 Time Avg = 1.985085E-04 Time/step= 1.890000E-04 ETA (HH:MM:SS) = 0:00:00
 [ 64%]  Time step     3573 of 5591 @ t_step =     3572 Time Avg = 1.985210E-04 Time/step= 2.430000E-04 ETA (HH:MM:SS) = 0:00:00
 [ 64%]  Time step     3574 of 5591 @ t_step =     3573 Time Avg = 1.985265E-04 Time/step= 2.180000E-04 ETA (HH:MM:SS) = 0:00:00
 [ 64%]  Time step     3575 of 5591 @ t_step =     3574 Time Avg = 1.985238E-04 Time/step= 1.890000E-04 ETA (HH:MM:SS) = 0:00:00
 [ 64%]  Time step     3576 of 5591 @ t_step =     3575 Time Avg = 1.985211E-04 Time/step= 1.890000E-04 ETA (HH:MM:SS) = 0:00:00
 [ 64%]  Time step     3577 of 5591 @ t_step =     3576 Time Avg = 1.985232E-04 Time/step= 2.060000E-04 ETA (HH:MM:SS) = 0:00:00
 [ 64%]  Time step     3578 of 5591 @ t_step =     3577 Time Avg = 1.985211E-04 Time/step= 1.910000E-04 ETA (HH:MM:SS) = 0:00:00
 [ 64%]  Time step     3579 of 5591 @ t_step =     3578 Time Avg = 1.985187E-04 Time/step= 1.900000E-04 ETA (HH:MM:SS) = 0:00:00
 [ 65%]  Time step     3580 of 5591 @ t_step =     3579 Time Avg = 1.985161E-04 Time/step= 1.890000E-04 ETA (HH:MM:SS) = 0:00:00
 [ 65%]  Time step     3581 of 5591 @ t_step =     3580 Time Avg = 1.985134E-04 Time/step= 1.890000E-04 ETA (HH:MM:SS) = 0:00:00
 [ 65%]  Time step     3582 of 5591 @ t_step =     3581 Time Avg = 1.985177E-04 Time/step= 2.140000E-04 ETA (HH:MM:SS) = 0:00:00
 [ 65%]  Time step     3583 of 5591 @ t_step =     3582 Time Avg = 1.985154E-04 Time/step= 1.900000E-04 ETA (HH:MM:SS) = 0:00:00
 [ 65%]  Time step     3584 of 5591 @ t_step =     3583 Time Avg = 1.985130E-04 Time/step= 1.900000E-04 ETA (HH:MM:SS) = 0:00:00
 [ 65%]  Time step     3585 of 5591 @ t_step =     3584 Time Avg = 1.985103E-04 Time/step= 1.890000E-04 ETA (HH:MM:SS) = 0:00:00
 [ 65%]  Time step     3586 of 5591 @ t_step =     3585 Time Avg = 1.985077E-04 Time/step= 1.890000E-04 ETA (HH:MM:SS) = 0:00:00
 [ 65%]  Time step     3587 of 5591 @ t_step =     3586 Time Avg = 1.985106E-04 Time/step= 2.090000E-04 ETA (HH:MM:SS) = 0:00:00
 [ 65%]  Time step     3588 of 5591 @ t_step =     3587 Time Avg = 1.985082E-04 Time/step= 1.900000E-04 ETA (HH:MM:SS) = 0:00:00
 [ 65%]  Time step     3589 of 5591 @ t_step =     3588 Time Avg = 1.985059E-04 Time/step= 1.900000E-04 ETA (HH:MM:SS) = 0:00:00
 [ 65%]  Time step     3590 of 5591 @ t_step =     3589 Time Avg = 1.985035E-04 Time/step= 1.900000E-04 ETA (HH:MM:SS) = 0:00:00
 [ 65%]  Time step     3591 of 5591 @ t_step =     3590 Time Avg = 1.985008E-04 Time/step= 1.890000E-04 ETA (HH:MM:SS) = 0:00:00
 [ 65%]  Time step     3592 of 5591 @ t_step =     3591 Time Avg = 1.985091E-04 Time/step= 2.280000E-04 ETA (HH:MM:SS) = 0:00:00
 [ 65%]  Time step     3593 of 5591 @ t_step =     3592 Time Avg = 1.985084E-04 Time/step= 1.960000E-04 ETA (HH:MM:SS) = 0:00:00
 [ 65%]  Time step     3594 of 5591 @ t_step =     3593 Time Avg = 1.985088E-04 Time/step= 2.000000E-04 ETA (HH:MM:SS) = 0:00:00
 [ 65%]  Time step     3595 of 5591 @ t_step =     3594 Time Avg = 1.985061E-04 Time/step= 1.890000E-04 ETA (HH:MM:SS) = 0:00:00
 [ 65%]  Time step     3596 of 5591 @ t_step =     3595 Time Avg = 1.985038E-04 Time/step= 1.900000E-04 ETA (HH:MM:SS) = 0:00:00
 [ 65%]  Time step     3597 of 5591 @ t_step =     3596 Time Avg = 1.985058E-04 Time/step= 2.060000E-04 ETA (HH:MM:SS) = 0:00:00
 [ 65%]  Time step     3598 of 5591 @ t_step =     3597 Time Avg = 1.985032E-04 Time/step= 1.890000E-04 ETA (HH:MM:SS) = 0:00:00
 [ 65%]  Time step     3599 of 5591 @ t_step =     3598 Time Avg = 1.985006E-04 Time/step= 1.890000E-04 ETA (HH:MM:SS) = 0:00:00
 [ 65%]  Time step     3600 of 5591 @ t_step =     3599 Time Avg = 1.984979E-04 Time/step= 1.890000E-04 ETA (HH:MM:SS) = 0:00:00
 [ 65%]  Time step     3601 of 5591 @ t_step =     3600 Time Avg = 1.984953E-04 Time/step= 1.890000E-04 ETA (HH:MM:SS) = 0:00:00
 [ 65%]  Time step     3602 of 5591 @ t_step =     3601 Time Avg = 1.984996E-04 Time/step= 2.140000E-04 ETA (HH:MM:SS) = 0:00:00
 [ 65%]  Time step     3603 of 5591 @ t_step =     3602 Time Avg = 1.984972E-04 Time/step= 1.900000E-04 ETA (HH:MM:SS) = 0:00:00
 [ 65%]  Time step     3604 of 5591 @ t_step =     3603 Time Avg = 1.984949E-04 Time/step= 1.900000E-04 ETA (HH:MM:SS) = 0:00:00
 [ 65%]  Time step     3605 of 5591 @ t_step =     3604 Time Avg = 1.984922E-04 Time/step= 1.890000E-04 ETA (HH:MM:SS) = 0:00:00
 [ 65%]  Time step     3606 of 5591 @ t_step =     3605 Time Avg = 1.984896E-04 Time/step= 1.890000E-04 ETA (HH:MM:SS) = 0:00:00
 [ 65%]  Time step     3607 of 5591 @ t_step =     3606 Time Avg = 1.984983E-04 Time/step= 2.300000E-04 ETA (HH:MM:SS) = 0:00:00
 [ 65%]  Time step     3608 of 5591 @ t_step =     3607 Time Avg = 1.985001E-04 Time/step= 2.050000E-04 ETA (HH:MM:SS) = 0:00:00
 [ 65%]  Time step     3609 of 5591 @ t_step =     3608 Time Avg = 1.984978E-04 Time/step= 1.900000E-04 ETA (HH:MM:SS) = 0:00:00
 [ 65%]  Time step     3610 of 5591 @ t_step =     3609 Time Avg = 1.984951E-04 Time/step= 1.890000E-04 ETA (HH:MM:SS) = 0:00:00
 [ 65%]  Time step     3611 of 5591 @ t_step =     3610 Time Avg = 1.984925E-04 Time/step= 1.890000E-04 ETA (HH:MM:SS) = 0:00:00
 [ 65%]  Time step     3612 of 5591 @ t_step =     3611 Time Avg = 1.984999E-04 Time/step= 2.250000E-04 ETA (HH:MM:SS) = 0:00:00
 [ 65%]  Time step     3613 of 5591 @ t_step =     3612 Time Avg = 1.985017E-04 Time/step= 2.050000E-04 ETA (HH:MM:SS) = 0:00:00
 [ 65%]  Time step     3614 of 5591 @ t_step =     3613 Time Avg = 1.985026E-04 Time/step= 2.020000E-04 ETA (HH:MM:SS) = 0:00:00
 [ 65%]  Time step     3615 of 5591 @ t_step =     3614 Time Avg = 1.985019E-04 Time/step= 1.960000E-04 ETA (HH:MM:SS) = 0:00:00
 [ 65%]  Time step     3616 of 5591 @ t_step =     3615 Time Avg = 1.985084E-04 Time/step= 2.220000E-04 ETA (HH:MM:SS) = 0:00:00
 [ 65%]  Time step     3617 of 5591 @ t_step =     3616 Time Avg = 1.985061E-04 Time/step= 1.900000E-04 ETA (HH:MM:SS) = 0:00:00
 [ 65%]  Time step     3618 of 5591 @ t_step =     3617 Time Avg = 1.985035E-04 Time/step= 1.890000E-04 ETA (HH:MM:SS) = 0:00:00
 [ 65%]  Time step     3619 of 5591 @ t_step =     3618 Time Avg = 1.985011E-04 Time/step= 1.900000E-04 ETA (HH:MM:SS) = 0:00:00
 [ 65%]  Time step     3620 of 5591 @ t_step =     3619 Time Avg = 1.984988E-04 Time/step= 1.900000E-04 ETA (HH:MM:SS) = 0:00:00
 [ 65%]  Time step     3621 of 5591 @ t_step =     3620 Time Avg = 1.985039E-04 Time/step= 2.170000E-04 ETA (HH:MM:SS) = 0:00:00
 [ 65%]  Time step     3622 of 5591 @ t_step =     3621 Time Avg = 1.985018E-04 Time/step= 1.910000E-04 ETA (HH:MM:SS) = 0:00:00
 [ 65%]  Time step     3623 of 5591 @ t_step =     3622 Time Avg = 1.984992E-04 Time/step= 1.890000E-04 ETA (HH:MM:SS) = 0:00:00
 [ 65%]  Time step     3624 of 5591 @ t_step =     3623 Time Avg = 1.984968E-04 Time/step= 1.900000E-04 ETA (HH:MM:SS) = 0:00:00
 [ 65%]  Time step     3625 of 5591 @ t_step =     3624 Time Avg = 1.984942E-04 Time/step= 1.890000E-04 ETA (HH:MM:SS) = 0:00:00
 [ 65%]  Time step     3626 of 5591 @ t_step =     3625 Time Avg = 1.984971E-04 Time/step= 2.090000E-04 ETA (HH:MM:SS) = 0:00:00
 [ 65%]  Time step     3627 of 5591 @ t_step =     3626 Time Avg = 1.985069E-04 Time/step= 2.340000E-04 ETA (HH:MM:SS) = 0:00:00
 [ 65%]  Time step     3628 of 5591 @ t_step =     3627 Time Avg = 1.985175E-04 Time/step= 2.370000E-04 ETA (HH:MM:SS) = 0:00:00
 [ 65%]  Time step     3629 of 5591 @ t_step =     3628 Time Avg = 1.985185E-04 Time/step= 2.020000E-04 ETA (HH:MM:SS) = 0:00:00
 [ 65%]  Time step     3630 of 5591 @ t_step =     3629 Time Avg = 1.985197E-04 Time/step= 2.030000E-04 ETA (HH:MM:SS) = 0:00:00
 [ 65%]  Time step     3631 of 5591 @ t_step =     3630 Time Avg = 1.985273E-04 Time/step= 2.260000E-04 ETA (HH:MM:SS) = 0:00:00
 [ 65%]  Time step     3632 of 5591 @ t_step =     3631 Time Avg = 1.985335E-04 Time/step= 2.210000E-04 ETA (HH:MM:SS) = 0:00:00
 [ 65%]  Time step     3633 of 5591 @ t_step =     3632 Time Avg = 1.985328E-04 Time/step= 1.960000E-04 ETA (HH:MM:SS) = 0:00:00
 [ 65%]  Time step     3634 of 5591 @ t_step =     3633 Time Avg = 1.985318E-04 Time/step= 1.950000E-04 ETA (HH:MM:SS) = 0:00:00
 [ 65%]  Time step     3635 of 5591 @ t_step =     3634 Time Avg = 1.985369E-04 Time/step= 2.170000E-04 ETA (HH:MM:SS) = 0:00:00
 [ 66%]  Time step     3636 of 5591 @ t_step =     3635 Time Avg = 1.985365E-04 Time/step= 1.970000E-04 ETA (HH:MM:SS) = 0:00:00
 [ 66%]  Time step     3637 of 5591 @ t_step =     3636 Time Avg = 1.985341E-04 Time/step= 1.900000E-04 ETA (HH:MM:SS) = 0:00:00
 [ 66%]  Time step     3638 of 5591 @ t_step =     3637 Time Avg = 1.985318E-04 Time/step= 1.900000E-04 ETA (HH:MM:SS) = 0:00:00
 [ 66%]  Time step     3639 of 5591 @ t_step =     3638 Time Avg = 1.985294E-04 Time/step= 1.900000E-04 ETA (HH:MM:SS) = 0:00:00
 [ 66%]  Time step     3640 of 5591 @ t_step =     3639 Time Avg = 1.985337E-04 Time/step= 2.140000E-04 ETA (HH:MM:SS) = 0:00:00
 [ 66%]  Time step     3641 of 5591 @ t_step =     3640 Time Avg = 1.985313E-04 Time/step= 1.900000E-04 ETA (HH:MM:SS) = 0:00:00
 [ 66%]  Time step     3642 of 5591 @ t_step =     3641 Time Avg = 1.985290E-04 Time/step= 1.900000E-04 ETA (HH:MM:SS) = 0:00:00
 [ 66%]  Time step     3643 of 5591 @ t_step =     3642 Time Avg = 1.985266E-04 Time/step= 1.900000E-04 ETA (HH:MM:SS) = 0:00:00
 [ 66%]  Time step     3644 of 5591 @ t_step =     3643 Time Avg = 1.985240E-04 Time/step= 1.890000E-04 ETA (HH:MM:SS) = 0:00:00
 [ 66%]  Time step     3645 of 5591 @ t_step =     3644 Time Avg = 1.985275E-04 Time/step= 2.110000E-04 ETA (HH:MM:SS) = 0:00:00
 [ 66%]  Time step     3646 of 5591 @ t_step =     3645 Time Avg = 1.985251E-04 Time/step= 1.900000E-04 ETA (HH:MM:SS) = 0:00:00
 [ 66%]  Time step     3647 of 5591 @ t_step =     3646 Time Avg = 1.985228E-04 Time/step= 1.900000E-04 ETA (HH:MM:SS) = 0:00:00
 [ 66%]  Time step     3648 of 5591 @ t_step =     3647 Time Avg = 1.985204E-04 Time/step= 1.900000E-04 ETA (HH:MM:SS) = 0:00:00
 [ 66%]  Time step     3649 of 5591 @ t_step =     3648 Time Avg = 1.985181E-04 Time/step= 1.900000E-04 ETA (HH:MM:SS) = 0:00:00
 [ 66%]  Time step     3650 of 5591 @ t_step =     3649 Time Avg = 1.985256E-04 Time/step= 2.260000E-04 ETA (HH:MM:SS) = 0:00:00
 [ 66%]  Time step     3651 of 5591 @ t_step =     3650 Time Avg = 1.985277E-04 Time/step= 2.060000E-04 ETA (HH:MM:SS) = 0:00:00
 [ 66%]  Time step     3652 of 5591 @ t_step =     3651 Time Avg = 1.985253E-04 Time/step= 1.900000E-04 ETA (HH:MM:SS) = 0:00:00
 [ 66%]  Time step     3653 of 5591 @ t_step =     3652 Time Avg = 1.985230E-04 Time/step= 1.900000E-04 ETA (HH:MM:SS) = 0:00:00
 [ 66%]  Time step     3654 of 5591 @ t_step =     3653 Time Avg = 1.985204E-04 Time/step= 1.890000E-04 ETA (HH:MM:SS) = 0:00:00
 [ 66%]  Time step     3655 of 5591 @ t_step =     3654 Time Avg = 1.985227E-04 Time/step= 2.070000E-04 ETA (HH:MM:SS) = 0:00:00
 [ 66%]  Time step     3656 of 5591 @ t_step =     3655 Time Avg = 1.985204E-04 Time/step= 1.900000E-04 ETA (HH:MM:SS) = 0:00:00
 [ 66%]  Time step     3657 of 5591 @ t_step =     3656 Time Avg = 1.985181E-04 Time/step= 1.900000E-04 ETA (HH:MM:SS) = 0:00:00
 [ 66%]  Time step     3658 of 5591 @ t_step =     3657 Time Avg = 1.985155E-04 Time/step= 1.890000E-04 ETA (HH:MM:SS) = 0:00:00
 [ 66%]  Time step     3659 of 5591 @ t_step =     3658 Time Avg = 1.985129E-04 Time/step= 1.890000E-04 ETA (HH:MM:SS) = 0:00:00
 [ 66%]  Time step     3660 of 5591 @ t_step =     3659 Time Avg = 1.985171E-04 Time/step= 2.140000E-04 ETA (HH:MM:SS) = 0:00:00
 [ 66%]  Time step     3661 of 5591 @ t_step =     3660 Time Avg = 1.985148E-04 Time/step= 1.900000E-04 ETA (HH:MM:SS) = 0:00:00
 [ 66%]  Time step     3662 of 5591 @ t_step =     3661 Time Avg = 1.985122E-04 Time/step= 1.890000E-04 ETA (HH:MM:SS) = 0:00:00
 [ 66%]  Time step     3663 of 5591 @ t_step =     3662 Time Avg = 1.985096E-04 Time/step= 1.890000E-04 ETA (HH:MM:SS) = 0:00:00
 [ 66%]  Time step     3664 of 5591 @ t_step =     3663 Time Avg = 1.985072E-04 Time/step= 1.900000E-04 ETA (HH:MM:SS) = 0:00:00
 [ 66%]  Time step     3665 of 5591 @ t_step =     3664 Time Avg = 1.985101E-04 Time/step= 2.090000E-04 ETA (HH:MM:SS) = 0:00:00
 [ 66%]  Time step     3666 of 5591 @ t_step =     3665 Time Avg = 1.985078E-04 Time/step= 1.900000E-04 ETA (HH:MM:SS) = 0:00:00
 [ 66%]  Time step     3667 of 5591 @ t_step =     3666 Time Avg = 1.985052E-04 Time/step= 1.890000E-04 ETA (HH:MM:SS) = 0:00:00
 [ 66%]  Time step     3668 of 5591 @ t_step =     3667 Time Avg = 1.985029E-04 Time/step= 1.900000E-04 ETA (HH:MM:SS) = 0:00:00
 [ 66%]  Time step     3669 of 5591 @ t_step =     3668 Time Avg = 1.985005E-04 Time/step= 1.900000E-04 ETA (HH:MM:SS) = 0:00:00
 [ 66%]  Time step     3670 of 5591 @ t_step =     3669 Time Avg = 1.985056E-04 Time/step= 2.170000E-04 ETA (HH:MM:SS) = 0:00:00
 [ 66%]  Time step     3671 of 5591 @ t_step =     3670 Time Avg = 1.985109E-04 Time/step= 2.180000E-04 ETA (HH:MM:SS) = 0:00:00
 [ 66%]  Time step     3672 of 5591 @ t_step =     3671 Time Avg = 1.985225E-04 Time/step= 2.410000E-04 ETA (HH:MM:SS) = 0:00:00
 [ 66%]  Time step     3673 of 5591 @ t_step =     3672 Time Avg = 1.985281E-04 Time/step= 2.190000E-04 ETA (HH:MM:SS) = 0:00:00
 [ 66%]  Time step     3674 of 5591 @ t_step =     3673 Time Avg = 1.985383E-04 Time/step= 2.360000E-04 ETA (HH:MM:SS) = 0:00:00
 [ 66%]  Time step     3675 of 5591 @ t_step =     3674 Time Avg = 1.985379E-04 Time/step= 1.970000E-04 ETA (HH:MM:SS) = 0:00:00
 [ 66%]  Time step     3676 of 5591 @ t_step =     3675 Time Avg = 1.985464E-04 Time/step= 2.300000E-04 ETA (HH:MM:SS) = 0:00:00
 [ 66%]  Time step     3677 of 5591 @ t_step =     3676 Time Avg = 1.985517E-04 Time/step= 2.180000E-04 ETA (HH:MM:SS) = 0:00:00
 [ 66%]  Time step     3678 of 5591 @ t_step =     3677 Time Avg = 1.985714E-04 Time/step= 2.710000E-04 ETA (HH:MM:SS) = 0:00:00
 [ 66%]  Time step     3679 of 5591 @ t_step =     3678 Time Avg = 1.985803E-04 Time/step= 2.310000E-04 ETA (HH:MM:SS) = 0:00:00
 [ 66%]  Time step     3680 of 5591 @ t_step =     3679 Time Avg = 1.985855E-04 Time/step= 2.180000E-04 ETA (HH:MM:SS) = 0:00:00
 [ 66%]  Time step     3681 of 5591 @ t_step =     3680 Time Avg = 1.985908E-04 Time/step= 2.180000E-04 ETA (HH:MM:SS) = 0:00:00
 [ 66%]  Time step     3682 of 5591 @ t_step =     3681 Time Avg = 1.986108E-04 Time/step= 2.720000E-04 ETA (HH:MM:SS) = 0:00:00
 [ 66%]  Time step     3683 of 5591 @ t_step =     3682 Time Avg = 1.986247E-04 Time/step= 2.500000E-04 ETA (HH:MM:SS) = 0:00:00
 [ 66%]  Time step     3684 of 5591 @ t_step =     3683 Time Avg = 1.986303E-04 Time/step= 2.190000E-04 ETA (HH:MM:SS) = 0:00:00
 [ 66%]  Time step     3685 of 5591 @ t_step =     3684 Time Avg = 1.986486E-04 Time/step= 2.660000E-04 ETA (HH:MM:SS) = 0:00:00
 [ 66%]  Time step     3686 of 5591 @ t_step =     3685 Time Avg = 1.986606E-04 Time/step= 2.430000E-04 ETA (HH:MM:SS) = 0:00:00
 [ 66%]  Time step     3687 of 5591 @ t_step =     3686 Time Avg = 1.986661E-04 Time/step= 2.190000E-04 ETA (HH:MM:SS) = 0:00:00
 [ 66%]  Time step     3688 of 5591 @ t_step =     3687 Time Avg = 1.986822E-04 Time/step= 2.580000E-04 ETA (HH:MM:SS) = 0:00:00
 [ 66%]  Time step     3689 of 5591 @ t_step =     3688 Time Avg = 1.986880E-04 Time/step= 2.200000E-04 ETA (HH:MM:SS) = 0:00:00
 [ 66%]  Time step     3690 of 5591 @ t_step =     3689 Time Avg = 1.987095E-04 Time/step= 2.780000E-04 ETA (HH:MM:SS) = 0:00:00
 [ 66%]  Time step     3691 of 5591 @ t_step =     3690 Time Avg = 1.987204E-04 Time/step= 2.390000E-04 ETA (HH:MM:SS) = 0:00:00
 [ 67%]  Time step     3692 of 5591 @ t_step =     3691 Time Avg = 1.987259E-04 Time/step= 2.190000E-04 ETA (HH:MM:SS) = 0:00:00
 [ 67%]  Time step     3693 of 5591 @ t_step =     3692 Time Avg = 1.987290E-04 Time/step= 2.100000E-04 ETA (HH:MM:SS) = 0:00:00
 [ 67%]  Time step     3694 of 5591 @ t_step =     3693 Time Avg = 1.987464E-04 Time/step= 2.630000E-04 ETA (HH:MM:SS) = 0:00:00
 [ 67%]  Time step     3695 of 5591 @ t_step =     3694 Time Avg = 1.987541E-04 Time/step= 2.270000E-04 ETA (HH:MM:SS) = 0:00:00
 [ 67%]  Time step     3696 of 5591 @ t_step =     3695 Time Avg = 1.987593E-04 Time/step= 2.180000E-04 ETA (HH:MM:SS) = 0:00:00
 [ 67%]  Time step     3697 of 5591 @ t_step =     3696 Time Avg = 1.987645E-04 Time/step= 2.180000E-04 ETA (HH:MM:SS) = 0:00:00
 [ 67%]  Time step     3698 of 5591 @ t_step =     3697 Time Avg = 1.987800E-04 Time/step= 2.560000E-04 ETA (HH:MM:SS) = 0:00:00
 [ 67%]  Time step     3699 of 5591 @ t_step =     3698 Time Avg = 1.987879E-04 Time/step= 2.280000E-04 ETA (HH:MM:SS) = 0:00:00
 [ 67%]  Time step     3700 of 5591 @ t_step =     3699 Time Avg = 1.987963E-04 Time/step= 2.300000E-04 ETA (HH:MM:SS) = 0:00:00
 [ 67%]  Time step     3701 of 5591 @ t_step =     3700 Time Avg = 1.988018E-04 Time/step= 2.190000E-04 ETA (HH:MM:SS) = 0:00:00
 [ 67%]  Time step     3702 of 5591 @ t_step =     3701 Time Avg = 1.988137E-04 Time/step= 2.430000E-04 ETA (HH:MM:SS) = 0:00:00
 [ 67%]  Time step     3703 of 5591 @ t_step =     3702 Time Avg = 1.988243E-04 Time/step= 2.380000E-04 ETA (HH:MM:SS) = 0:00:00
 [ 67%]  Time step     3704 of 5591 @ t_step =     3703 Time Avg = 1.988314E-04 Time/step= 2.250000E-04 ETA (HH:MM:SS) = 0:00:00
 [ 67%]  Time step     3705 of 5591 @ t_step =     3704 Time Avg = 1.988374E-04 Time/step= 2.210000E-04 ETA (HH:MM:SS) = 0:00:00
 [ 67%]  Time step     3706 of 5591 @ t_step =     3705 Time Avg = 1.988366E-04 Time/step= 1.960000E-04 ETA (HH:MM:SS) = 0:00:00
 [ 67%]  Time step     3707 of 5591 @ t_step =     3706 Time Avg = 1.988431E-04 Time/step= 2.230000E-04 ETA (HH:MM:SS) = 0:00:00
 [ 67%]  Time step     3708 of 5591 @ t_step =     3707 Time Avg = 1.988445E-04 Time/step= 2.040000E-04 ETA (HH:MM:SS) = 0:00:00
 [ 67%]  Time step     3709 of 5591 @ t_step =     3708 Time Avg = 1.988457E-04 Time/step= 2.030000E-04 ETA (HH:MM:SS) = 0:00:00
 [ 67%]  Time step     3710 of 5591 @ t_step =     3709 Time Avg = 1.988530E-04 Time/step= 2.260000E-04 ETA (HH:MM:SS) = 0:00:00
 [ 67%]  Time step     3711 of 5591 @ t_step =     3710 Time Avg = 1.988730E-04 Time/step= 2.730000E-04 ETA (HH:MM:SS) = 0:00:00
 [ 67%]  Time step     3712 of 5591 @ t_step =     3711 Time Avg = 1.988860E-04 Time/step= 2.470000E-04 ETA (HH:MM:SS) = 0:00:00
 [ 67%]  Time step     3713 of 5591 @ t_step =     3712 Time Avg = 1.988836E-04 Time/step= 1.900000E-04 ETA (HH:MM:SS) = 0:00:00
 [ 67%]  Time step     3714 of 5591 @ t_step =     3713 Time Avg = 1.988812E-04 Time/step= 1.900000E-04 ETA (HH:MM:SS) = 0:00:00
 [ 67%]  Time step     3715 of 5591 @ t_step =     3714 Time Avg = 1.988785E-04 Time/step= 1.890000E-04 ETA (HH:MM:SS) = 0:00:00
 [ 67%]  Time step     3716 of 5591 @ t_step =     3715 Time Avg = 1.988850E-04 Time/step= 2.230000E-04 ETA (HH:MM:SS) = 0:00:00
 [ 67%]  Time step     3717 of 5591 @ t_step =     3716 Time Avg = 1.988866E-04 Time/step= 2.050000E-04 ETA (HH:MM:SS) = 0:00:00
 [ 67%]  Time step     3718 of 5591 @ t_step =     3717 Time Avg = 1.988843E-04 Time/step= 1.900000E-04 ETA (HH:MM:SS) = 0:00:00
 [ 67%]  Time step     3719 of 5591 @ t_step =     3718 Time Avg = 1.988816E-04 Time/step= 1.890000E-04 ETA (HH:MM:SS) = 0:00:00
 [ 67%]  Time step     3720 of 5591 @ t_step =     3719 Time Avg = 1.988889E-04 Time/step= 2.260000E-04 ETA (HH:MM:SS) = 0:00:00
 [ 67%]  Time step     3721 of 5591 @ t_step =     3720 Time Avg = 1.988991E-04 Time/step= 2.370000E-04 ETA (HH:MM:SS) = 0:00:00
 [ 67%]  Time step     3722 of 5591 @ t_step =     3721 Time Avg = 1.989062E-04 Time/step= 2.250000E-04 ETA (HH:MM:SS) = 0:00:00
 [ 67%]  Time step     3723 of 5591 @ t_step =     3722 Time Avg = 1.989126E-04 Time/step= 2.230000E-04 ETA (HH:MM:SS) = 0:00:00
 [ 67%]  Time step     3724 of 5591 @ t_step =     3723 Time Avg = 1.989102E-04 Time/step= 1.900000E-04 ETA (HH:MM:SS) = 0:00:00
 [ 67%]  Time step     3725 of 5591 @ t_step =     3724 Time Avg = 1.989130E-04 Time/step= 2.090000E-04 ETA (HH:MM:SS) = 0:00:00
 [ 67%]  Time step     3726 of 5591 @ t_step =     3725 Time Avg = 1.989106E-04 Time/step= 1.900000E-04 ETA (HH:MM:SS) = 0:00:00
 [ 67%]  Time step     3727 of 5591 @ t_step =     3726 Time Avg = 1.989122E-04 Time/step= 2.050000E-04 ETA (HH:MM:SS) = 0:00:00
 [ 67%]  Time step     3728 of 5591 @ t_step =     3727 Time Avg = 1.989248E-04 Time/step= 2.460000E-04 ETA (HH:MM:SS) = 0:00:00
 [ 67%]  Time step     3729 of 5591 @ t_step =     3728 Time Avg = 1.989434E-04 Time/step= 2.680000E-04 ETA (HH:MM:SS) = 0:00:00
 [ 67%]  Time step     3730 of 5591 @ t_step =     3729 Time Avg = 1.989485E-04 Time/step= 2.180000E-04 ETA (HH:MM:SS) = 0:00:00
 [ 67%]  Time step     3731 of 5591 @ t_step =     3730 Time Avg = 1.989498E-04 Time/step= 2.040000E-04 ETA (HH:MM:SS) = 0:00:00
 [ 67%]  Time step     3732 of 5591 @ t_step =     3731 Time Avg = 1.989472E-04 Time/step= 1.890000E-04 ETA (HH:MM:SS) = 0:00:00
 [ 67%]  Time step     3733 of 5591 @ t_step =     3732 Time Avg = 1.989445E-04 Time/step= 1.890000E-04 ETA (HH:MM:SS) = 0:00:00
 [ 67%]  Time step     3734 of 5591 @ t_step =     3733 Time Avg = 1.989520E-04 Time/step= 2.270000E-04 ETA (HH:MM:SS) = 0:00:00
 [ 67%]  Time step     3735 of 5591 @ t_step =     3734 Time Avg = 1.989587E-04 Time/step= 2.240000E-04 ETA (HH:MM:SS) = 0:00:00
 [ 67%]  Time step     3736 of 5591 @ t_step =     3735 Time Avg = 1.989689E-04 Time/step= 2.370000E-04 ETA (HH:MM:SS) = 0:00:00
 [ 67%]  Time step     3737 of 5591 @ t_step =     3736 Time Avg = 1.989788E-04 Time/step= 2.360000E-04 ETA (HH:MM:SS) = 0:00:00
 [ 67%]  Time step     3738 of 5591 @ t_step =     3737 Time Avg = 1.989885E-04 Time/step= 2.350000E-04 ETA (HH:MM:SS) = 0:00:00
 [ 67%]  Time step     3739 of 5591 @ t_step =     3738 Time Avg = 1.989906E-04 Time/step= 2.070000E-04 ETA (HH:MM:SS) = 0:00:00
 [ 67%]  Time step     3740 of 5591 @ t_step =     3739 Time Avg = 1.989882E-04 Time/step= 1.900000E-04 ETA (HH:MM:SS) = 0:00:00
 [ 67%]  Time step     3741 of 5591 @ t_step =     3740 Time Avg = 1.989856E-04 Time/step= 1.890000E-04 ETA (HH:MM:SS) = 0:00:00
 [ 67%]  Time step     3742 of 5591 @ t_step =     3741 Time Avg = 1.989864E-04 Time/step= 2.020000E-04 ETA (HH:MM:SS) = 0:00:00
 [ 67%]  Time step     3743 of 5591 @ t_step =     3742 Time Avg = 1.990011E-04 Time/step= 2.540000E-04 ETA (HH:MM:SS) = 0:00:00
 [ 67%]  Time step     3744 of 5591 @ t_step =     3743 Time Avg = 1.990086E-04 Time/step= 2.270000E-04 ETA (HH:MM:SS) = 0:00:00
 [ 67%]  Time step     3745 of 5591 @ t_step =     3744 Time Avg = 1.990184E-04 Time/step= 2.360000E-04 ETA (HH:MM:SS) = 0:00:00
 [ 67%]  Time step     3746 of 5591 @ t_step =     3745 Time Avg = 1.990283E-04 Time/step= 2.360000E-04 ETA (HH:MM:SS) = 0:00:00
 [ 68%]  Time step     3747 of 5591 @ t_step =     3746 Time Avg = 1.990441E-04 Time/step= 2.580000E-04 ETA (HH:MM:SS) = 0:00:00
 [ 68%]  Time step     3748 of 5591 @ t_step =     3747 Time Avg = 1.990502E-04 Time/step= 2.220000E-04 ETA (HH:MM:SS) = 0:00:00
 [ 68%]  Time step     3749 of 5591 @ t_step =     3748 Time Avg = 1.990494E-04 Time/step= 1.960000E-04 ETA (HH:MM:SS) = 0:00:00
 [ 68%]  Time step     3750 of 5591 @ t_step =     3749 Time Avg = 1.990486E-04 Time/step= 1.960000E-04 ETA (HH:MM:SS) = 0:00:00
 [ 68%]  Time step     3751 of 5591 @ t_step =     3750 Time Avg = 1.990520E-04 Time/step= 2.120000E-04 ETA (HH:MM:SS) = 0:00:00
 [ 68%]  Time step     3752 of 5591 @ t_step =     3751 Time Avg = 1.990544E-04 Time/step= 2.080000E-04 ETA (HH:MM:SS) = 0:00:00
 [ 68%]  Time step     3753 of 5591 @ t_step =     3752 Time Avg = 1.990637E-04 Time/step= 2.340000E-04 ETA (HH:MM:SS) = 0:00:00
 [ 68%]  Time step     3754 of 5591 @ t_step =     3753 Time Avg = 1.990714E-04 Time/step= 2.280000E-04 ETA (HH:MM:SS) = 0:00:00
 [ 68%]  Time step     3755 of 5591 @ t_step =     3754 Time Avg = 1.990834E-04 Time/step= 2.440000E-04 ETA (HH:MM:SS) = 0:00:00
 [ 68%]  Time step     3756 of 5591 @ t_step =     3755 Time Avg = 1.990893E-04 Time/step= 2.210000E-04 ETA (HH:MM:SS) = 0:00:00
 [ 68%]  Time step     3757 of 5591 @ t_step =     3756 Time Avg = 1.990903E-04 Time/step= 2.030000E-04 ETA (HH:MM:SS) = 0:00:00
 [ 68%]  Time step     3758 of 5591 @ t_step =     3757 Time Avg = 1.990879E-04 Time/step= 1.900000E-04 ETA (HH:MM:SS) = 0:00:00
 [ 68%]  Time step     3759 of 5591 @ t_step =     3758 Time Avg = 1.990855E-04 Time/step= 1.900000E-04 ETA (HH:MM:SS) = 0:00:00
 [ 68%]  Time step     3760 of 5591 @ t_step =     3759 Time Avg = 1.990876E-04 Time/step= 2.070000E-04 ETA (HH:MM:SS) = 0:00:00
 [ 68%]  Time step     3761 of 5591 @ t_step =     3760 Time Avg = 1.990852E-04 Time/step= 1.900000E-04 ETA (HH:MM:SS) = 0:00:00
 [ 68%]  Time step     3762 of 5591 @ t_step =     3761 Time Avg = 1.990825E-04 Time/step= 1.890000E-04 ETA (HH:MM:SS) = 0:00:00
 [ 68%]  Time step     3763 of 5591 @ t_step =     3762 Time Avg = 1.990801E-04 Time/step= 1.900000E-04 ETA (HH:MM:SS) = 0:00:00
 [ 68%]  Time step     3764 of 5591 @ t_step =     3763 Time Avg = 1.990774E-04 Time/step= 1.890000E-04 ETA (HH:MM:SS) = 0:00:00
 [ 68%]  Time step     3765 of 5591 @ t_step =     3764 Time Avg = 1.990816E-04 Time/step= 2.150000E-04 ETA (HH:MM:SS) = 0:00:00
 [ 68%]  Time step     3766 of 5591 @ t_step =     3765 Time Avg = 1.990795E-04 Time/step= 1.910000E-04 ETA (HH:MM:SS) = 0:00:00
 [ 68%]  Time step     3767 of 5591 @ t_step =     3766 Time Avg = 1.990770E-04 Time/step= 1.900000E-04 ETA (HH:MM:SS) = 0:00:00
 [ 68%]  Time step     3768 of 5591 @ t_step =     3767 Time Avg = 1.990744E-04 Time/step= 1.890000E-04 ETA (HH:MM:SS) = 0:00:00
 [ 68%]  Time step     3769 of 5591 @ t_step =     3768 Time Avg = 1.990717E-04 Time/step= 1.890000E-04 ETA (HH:MM:SS) = 0:00:00
 [ 68%]  Time step     3770 of 5591 @ t_step =     3769 Time Avg = 1.990746E-04 Time/step= 2.100000E-04 ETA (HH:MM:SS) = 0:00:00
 [ 68%]  Time step     3771 of 5591 @ t_step =     3770 Time Avg = 1.990722E-04 Time/step= 1.900000E-04 ETA (HH:MM:SS) = 0:00:00
 [ 68%]  Time step     3772 of 5591 @ t_step =     3771 Time Avg = 1.990698E-04 Time/step= 1.900000E-04 ETA (HH:MM:SS) = 0:00:00
 [ 68%]  Time step     3773 of 5591 @ t_step =     3772 Time Avg = 1.990674E-04 Time/step= 1.900000E-04 ETA (HH:MM:SS) = 0:00:00
 [ 68%]  Time step     3774 of 5591 @ t_step =     3773 Time Avg = 1.990647E-04 Time/step= 1.890000E-04 ETA (HH:MM:SS) = 0:00:00
 [ 68%]  Time step     3775 of 5591 @ t_step =     3774 Time Avg = 1.990718E-04 Time/step= 2.260000E-04 ETA (HH:MM:SS) = 0:00:00
 [ 68%]  Time step     3776 of 5591 @ t_step =     3775 Time Avg = 1.990729E-04 Time/step= 2.030000E-04 ETA (HH:MM:SS) = 0:00:00
 [ 68%]  Time step     3777 of 5591 @ t_step =     3776 Time Avg = 1.990760E-04 Time/step= 2.110000E-04 ETA (HH:MM:SS) = 0:00:00
 [ 68%]  Time step     3778 of 5591 @ t_step =     3777 Time Avg = 1.990734E-04 Time/step= 1.890000E-04 ETA (HH:MM:SS) = 0:00:00
 [ 68%]  Time step     3779 of 5591 @ t_step =     3778 Time Avg = 1.990710E-04 Time/step= 1.900000E-04 ETA (HH:MM:SS) = 0:00:00
 [ 68%]  Time step     3780 of 5591 @ t_step =     3779 Time Avg = 1.990786E-04 Time/step= 2.280000E-04 ETA (HH:MM:SS) = 0:00:00
 [ 68%]  Time step     3781 of 5591 @ t_step =     3780 Time Avg = 1.990802E-04 Time/step= 2.050000E-04 ETA (HH:MM:SS) = 0:00:00
 [ 68%]  Time step     3782 of 5591 @ t_step =     3781 Time Avg = 1.990778E-04 Time/step= 1.900000E-04 ETA (HH:MM:SS) = 0:00:00
 [ 68%]  Time step     3783 of 5591 @ t_step =     3782 Time Avg = 1.990751E-04 Time/step= 1.890000E-04 ETA (HH:MM:SS) = 0:00:00
 [ 68%]  Time step     3784 of 5591 @ t_step =     3783 Time Avg = 1.990725E-04 Time/step= 1.890000E-04 ETA (HH:MM:SS) = 0:00:00
 [ 68%]  Time step     3785 of 5591 @ t_step =     3784 Time Avg = 1.990764E-04 Time/step= 2.140000E-04 ETA (HH:MM:SS) = 0:00:00
 [ 68%]  Time step     3786 of 5591 @ t_step =     3785 Time Avg = 1.990738E-04 Time/step= 1.890000E-04 ETA (HH:MM:SS) = 0:00:00
 [ 68%]  Time step     3787 of 5591 @ t_step =     3786 Time Avg = 1.990714E-04 Time/step= 1.900000E-04 ETA (HH:MM:SS) = 0:00:00
 [ 68%]  Time step     3788 of 5591 @ t_step =     3787 Time Avg = 1.990690E-04 Time/step= 1.900000E-04 ETA (HH:MM:SS) = 0:00:00
 [ 68%]  Time step     3789 of 5591 @ t_step =     3788 Time Avg = 1.990663E-04 Time/step= 1.890000E-04 ETA (HH:MM:SS) = 0:00:00
 [ 68%]  Time step     3790 of 5591 @ t_step =     3789 Time Avg = 1.990700E-04 Time/step= 2.130000E-04 ETA (HH:MM:SS) = 0:00:00
 [ 68%]  Time step     3791 of 5591 @ t_step =     3790 Time Avg = 1.990673E-04 Time/step= 1.890000E-04 ETA (HH:MM:SS) = 0:00:00
 [ 68%]  Time step     3792 of 5591 @ t_step =     3791 Time Avg = 1.990647E-04 Time/step= 1.890000E-04 ETA (HH:MM:SS) = 0:00:00
 [ 68%]  Time step     3793 of 5591 @ t_step =     3792 Time Avg = 1.990620E-04 Time/step= 1.890000E-04 ETA (HH:MM:SS) = 0:00:00
 [ 68%]  Time step     3794 of 5591 @ t_step =     3793 Time Avg = 1.990594E-04 Time/step= 1.890000E-04 ETA (HH:MM:SS) = 0:00:00
 [ 68%]  Time step     3795 of 5591 @ t_step =     3794 Time Avg = 1.990622E-04 Time/step= 2.100000E-04 ETA (HH:MM:SS) = 0:00:00
 [ 68%]  Time step     3796 of 5591 @ t_step =     3795 Time Avg = 1.990635E-04 Time/step= 2.040000E-04 ETA (HH:MM:SS) = 0:00:00
 [ 68%]  Time step     3797 of 5591 @ t_step =     3796 Time Avg = 1.990611E-04 Time/step= 1.900000E-04 ETA (HH:MM:SS) = 0:00:00
 [ 68%]  Time step     3798 of 5591 @ t_step =     3797 Time Avg = 1.990585E-04 Time/step= 1.890000E-04 ETA (HH:MM:SS) = 0:00:00
 [ 68%]  Time step     3799 of 5591 @ t_step =     3798 Time Avg = 1.990601E-04 Time/step= 2.050000E-04 ETA (HH:MM:SS) = 0:00:00
 [ 68%]  Time step     3800 of 5591 @ t_step =     3799 Time Avg = 1.990579E-04 Time/step= 1.910000E-04 ETA (HH:MM:SS) = 0:00:00
 [ 68%]  Time step     3801 of 5591 @ t_step =     3800 Time Avg = 1.990556E-04 Time/step= 1.900000E-04 ETA (HH:MM:SS) = 0:00:00
 [ 68%]  Time step     3802 of 5591 @ t_step =     3801 Time Avg = 1.990532E-04 Time/step= 1.900000E-04 ETA (HH:MM:SS) = 0:00:00
 [ 69%]  Time step     3803 of 5591 @ t_step =     3802 Time Avg = 1.990505E-04 Time/step= 1.890000E-04 ETA (HH:MM:SS) = 0:00:00
 [ 69%]  Time step     3804 of 5591 @ t_step =     3803 Time Avg = 1.990542E-04 Time/step= 2.130000E-04 ETA (HH:MM:SS) = 0:00:00
 [ 69%]  Time step     3805 of 5591 @ t_step =     3804 Time Avg = 1.990523E-04 Time/step= 1.920000E-04 ETA (HH:MM:SS) = 0:00:00
 [ 69%]  Time step     3806 of 5591 @ t_step =     3805 Time Avg = 1.990497E-04 Time/step= 1.890000E-04 ETA (HH:MM:SS) = 0:00:00
 [ 69%]  Time step     3807 of 5591 @ t_step =     3806 Time Avg = 1.990473E-04 Time/step= 1.900000E-04 ETA (HH:MM:SS) = 0:00:00
 [ 69%]  Time step     3808 of 5591 @ t_step =     3807 Time Avg = 1.990449E-04 Time/step= 1.900000E-04 ETA (HH:MM:SS) = 0:00:00
 [ 69%]  Time step     3809 of 5591 @ t_step =     3808 Time Avg = 1.990462E-04 Time/step= 2.040000E-04 ETA (HH:MM:SS) = 0:00:00
 [ 69%]  Time step     3810 of 5591 @ t_step =     3809 Time Avg = 1.990441E-04 Time/step= 1.910000E-04 ETA (HH:MM:SS) = 0:00:00
 [ 69%]  Time step     3811 of 5591 @ t_step =     3810 Time Avg = 1.990415E-04 Time/step= 1.890000E-04 ETA (HH:MM:SS) = 0:00:00
 [ 69%]  Time step     3812 of 5591 @ t_step =     3811 Time Avg = 1.990389E-04 Time/step= 1.890000E-04 ETA (HH:MM:SS) = 0:00:00
 [ 69%]  Time step     3813 of 5591 @ t_step =     3812 Time Avg = 1.990365E-04 Time/step= 1.900000E-04 ETA (HH:MM:SS) = 0:00:00
 [ 69%]  Time step     3814 of 5591 @ t_step =     3813 Time Avg = 1.990415E-04 Time/step= 2.180000E-04 ETA (HH:MM:SS) = 0:00:00
 [ 69%]  Time step     3815 of 5591 @ t_step =     3814 Time Avg = 1.990409E-04 Time/step= 1.970000E-04 ETA (HH:MM:SS) = 0:00:00
 [ 69%]  Time step     3816 of 5591 @ t_step =     3815 Time Avg = 1.990417E-04 Time/step= 2.020000E-04 ETA (HH:MM:SS) = 0:00:00
 [ 69%]  Time step     3817 of 5591 @ t_step =     3816 Time Avg = 1.990393E-04 Time/step= 1.900000E-04 ETA (HH:MM:SS) = 0:00:00
 [ 69%]  Time step     3818 of 5591 @ t_step =     3817 Time Avg = 1.990370E-04 Time/step= 1.900000E-04 ETA (HH:MM:SS) = 0:00:00
 [ 69%]  Time step     3819 of 5591 @ t_step =     3818 Time Avg = 1.990385E-04 Time/step= 2.050000E-04 ETA (HH:MM:SS) = 0:00:00
 [ 69%]  Time step     3820 of 5591 @ t_step =     3819 Time Avg = 1.990362E-04 Time/step= 1.900000E-04 ETA (HH:MM:SS) = 0:00:00
 [ 69%]  Time step     3821 of 5591 @ t_step =     3820 Time Avg = 1.990338E-04 Time/step= 1.900000E-04 ETA (HH:MM:SS) = 0:00:00
 [ 69%]  Time step     3822 of 5591 @ t_step =     3821 Time Avg = 1.990314E-04 Time/step= 1.900000E-04 ETA (HH:MM:SS) = 0:00:00
 [ 69%]  Time step     3823 of 5591 @ t_step =     3822 Time Avg = 1.990288E-04 Time/step= 1.890000E-04 ETA (HH:MM:SS) = 0:00:00
 [ 69%]  Time step     3824 of 5591 @ t_step =     3823 Time Avg = 1.990340E-04 Time/step= 2.190000E-04 ETA (HH:MM:SS) = 0:00:00
 [ 69%]  Time step     3825 of 5591 @ t_step =     3824 Time Avg = 1.990319E-04 Time/step= 1.910000E-04 ETA (HH:MM:SS) = 0:00:00
 [ 69%]  Time step     3826 of 5591 @ t_step =     3825 Time Avg = 1.990293E-04 Time/step= 1.890000E-04 ETA (HH:MM:SS) = 0:00:00
 [ 69%]  Time step     3827 of 5591 @ t_step =     3826 Time Avg = 1.990267E-04 Time/step= 1.890000E-04 ETA (HH:MM:SS) = 0:00:00
 [ 69%]  Time step     3828 of 5591 @ t_step =     3827 Time Avg = 1.990241E-04 Time/step= 1.890000E-04 ETA (HH:MM:SS) = 0:00:00
 [ 69%]  Time step     3829 of 5591 @ t_step =     3828 Time Avg = 1.990259E-04 Time/step= 2.060000E-04 ETA (HH:MM:SS) = 0:00:00
 [ 69%]  Time step     3830 of 5591 @ t_step =     3829 Time Avg = 1.990235E-04 Time/step= 1.900000E-04 ETA (HH:MM:SS) = 0:00:00
 [ 69%]  Time step     3831 of 5591 @ t_step =     3830 Time Avg = 1.990212E-04 Time/step= 1.900000E-04 ETA (HH:MM:SS) = 0:00:00
 [ 69%]  Time step     3832 of 5591 @ t_step =     3831 Time Avg = 1.990185E-04 Time/step= 1.890000E-04 ETA (HH:MM:SS) = 0:00:00
 [ 69%]  Time step     3833 of 5591 @ t_step =     3832 Time Avg = 1.990159E-04 Time/step= 1.890000E-04 ETA (HH:MM:SS) = 0:00:00
 [ 69%]  Time step     3834 of 5591 @ t_step =     3833 Time Avg = 1.990217E-04 Time/step= 2.210000E-04 ETA (HH:MM:SS) = 0:00:00
 [ 69%]  Time step     3835 of 5591 @ t_step =     3834 Time Avg = 1.990211E-04 Time/step= 1.970000E-04 ETA (HH:MM:SS) = 0:00:00
 [ 69%]  Time step     3836 of 5591 @ t_step =     3835 Time Avg = 1.990185E-04 Time/step= 1.890000E-04 ETA (HH:MM:SS) = 0:00:00
 [ 69%]  Time step     3837 of 5591 @ t_step =     3836 Time Avg = 1.990159E-04 Time/step= 1.890000E-04 ETA (HH:MM:SS) = 0:00:00
 [ 69%]  Time step     3838 of 5591 @ t_step =     3837 Time Avg = 1.990133E-04 Time/step= 1.890000E-04 ETA (HH:MM:SS) = 0:00:00
 [ 69%]  Time step     3839 of 5591 @ t_step =     3838 Time Avg = 1.990156E-04 Time/step= 2.080000E-04 ETA (HH:MM:SS) = 0:00:00
 [ 69%]  Time step     3840 of 5591 @ t_step =     3839 Time Avg = 1.990133E-04 Time/step= 1.900000E-04 ETA (HH:MM:SS) = 0:00:00
 [ 69%]  Time step     3841 of 5591 @ t_step =     3840 Time Avg = 1.990109E-04 Time/step= 1.900000E-04 ETA (HH:MM:SS) = 0:00:00
 [ 69%]  Time step     3842 of 5591 @ t_step =     3841 Time Avg = 1.990086E-04 Time/step= 1.900000E-04 ETA (HH:MM:SS) = 0:00:00
 [ 69%]  Time step     3843 of 5591 @ t_step =     3842 Time Avg = 1.990060E-04 Time/step= 1.890000E-04 ETA (HH:MM:SS) = 0:00:00
 [ 69%]  Time step     3844 of 5591 @ t_step =     3843 Time Avg = 1.990112E-04 Time/step= 2.190000E-04 ETA (HH:MM:SS) = 0:00:00
 [ 69%]  Time step     3845 of 5591 @ t_step =     3844 Time Avg = 1.990088E-04 Time/step= 1.900000E-04 ETA (HH:MM:SS) = 0:00:00
 [ 69%]  Time step     3846 of 5591 @ t_step =     3845 Time Avg = 1.990062E-04 Time/step= 1.890000E-04 ETA (HH:MM:SS) = 0:00:00
 [ 69%]  Time step     3847 of 5591 @ t_step =     3846 Time Avg = 1.990036E-04 Time/step= 1.890000E-04 ETA (HH:MM:SS) = 0:00:00
 [ 69%]  Time step     3848 of 5591 @ t_step =     3847 Time Avg = 1.990010E-04 Time/step= 1.890000E-04 ETA (HH:MM:SS) = 0:00:00
 [ 69%]  Time step     3849 of 5591 @ t_step =     3848 Time Avg = 1.990068E-04 Time/step= 2.210000E-04 ETA (HH:MM:SS) = 0:00:00
 [ 69%]  Time step     3850 of 5591 @ t_step =     3849 Time Avg = 1.990088E-04 Time/step= 2.070000E-04 ETA (HH:MM:SS) = 0:00:00
 [ 69%]  Time step     3851 of 5591 @ t_step =     3850 Time Avg = 1.990065E-04 Time/step= 1.900000E-04 ETA (HH:MM:SS) = 0:00:00
 [ 69%]  Time step     3852 of 5591 @ t_step =     3851 Time Avg = 1.990039E-04 Time/step= 1.890000E-04 ETA (HH:MM:SS) = 0:00:00
 [ 69%]  Time step     3853 of 5591 @ t_step =     3852 Time Avg = 1.990016E-04 Time/step= 1.900000E-04 ETA (HH:MM:SS) = 0:00:00
 [ 69%]  Time step     3854 of 5591 @ t_step =     3853 Time Avg = 1.990036E-04 Time/step= 2.070000E-04 ETA (HH:MM:SS) = 0:00:00
 [ 69%]  Time step     3855 of 5591 @ t_step =     3854 Time Avg = 1.990047E-04 Time/step= 2.030000E-04 ETA (HH:MM:SS) = 0:00:00
 [ 69%]  Time step     3856 of 5591 @ t_step =     3855 Time Avg = 1.990021E-04 Time/step= 1.890000E-04 ETA (HH:MM:SS) = 0:00:00
 [ 69%]  Time step     3857 of 5591 @ t_step =     3856 Time Avg = 1.989997E-04 Time/step= 1.900000E-04 ETA (HH:MM:SS) = 0:00:00
 [ 69%]  Time step     3858 of 5591 @ t_step =     3857 Time Avg = 1.990016E-04 Time/step= 2.060000E-04 ETA (HH:MM:SS) = 0:00:00
 [ 70%]  Time step     3859 of 5591 @ t_step =     3858 Time Avg = 1.989992E-04 Time/step= 1.900000E-04 ETA (HH:MM:SS) = 0:00:00
 [ 70%]  Time step     3860 of 5591 @ t_step =     3859 Time Avg = 1.989969E-04 Time/step= 1.900000E-04 ETA (HH:MM:SS) = 0:00:00
 [ 70%]  Time step     3861 of 5591 @ t_step =     3860 Time Avg = 1.989946E-04 Time/step= 1.900000E-04 ETA (HH:MM:SS) = 0:00:00
 [ 70%]  Time step     3862 of 5591 @ t_step =     3861 Time Avg = 1.989922E-04 Time/step= 1.900000E-04 ETA (HH:MM:SS) = 0:00:00
 [ 70%]  Time step     3863 of 5591 @ t_step =     3862 Time Avg = 1.989956E-04 Time/step= 2.120000E-04 ETA (HH:MM:SS) = 0:00:00
 [ 70%]  Time step     3864 of 5591 @ t_step =     3863 Time Avg = 1.989938E-04 Time/step= 1.920000E-04 ETA (HH:MM:SS) = 0:00:00
 [ 70%]  Time step     3865 of 5591 @ t_step =     3864 Time Avg = 1.989915E-04 Time/step= 1.900000E-04 ETA (HH:MM:SS) = 0:00:00
 [ 70%]  Time step     3866 of 5591 @ t_step =     3865 Time Avg = 1.989889E-04 Time/step= 1.890000E-04 ETA (HH:MM:SS) = 0:00:00
 [ 70%]  Time step     3867 of 5591 @ t_step =     3866 Time Avg = 1.989865E-04 Time/step= 1.900000E-04 ETA (HH:MM:SS) = 0:00:00
 [ 70%]  Time step     3868 of 5591 @ t_step =     3867 Time Avg = 1.989881E-04 Time/step= 2.050000E-04 ETA (HH:MM:SS) = 0:00:00
 [ 70%]  Time step     3869 of 5591 @ t_step =     3868 Time Avg = 1.989858E-04 Time/step= 1.900000E-04 ETA (HH:MM:SS) = 0:00:00
 [ 70%]  Time step     3870 of 5591 @ t_step =     3869 Time Avg = 1.989834E-04 Time/step= 1.900000E-04 ETA (HH:MM:SS) = 0:00:00
 [ 70%]  Time step     3871 of 5591 @ t_step =     3870 Time Avg = 1.989811E-04 Time/step= 1.900000E-04 ETA (HH:MM:SS) = 0:00:00
 [ 70%]  Time step     3872 of 5591 @ t_step =     3871 Time Avg = 1.989785E-04 Time/step= 1.890000E-04 ETA (HH:MM:SS) = 0:00:00
 [ 70%]  Time step     3873 of 5591 @ t_step =     3872 Time Avg = 1.989912E-04 Time/step= 2.480000E-04 ETA (HH:MM:SS) = 0:00:00
 [ 70%]  Time step     3874 of 5591 @ t_step =     3873 Time Avg = 1.989964E-04 Time/step= 2.190000E-04 ETA (HH:MM:SS) = 0:00:00
 [ 70%]  Time step     3875 of 5591 @ t_step =     3874 Time Avg = 1.990028E-04 Time/step= 2.240000E-04 ETA (HH:MM:SS) = 0:00:00
 [ 70%]  Time step     3876 of 5591 @ t_step =     3875 Time Avg = 1.990005E-04 Time/step= 1.900000E-04 ETA (HH:MM:SS) = 0:00:00
 [ 70%]  Time step     3877 of 5591 @ t_step =     3876 Time Avg = 1.989982E-04 Time/step= 1.900000E-04 ETA (HH:MM:SS) = 0:00:00
 [ 70%]  Time step     3878 of 5591 @ t_step =     3877 Time Avg = 1.990010E-04 Time/step= 2.100000E-04 ETA (HH:MM:SS) = 0:00:00
 [ 70%]  Time step     3879 of 5591 @ t_step =     3878 Time Avg = 1.989987E-04 Time/step= 1.900000E-04 ETA (HH:MM:SS) = 0:00:00
 [ 70%]  Time step     3880 of 5591 @ t_step =     3879 Time Avg = 1.989961E-04 Time/step= 1.890000E-04 ETA (HH:MM:SS) = 0:00:00
 [ 70%]  Time step     3881 of 5591 @ t_step =     3880 Time Avg = 1.989936E-04 Time/step= 1.890000E-04 ETA (HH:MM:SS) = 0:00:00
 [ 70%]  Time step     3882 of 5591 @ t_step =     3881 Time Avg = 1.989910E-04 Time/step= 1.890000E-04 ETA (HH:MM:SS) = 0:00:00
 [ 70%]  Time step     3883 of 5591 @ t_step =     3882 Time Avg = 1.989912E-04 Time/step= 2.000000E-04 ETA (HH:MM:SS) = 0:00:00
 [ 70%]  Time step     3884 of 5591 @ t_step =     3883 Time Avg = 1.989889E-04 Time/step= 1.900000E-04 ETA (HH:MM:SS) = 0:00:00
 [ 70%]  Time step     3885 of 5591 @ t_step =     3884 Time Avg = 1.989866E-04 Time/step= 1.900000E-04 ETA (HH:MM:SS) = 0:00:00
 [ 70%]  Time step     3886 of 5591 @ t_step =     3885 Time Avg = 1.989843E-04 Time/step= 1.900000E-04 ETA (HH:MM:SS) = 0:00:00
 [ 70%]  Time step     3887 of 5591 @ t_step =     3886 Time Avg = 1.989820E-04 Time/step= 1.900000E-04 ETA (HH:MM:SS) = 0:00:00
 [ 70%]  Time step     3888 of 5591 @ t_step =     3887 Time Avg = 1.989864E-04 Time/step= 2.160000E-04 ETA (HH:MM:SS) = 0:00:00
 [ 70%]  Time step     3889 of 5591 @ t_step =     3888 Time Avg = 1.989840E-04 Time/step= 1.900000E-04 ETA (HH:MM:SS) = 0:00:00
 [ 70%]  Time step     3890 of 5591 @ t_step =     3889 Time Avg = 1.989817E-04 Time/step= 1.900000E-04 ETA (HH:MM:SS) = 0:00:00
 [ 70%]  Time step     3891 of 5591 @ t_step =     3890 Time Avg = 1.989794E-04 Time/step= 1.900000E-04 ETA (HH:MM:SS) = 0:00:00
 [ 70%]  Time step     3892 of 5591 @ t_step =     3891 Time Avg = 1.989771E-04 Time/step= 1.900000E-04 ETA (HH:MM:SS) = 0:00:00
 [ 70%]  Time step     3893 of 5591 @ t_step =     3892 Time Avg = 1.989830E-04 Time/step= 2.220000E-04 ETA (HH:MM:SS) = 0:00:00
 [ 70%]  Time step     3894 of 5591 @ t_step =     3893 Time Avg = 1.989846E-04 Time/step= 2.050000E-04 ETA (HH:MM:SS) = 0:00:00
 [ 70%]  Time step     3895 of 5591 @ t_step =     3894 Time Avg = 1.989823E-04 Time/step= 1.900000E-04 ETA (HH:MM:SS) = 0:00:00
 [ 70%]  Time step     3896 of 5591 @ t_step =     3895 Time Avg = 1.989797E-04 Time/step= 1.890000E-04 ETA (HH:MM:SS) = 0:00:00
 [ 70%]  Time step     3897 of 5591 @ t_step =     3896 Time Avg = 1.989813E-04 Time/step= 2.050000E-04 ETA (HH:MM:SS) = 0:00:00
 [ 70%]  Time step     3898 of 5591 @ t_step =     3897 Time Avg = 1.989795E-04 Time/step= 1.920000E-04 ETA (HH:MM:SS) = 0:00:00
 [ 70%]  Time step     3899 of 5591 @ t_step =     3898 Time Avg = 1.989769E-04 Time/step= 1.890000E-04 ETA (HH:MM:SS) = 0:00:00
 [ 70%]  Time step     3900 of 5591 @ t_step =     3899 Time Avg = 1.989743E-04 Time/step= 1.890000E-04 ETA (HH:MM:SS) = 0:00:00
 [ 70%]  Time step     3901 of 5591 @ t_step =     3900 Time Avg = 1.989720E-04 Time/step= 1.900000E-04 ETA (HH:MM:SS) = 0:00:00
 [ 70%]  Time step     3902 of 5591 @ t_step =     3901 Time Avg = 1.989738E-04 Time/step= 2.060000E-04 ETA (HH:MM:SS) = 0:00:00
 [ 70%]  Time step     3903 of 5591 @ t_step =     3902 Time Avg = 1.989718E-04 Time/step= 1.910000E-04 ETA (HH:MM:SS) = 0:00:00
 [ 70%]  Time step     3904 of 5591 @ t_step =     3903 Time Avg = 1.989695E-04 Time/step= 1.900000E-04 ETA (HH:MM:SS) = 0:00:00
 [ 70%]  Time step     3905 of 5591 @ t_step =     3904 Time Avg = 1.989672E-04 Time/step= 1.900000E-04 ETA (HH:MM:SS) = 0:00:00
 [ 70%]  Time step     3906 of 5591 @ t_step =     3905 Time Avg = 1.989649E-04 Time/step= 1.900000E-04 ETA (HH:MM:SS) = 0:00:00
 [ 70%]  Time step     3907 of 5591 @ t_step =     3906 Time Avg = 1.989672E-04 Time/step= 2.080000E-04 ETA (HH:MM:SS) = 0:00:00
 [ 70%]  Time step     3908 of 5591 @ t_step =     3907 Time Avg = 1.989657E-04 Time/step= 1.930000E-04 ETA (HH:MM:SS) = 0:00:00
 [ 70%]  Time step     3909 of 5591 @ t_step =     3908 Time Avg = 1.989634E-04 Time/step= 1.900000E-04 ETA (HH:MM:SS) = 0:00:00
 [ 70%]  Time step     3910 of 5591 @ t_step =     3909 Time Avg = 1.989611E-04 Time/step= 1.900000E-04 ETA (HH:MM:SS) = 0:00:00
 [ 70%]  Time step     3911 of 5591 @ t_step =     3910 Time Avg = 1.989585E-04 Time/step= 1.890000E-04 ETA (HH:MM:SS) = 0:00:00
 [ 70%]  Time step     3912 of 5591 @ t_step =     3911 Time Avg = 1.989662E-04 Time/step= 2.290000E-04 ETA (HH:MM:SS) = 0:00:00
 [ 70%]  Time step     3913 of 5591 @ t_step =     3912 Time Avg = 1.989675E-04 Time/step= 2.040000E-04 ETA (HH:MM:SS) = 0:00:00
 [ 70%]  Time step     3914 of 5591 @ t_step =     3913 Time Avg = 1.989716E-04 Time/step= 2.150000E-04 ETA (HH:MM:SS) = 0:00:00
 [ 71%]  Time step     3915 of 5591 @ t_step =     3914 Time Avg = 1.989691E-04 Time/step= 1.890000E-04 ETA (HH:MM:SS) = 0:00:00
 [ 71%]  Time step     3916 of 5591 @ t_step =     3915 Time Avg = 1.989665E-04 Time/step= 1.890000E-04 ETA (HH:MM:SS) = 0:00:00
 [ 71%]  Time step     3917 of 5591 @ t_step =     3916 Time Avg = 1.989683E-04 Time/step= 2.060000E-04 ETA (HH:MM:SS) = 0:00:00
 [ 71%]  Time step     3918 of 5591 @ t_step =     3917 Time Avg = 1.989660E-04 Time/step= 1.900000E-04 ETA (HH:MM:SS) = 0:00:00
 [ 71%]  Time step     3919 of 5591 @ t_step =     3918 Time Avg = 1.989635E-04 Time/step= 1.890000E-04 ETA (HH:MM:SS) = 0:00:00
 [ 71%]  Time step     3920 of 5591 @ t_step =     3919 Time Avg = 1.989612E-04 Time/step= 1.900000E-04 ETA (HH:MM:SS) = 0:00:00
 [ 71%]  Time step     3921 of 5591 @ t_step =     3920 Time Avg = 1.989589E-04 Time/step= 1.900000E-04 ETA (HH:MM:SS) = 0:00:00
 [ 71%]  Time step     3922 of 5591 @ t_step =     3921 Time Avg = 1.989604E-04 Time/step= 2.050000E-04 ETA (HH:MM:SS) = 0:00:00
 [ 71%]  Time step     3923 of 5591 @ t_step =     3922 Time Avg = 1.989582E-04 Time/step= 1.900000E-04 ETA (HH:MM:SS) = 0:00:00
 [ 71%]  Time step     3924 of 5591 @ t_step =     3923 Time Avg = 1.989559E-04 Time/step= 1.900000E-04 ETA (HH:MM:SS) = 0:00:00
 [ 71%]  Time step     3925 of 5591 @ t_step =     3924 Time Avg = 1.989533E-04 Time/step= 1.890000E-04 ETA (HH:MM:SS) = 0:00:00
 [ 71%]  Time step     3926 of 5591 @ t_step =     3925 Time Avg = 1.989508E-04 Time/step= 1.890000E-04 ETA (HH:MM:SS) = 0:00:00
 [ 71%]  Time step     3927 of 5591 @ t_step =     3926 Time Avg = 1.989544E-04 Time/step= 2.130000E-04 ETA (HH:MM:SS) = 0:00:00
 [ 71%]  Time step     3928 of 5591 @ t_step =     3927 Time Avg = 1.989521E-04 Time/step= 1.900000E-04 ETA (HH:MM:SS) = 0:00:00
 [ 71%]  Time step     3929 of 5591 @ t_step =     3928 Time Avg = 1.989498E-04 Time/step= 1.900000E-04 ETA (HH:MM:SS) = 0:00:00
 [ 71%]  Time step     3930 of 5591 @ t_step =     3929 Time Avg = 1.989473E-04 Time/step= 1.890000E-04 ETA (HH:MM:SS) = 0:00:00
 [ 71%]  Time step     3931 of 5591 @ t_step =     3930 Time Avg = 1.989450E-04 Time/step= 1.900000E-04 ETA (HH:MM:SS) = 0:00:00
 [ 71%]  Time step     3932 of 5591 @ t_step =     3931 Time Avg = 1.989519E-04 Time/step= 2.260000E-04 ETA (HH:MM:SS) = 0:00:00
 [ 71%]  Time step     3933 of 5591 @ t_step =     3932 Time Avg = 1.989537E-04 Time/step= 2.060000E-04 ETA (HH:MM:SS) = 0:00:00
 [ 71%]  Time step     3934 of 5591 @ t_step =     3933 Time Avg = 1.989514E-04 Time/step= 1.900000E-04 ETA (HH:MM:SS) = 0:00:00
 [ 71%]  Time step     3935 of 5591 @ t_step =     3934 Time Avg = 1.989489E-04 Time/step= 1.890000E-04 ETA (HH:MM:SS) = 0:00:00
 [ 71%]  Time step     3936 of 5591 @ t_step =     3935 Time Avg = 1.989464E-04 Time/step= 1.890000E-04 ETA (HH:MM:SS) = 0:00:00
 [ 71%]  Time step     3937 of 5591 @ t_step =     3936 Time Avg = 1.989484E-04 Time/step= 2.070000E-04 ETA (HH:MM:SS) = 0:00:00
 [ 71%]  Time step     3938 of 5591 @ t_step =     3937 Time Avg = 1.989461E-04 Time/step= 1.900000E-04 ETA (HH:MM:SS) = 0:00:00
 [ 71%]  Time step     3939 of 5591 @ t_step =     3938 Time Avg = 1.989439E-04 Time/step= 1.900000E-04 ETA (HH:MM:SS) = 0:00:00
 [ 71%]  Time step     3940 of 5591 @ t_step =     3939 Time Avg = 1.989413E-04 Time/step= 1.890000E-04 ETA (HH:MM:SS) = 0:00:00
 [ 71%]  Time step     3941 of 5591 @ t_step =     3940 Time Avg = 1.989388E-04 Time/step= 1.890000E-04 ETA (HH:MM:SS) = 0:00:00
 [ 71%]  Time step     3942 of 5591 @ t_step =     3941 Time Avg = 1.989444E-04 Time/step= 2.210000E-04 ETA (HH:MM:SS) = 0:00:00
 [ 71%]  Time step     3943 of 5591 @ t_step =     3942 Time Avg = 1.989459E-04 Time/step= 2.050000E-04 ETA (HH:MM:SS) = 0:00:00
 [ 71%]  Time step     3944 of 5591 @ t_step =     3943 Time Avg = 1.989437E-04 Time/step= 1.900000E-04 ETA (HH:MM:SS) = 0:00:00
 [ 71%]  Time step     3945 of 5591 @ t_step =     3944 Time Avg = 1.989411E-04 Time/step= 1.890000E-04 ETA (HH:MM:SS) = 0:00:00
 [ 71%]  Time step     3946 of 5591 @ t_step =     3945 Time Avg = 1.989386E-04 Time/step= 1.890000E-04 ETA (HH:MM:SS) = 0:00:00
 [ 71%]  Time step     3947 of 5591 @ t_step =     3946 Time Avg = 1.989412E-04 Time/step= 2.090000E-04 ETA (HH:MM:SS) = 0:00:00
 [ 71%]  Time step     3948 of 5591 @ t_step =     3947 Time Avg = 1.989389E-04 Time/step= 1.900000E-04 ETA (HH:MM:SS) = 0:00:00
 [ 71%]  Time step     3949 of 5591 @ t_step =     3948 Time Avg = 1.989364E-04 Time/step= 1.890000E-04 ETA (HH:MM:SS) = 0:00:00
 [ 71%]  Time step     3950 of 5591 @ t_step =     3949 Time Avg = 1.989339E-04 Time/step= 1.890000E-04 ETA (HH:MM:SS) = 0:00:00
 [ 71%]  Time step     3951 of 5591 @ t_step =     3950 Time Avg = 1.989374E-04 Time/step= 2.130000E-04 ETA (HH:MM:SS) = 0:00:00
 [ 71%]  Time step     3952 of 5591 @ t_step =     3951 Time Avg = 1.989390E-04 Time/step= 2.050000E-04 ETA (HH:MM:SS) = 0:00:00
 [ 71%]  Time step     3953 of 5591 @ t_step =     3952 Time Avg = 1.989418E-04 Time/step= 2.100000E-04 ETA (HH:MM:SS) = 0:00:00
 [ 71%]  Time step     3954 of 5591 @ t_step =     3953 Time Avg = 1.989410E-04 Time/step= 1.960000E-04 ETA (HH:MM:SS) = 0:00:00
 [ 71%]  Time step     3955 of 5591 @ t_step =     3954 Time Avg = 1.989403E-04 Time/step= 1.960000E-04 ETA (HH:MM:SS) = 0:00:00
 [ 71%]  Time step     3956 of 5591 @ t_step =     3955 Time Avg = 1.989456E-04 Time/step= 2.200000E-04 ETA (HH:MM:SS) = 0:00:00
 [ 71%]  Time step     3957 of 5591 @ t_step =     3956 Time Avg = 1.989514E-04 Time/step= 2.220000E-04 ETA (HH:MM:SS) = 0:00:00
 [ 71%]  Time step     3958 of 5591 @ t_step =     3957 Time Avg = 1.989532E-04 Time/step= 2.060000E-04 ETA (HH:MM:SS) = 0:00:00
 [ 71%]  Time step     3959 of 5591 @ t_step =     3958 Time Avg = 1.989507E-04 Time/step= 1.890000E-04 ETA (HH:MM:SS) = 0:00:00
 [ 71%]  Time step     3960 of 5591 @ t_step =     3959 Time Avg = 1.989487E-04 Time/step= 1.910000E-04 ETA (HH:MM:SS) = 0:00:00
 [ 71%]  Time step     3961 of 5591 @ t_step =     3960 Time Avg = 1.989507E-04 Time/step= 2.070000E-04 ETA (HH:MM:SS) = 0:00:00
 [ 71%]  Time step     3962 of 5591 @ t_step =     3961 Time Avg = 1.989485E-04 Time/step= 1.900000E-04 ETA (HH:MM:SS) = 0:00:00
 [ 71%]  Time step     3963 of 5591 @ t_step =     3962 Time Avg = 1.989462E-04 Time/step= 1.900000E-04 ETA (HH:MM:SS) = 0:00:00
 [ 71%]  Time step     3964 of 5591 @ t_step =     3963 Time Avg = 1.989440E-04 Time/step= 1.900000E-04 ETA (HH:MM:SS) = 0:00:00
 [ 71%]  Time step     3965 of 5591 @ t_step =     3964 Time Avg = 1.989417E-04 Time/step= 1.900000E-04 ETA (HH:MM:SS) = 0:00:00
 [ 71%]  Time step     3966 of 5591 @ t_step =     3965 Time Avg = 1.989473E-04 Time/step= 2.210000E-04 ETA (HH:MM:SS) = 0:00:00
 [ 71%]  Time step     3967 of 5591 @ t_step =     3966 Time Avg = 1.989450E-04 Time/step= 1.900000E-04 ETA (HH:MM:SS) = 0:00:00
 [ 71%]  Time step     3968 of 5591 @ t_step =     3967 Time Avg = 1.989427E-04 Time/step= 1.900000E-04 ETA (HH:MM:SS) = 0:00:00
 [ 71%]  Time step     3969 of 5591 @ t_step =     3968 Time Avg = 1.989405E-04 Time/step= 1.900000E-04 ETA (HH:MM:SS) = 0:00:00
 [ 71%]  Time step     3970 of 5591 @ t_step =     3969 Time Avg = 1.989382E-04 Time/step= 1.900000E-04 ETA (HH:MM:SS) = 0:00:00
 [ 72%]  Time step     3971 of 5591 @ t_step =     3970 Time Avg = 1.989435E-04 Time/step= 2.200000E-04 ETA (HH:MM:SS) = 0:00:00
 [ 72%]  Time step     3972 of 5591 @ t_step =     3971 Time Avg = 1.989453E-04 Time/step= 2.060000E-04 ETA (HH:MM:SS) = 0:00:00
 [ 72%]  Time step     3973 of 5591 @ t_step =     3972 Time Avg = 1.989509E-04 Time/step= 2.210000E-04 ETA (HH:MM:SS) = 0:00:00
 [ 72%]  Time step     3974 of 5591 @ t_step =     3973 Time Avg = 1.989637E-04 Time/step= 2.500000E-04 ETA (HH:MM:SS) = 0:00:00
 [ 72%]  Time step     3975 of 5591 @ t_step =     3974 Time Avg = 1.989768E-04 Time/step= 2.510000E-04 ETA (HH:MM:SS) = 0:00:00
 [ 72%]  Time step     3976 of 5591 @ t_step =     3975 Time Avg = 1.989746E-04 Time/step= 1.900000E-04 ETA (HH:MM:SS) = 0:00:00
 [ 72%]  Time step     3977 of 5591 @ t_step =     3976 Time Avg = 1.989721E-04 Time/step= 1.890000E-04 ETA (HH:MM:SS) = 0:00:00
 [ 72%]  Time step     3978 of 5591 @ t_step =     3977 Time Avg = 1.989696E-04 Time/step= 1.890000E-04 ETA (HH:MM:SS) = 0:00:00
 [ 72%]  Time step     3979 of 5591 @ t_step =     3978 Time Avg = 1.989671E-04 Time/step= 1.890000E-04 ETA (HH:MM:SS) = 0:00:00
 [ 72%]  Time step     3980 of 5591 @ t_step =     3979 Time Avg = 1.989688E-04 Time/step= 2.060000E-04 ETA (HH:MM:SS) = 0:00:00
 [ 72%]  Time step     3981 of 5591 @ t_step =     3980 Time Avg = 1.989668E-04 Time/step= 1.910000E-04 ETA (HH:MM:SS) = 0:00:00
 [ 72%]  Time step     3982 of 5591 @ t_step =     3981 Time Avg = 1.989646E-04 Time/step= 1.900000E-04 ETA (HH:MM:SS) = 0:00:00
 [ 72%]  Time step     3983 of 5591 @ t_step =     3982 Time Avg = 1.989658E-04 Time/step= 2.040000E-04 ETA (HH:MM:SS) = 0:00:00
 [ 72%]  Time step     3984 of 5591 @ t_step =     3983 Time Avg = 1.989802E-04 Time/step= 2.560000E-04 ETA (HH:MM:SS) = 0:00:00
 [ 72%]  Time step     3985 of 5591 @ t_step =     3984 Time Avg = 1.990003E-04 Time/step= 2.790000E-04 ETA (HH:MM:SS) = 0:00:00
 [ 72%]  Time step     3986 of 5591 @ t_step =     3985 Time Avg = 1.989997E-04 Time/step= 1.970000E-04 ETA (HH:MM:SS) = 0:00:00
 [ 72%]  Time step     3987 of 5591 @ t_step =     3986 Time Avg = 1.990015E-04 Time/step= 2.060000E-04 ETA (HH:MM:SS) = 0:00:00
 [ 72%]  Time step     3988 of 5591 @ t_step =     3987 Time Avg = 1.989990E-04 Time/step= 1.890000E-04 ETA (HH:MM:SS) = 0:00:00
 [ 72%]  Time step     3989 of 5591 @ t_step =     3988 Time Avg = 1.990030E-04 Time/step= 2.150000E-04 ETA (HH:MM:SS) = 0:00:00
 [ 72%]  Time step     3990 of 5591 @ t_step =     3989 Time Avg = 1.990065E-04 Time/step= 2.130000E-04 ETA (HH:MM:SS) = 0:00:00
 [ 72%]  Time step     3991 of 5591 @ t_step =     3990 Time Avg = 1.990090E-04 Time/step= 2.090000E-04 ETA (HH:MM:SS) = 0:00:00
 [ 72%]  Time step     3992 of 5591 @ t_step =     3991 Time Avg = 1.990183E-04 Time/step= 2.360000E-04 ETA (HH:MM:SS) = 0:00:00
 [ 72%]  Time step     3993 of 5591 @ t_step =     3992 Time Avg = 1.990358E-04 Time/step= 2.690000E-04 ETA (HH:MM:SS) = 0:00:00
 [ 72%]  Time step     3994 of 5591 @ t_step =     3993 Time Avg = 1.990489E-04 Time/step= 2.510000E-04 ETA (HH:MM:SS) = 0:00:00
 [ 72%]  Time step     3995 of 5591 @ t_step =     3994 Time Avg = 1.990478E-04 Time/step= 1.950000E-04 ETA (HH:MM:SS) = 0:00:00
 [ 72%]  Time step     3996 of 5591 @ t_step =     3995 Time Avg = 1.990481E-04 Time/step= 2.000000E-04 ETA (HH:MM:SS) = 0:00:00
 [ 72%]  Time step     3997 of 5591 @ t_step =     3996 Time Avg = 1.990456E-04 Time/step= 1.890000E-04 ETA (HH:MM:SS) = 0:00:00
 [ 72%]  Time step     3998 of 5591 @ t_step =     3997 Time Avg = 1.990471E-04 Time/step= 2.050000E-04 ETA (HH:MM:SS) = 0:00:00
 [ 72%]  Time step     3999 of 5591 @ t_step =     3998 Time Avg = 1.990448E-04 Time/step= 1.900000E-04 ETA (HH:MM:SS) = 0:00:00
 [ 72%]  Time step     4000 of 5591 @ t_step =     3999 Time Avg = 1.990425E-04 Time/step= 1.900000E-04 ETA (HH:MM:SS) = 0:00:00
 [ 72%]  Time step     4001 of 5591 @ t_step =     4000 Time Avg = 1.990400E-04 Time/step= 1.890000E-04 ETA (HH:MM:SS) = 0:00:00
 [ 72%]  Time step     4002 of 5591 @ t_step =     4001 Time Avg = 1.990378E-04 Time/step= 1.900000E-04 ETA (HH:MM:SS) = 0:00:00
 [ 72%]  Time step     4003 of 5591 @ t_step =     4002 Time Avg = 1.990417E-04 Time/step= 2.150000E-04 ETA (HH:MM:SS) = 0:00:00
 [ 72%]  Time step     4004 of 5591 @ t_step =     4003 Time Avg = 1.990397E-04 Time/step= 1.910000E-04 ETA (HH:MM:SS) = 0:00:00
 [ 72%]  Time step     4005 of 5591 @ t_step =     4004 Time Avg = 1.990372E-04 Time/step= 1.890000E-04 ETA (HH:MM:SS) = 0:00:00
 [ 72%]  Time step     4006 of 5591 @ t_step =     4005 Time Avg = 1.990347E-04 Time/step= 1.890000E-04 ETA (HH:MM:SS) = 0:00:00
 [ 72%]  Time step     4007 of 5591 @ t_step =     4006 Time Avg = 1.990325E-04 Time/step= 1.900000E-04 ETA (HH:MM:SS) = 0:00:00
 [ 72%]  Time step     4008 of 5591 @ t_step =     4007 Time Avg = 1.990347E-04 Time/step= 2.080000E-04 ETA (HH:MM:SS) = 0:00:00
 [ 72%]  Time step     4009 of 5591 @ t_step =     4008 Time Avg = 1.990359E-04 Time/step= 2.040000E-04 ETA (HH:MM:SS) = 0:00:00
 [ 72%]  Time step     4010 of 5591 @ t_step =     4009 Time Avg = 1.990337E-04 Time/step= 1.900000E-04 ETA (HH:MM:SS) = 0:00:00
 [ 72%]  Time step     4011 of 5591 @ t_step =     4010 Time Avg = 1.990312E-04 Time/step= 1.890000E-04 ETA (HH:MM:SS) = 0:00:00
 [ 72%]  Time step     4012 of 5591 @ t_step =     4011 Time Avg = 1.990324E-04 Time/step= 2.040000E-04 ETA (HH:MM:SS) = 0:00:00
 [ 72%]  Time step     4013 of 5591 @ t_step =     4012 Time Avg = 1.990304E-04 Time/step= 1.910000E-04 ETA (HH:MM:SS) = 0:00:00
 [ 72%]  Time step     4014 of 5591 @ t_step =     4013 Time Avg = 1.990282E-04 Time/step= 1.900000E-04 ETA (HH:MM:SS) = 0:00:00
 [ 72%]  Time step     4015 of 5591 @ t_step =     4014 Time Avg = 1.990259E-04 Time/step= 1.900000E-04 ETA (HH:MM:SS) = 0:00:00
 [ 72%]  Time step     4016 of 5591 @ t_step =     4015 Time Avg = 1.990237E-04 Time/step= 1.900000E-04 ETA (HH:MM:SS) = 0:00:00
 [ 72%]  Time step     4017 of 5591 @ t_step =     4016 Time Avg = 1.990279E-04 Time/step= 2.160000E-04 ETA (HH:MM:SS) = 0:00:00
 [ 72%]  Time step     4018 of 5591 @ t_step =     4017 Time Avg = 1.990274E-04 Time/step= 1.970000E-04 ETA (HH:MM:SS) = 0:00:00
 [ 72%]  Time step     4019 of 5591 @ t_step =     4018 Time Avg = 1.990281E-04 Time/step= 2.020000E-04 ETA (HH:MM:SS) = 0:00:00
 [ 72%]  Time step     4020 of 5591 @ t_step =     4019 Time Avg = 1.990256E-04 Time/step= 1.890000E-04 ETA (HH:MM:SS) = 0:00:00
 [ 72%]  Time step     4021 of 5591 @ t_step =     4020 Time Avg = 1.990234E-04 Time/step= 1.900000E-04 ETA (HH:MM:SS) = 0:00:00
 [ 72%]  Time step     4022 of 5591 @ t_step =     4021 Time Avg = 1.990276E-04 Time/step= 2.160000E-04 ETA (HH:MM:SS) = 0:00:00
 [ 72%]  Time step     4023 of 5591 @ t_step =     4022 Time Avg = 1.990254E-04 Time/step= 1.900000E-04 ETA (HH:MM:SS) = 0:00:00
 [ 72%]  Time step     4024 of 5591 @ t_step =     4023 Time Avg = 1.990231E-04 Time/step= 1.900000E-04 ETA (HH:MM:SS) = 0:00:00
 [ 72%]  Time step     4025 of 5591 @ t_step =     4024 Time Avg = 1.990251E-04 Time/step= 2.070000E-04 ETA (HH:MM:SS) = 0:00:00
 [ 72%]  Time step     4026 of 5591 @ t_step =     4025 Time Avg = 1.990244E-04 Time/step= 1.960000E-04 ETA (HH:MM:SS) = 0:00:00
 [ 73%]  Time step     4027 of 5591 @ t_step =     4026 Time Avg = 1.990308E-04 Time/step= 2.250000E-04 ETA (HH:MM:SS) = 0:00:00
 [ 73%]  Time step     4028 of 5591 @ t_step =     4027 Time Avg = 1.990368E-04 Time/step= 2.230000E-04 ETA (HH:MM:SS) = 0:00:00
 [ 73%]  Time step     4029 of 5591 @ t_step =     4028 Time Avg = 1.990345E-04 Time/step= 1.900000E-04 ETA (HH:MM:SS) = 0:00:00
 [ 73%]  Time step     4030 of 5591 @ t_step =     4029 Time Avg = 1.990320E-04 Time/step= 1.890000E-04 ETA (HH:MM:SS) = 0:00:00
 [ 73%]  Time step     4031 of 5591 @ t_step =     4030 Time Avg = 1.990295E-04 Time/step= 1.890000E-04 ETA (HH:MM:SS) = 0:00:00
 [ 73%]  Time step     4032 of 5591 @ t_step =     4031 Time Avg = 1.990352E-04 Time/step= 2.220000E-04 ETA (HH:MM:SS) = 0:00:00
 [ 73%]  Time step     4033 of 5591 @ t_step =     4032 Time Avg = 1.990367E-04 Time/step= 2.050000E-04 ETA (HH:MM:SS) = 0:00:00
 [ 73%]  Time step     4034 of 5591 @ t_step =     4033 Time Avg = 1.990342E-04 Time/step= 1.890000E-04 ETA (HH:MM:SS) = 0:00:00
 [ 73%]  Time step     4035 of 5591 @ t_step =     4034 Time Avg = 1.990317E-04 Time/step= 1.890000E-04 ETA (HH:MM:SS) = 0:00:00
 [ 73%]  Time step     4036 of 5591 @ t_step =     4035 Time Avg = 1.990293E-04 Time/step= 1.890000E-04 ETA (HH:MM:SS) = 0:00:00
 [ 73%]  Time step     4037 of 5591 @ t_step =     4036 Time Avg = 1.990295E-04 Time/step= 2.000000E-04 ETA (HH:MM:SS) = 0:00:00
 [ 73%]  Time step     4038 of 5591 @ t_step =     4037 Time Avg = 1.990273E-04 Time/step= 1.900000E-04 ETA (HH:MM:SS) = 0:00:00
 [ 73%]  Time step     4039 of 5591 @ t_step =     4038 Time Avg = 1.990248E-04 Time/step= 1.890000E-04 ETA (HH:MM:SS) = 0:00:00
 [ 73%]  Time step     4040 of 5591 @ t_step =     4039 Time Avg = 1.990223E-04 Time/step= 1.890000E-04 ETA (HH:MM:SS) = 0:00:00
 [ 73%]  Time step     4041 of 5591 @ t_step =     4040 Time Avg = 1.990206E-04 Time/step= 1.920000E-04 ETA (HH:MM:SS) = 0:00:00
 [ 73%]  Time step     4042 of 5591 @ t_step =     4041 Time Avg = 1.990287E-04 Time/step= 2.320000E-04 ETA (HH:MM:SS) = 0:00:00
 [ 73%]  Time step     4043 of 5591 @ t_step =     4042 Time Avg = 1.990265E-04 Time/step= 1.900000E-04 ETA (HH:MM:SS) = 0:00:00
 [ 73%]  Time step     4044 of 5591 @ t_step =     4043 Time Avg = 1.990240E-04 Time/step= 1.890000E-04 ETA (HH:MM:SS) = 0:00:00
 [ 73%]  Time step     4045 of 5591 @ t_step =     4044 Time Avg = 1.990220E-04 Time/step= 1.910000E-04 ETA (HH:MM:SS) = 0:00:00
 [ 73%]  Time step     4046 of 5591 @ t_step =     4045 Time Avg = 1.990265E-04 Time/step= 2.170000E-04 ETA (HH:MM:SS) = 0:00:00
 [ 73%]  Time step     4047 of 5591 @ t_step =     4046 Time Avg = 1.990260E-04 Time/step= 1.970000E-04 ETA (HH:MM:SS) = 0:00:00
 [ 73%]  Time step     4048 of 5591 @ t_step =     4047 Time Avg = 1.990269E-04 Time/step= 2.030000E-04 ETA (HH:MM:SS) = 0:00:00
 [ 73%]  Time step     4049 of 5591 @ t_step =     4048 Time Avg = 1.990247E-04 Time/step= 1.900000E-04 ETA (HH:MM:SS) = 0:00:00
 [ 73%]  Time step     4050 of 5591 @ t_step =     4049 Time Avg = 1.990225E-04 Time/step= 1.900000E-04 ETA (HH:MM:SS) = 0:00:00
 [ 73%]  Time step     4051 of 5591 @ t_step =     4050 Time Avg = 1.990254E-04 Time/step= 2.110000E-04 ETA (HH:MM:SS) = 0:00:00
 [ 73%]  Time step     4052 of 5591 @ t_step =     4051 Time Avg = 1.990232E-04 Time/step= 1.900000E-04 ETA (HH:MM:SS) = 0:00:00
 [ 73%]  Time step     4053 of 5591 @ t_step =     4052 Time Avg = 1.990210E-04 Time/step= 1.900000E-04 ETA (HH:MM:SS) = 0:00:00
 [ 73%]  Time step     4054 of 5591 @ t_step =     4053 Time Avg = 1.990188E-04 Time/step= 1.900000E-04 ETA (HH:MM:SS) = 0:00:00
 [ 73%]  Time step     4055 of 5591 @ t_step =     4054 Time Avg = 1.990165E-04 Time/step= 1.900000E-04 ETA (HH:MM:SS) = 0:00:00
 [ 73%]  Time step     4056 of 5591 @ t_step =     4055 Time Avg = 1.990178E-04 Time/step= 2.040000E-04 ETA (HH:MM:SS) = 0:00:00
 [ 73%]  Time step     4057 of 5591 @ t_step =     4056 Time Avg = 1.990155E-04 Time/step= 1.900000E-04 ETA (HH:MM:SS) = 0:00:00
 [ 73%]  Time step     4058 of 5591 @ t_step =     4057 Time Avg = 1.990133E-04 Time/step= 1.900000E-04 ETA (HH:MM:SS) = 0:00:00
 [ 73%]  Time step     4059 of 5591 @ t_step =     4058 Time Avg = 1.990108E-04 Time/step= 1.890000E-04 ETA (HH:MM:SS) = 0:00:00
 [ 73%]  Time step     4060 of 5591 @ t_step =     4059 Time Avg = 1.990086E-04 Time/step= 1.900000E-04 ETA (HH:MM:SS) = 0:00:00
 [ 73%]  Time step     4061 of 5591 @ t_step =     4060 Time Avg = 1.990131E-04 Time/step= 2.170000E-04 ETA (HH:MM:SS) = 0:00:00
 [ 73%]  Time step     4062 of 5591 @ t_step =     4061 Time Avg = 1.990111E-04 Time/step= 1.910000E-04 ETA (HH:MM:SS) = 0:00:00
 [ 73%]  Time step     4063 of 5591 @ t_step =     4062 Time Avg = 1.990089E-04 Time/step= 1.900000E-04 ETA (HH:MM:SS) = 0:00:00
 [ 73%]  Time step     4064 of 5591 @ t_step =     4063 Time Avg = 1.990066E-04 Time/step= 1.900000E-04 ETA (HH:MM:SS) = 0:00:00
 [ 73%]  Time step     4065 of 5591 @ t_step =     4064 Time Avg = 1.990044E-04 Time/step= 1.900000E-04 ETA (HH:MM:SS) = 0:00:00
 [ 73%]  Time step     4066 of 5591 @ t_step =     4065 Time Avg = 1.990094E-04 Time/step= 2.190000E-04 ETA (HH:MM:SS) = 0:00:00
 [ 73%]  Time step     4067 of 5591 @ t_step =     4066 Time Avg = 1.990155E-04 Time/step= 2.240000E-04 ETA (HH:MM:SS) = 0:00:00
 [ 73%]  Time step     4068 of 5591 @ t_step =     4067 Time Avg = 1.990167E-04 Time/step= 2.040000E-04 ETA (HH:MM:SS) = 0:00:00
 [ 73%]  Time step     4069 of 5591 @ t_step =     4068 Time Avg = 1.990145E-04 Time/step= 1.900000E-04 ETA (HH:MM:SS) = 0:00:00
 [ 73%]  Time step     4070 of 5591 @ t_step =     4069 Time Avg = 1.990123E-04 Time/step= 1.900000E-04 ETA (HH:MM:SS) = 0:00:00
 [ 73%]  Time step     4071 of 5591 @ t_step =     4070 Time Avg = 1.990140E-04 Time/step= 2.060000E-04 ETA (HH:MM:SS) = 0:00:00
 [ 73%]  Time step     4072 of 5591 @ t_step =     4071 Time Avg = 1.990118E-04 Time/step= 1.900000E-04 ETA (HH:MM:SS) = 0:00:00
 [ 73%]  Time step     4073 of 5591 @ t_step =     4072 Time Avg = 1.990093E-04 Time/step= 1.890000E-04 ETA (HH:MM:SS) = 0:00:00
 [ 73%]  Time step     4074 of 5591 @ t_step =     4073 Time Avg = 1.990071E-04 Time/step= 1.900000E-04 ETA (HH:MM:SS) = 0:00:00
 [ 73%]  Time step     4075 of 5591 @ t_step =     4074 Time Avg = 1.990047E-04 Time/step= 1.890000E-04 ETA (HH:MM:SS) = 0:00:00
 [ 73%]  Time step     4076 of 5591 @ t_step =     4075 Time Avg = 1.990056E-04 Time/step= 2.030000E-04 ETA (HH:MM:SS) = 0:00:00
 [ 73%]  Time step     4077 of 5591 @ t_step =     4076 Time Avg = 1.990034E-04 Time/step= 1.900000E-04 ETA (HH:MM:SS) = 0:00:00
 [ 73%]  Time step     4078 of 5591 @ t_step =     4077 Time Avg = 1.990010E-04 Time/step= 1.890000E-04 ETA (HH:MM:SS) = 0:00:00
 [ 73%]  Time step     4079 of 5591 @ t_step =     4078 Time Avg = 1.989988E-04 Time/step= 1.900000E-04 ETA (HH:MM:SS) = 0:00:00
 [ 73%]  Time step     4080 of 5591 @ t_step =     4079 Time Avg = 1.989963E-04 Time/step= 1.890000E-04 ETA (HH:MM:SS) = 0:00:00
 [ 73%]  Time step     4081 of 5591 @ t_step =     4080 Time Avg = 1.990000E-04 Time/step= 2.140000E-04 ETA (HH:MM:SS) = 0:00:00
 [ 73%]  Time step     4082 of 5591 @ t_step =     4081 Time Avg = 1.989978E-04 Time/step= 1.900000E-04 ETA (HH:MM:SS) = 0:00:00
 [ 74%]  Time step     4083 of 5591 @ t_step =     4082 Time Avg = 1.989953E-04 Time/step= 1.890000E-04 ETA (HH:MM:SS) = 0:00:00
 [ 74%]  Time step     4084 of 5591 @ t_step =     4083 Time Avg = 1.989931E-04 Time/step= 1.900000E-04 ETA (HH:MM:SS) = 0:00:00
 [ 74%]  Time step     4085 of 5591 @ t_step =     4084 Time Avg = 1.989909E-04 Time/step= 1.900000E-04 ETA (HH:MM:SS) = 0:00:00
 [ 74%]  Time step     4086 of 5591 @ t_step =     4085 Time Avg = 1.989961E-04 Time/step= 2.200000E-04 ETA (HH:MM:SS) = 0:00:00
 [ 74%]  Time step     4087 of 5591 @ t_step =     4086 Time Avg = 1.989976E-04 Time/step= 2.050000E-04 ETA (HH:MM:SS) = 0:00:00
 [ 74%]  Time step     4088 of 5591 @ t_step =     4087 Time Avg = 1.989951E-04 Time/step= 1.890000E-04 ETA (HH:MM:SS) = 0:00:00
 [ 74%]  Time step     4089 of 5591 @ t_step =     4088 Time Avg = 1.989929E-04 Time/step= 1.900000E-04 ETA (HH:MM:SS) = 0:00:00
 [ 74%]  Time step     4090 of 5591 @ t_step =     4089 Time Avg = 1.989924E-04 Time/step= 1.970000E-04 ETA (HH:MM:SS) = 0:00:00
 [ 74%]  Time step     4091 of 5591 @ t_step =     4090 Time Avg = 1.989917E-04 Time/step= 1.960000E-04 ETA (HH:MM:SS) = 0:00:00
 [ 74%]  Time step     4092 of 5591 @ t_step =     4091 Time Avg = 1.989895E-04 Time/step= 1.900000E-04 ETA (HH:MM:SS) = 0:00:00
 [ 74%]  Time step     4093 of 5591 @ t_step =     4092 Time Avg = 1.989873E-04 Time/step= 1.900000E-04 ETA (HH:MM:SS) = 0:00:00
 [ 74%]  Time step     4094 of 5591 @ t_step =     4093 Time Avg = 1.989848E-04 Time/step= 1.890000E-04 ETA (HH:MM:SS) = 0:00:00
 [ 74%]  Time step     4095 of 5591 @ t_step =     4094 Time Avg = 1.989846E-04 Time/step= 1.980000E-04 ETA (HH:MM:SS) = 0:00:00
 [ 74%]  Time step     4096 of 5591 @ t_step =     4095 Time Avg = 1.989829E-04 Time/step= 1.920000E-04 ETA (HH:MM:SS) = 0:00:00
 [ 74%]  Time step     4097 of 5591 @ t_step =     4096 Time Avg = 1.989805E-04 Time/step= 1.890000E-04 ETA (HH:MM:SS) = 0:00:00
 [ 74%]  Time step     4098 of 5591 @ t_step =     4097 Time Avg = 1.989783E-04 Time/step= 1.900000E-04 ETA (HH:MM:SS) = 0:00:00
 [ 74%]  Time step     4099 of 5591 @ t_step =     4098 Time Avg = 1.989758E-04 Time/step= 1.890000E-04 ETA (HH:MM:SS) = 0:00:00
 [ 74%]  Time step     4100 of 5591 @ t_step =     4099 Time Avg = 1.989763E-04 Time/step= 2.010000E-04 ETA (HH:MM:SS) = 0:00:00
 [ 74%]  Time step     4101 of 5591 @ t_step =     4100 Time Avg = 1.989776E-04 Time/step= 2.040000E-04 ETA (HH:MM:SS) = 0:00:00
 [ 74%]  Time step     4102 of 5591 @ t_step =     4101 Time Avg = 1.989754E-04 Time/step= 1.900000E-04 ETA (HH:MM:SS) = 0:00:00
 [ 74%]  Time step     4103 of 5591 @ t_step =     4102 Time Avg = 1.989729E-04 Time/step= 1.890000E-04 ETA (HH:MM:SS) = 0:00:00
 [ 74%]  Time step     4104 of 5591 @ t_step =     4103 Time Avg = 1.989705E-04 Time/step= 1.890000E-04 ETA (HH:MM:SS) = 0:00:00
 [ 74%]  Time step     4105 of 5591 @ t_step =     4104 Time Avg = 1.989742E-04 Time/step= 2.140000E-04 ETA (HH:MM:SS) = 0:00:00
 [ 74%]  Time step     4106 of 5591 @ t_step =     4105 Time Avg = 1.989737E-04 Time/step= 1.970000E-04 ETA (HH:MM:SS) = 0:00:00
 [ 74%]  Time step     4107 of 5591 @ t_step =     4106 Time Avg = 1.989747E-04 Time/step= 2.030000E-04 ETA (HH:MM:SS) = 0:00:00
 [ 74%]  Time step     4108 of 5591 @ t_step =     4107 Time Avg = 1.989722E-04 Time/step= 1.890000E-04 ETA (HH:MM:SS) = 0:00:00
 [ 74%]  Time step     4109 of 5591 @ t_step =     4108 Time Avg = 1.989700E-04 Time/step= 1.900000E-04 ETA (HH:MM:SS) = 0:00:00
 [ 74%]  Time step     4110 of 5591 @ t_step =     4109 Time Avg = 1.989713E-04 Time/step= 2.040000E-04 ETA (HH:MM:SS) = 0:00:00
 [ 74%]  Time step     4111 of 5591 @ t_step =     4110 Time Avg = 1.989693E-04 Time/step= 1.910000E-04 ETA (HH:MM:SS) = 0:00:00
 [ 74%]  Time step     4112 of 5591 @ t_step =     4111 Time Avg = 1.989671E-04 Time/step= 1.900000E-04 ETA (HH:MM:SS) = 0:00:00
 [ 74%]  Time step     4113 of 5591 @ t_step =     4112 Time Avg = 1.989647E-04 Time/step= 1.890000E-04 ETA (HH:MM:SS) = 0:00:00
 [ 74%]  Time step     4114 of 5591 @ t_step =     4113 Time Avg = 1.989625E-04 Time/step= 1.900000E-04 ETA (HH:MM:SS) = 0:00:00
 [ 74%]  Time step     4115 of 5591 @ t_step =     4114 Time Avg = 1.989638E-04 Time/step= 2.040000E-04 ETA (HH:MM:SS) = 0:00:00
 [ 74%]  Time step     4116 of 5591 @ t_step =     4115 Time Avg = 1.989616E-04 Time/step= 1.900000E-04 ETA (HH:MM:SS) = 0:00:00
 [ 74%]  Time step     4117 of 5591 @ t_step =     4116 Time Avg = 1.989592E-04 Time/step= 1.890000E-04 ETA (HH:MM:SS) = 0:00:00
 [ 74%]  Time step     4118 of 5591 @ t_step =     4117 Time Avg = 1.989567E-04 Time/step= 1.890000E-04 ETA (HH:MM:SS) = 0:00:00
 [ 74%]  Time step     4119 of 5591 @ t_step =     4118 Time Avg = 1.989546E-04 Time/step= 1.900000E-04 ETA (HH:MM:SS) = 0:00:00
 [ 74%]  Time step     4120 of 5591 @ t_step =     4119 Time Avg = 1.989580E-04 Time/step= 2.130000E-04 ETA (HH:MM:SS) = 0:00:00
 [ 74%]  Time step     4121 of 5591 @ t_step =     4120 Time Avg = 1.989560E-04 Time/step= 1.910000E-04 ETA (HH:MM:SS) = 0:00:00
 [ 74%]  Time step     4122 of 5591 @ t_step =     4121 Time Avg = 1.989539E-04 Time/step= 1.900000E-04 ETA (HH:MM:SS) = 0:00:00
 [ 74%]  Time step     4123 of 5591 @ t_step =     4122 Time Avg = 1.989517E-04 Time/step= 1.900000E-04 ETA (HH:MM:SS) = 0:00:00
 [ 74%]  Time step     4124 of 5591 @ t_step =     4123 Time Avg = 1.989495E-04 Time/step= 1.900000E-04 ETA (HH:MM:SS) = 0:00:00
 [ 74%]  Time step     4125 of 5591 @ t_step =     4124 Time Avg = 1.989549E-04 Time/step= 2.210000E-04 ETA (HH:MM:SS) = 0:00:00
 [ 74%]  Time step     4126 of 5591 @ t_step =     4125 Time Avg = 1.989544E-04 Time/step= 1.970000E-04 ETA (HH:MM:SS) = 0:00:00
 [ 74%]  Time step     4127 of 5591 @ t_step =     4126 Time Avg = 1.989551E-04 Time/step= 2.020000E-04 ETA (HH:MM:SS) = 0:00:00
 [ 74%]  Time step     4128 of 5591 @ t_step =     4127 Time Avg = 1.989527E-04 Time/step= 1.890000E-04 ETA (HH:MM:SS) = 0:00:00
 [ 74%]  Time step     4129 of 5591 @ t_step =     4128 Time Avg = 1.989503E-04 Time/step= 1.890000E-04 ETA (HH:MM:SS) = 0:00:00
 [ 74%]  Time step     4130 of 5591 @ t_step =     4129 Time Avg = 1.989518E-04 Time/step= 2.050000E-04 ETA (HH:MM:SS) = 0:00:00
 [ 74%]  Time step     4131 of 5591 @ t_step =     4130 Time Avg = 1.989496E-04 Time/step= 1.900000E-04 ETA (HH:MM:SS) = 0:00:00
 [ 74%]  Time step     4132 of 5591 @ t_step =     4131 Time Avg = 1.989474E-04 Time/step= 1.900000E-04 ETA (HH:MM:SS) = 0:00:00
 [ 74%]  Time step     4133 of 5591 @ t_step =     4132 Time Avg = 1.989453E-04 Time/step= 1.900000E-04 ETA (HH:MM:SS) = 0:00:00
 [ 74%]  Time step     4134 of 5591 @ t_step =     4133 Time Avg = 1.989429E-04 Time/step= 1.890000E-04 ETA (HH:MM:SS) = 0:00:00
 [ 74%]  Time step     4135 of 5591 @ t_step =     4134 Time Avg = 1.989439E-04 Time/step= 2.030000E-04 ETA (HH:MM:SS) = 0:00:00
 [ 74%]  Time step     4136 of 5591 @ t_step =     4135 Time Avg = 1.989417E-04 Time/step= 1.900000E-04 ETA (HH:MM:SS) = 0:00:00
 [ 74%]  Time step     4137 of 5591 @ t_step =     4136 Time Avg = 1.989393E-04 Time/step= 1.890000E-04 ETA (HH:MM:SS) = 0:00:00
 [ 74%]  Time step     4138 of 5591 @ t_step =     4137 Time Avg = 1.989369E-04 Time/step= 1.890000E-04 ETA (HH:MM:SS) = 0:00:00
 [ 75%]  Time step     4139 of 5591 @ t_step =     4138 Time Avg = 1.989347E-04 Time/step= 1.900000E-04 ETA (HH:MM:SS) = 0:00:00
 [ 75%]  Time step     4140 of 5591 @ t_step =     4139 Time Avg = 1.989379E-04 Time/step= 2.120000E-04 ETA (HH:MM:SS) = 0:00:00
 [ 75%]  Time step     4141 of 5591 @ t_step =     4140 Time Avg = 1.989357E-04 Time/step= 1.900000E-04 ETA (HH:MM:SS) = 0:00:00
 [ 75%]  Time step     4142 of 5591 @ t_step =     4141 Time Avg = 1.989333E-04 Time/step= 1.890000E-04 ETA (HH:MM:SS) = 0:00:00
 [ 75%]  Time step     4143 of 5591 @ t_step =     4142 Time Avg = 1.989312E-04 Time/step= 1.900000E-04 ETA (HH:MM:SS) = 0:00:00
 [ 75%]  Time step     4144 of 5591 @ t_step =     4143 Time Avg = 1.989288E-04 Time/step= 1.890000E-04 ETA (HH:MM:SS) = 0:00:00
 [ 75%]  Time step     4145 of 5591 @ t_step =     4144 Time Avg = 1.989334E-04 Time/step= 2.180000E-04 ETA (HH:MM:SS) = 0:00:00
 [ 75%]  Time step     4146 of 5591 @ t_step =     4145 Time Avg = 1.989356E-04 Time/step= 2.080000E-04 ETA (HH:MM:SS) = 0:00:00
 [ 75%]  Time step     4147 of 5591 @ t_step =     4146 Time Avg = 1.989332E-04 Time/step= 1.890000E-04 ETA (HH:MM:SS) = 0:00:00
 [ 75%]  Time step     4148 of 5591 @ t_step =     4147 Time Avg = 1.989308E-04 Time/step= 1.890000E-04 ETA (HH:MM:SS) = 0:00:00
 [ 75%]  Time step     4149 of 5591 @ t_step =     4148 Time Avg = 1.989286E-04 Time/step= 1.900000E-04 ETA (HH:MM:SS) = 0:00:00
 [ 75%]  Time step     4150 of 5591 @ t_step =     4149 Time Avg = 1.989301E-04 Time/step= 2.050000E-04 ETA (HH:MM:SS) = 0:00:00
 [ 75%]  Time step     4151 of 5591 @ t_step =     4150 Time Avg = 1.989282E-04 Time/step= 1.910000E-04 ETA (HH:MM:SS) = 0:00:00
 [ 75%]  Time step     4152 of 5591 @ t_step =     4151 Time Avg = 1.989258E-04 Time/step= 1.890000E-04 ETA (HH:MM:SS) = 0:00:00
 [ 75%]  Time step     4153 of 5591 @ t_step =     4152 Time Avg = 1.989234E-04 Time/step= 1.890000E-04 ETA (HH:MM:SS) = 0:00:00
 [ 75%]  Time step     4154 of 5591 @ t_step =     4153 Time Avg = 1.989212E-04 Time/step= 1.900000E-04 ETA (HH:MM:SS) = 0:00:00
 [ 75%]  Time step     4155 of 5591 @ t_step =     4154 Time Avg = 1.989222E-04 Time/step= 2.030000E-04 ETA (HH:MM:SS) = 0:00:00
 [ 75%]  Time step     4156 of 5591 @ t_step =     4155 Time Avg = 1.989201E-04 Time/step= 1.900000E-04 ETA (HH:MM:SS) = 0:00:00
 [ 75%]  Time step     4157 of 5591 @ t_step =     4156 Time Avg = 1.989179E-04 Time/step= 1.900000E-04 ETA (HH:MM:SS) = 0:00:00
 [ 75%]  Time step     4158 of 5591 @ t_step =     4157 Time Avg = 1.989158E-04 Time/step= 1.900000E-04 ETA (HH:MM:SS) = 0:00:00
 [ 75%]  Time step     4159 of 5591 @ t_step =     4158 Time Avg = 1.989136E-04 Time/step= 1.900000E-04 ETA (HH:MM:SS) = 0:00:00
 [ 75%]  Time step     4160 of 5591 @ t_step =     4159 Time Avg = 1.989177E-04 Time/step= 2.160000E-04 ETA (HH:MM:SS) = 0:00:00
 [ 75%]  Time step     4161 of 5591 @ t_step =     4160 Time Avg = 1.989156E-04 Time/step= 1.900000E-04 ETA (HH:MM:SS) = 0:00:00
 [ 75%]  Time step     4162 of 5591 @ t_step =     4161 Time Avg = 1.989134E-04 Time/step= 1.900000E-04 ETA (HH:MM:SS) = 0:00:00
 [ 75%]  Time step     4163 of 5591 @ t_step =     4162 Time Avg = 1.989113E-04 Time/step= 1.900000E-04 ETA (HH:MM:SS) = 0:00:00
 [ 75%]  Time step     4164 of 5591 @ t_step =     4163 Time Avg = 1.989092E-04 Time/step= 1.900000E-04 ETA (HH:MM:SS) = 0:00:00
 [ 75%]  Time step     4165 of 5591 @ t_step =     4164 Time Avg = 1.989140E-04 Time/step= 2.190000E-04 ETA (HH:MM:SS) = 0:00:00
 [ 75%]  Time step     4166 of 5591 @ t_step =     4165 Time Avg = 1.989154E-04 Time/step= 2.050000E-04 ETA (HH:MM:SS) = 0:00:00
 [ 75%]  Time step     4167 of 5591 @ t_step =     4166 Time Avg = 1.989133E-04 Time/step= 1.900000E-04 ETA (HH:MM:SS) = 0:00:00
 [ 75%]  Time step     4168 of 5591 @ t_step =     4167 Time Avg = 1.989109E-04 Time/step= 1.890000E-04 ETA (HH:MM:SS) = 0:00:00
 [ 75%]  Time step     4169 of 5591 @ t_step =     4168 Time Avg = 1.989085E-04 Time/step= 1.890000E-04 ETA (HH:MM:SS) = 0:00:00
 [ 75%]  Time step     4170 of 5591 @ t_step =     4169 Time Avg = 1.989105E-04 Time/step= 2.070000E-04 ETA (HH:MM:SS) = 0:00:00
 [ 75%]  Time step     4171 of 5591 @ t_step =     4170 Time Avg = 1.989115E-04 Time/step= 2.030000E-04 ETA (HH:MM:SS) = 0:00:00
 [ 75%]  Time step     4172 of 5591 @ t_step =     4171 Time Avg = 1.989091E-04 Time/step= 1.890000E-04 ETA (HH:MM:SS) = 0:00:00
 [ 75%]  Time step     4173 of 5591 @ t_step =     4172 Time Avg = 1.989070E-04 Time/step= 1.900000E-04 ETA (HH:MM:SS) = 0:00:00
 [ 75%]  Time step     4174 of 5591 @ t_step =     4173 Time Avg = 1.989077E-04 Time/step= 2.020000E-04 ETA (HH:MM:SS) = 0:00:00
 [ 75%]  Time step     4175 of 5591 @ t_step =     4174 Time Avg = 1.989056E-04 Time/step= 1.900000E-04 ETA (HH:MM:SS) = 0:00:00
 [ 75%]  Time step     4176 of 5591 @ t_step =     4175 Time Avg = 1.989032E-04 Time/step= 1.890000E-04 ETA (HH:MM:SS) = 0:00:00
 [ 75%]  Time step     4177 of 5591 @ t_step =     4176 Time Avg = 1.989011E-04 Time/step= 1.900000E-04 ETA (HH:MM:SS) = 0:00:00
 [ 75%]  Time step     4178 of 5591 @ t_step =     4177 Time Avg = 1.988987E-04 Time/step= 1.890000E-04 ETA (HH:MM:SS) = 0:00:00
 [ 75%]  Time step     4179 of 5591 @ t_step =     4178 Time Avg = 1.989016E-04 Time/step= 2.110000E-04 ETA (HH:MM:SS) = 0:00:00
 [ 75%]  Time step     4180 of 5591 @ t_step =     4179 Time Avg = 1.988999E-04 Time/step= 1.920000E-04 ETA (HH:MM:SS) = 0:00:00
 [ 75%]  Time step     4181 of 5591 @ t_step =     4180 Time Avg = 1.988976E-04 Time/step= 1.890000E-04 ETA (HH:MM:SS) = 0:00:00
 [ 75%]  Time step     4182 of 5591 @ t_step =     4181 Time Avg = 1.988954E-04 Time/step= 1.900000E-04 ETA (HH:MM:SS) = 0:00:00
 [ 75%]  Time step     4183 of 5591 @ t_step =     4182 Time Avg = 1.988931E-04 Time/step= 1.890000E-04 ETA (HH:MM:SS) = 0:00:00
 [ 75%]  Time step     4184 of 5591 @ t_step =     4183 Time Avg = 1.988955E-04 Time/step= 2.090000E-04 ETA (HH:MM:SS) = 0:00:00
 [ 75%]  Time step     4185 of 5591 @ t_step =     4184 Time Avg = 1.988965E-04 Time/step= 2.030000E-04 ETA (HH:MM:SS) = 0:00:00
 [ 75%]  Time step     4186 of 5591 @ t_step =     4185 Time Avg = 1.989034E-04 Time/step= 2.280000E-04 ETA (HH:MM:SS) = 0:00:00
 [ 75%]  Time step     4187 of 5591 @ t_step =     4186 Time Avg = 1.989025E-04 Time/step= 1.950000E-04 ETA (HH:MM:SS) = 0:00:00
 [ 75%]  Time step     4188 of 5591 @ t_step =     4187 Time Avg = 1.989032E-04 Time/step= 2.020000E-04 ETA (HH:MM:SS) = 0:00:00
 [ 75%]  Time step     4189 of 5591 @ t_step =     4188 Time Avg = 1.989097E-04 Time/step= 2.260000E-04 ETA (HH:MM:SS) = 0:00:00
 [ 75%]  Time step     4190 of 5591 @ t_step =     4189 Time Avg = 1.989152E-04 Time/step= 2.220000E-04 ETA (HH:MM:SS) = 0:00:00
 [ 75%]  Time step     4191 of 5591 @ t_step =     4190 Time Avg = 1.989128E-04 Time/step= 1.890000E-04 ETA (HH:MM:SS) = 0:00:00
 [ 75%]  Time step     4192 of 5591 @ t_step =     4191 Time Avg = 1.989107E-04 Time/step= 1.900000E-04 ETA (HH:MM:SS) = 0:00:00
 [ 75%]  Time step     4193 of 5591 @ t_step =     4192 Time Avg = 1.989122E-04 Time/step= 2.050000E-04 ETA (HH:MM:SS) = 0:00:00
 [ 75%]  Time step     4194 of 5591 @ t_step =     4193 Time Avg = 1.989198E-04 Time/step= 2.310000E-04 ETA (HH:MM:SS) = 0:00:00
 [ 76%]  Time step     4195 of 5591 @ t_step =     4194 Time Avg = 1.989215E-04 Time/step= 2.060000E-04 ETA (HH:MM:SS) = 0:00:00
 [ 76%]  Time step     4196 of 5591 @ t_step =     4195 Time Avg = 1.989194E-04 Time/step= 1.900000E-04 ETA (HH:MM:SS) = 0:00:00
 [ 76%]  Time step     4197 of 5591 @ t_step =     4196 Time Avg = 1.989170E-04 Time/step= 1.890000E-04 ETA (HH:MM:SS) = 0:00:00
 [ 76%]  Time step     4198 of 5591 @ t_step =     4197 Time Avg = 1.989201E-04 Time/step= 2.120000E-04 ETA (HH:MM:SS) = 0:00:00
 [ 76%]  Time step     4199 of 5591 @ t_step =     4198 Time Avg = 1.989185E-04 Time/step= 1.920000E-04 ETA (HH:MM:SS) = 0:00:00
 [ 76%]  Time step     4200 of 5591 @ t_step =     4199 Time Avg = 1.989164E-04 Time/step= 1.900000E-04 ETA (HH:MM:SS) = 0:00:00
 [ 76%]  Time step     4201 of 5591 @ t_step =     4200 Time Avg = 1.989173E-04 Time/step= 2.030000E-04 ETA (HH:MM:SS) = 0:00:00
 [ 76%]  Time step     4202 of 5591 @ t_step =     4201 Time Avg = 1.989166E-04 Time/step= 1.960000E-04 ETA (HH:MM:SS) = 0:00:00
 [ 76%]  Time step     4203 of 5591 @ t_step =     4202 Time Avg = 1.989240E-04 Time/step= 2.300000E-04 ETA (HH:MM:SS) = 0:00:00
 [ 76%]  Time step     4204 of 5591 @ t_step =     4203 Time Avg = 1.989236E-04 Time/step= 1.970000E-04 ETA (HH:MM:SS) = 0:00:00
 [ 76%]  Time step     4205 of 5591 @ t_step =     4204 Time Avg = 1.989241E-04 Time/step= 2.010000E-04 ETA (HH:MM:SS) = 0:00:00
 [ 76%]  Time step     4206 of 5591 @ t_step =     4205 Time Avg = 1.989217E-04 Time/step= 1.890000E-04 ETA (HH:MM:SS) = 0:00:00
 [ 76%]  Time step     4207 of 5591 @ t_step =     4206 Time Avg = 1.989194E-04 Time/step= 1.890000E-04 ETA (HH:MM:SS) = 0:00:00
 [ 76%]  Time step     4208 of 5591 @ t_step =     4207 Time Avg = 1.989208E-04 Time/step= 2.050000E-04 ETA (HH:MM:SS) = 0:00:00
 [ 76%]  Time step     4209 of 5591 @ t_step =     4208 Time Avg = 1.989187E-04 Time/step= 1.900000E-04 ETA (HH:MM:SS) = 0:00:00
 [ 76%]  Time step     4210 of 5591 @ t_step =     4209 Time Avg = 1.989166E-04 Time/step= 1.900000E-04 ETA (HH:MM:SS) = 0:00:00
 [ 76%]  Time step     4211 of 5591 @ t_step =     4210 Time Avg = 1.989144E-04 Time/step= 1.900000E-04 ETA (HH:MM:SS) = 0:00:00
 [ 76%]  Time step     4212 of 5591 @ t_step =     4211 Time Avg = 1.989121E-04 Time/step= 1.890000E-04 ETA (HH:MM:SS) = 0:00:00
 [ 76%]  Time step     4213 of 5591 @ t_step =     4212 Time Avg = 1.989133E-04 Time/step= 2.040000E-04 ETA (HH:MM:SS) = 0:00:00
 [ 76%]  Time step     4214 of 5591 @ t_step =     4213 Time Avg = 1.989112E-04 Time/step= 1.900000E-04 ETA (HH:MM:SS) = 0:00:00
 [ 76%]  Time step     4215 of 5591 @ t_step =     4214 Time Avg = 1.989088E-04 Time/step= 1.890000E-04 ETA (HH:MM:SS) = 0:00:00
 [ 76%]  Time step     4216 of 5591 @ t_step =     4215 Time Avg = 1.989065E-04 Time/step= 1.890000E-04 ETA (HH:MM:SS) = 0:00:00
 [ 76%]  Time step     4217 of 5591 @ t_step =     4216 Time Avg = 1.989044E-04 Time/step= 1.900000E-04 ETA (HH:MM:SS) = 0:00:00
 [ 76%]  Time step     4218 of 5591 @ t_step =     4217 Time Avg = 1.989077E-04 Time/step= 2.130000E-04 ETA (HH:MM:SS) = 0:00:00
 [ 76%]  Time step     4219 of 5591 @ t_step =     4218 Time Avg = 1.989056E-04 Time/step= 1.900000E-04 ETA (HH:MM:SS) = 0:00:00
 [ 76%]  Time step     4220 of 5591 @ t_step =     4219 Time Avg = 1.989035E-04 Time/step= 1.900000E-04 ETA (HH:MM:SS) = 0:00:00
 [ 76%]  Time step     4221 of 5591 @ t_step =     4220 Time Avg = 1.989042E-04 Time/step= 2.020000E-04 ETA (HH:MM:SS) = 0:00:00
 [ 76%]  Time step     4222 of 5591 @ t_step =     4221 Time Avg = 1.989066E-04 Time/step= 2.090000E-04 ETA (HH:MM:SS) = 0:00:00
 [ 76%]  Time step     4223 of 5591 @ t_step =     4222 Time Avg = 1.989130E-04 Time/step= 2.260000E-04 ETA (HH:MM:SS) = 0:00:00
 [ 76%]  Time step     4224 of 5591 @ t_step =     4223 Time Avg = 1.989192E-04 Time/step= 2.250000E-04 ETA (HH:MM:SS) = 0:00:00
 [ 76%]  Time step     4225 of 5591 @ t_step =     4224 Time Avg = 1.989171E-04 Time/step= 1.900000E-04 ETA (HH:MM:SS) = 0:00:00
 [ 76%]  Time step     4226 of 5591 @ t_step =     4225 Time Avg = 1.989148E-04 Time/step= 1.890000E-04 ETA (HH:MM:SS) = 0:00:00
 [ 76%]  Time step     4227 of 5591 @ t_step =     4226 Time Avg = 1.989162E-04 Time/step= 2.050000E-04 ETA (HH:MM:SS) = 0:00:00
 [ 76%]  Time step     4228 of 5591 @ t_step =     4227 Time Avg = 1.989143E-04 Time/step= 1.910000E-04 ETA (HH:MM:SS) = 0:00:00
 [ 76%]  Time step     4229 of 5591 @ t_step =     4228 Time Avg = 1.989120E-04 Time/step= 1.890000E-04 ETA (HH:MM:SS) = 0:00:00
 [ 76%]  Time step     4230 of 5591 @ t_step =     4229 Time Avg = 1.989099E-04 Time/step= 1.900000E-04 ETA (HH:MM:SS) = 0:00:00
 [ 76%]  Time step     4231 of 5591 @ t_step =     4230 Time Avg = 1.989075E-04 Time/step= 1.890000E-04 ETA (HH:MM:SS) = 0:00:00
 [ 76%]  Time step     4232 of 5591 @ t_step =     4231 Time Avg = 1.989083E-04 Time/step= 2.020000E-04 ETA (HH:MM:SS) = 0:00:00
 [ 76%]  Time step     4233 of 5591 @ t_step =     4232 Time Avg = 1.989064E-04 Time/step= 1.910000E-04 ETA (HH:MM:SS) = 0:00:00
 [ 76%]  Time step     4234 of 5591 @ t_step =     4233 Time Avg = 1.989043E-04 Time/step= 1.900000E-04 ETA (HH:MM:SS) = 0:00:00
 [ 76%]  Time step     4235 of 5591 @ t_step =     4234 Time Avg = 1.989019E-04 Time/step= 1.890000E-04 ETA (HH:MM:SS) = 0:00:00
 [ 76%]  Time step     4236 of 5591 @ t_step =     4235 Time Avg = 1.988998E-04 Time/step= 1.900000E-04 ETA (HH:MM:SS) = 0:00:00
 [ 76%]  Time step     4237 of 5591 @ t_step =     4236 Time Avg = 1.989015E-04 Time/step= 2.060000E-04 ETA (HH:MM:SS) = 0:00:00
 [ 76%]  Time step     4238 of 5591 @ t_step =     4237 Time Avg = 1.989001E-04 Time/step= 1.930000E-04 ETA (HH:MM:SS) = 0:00:00
 [ 76%]  Time step     4239 of 5591 @ t_step =     4238 Time Avg = 1.988978E-04 Time/step= 1.890000E-04 ETA (HH:MM:SS) = 0:00:00
 [ 76%]  Time step     4240 of 5591 @ t_step =     4239 Time Avg = 1.988957E-04 Time/step= 1.900000E-04 ETA (HH:MM:SS) = 0:00:00
 [ 76%]  Time step     4241 of 5591 @ t_step =     4240 Time Avg = 1.988933E-04 Time/step= 1.890000E-04 ETA (HH:MM:SS) = 0:00:00
 [ 76%]  Time step     4242 of 5591 @ t_step =     4241 Time Avg = 1.988969E-04 Time/step= 2.140000E-04 ETA (HH:MM:SS) = 0:00:00
 [ 76%]  Time step     4243 of 5591 @ t_step =     4242 Time Avg = 1.988965E-04 Time/step= 1.970000E-04 ETA (HH:MM:SS) = 0:00:00
 [ 76%]  Time step     4244 of 5591 @ t_step =     4243 Time Avg = 1.988972E-04 Time/step= 2.020000E-04 ETA (HH:MM:SS) = 0:00:00
 [ 76%]  Time step     4245 of 5591 @ t_step =     4244 Time Avg = 1.988949E-04 Time/step= 1.890000E-04 ETA (HH:MM:SS) = 0:00:00
 [ 76%]  Time step     4246 of 5591 @ t_step =     4245 Time Avg = 1.988928E-04 Time/step= 1.900000E-04 ETA (HH:MM:SS) = 0:00:00
 [ 76%]  Time step     4247 of 5591 @ t_step =     4246 Time Avg = 1.988966E-04 Time/step= 2.150000E-04 ETA (HH:MM:SS) = 0:00:00
 [ 76%]  Time step     4248 of 5591 @ t_step =     4247 Time Avg = 1.988945E-04 Time/step= 1.900000E-04 ETA (HH:MM:SS) = 0:00:00
 [ 76%]  Time step     4249 of 5591 @ t_step =     4248 Time Avg = 1.988924E-04 Time/step= 1.900000E-04 ETA (HH:MM:SS) = 0:00:00
 [ 76%]  Time step     4250 of 5591 @ t_step =     4249 Time Avg = 1.988903E-04 Time/step= 1.900000E-04 ETA (HH:MM:SS) = 0:00:00
 [ 77%]  Time step     4251 of 5591 @ t_step =     4250 Time Avg = 1.988879E-04 Time/step= 1.890000E-04 ETA (HH:MM:SS) = 0:00:00
 [ 77%]  Time step     4252 of 5591 @ t_step =     4251 Time Avg = 1.988894E-04 Time/step= 2.050000E-04 ETA (HH:MM:SS) = 0:00:00
 [ 77%]  Time step     4253 of 5591 @ t_step =     4252 Time Avg = 1.988875E-04 Time/step= 1.910000E-04 ETA (HH:MM:SS) = 0:00:00
 [ 77%]  Time step     4254 of 5591 @ t_step =     4253 Time Avg = 1.988852E-04 Time/step= 1.890000E-04 ETA (HH:MM:SS) = 0:00:00
 [ 77%]  Time step     4255 of 5591 @ t_step =     4254 Time Avg = 1.988829E-04 Time/step= 1.890000E-04 ETA (HH:MM:SS) = 0:00:00
 [ 77%]  Time step     4256 of 5591 @ t_step =     4255 Time Avg = 1.988806E-04 Time/step= 1.890000E-04 ETA (HH:MM:SS) = 0:00:00
 [ 77%]  Time step     4257 of 5591 @ t_step =     4256 Time Avg = 1.988855E-04 Time/step= 2.200000E-04 ETA (HH:MM:SS) = 0:00:00
 [ 77%]  Time step     4258 of 5591 @ t_step =     4257 Time Avg = 1.988834E-04 Time/step= 1.900000E-04 ETA (HH:MM:SS) = 0:00:00
 [ 77%]  Time step     4259 of 5591 @ t_step =     4258 Time Avg = 1.988811E-04 Time/step= 1.890000E-04 ETA (HH:MM:SS) = 0:00:00
 [ 77%]  Time step     4260 of 5591 @ t_step =     4259 Time Avg = 1.988816E-04 Time/step= 2.010000E-04 ETA (HH:MM:SS) = 0:00:00
 [ 77%]  Time step     4261 of 5591 @ t_step =     4260 Time Avg = 1.988809E-04 Time/step= 1.960000E-04 ETA (HH:MM:SS) = 0:00:00
 [ 77%]  Time step     4262 of 5591 @ t_step =     4261 Time Avg = 1.988875E-04 Time/step= 2.270000E-04 ETA (HH:MM:SS) = 0:00:00
 [ 77%]  Time step     4263 of 5591 @ t_step =     4262 Time Avg = 1.988892E-04 Time/step= 2.060000E-04 ETA (HH:MM:SS) = 0:00:00
 [ 77%]  Time step     4264 of 5591 @ t_step =     4263 Time Avg = 1.988869E-04 Time/step= 1.890000E-04 ETA (HH:MM:SS) = 0:00:00
 [ 77%]  Time step     4265 of 5591 @ t_step =     4264 Time Avg = 1.988848E-04 Time/step= 1.900000E-04 ETA (HH:MM:SS) = 0:00:00
 [ 77%]  Time step     4266 of 5591 @ t_step =     4265 Time Avg = 1.988825E-04 Time/step= 1.890000E-04 ETA (HH:MM:SS) = 0:00:00
 [ 77%]  Time step     4267 of 5591 @ t_step =     4266 Time Avg = 1.988837E-04 Time/step= 2.040000E-04 ETA (HH:MM:SS) = 0:00:00
 [ 77%]  Time step     4268 of 5591 @ t_step =     4267 Time Avg = 1.988816E-04 Time/step= 1.900000E-04 ETA (HH:MM:SS) = 0:00:00
 [ 77%]  Time step     4269 of 5591 @ t_step =     4268 Time Avg = 1.988793E-04 Time/step= 1.890000E-04 ETA (HH:MM:SS) = 0:00:00
 [ 77%]  Time step     4270 of 5591 @ t_step =     4269 Time Avg = 1.988770E-04 Time/step= 1.890000E-04 ETA (HH:MM:SS) = 0:00:00
 [ 77%]  Time step     4271 of 5591 @ t_step =     4270 Time Avg = 1.988749E-04 Time/step= 1.900000E-04 ETA (HH:MM:SS) = 0:00:00
 [ 77%]  Time step     4272 of 5591 @ t_step =     4271 Time Avg = 1.988756E-04 Time/step= 2.020000E-04 ETA (HH:MM:SS) = 0:00:00
 [ 77%]  Time step     4273 of 5591 @ t_step =     4272 Time Avg = 1.988735E-04 Time/step= 1.900000E-04 ETA (HH:MM:SS) = 0:00:00
 [ 77%]  Time step     4274 of 5591 @ t_step =     4273 Time Avg = 1.988715E-04 Time/step= 1.900000E-04 ETA (HH:MM:SS) = 0:00:00
 [ 77%]  Time step     4275 of 5591 @ t_step =     4274 Time Avg = 1.988691E-04 Time/step= 1.890000E-04 ETA (HH:MM:SS) = 0:00:00
 [ 77%]  Time step     4276 of 5591 @ t_step =     4275 Time Avg = 1.988671E-04 Time/step= 1.900000E-04 ETA (HH:MM:SS) = 0:00:00
 [ 77%]  Time step     4277 of 5591 @ t_step =     4276 Time Avg = 1.988718E-04 Time/step= 2.190000E-04 ETA (HH:MM:SS) = 0:00:00
 [ 77%]  Time step     4278 of 5591 @ t_step =     4277 Time Avg = 1.988697E-04 Time/step= 1.900000E-04 ETA (HH:MM:SS) = 0:00:00
 [ 77%]  Time step     4279 of 5591 @ t_step =     4278 Time Avg = 1.988674E-04 Time/step= 1.890000E-04 ETA (HH:MM:SS) = 0:00:00
 [ 77%]  Time step     4280 of 5591 @ t_step =     4279 Time Avg = 1.988651E-04 Time/step= 1.890000E-04 ETA (HH:MM:SS) = 0:00:00
 [ 77%]  Time step     4281 of 5591 @ t_step =     4280 Time Avg = 1.988630E-04 Time/step= 1.900000E-04 ETA (HH:MM:SS) = 0:00:00
 [ 77%]  Time step     4282 of 5591 @ t_step =     4281 Time Avg = 1.988689E-04 Time/step= 2.240000E-04 ETA (HH:MM:SS) = 0:00:00
 [ 77%]  Time step     4283 of 5591 @ t_step =     4282 Time Avg = 1.988703E-04 Time/step= 2.050000E-04 ETA (HH:MM:SS) = 0:00:00
 [ 77%]  Time step     4284 of 5591 @ t_step =     4283 Time Avg = 1.988683E-04 Time/step= 1.900000E-04 ETA (HH:MM:SS) = 0:00:00
 [ 77%]  Time step     4285 of 5591 @ t_step =     4284 Time Avg = 1.988660E-04 Time/step= 1.890000E-04 ETA (HH:MM:SS) = 0:00:00
 [ 77%]  Time step     4286 of 5591 @ t_step =     4285 Time Avg = 1.988662E-04 Time/step= 2.000000E-04 ETA (HH:MM:SS) = 0:00:00
 [ 77%]  Time step     4287 of 5591 @ t_step =     4286 Time Avg = 1.988651E-04 Time/step= 1.940000E-04 ETA (HH:MM:SS) = 0:00:00
 [ 77%]  Time step     4288 of 5591 @ t_step =     4287 Time Avg = 1.988630E-04 Time/step= 1.900000E-04 ETA (HH:MM:SS) = 0:00:00
 [ 77%]  Time step     4289 of 5591 @ t_step =     4288 Time Avg = 1.988607E-04 Time/step= 1.890000E-04 ETA (HH:MM:SS) = 0:00:00
 [ 77%]  Time step     4290 of 5591 @ t_step =     4289 Time Avg = 1.988586E-04 Time/step= 1.900000E-04 ETA (HH:MM:SS) = 0:00:00
 [ 77%]  Time step     4291 of 5591 @ t_step =     4290 Time Avg = 1.988594E-04 Time/step= 2.020000E-04 ETA (HH:MM:SS) = 0:00:00
 [ 77%]  Time step     4292 of 5591 @ t_step =     4291 Time Avg = 1.988578E-04 Time/step= 1.920000E-04 ETA (HH:MM:SS) = 0:00:00
 [ 77%]  Time step     4293 of 5591 @ t_step =     4292 Time Avg = 1.988557E-04 Time/step= 1.900000E-04 ETA (HH:MM:SS) = 0:00:00
 [ 77%]  Time step     4294 of 5591 @ t_step =     4293 Time Avg = 1.988536E-04 Time/step= 1.900000E-04 ETA (HH:MM:SS) = 0:00:00
 [ 77%]  Time step     4295 of 5591 @ t_step =     4294 Time Avg = 1.988516E-04 Time/step= 1.900000E-04 ETA (HH:MM:SS) = 0:00:00
 [ 77%]  Time step     4296 of 5591 @ t_step =     4295 Time Avg = 1.988526E-04 Time/step= 2.030000E-04 ETA (HH:MM:SS) = 0:00:00
 [ 77%]  Time step     4297 of 5591 @ t_step =     4296 Time Avg = 1.988537E-04 Time/step= 2.040000E-04 ETA (HH:MM:SS) = 0:00:00
 [ 77%]  Time step     4298 of 5591 @ t_step =     4297 Time Avg = 1.988515E-04 Time/step= 1.890000E-04 ETA (HH:MM:SS) = 0:00:00
 [ 77%]  Time step     4299 of 5591 @ t_step =     4298 Time Avg = 1.988492E-04 Time/step= 1.890000E-04 ETA (HH:MM:SS) = 0:00:00
 [ 77%]  Time step     4300 of 5591 @ t_step =     4299 Time Avg = 1.988469E-04 Time/step= 1.890000E-04 ETA (HH:MM:SS) = 0:00:00
 [ 77%]  Time step     4301 of 5591 @ t_step =     4300 Time Avg = 1.988534E-04 Time/step= 2.270000E-04 ETA (HH:MM:SS) = 0:00:00
 [ 77%]  Time step     4302 of 5591 @ t_step =     4301 Time Avg = 1.988590E-04 Time/step= 2.230000E-04 ETA (HH:MM:SS) = 0:00:00
 [ 77%]  Time step     4303 of 5591 @ t_step =     4302 Time Avg = 1.988651E-04 Time/step= 2.250000E-04 ETA (HH:MM:SS) = 0:00:00
 [ 77%]  Time step     4304 of 5591 @ t_step =     4303 Time Avg = 1.988631E-04 Time/step= 1.900000E-04 ETA (HH:MM:SS) = 0:00:00
 [ 77%]  Time step     4305 of 5591 @ t_step =     4304 Time Avg = 1.988610E-04 Time/step= 1.900000E-04 ETA (HH:MM:SS) = 0:00:00
 [ 77%]  Time step     4306 of 5591 @ t_step =     4305 Time Avg = 1.988636E-04 Time/step= 2.100000E-04 ETA (HH:MM:SS) = 0:00:00
 [ 78%]  Time step     4307 of 5591 @ t_step =     4306 Time Avg = 1.988615E-04 Time/step= 1.900000E-04 ETA (HH:MM:SS) = 0:00:00
 [ 78%]  Time step     4308 of 5591 @ t_step =     4307 Time Avg = 1.988592E-04 Time/step= 1.890000E-04 ETA (HH:MM:SS) = 0:00:00
 [ 78%]  Time step     4309 of 5591 @ t_step =     4308 Time Avg = 1.988569E-04 Time/step= 1.890000E-04 ETA (HH:MM:SS) = 0:00:00
 [ 78%]  Time step     4310 of 5591 @ t_step =     4309 Time Avg = 1.988547E-04 Time/step= 1.890000E-04 ETA (HH:MM:SS) = 0:00:00
 [ 78%]  Time step     4311 of 5591 @ t_step =     4310 Time Avg = 1.988565E-04 Time/step= 2.070000E-04 ETA (HH:MM:SS) = 0:00:00
 [ 78%]  Time step     4312 of 5591 @ t_step =     4311 Time Avg = 1.988545E-04 Time/step= 1.900000E-04 ETA (HH:MM:SS) = 0:00:00
 [ 78%]  Time step     4313 of 5591 @ t_step =     4312 Time Avg = 1.988524E-04 Time/step= 1.900000E-04 ETA (HH:MM:SS) = 0:00:00
 [ 78%]  Time step     4314 of 5591 @ t_step =     4313 Time Avg = 1.988502E-04 Time/step= 1.890000E-04 ETA (HH:MM:SS) = 0:00:00
 [ 78%]  Time step     4315 of 5591 @ t_step =     4314 Time Avg = 1.988479E-04 Time/step= 1.890000E-04 ETA (HH:MM:SS) = 0:00:00
 [ 78%]  Time step     4316 of 5591 @ t_step =     4315 Time Avg = 1.988525E-04 Time/step= 2.190000E-04 ETA (HH:MM:SS) = 0:00:00
 [ 78%]  Time step     4317 of 5591 @ t_step =     4316 Time Avg = 1.988505E-04 Time/step= 1.900000E-04 ETA (HH:MM:SS) = 0:00:00
 [ 78%]  Time step     4318 of 5591 @ t_step =     4317 Time Avg = 1.988484E-04 Time/step= 1.900000E-04 ETA (HH:MM:SS) = 0:00:00
 [ 78%]  Time step     4319 of 5591 @ t_step =     4318 Time Avg = 1.988464E-04 Time/step= 1.900000E-04 ETA (HH:MM:SS) = 0:00:00
 [ 78%]  Time step     4320 of 5591 @ t_step =     4319 Time Avg = 1.988441E-04 Time/step= 1.890000E-04 ETA (HH:MM:SS) = 0:00:00
 [ 78%]  Time step     4321 of 5591 @ t_step =     4320 Time Avg = 1.988488E-04 Time/step= 2.190000E-04 ETA (HH:MM:SS) = 0:00:00
 [ 78%]  Time step     4322 of 5591 @ t_step =     4321 Time Avg = 1.988502E-04 Time/step= 2.050000E-04 ETA (HH:MM:SS) = 0:00:00
 [ 78%]  Time step     4323 of 5591 @ t_step =     4322 Time Avg = 1.988479E-04 Time/step= 1.890000E-04 ETA (HH:MM:SS) = 0:00:00
 [ 78%]  Time step     4324 of 5591 @ t_step =     4323 Time Avg = 1.988459E-04 Time/step= 1.900000E-04 ETA (HH:MM:SS) = 0:00:00
 [ 78%]  Time step     4325 of 5591 @ t_step =     4324 Time Avg = 1.988438E-04 Time/step= 1.900000E-04 ETA (HH:MM:SS) = 0:00:00
 [ 78%]  Time step     4326 of 5591 @ t_step =     4325 Time Avg = 1.988462E-04 Time/step= 2.090000E-04 ETA (HH:MM:SS) = 0:00:00
 [ 78%]  Time step     4327 of 5591 @ t_step =     4326 Time Avg = 1.988441E-04 Time/step= 1.900000E-04 ETA (HH:MM:SS) = 0:00:00
 [ 78%]  Time step     4328 of 5591 @ t_step =     4327 Time Avg = 1.988421E-04 Time/step= 1.900000E-04 ETA (HH:MM:SS) = 0:00:00
 [ 78%]  Time step     4329 of 5591 @ t_step =     4328 Time Avg = 1.988398E-04 Time/step= 1.890000E-04 ETA (HH:MM:SS) = 0:00:00
 [ 78%]  Time step     4330 of 5591 @ t_step =     4329 Time Avg = 1.988378E-04 Time/step= 1.900000E-04 ETA (HH:MM:SS) = 0:00:00
 [ 78%]  Time step     4331 of 5591 @ t_step =     4330 Time Avg = 1.988380E-04 Time/step= 2.000000E-04 ETA (HH:MM:SS) = 0:00:00
 [ 78%]  Time step     4332 of 5591 @ t_step =     4331 Time Avg = 1.988360E-04 Time/step= 1.900000E-04 ETA (HH:MM:SS) = 0:00:00
 [ 78%]  Time step     4333 of 5591 @ t_step =     4332 Time Avg = 1.988339E-04 Time/step= 1.900000E-04 ETA (HH:MM:SS) = 0:00:00
 [ 78%]  Time step     4334 of 5591 @ t_step =     4333 Time Avg = 1.988319E-04 Time/step= 1.900000E-04 ETA (HH:MM:SS) = 0:00:00
 [ 78%]  Time step     4335 of 5591 @ t_step =     4334 Time Avg = 1.988296E-04 Time/step= 1.890000E-04 ETA (HH:MM:SS) = 0:00:00
 [ 78%]  Time step     4336 of 5591 @ t_step =     4335 Time Avg = 1.988318E-04 Time/step= 2.080000E-04 ETA (HH:MM:SS) = 0:00:00
 [ 78%]  Time step     4337 of 5591 @ t_step =     4336 Time Avg = 1.988297E-04 Time/step= 1.900000E-04 ETA (HH:MM:SS) = 0:00:00
 [ 78%]  Time step     4338 of 5591 @ t_step =     4337 Time Avg = 1.988277E-04 Time/step= 1.900000E-04 ETA (HH:MM:SS) = 0:00:00
 [ 78%]  Time step     4339 of 5591 @ t_step =     4338 Time Avg = 1.988256E-04 Time/step= 1.900000E-04 ETA (HH:MM:SS) = 0:00:00
 [ 78%]  Time step     4340 of 5591 @ t_step =     4339 Time Avg = 1.988275E-04 Time/step= 2.070000E-04 ETA (HH:MM:SS) = 0:00:00
 [ 78%]  Time step     4341 of 5591 @ t_step =     4340 Time Avg = 1.988269E-04 Time/step= 1.960000E-04 ETA (HH:MM:SS) = 0:00:00
 [ 78%]  Time step     4342 of 5591 @ t_step =     4341 Time Avg = 1.988281E-04 Time/step= 2.040000E-04 ETA (HH:MM:SS) = 0:00:00
 [ 78%]  Time step     4343 of 5591 @ t_step =     4342 Time Avg = 1.988260E-04 Time/step= 1.900000E-04 ETA (HH:MM:SS) = 0:00:00
 [ 78%]  Time step     4344 of 5591 @ t_step =     4343 Time Avg = 1.988238E-04 Time/step= 1.890000E-04 ETA (HH:MM:SS) = 0:00:00
 [ 78%]  Time step     4345 of 5591 @ t_step =     4344 Time Avg = 1.988250E-04 Time/step= 2.040000E-04 ETA (HH:MM:SS) = 0:00:00
 [ 78%]  Time step     4346 of 5591 @ t_step =     4345 Time Avg = 1.988229E-04 Time/step= 1.900000E-04 ETA (HH:MM:SS) = 0:00:00
 [ 78%]  Time step     4347 of 5591 @ t_step =     4346 Time Avg = 1.988207E-04 Time/step= 1.890000E-04 ETA (HH:MM:SS) = 0:00:00
 [ 78%]  Time step     4348 of 5591 @ t_step =     4347 Time Avg = 1.988186E-04 Time/step= 1.900000E-04 ETA (HH:MM:SS) = 0:00:00
 [ 78%]  Time step     4349 of 5591 @ t_step =     4348 Time Avg = 1.988166E-04 Time/step= 1.900000E-04 ETA (HH:MM:SS) = 0:00:00
 [ 78%]  Time step     4350 of 5591 @ t_step =     4349 Time Avg = 1.988176E-04 Time/step= 2.030000E-04 ETA (HH:MM:SS) = 0:00:00
 [ 78%]  Time step     4351 of 5591 @ t_step =     4350 Time Avg = 1.988158E-04 Time/step= 1.910000E-04 ETA (HH:MM:SS) = 0:00:00
 [ 78%]  Time step     4352 of 5591 @ t_step =     4351 Time Avg = 1.988156E-04 Time/step= 1.980000E-04 ETA (HH:MM:SS) = 0:00:00
 [ 78%]  Time step     4353 of 5591 @ t_step =     4352 Time Avg = 1.988149E-04 Time/step= 1.960000E-04 ETA (HH:MM:SS) = 0:00:00
 [ 78%]  Time step     4354 of 5591 @ t_step =     4353 Time Avg = 1.988143E-04 Time/step= 1.960000E-04 ETA (HH:MM:SS) = 0:00:00
 [ 78%]  Time step     4355 of 5591 @ t_step =     4354 Time Avg = 1.988208E-04 Time/step= 2.270000E-04 ETA (HH:MM:SS) = 0:00:00
 [ 78%]  Time step     4356 of 5591 @ t_step =     4355 Time Avg = 1.988204E-04 Time/step= 1.970000E-04 ETA (HH:MM:SS) = 0:00:00
 [ 78%]  Time step     4357 of 5591 @ t_step =     4356 Time Avg = 1.988199E-04 Time/step= 1.970000E-04 ETA (HH:MM:SS) = 0:00:00
 [ 78%]  Time step     4358 of 5591 @ t_step =     4357 Time Avg = 1.988193E-04 Time/step= 1.960000E-04 ETA (HH:MM:SS) = 0:00:00
 [ 78%]  Time step     4359 of 5591 @ t_step =     4358 Time Avg = 1.988186E-04 Time/step= 1.960000E-04 ETA (HH:MM:SS) = 0:00:00
 [ 78%]  Time step     4360 of 5591 @ t_step =     4359 Time Avg = 1.988235E-04 Time/step= 2.200000E-04 ETA (HH:MM:SS) = 0:00:00
 [ 78%]  Time step     4361 of 5591 @ t_step =     4360 Time Avg = 1.988231E-04 Time/step= 1.970000E-04 ETA (HH:MM:SS) = 0:00:00
 [ 79%]  Time step     4362 of 5591 @ t_step =     4361 Time Avg = 1.988224E-04 Time/step= 1.960000E-04 ETA (HH:MM:SS) = 0:00:00
 [ 79%]  Time step     4363 of 5591 @ t_step =     4362 Time Avg = 1.988218E-04 Time/step= 1.960000E-04 ETA (HH:MM:SS) = 0:00:00
 [ 79%]  Time step     4364 of 5591 @ t_step =     4363 Time Avg = 1.988211E-04 Time/step= 1.960000E-04 ETA (HH:MM:SS) = 0:00:00
 [ 79%]  Time step     4365 of 5591 @ t_step =     4364 Time Avg = 1.988242E-04 Time/step= 2.120000E-04 ETA (HH:MM:SS) = 0:00:00
 [ 79%]  Time step     4366 of 5591 @ t_step =     4365 Time Avg = 1.988272E-04 Time/step= 2.120000E-04 ETA (HH:MM:SS) = 0:00:00
 [ 79%]  Time step     4367 of 5591 @ t_step =     4366 Time Avg = 1.988307E-04 Time/step= 2.140000E-04 ETA (HH:MM:SS) = 0:00:00
 [ 79%]  Time step     4368 of 5591 @ t_step =     4367 Time Avg = 1.988300E-04 Time/step= 1.960000E-04 ETA (HH:MM:SS) = 0:00:00
 [ 79%]  Time step     4369 of 5591 @ t_step =     4368 Time Avg = 1.988365E-04 Time/step= 2.270000E-04 ETA (HH:MM:SS) = 0:00:00
 [ 79%]  Time step     4370 of 5591 @ t_step =     4369 Time Avg = 1.988379E-04 Time/step= 2.050000E-04 ETA (HH:MM:SS) = 0:00:00
 [ 79%]  Time step     4371 of 5591 @ t_step =     4370 Time Avg = 1.988409E-04 Time/step= 2.120000E-04 ETA (HH:MM:SS) = 0:00:00
 [ 79%]  Time step     4372 of 5591 @ t_step =     4371 Time Avg = 1.988386E-04 Time/step= 1.890000E-04 ETA (HH:MM:SS) = 0:00:00
 [ 79%]  Time step     4373 of 5591 @ t_step =     4372 Time Avg = 1.988366E-04 Time/step= 1.900000E-04 ETA (HH:MM:SS) = 0:00:00
 [ 79%]  Time step     4374 of 5591 @ t_step =     4373 Time Avg = 1.988469E-04 Time/step= 2.440000E-04 ETA (HH:MM:SS) = 0:00:00
 [ 79%]  Time step     4375 of 5591 @ t_step =     4374 Time Avg = 1.988561E-04 Time/step= 2.390000E-04 ETA (HH:MM:SS) = 0:00:00
 [ 79%]  Time step     4376 of 5591 @ t_step =     4375 Time Avg = 1.988594E-04 Time/step= 2.130000E-04 ETA (HH:MM:SS) = 0:00:00
 [ 79%]  Time step     4377 of 5591 @ t_step =     4376 Time Avg = 1.988608E-04 Time/step= 2.050000E-04 ETA (HH:MM:SS) = 0:00:00
 [ 79%]  Time step     4378 of 5591 @ t_step =     4377 Time Avg = 1.988651E-04 Time/step= 2.180000E-04 ETA (HH:MM:SS) = 0:00:00
 [ 79%]  Time step     4379 of 5591 @ t_step =     4378 Time Avg = 1.988686E-04 Time/step= 2.140000E-04 ETA (HH:MM:SS) = 0:00:00
 [ 79%]  Time step     4380 of 5591 @ t_step =     4379 Time Avg = 1.988746E-04 Time/step= 2.250000E-04 ETA (HH:MM:SS) = 0:00:00
 [ 79%]  Time step     4381 of 5591 @ t_step =     4380 Time Avg = 1.988769E-04 Time/step= 2.090000E-04 ETA (HH:MM:SS) = 0:00:00
 [ 79%]  Time step     4382 of 5591 @ t_step =     4381 Time Avg = 1.988781E-04 Time/step= 2.040000E-04 ETA (HH:MM:SS) = 0:00:00
 [ 79%]  Time step     4383 of 5591 @ t_step =     4382 Time Avg = 1.988836E-04 Time/step= 2.230000E-04 ETA (HH:MM:SS) = 0:00:00
 [ 79%]  Time step     4384 of 5591 @ t_step =     4383 Time Avg = 1.988829E-04 Time/step= 1.960000E-04 ETA (HH:MM:SS) = 0:00:00
 [ 79%]  Time step     4385 of 5591 @ t_step =     4384 Time Avg = 1.988822E-04 Time/step= 1.960000E-04 ETA (HH:MM:SS) = 0:00:00
 [ 79%]  Time step     4386 of 5591 @ t_step =     4385 Time Avg = 1.988832E-04 Time/step= 2.030000E-04 ETA (HH:MM:SS) = 0:00:00
 [ 79%]  Time step     4387 of 5591 @ t_step =     4386 Time Avg = 1.988812E-04 Time/step= 1.900000E-04 ETA (HH:MM:SS) = 0:00:00
 [ 79%]  Time step     4388 of 5591 @ t_step =     4387 Time Avg = 1.988823E-04 Time/step= 2.040000E-04 ETA (HH:MM:SS) = 0:00:00
 [ 79%]  Time step     4389 of 5591 @ t_step =     4388 Time Avg = 1.988803E-04 Time/step= 1.900000E-04 ETA (HH:MM:SS) = 0:00:00
 [ 79%]  Time step     4390 of 5591 @ t_step =     4389 Time Avg = 1.988783E-04 Time/step= 1.900000E-04 ETA (HH:MM:SS) = 0:00:00
 [ 79%]  Time step     4391 of 5591 @ t_step =     4390 Time Avg = 1.988763E-04 Time/step= 1.900000E-04 ETA (HH:MM:SS) = 0:00:00
 [ 79%]  Time step     4392 of 5591 @ t_step =     4391 Time Avg = 1.988740E-04 Time/step= 1.890000E-04 ETA (HH:MM:SS) = 0:00:00
 [ 79%]  Time step     4393 of 5591 @ t_step =     4392 Time Avg = 1.988950E-04 Time/step= 2.910000E-04 ETA (HH:MM:SS) = 0:00:00
 [ 79%]  Time step     4394 of 5591 @ t_step =     4393 Time Avg = 1.989091E-04 Time/step= 2.610000E-04 ETA (HH:MM:SS) = 0:00:00
 [ 79%]  Time step     4395 of 5591 @ t_step =     4394 Time Avg = 1.989071E-04 Time/step= 1.900000E-04 ETA (HH:MM:SS) = 0:00:00
 [ 79%]  Time step     4396 of 5591 @ t_step =     4395 Time Avg = 1.989048E-04 Time/step= 1.890000E-04 ETA (HH:MM:SS) = 0:00:00
 [ 79%]  Time step     4397 of 5591 @ t_step =     4396 Time Avg = 1.989101E-04 Time/step= 2.220000E-04 ETA (HH:MM:SS) = 0:00:00
 [ 79%]  Time step     4398 of 5591 @ t_step =     4397 Time Avg = 1.989117E-04 Time/step= 2.060000E-04 ETA (HH:MM:SS) = 0:00:00
 [ 79%]  Time step     4399 of 5591 @ t_step =     4398 Time Avg = 1.989097E-04 Time/step= 1.900000E-04 ETA (HH:MM:SS) = 0:00:00
 [ 79%]  Time step     4400 of 5591 @ t_step =     4399 Time Avg = 1.989077E-04 Time/step= 1.900000E-04 ETA (HH:MM:SS) = 0:00:00
 [ 79%]  Time step     4401 of 5591 @ t_step =     4400 Time Avg = 1.989056E-04 Time/step= 1.900000E-04 ETA (HH:MM:SS) = 0:00:00
 [ 79%]  Time step     4402 of 5591 @ t_step =     4401 Time Avg = 1.989068E-04 Time/step= 2.040000E-04 ETA (HH:MM:SS) = 0:00:00
 [ 79%]  Time step     4403 of 5591 @ t_step =     4402 Time Avg = 1.989048E-04 Time/step= 1.900000E-04 ETA (HH:MM:SS) = 0:00:00
 [ 79%]  Time step     4404 of 5591 @ t_step =     4403 Time Avg = 1.989059E-04 Time/step= 2.040000E-04 ETA (HH:MM:SS) = 0:00:00
 [ 79%]  Time step     4405 of 5591 @ t_step =     4404 Time Avg = 1.989050E-04 Time/step= 1.950000E-04 ETA (HH:MM:SS) = 0:00:00
 [ 79%]  Time step     4406 of 5591 @ t_step =     4405 Time Avg = 1.989119E-04 Time/step= 2.290000E-04 ETA (HH:MM:SS) = 0:00:00
 [ 79%]  Time step     4407 of 5591 @ t_step =     4406 Time Avg = 1.989198E-04 Time/step= 2.340000E-04 ETA (HH:MM:SS) = 0:00:00
 [ 79%]  Time step     4408 of 5591 @ t_step =     4407 Time Avg = 1.989260E-04 Time/step= 2.260000E-04 ETA (HH:MM:SS) = 0:00:00
 [ 79%]  Time step     4409 of 5591 @ t_step =     4408 Time Avg = 1.989253E-04 Time/step= 1.960000E-04 ETA (HH:MM:SS) = 0:00:00
 [ 79%]  Time step     4410 of 5591 @ t_step =     4409 Time Avg = 1.989256E-04 Time/step= 2.000000E-04 ETA (HH:MM:SS) = 0:00:00
 [ 79%]  Time step     4411 of 5591 @ t_step =     4410 Time Avg = 1.989326E-04 Time/step= 2.300000E-04 ETA (HH:MM:SS) = 0:00:00
 [ 79%]  Time step     4412 of 5591 @ t_step =     4411 Time Avg = 1.989340E-04 Time/step= 2.050000E-04 ETA (HH:MM:SS) = 0:00:00
 [ 79%]  Time step     4413 of 5591 @ t_step =     4412 Time Avg = 1.989349E-04 Time/step= 2.030000E-04 ETA (HH:MM:SS) = 0:00:00
 [ 79%]  Time step     4414 of 5591 @ t_step =     4413 Time Avg = 1.989417E-04 Time/step= 2.290000E-04 ETA (HH:MM:SS) = 0:00:00
 [ 79%]  Time step     4415 of 5591 @ t_step =     4414 Time Avg = 1.989603E-04 Time/step= 2.810000E-04 ETA (HH:MM:SS) = 0:00:00
 [ 79%]  Time step     4416 of 5591 @ t_step =     4415 Time Avg = 1.989633E-04 Time/step= 2.120000E-04 ETA (HH:MM:SS) = 0:00:00
 [ 79%]  Time step     4417 of 5591 @ t_step =     4416 Time Avg = 1.989635E-04 Time/step= 2.000000E-04 ETA (HH:MM:SS) = 0:00:00
 [ 80%]  Time step     4418 of 5591 @ t_step =     4417 Time Avg = 1.989615E-04 Time/step= 1.900000E-04 ETA (HH:MM:SS) = 0:00:00
 [ 80%]  Time step     4419 of 5591 @ t_step =     4418 Time Avg = 1.989592E-04 Time/step= 1.890000E-04 ETA (HH:MM:SS) = 0:00:00
 [ 80%]  Time step     4420 of 5591 @ t_step =     4419 Time Avg = 1.989656E-04 Time/step= 2.270000E-04 ETA (HH:MM:SS) = 0:00:00
 [ 80%]  Time step     4421 of 5591 @ t_step =     4420 Time Avg = 1.989672E-04 Time/step= 2.060000E-04 ETA (HH:MM:SS) = 0:00:00
 [ 80%]  Time step     4422 of 5591 @ t_step =     4421 Time Avg = 1.989652E-04 Time/step= 1.900000E-04 ETA (HH:MM:SS) = 0:00:00
 [ 80%]  Time step     4423 of 5591 @ t_step =     4422 Time Avg = 1.989629E-04 Time/step= 1.890000E-04 ETA (HH:MM:SS) = 0:00:00
 [ 80%]  Time step     4424 of 5591 @ t_step =     4423 Time Avg = 1.989606E-04 Time/step= 1.890000E-04 ETA (HH:MM:SS) = 0:00:00
 [ 80%]  Time step     4425 of 5591 @ t_step =     4424 Time Avg = 1.989618E-04 Time/step= 2.040000E-04 ETA (HH:MM:SS) = 0:00:00
 [ 80%]  Time step     4426 of 5591 @ t_step =     4425 Time Avg = 1.989598E-04 Time/step= 1.900000E-04 ETA (HH:MM:SS) = 0:00:00
 [ 80%]  Time step     4427 of 5591 @ t_step =     4426 Time Avg = 1.989577E-04 Time/step= 1.900000E-04 ETA (HH:MM:SS) = 0:00:00
 [ 80%]  Time step     4428 of 5591 @ t_step =     4427 Time Avg = 1.989555E-04 Time/step= 1.890000E-04 ETA (HH:MM:SS) = 0:00:00
 [ 80%]  Time step     4429 of 5591 @ t_step =     4428 Time Avg = 1.989532E-04 Time/step= 1.890000E-04 ETA (HH:MM:SS) = 0:00:00
 [ 80%]  Time step     4430 of 5591 @ t_step =     4429 Time Avg = 1.989564E-04 Time/step= 2.130000E-04 ETA (HH:MM:SS) = 0:00:00
 [ 80%]  Time step     4431 of 5591 @ t_step =     4430 Time Avg = 1.989544E-04 Time/step= 1.900000E-04 ETA (HH:MM:SS) = 0:00:00
 [ 80%]  Time step     4432 of 5591 @ t_step =     4431 Time Avg = 1.989521E-04 Time/step= 1.890000E-04 ETA (HH:MM:SS) = 0:00:00
 [ 80%]  Time step     4433 of 5591 @ t_step =     4432 Time Avg = 1.989499E-04 Time/step= 1.890000E-04 ETA (HH:MM:SS) = 0:00:00
 [ 80%]  Time step     4434 of 5591 @ t_step =     4433 Time Avg = 1.989479E-04 Time/step= 1.900000E-04 ETA (HH:MM:SS) = 0:00:00
 [ 80%]  Time step     4435 of 5591 @ t_step =     4434 Time Avg = 1.989528E-04 Time/step= 2.210000E-04 ETA (HH:MM:SS) = 0:00:00
 [ 80%]  Time step     4436 of 5591 @ t_step =     4435 Time Avg = 1.989542E-04 Time/step= 2.050000E-04 ETA (HH:MM:SS) = 0:00:00
 [ 80%]  Time step     4437 of 5591 @ t_step =     4436 Time Avg = 1.989522E-04 Time/step= 1.900000E-04 ETA (HH:MM:SS) = 0:00:00
 [ 80%]  Time step     4438 of 5591 @ t_step =     4437 Time Avg = 1.989502E-04 Time/step= 1.900000E-04 ETA (HH:MM:SS) = 0:00:00
 [ 80%]  Time step     4439 of 5591 @ t_step =     4438 Time Avg = 1.989518E-04 Time/step= 2.060000E-04 ETA (HH:MM:SS) = 0:00:00
 [ 80%]  Time step     4440 of 5591 @ t_step =     4439 Time Avg = 1.989502E-04 Time/step= 1.920000E-04 ETA (HH:MM:SS) = 0:00:00
 [ 80%]  Time step     4441 of 5591 @ t_step =     4440 Time Avg = 1.989482E-04 Time/step= 1.900000E-04 ETA (HH:MM:SS) = 0:00:00
 [ 80%]  Time step     4442 of 5591 @ t_step =     4441 Time Avg = 1.989462E-04 Time/step= 1.900000E-04 ETA (HH:MM:SS) = 0:00:00
 [ 80%]  Time step     4443 of 5591 @ t_step =     4442 Time Avg = 1.989439E-04 Time/step= 1.890000E-04 ETA (HH:MM:SS) = 0:00:00
 [ 80%]  Time step     4444 of 5591 @ t_step =     4443 Time Avg = 1.989451E-04 Time/step= 2.040000E-04 ETA (HH:MM:SS) = 0:00:00
 [ 80%]  Time step     4445 of 5591 @ t_step =     4444 Time Avg = 1.989433E-04 Time/step= 1.910000E-04 ETA (HH:MM:SS) = 0:00:00
 [ 80%]  Time step     4446 of 5591 @ t_step =     4445 Time Avg = 1.989410E-04 Time/step= 1.890000E-04 ETA (HH:MM:SS) = 0:00:00
 [ 80%]  Time step     4447 of 5591 @ t_step =     4446 Time Avg = 1.989390E-04 Time/step= 1.900000E-04 ETA (HH:MM:SS) = 0:00:00
 [ 80%]  Time step     4448 of 5591 @ t_step =     4447 Time Avg = 1.989370E-04 Time/step= 1.900000E-04 ETA (HH:MM:SS) = 0:00:00
 [ 80%]  Time step     4449 of 5591 @ t_step =     4448 Time Avg = 1.989388E-04 Time/step= 2.070000E-04 ETA (HH:MM:SS) = 0:00:00
 [ 80%]  Time step     4450 of 5591 @ t_step =     4449 Time Avg = 1.989373E-04 Time/step= 1.920000E-04 ETA (HH:MM:SS) = 0:00:00
 [ 80%]  Time step     4451 of 5591 @ t_step =     4450 Time Avg = 1.989353E-04 Time/step= 1.900000E-04 ETA (HH:MM:SS) = 0:00:00
 [ 80%]  Time step     4452 of 5591 @ t_step =     4451 Time Avg = 1.989330E-04 Time/step= 1.890000E-04 ETA (HH:MM:SS) = 0:00:00
 [ 80%]  Time step     4453 of 5591 @ t_step =     4452 Time Avg = 1.989308E-04 Time/step= 1.890000E-04 ETA (HH:MM:SS) = 0:00:00
 [ 80%]  Time step     4454 of 5591 @ t_step =     4453 Time Avg = 1.989346E-04 Time/step= 2.160000E-04 ETA (HH:MM:SS) = 0:00:00
 [ 80%]  Time step     4455 of 5591 @ t_step =     4454 Time Avg = 1.989342E-04 Time/step= 1.970000E-04 ETA (HH:MM:SS) = 0:00:00
 [ 80%]  Time step     4456 of 5591 @ t_step =     4455 Time Avg = 1.989349E-04 Time/step= 2.020000E-04 ETA (HH:MM:SS) = 0:00:00
 [ 80%]  Time step     4457 of 5591 @ t_step =     4456 Time Avg = 1.989329E-04 Time/step= 1.900000E-04 ETA (HH:MM:SS) = 0:00:00
 [ 80%]  Time step     4458 of 5591 @ t_step =     4457 Time Avg = 1.989309E-04 Time/step= 1.900000E-04 ETA (HH:MM:SS) = 0:00:00
 [ 80%]  Time step     4459 of 5591 @ t_step =     4458 Time Avg = 1.989336E-04 Time/step= 2.110000E-04 ETA (HH:MM:SS) = 0:00:00
 [ 80%]  Time step     4460 of 5591 @ t_step =     4459 Time Avg = 1.989318E-04 Time/step= 1.910000E-04 ETA (HH:MM:SS) = 0:00:00
 [ 80%]  Time step     4461 of 5591 @ t_step =     4460 Time Avg = 1.989298E-04 Time/step= 1.900000E-04 ETA (HH:MM:SS) = 0:00:00
 [ 80%]  Time step     4462 of 5591 @ t_step =     4461 Time Avg = 1.989276E-04 Time/step= 1.890000E-04 ETA (HH:MM:SS) = 0:00:00
 [ 80%]  Time step     4463 of 5591 @ t_step =     4462 Time Avg = 1.989256E-04 Time/step= 1.900000E-04 ETA (HH:MM:SS) = 0:00:00
 [ 80%]  Time step     4464 of 5591 @ t_step =     4463 Time Avg = 1.989271E-04 Time/step= 2.060000E-04 ETA (HH:MM:SS) = 0:00:00
 [ 80%]  Time step     4465 of 5591 @ t_step =     4464 Time Avg = 1.989251E-04 Time/step= 1.900000E-04 ETA (HH:MM:SS) = 0:00:00
 [ 80%]  Time step     4466 of 5591 @ t_step =     4465 Time Avg = 1.989231E-04 Time/step= 1.900000E-04 ETA (HH:MM:SS) = 0:00:00
 [ 80%]  Time step     4467 of 5591 @ t_step =     4466 Time Avg = 1.989211E-04 Time/step= 1.900000E-04 ETA (HH:MM:SS) = 0:00:00
 [ 80%]  Time step     4468 of 5591 @ t_step =     4467 Time Avg = 1.989189E-04 Time/step= 1.890000E-04 ETA (HH:MM:SS) = 0:00:00
 [ 80%]  Time step     4469 of 5591 @ t_step =     4468 Time Avg = 1.989232E-04 Time/step= 2.180000E-04 ETA (HH:MM:SS) = 0:00:00
 [ 80%]  Time step     4470 of 5591 @ t_step =     4469 Time Avg = 1.989212E-04 Time/step= 1.900000E-04 ETA (HH:MM:SS) = 0:00:00
 [ 80%]  Time step     4471 of 5591 @ t_step =     4470 Time Avg = 1.989190E-04 Time/step= 1.890000E-04 ETA (HH:MM:SS) = 0:00:00
 [ 80%]  Time step     4472 of 5591 @ t_step =     4471 Time Avg = 1.989170E-04 Time/step= 1.900000E-04 ETA (HH:MM:SS) = 0:00:00
 [ 80%]  Time step     4473 of 5591 @ t_step =     4472 Time Avg = 1.989148E-04 Time/step= 1.890000E-04 ETA (HH:MM:SS) = 0:00:00
 [ 81%]  Time step     4474 of 5591 @ t_step =     4473 Time Avg = 1.989193E-04 Time/step= 2.190000E-04 ETA (HH:MM:SS) = 0:00:00
 [ 81%]  Time step     4475 of 5591 @ t_step =     4474 Time Avg = 1.989188E-04 Time/step= 1.970000E-04 ETA (HH:MM:SS) = 0:00:00
 [ 81%]  Time step     4476 of 5591 @ t_step =     4475 Time Avg = 1.989193E-04 Time/step= 2.010000E-04 ETA (HH:MM:SS) = 0:00:00
 [ 81%]  Time step     4477 of 5591 @ t_step =     4476 Time Avg = 1.989171E-04 Time/step= 1.890000E-04 ETA (HH:MM:SS) = 0:00:00
 [ 81%]  Time step     4478 of 5591 @ t_step =     4477 Time Avg = 1.989149E-04 Time/step= 1.890000E-04 ETA (HH:MM:SS) = 0:00:00
 [ 81%]  Time step     4479 of 5591 @ t_step =     4478 Time Avg = 1.989171E-04 Time/step= 2.090000E-04 ETA (HH:MM:SS) = 0:00:00
 [ 81%]  Time step     4480 of 5591 @ t_step =     4479 Time Avg = 1.989151E-04 Time/step= 1.900000E-04 ETA (HH:MM:SS) = 0:00:00
 [ 81%]  Time step     4481 of 5591 @ t_step =     4480 Time Avg = 1.989129E-04 Time/step= 1.890000E-04 ETA (HH:MM:SS) = 0:00:00
 [ 81%]  Time step     4482 of 5591 @ t_step =     4481 Time Avg = 1.989107E-04 Time/step= 1.890000E-04 ETA (HH:MM:SS) = 0:00:00
 [ 81%]  Time step     4483 of 5591 @ t_step =     4482 Time Avg = 1.989087E-04 Time/step= 1.900000E-04 ETA (HH:MM:SS) = 0:00:00
 [ 81%]  Time step     4484 of 5591 @ t_step =     4483 Time Avg = 1.989105E-04 Time/step= 2.070000E-04 ETA (HH:MM:SS) = 0:00:00
 [ 81%]  Time step     4485 of 5591 @ t_step =     4484 Time Avg = 1.989085E-04 Time/step= 1.900000E-04 ETA (HH:MM:SS) = 0:00:00
 [ 81%]  Time step     4486 of 5591 @ t_step =     4485 Time Avg = 1.989063E-04 Time/step= 1.890000E-04 ETA (HH:MM:SS) = 0:00:00
 [ 81%]  Time step     4487 of 5591 @ t_step =     4486 Time Avg = 1.989041E-04 Time/step= 1.890000E-04 ETA (HH:MM:SS) = 0:00:00
 [ 81%]  Time step     4488 of 5591 @ t_step =     4487 Time Avg = 1.989021E-04 Time/step= 1.900000E-04 ETA (HH:MM:SS) = 0:00:00
 [ 81%]  Time step     4489 of 5591 @ t_step =     4488 Time Avg = 1.989075E-04 Time/step= 2.230000E-04 ETA (HH:MM:SS) = 0:00:00
 [ 81%]  Time step     4490 of 5591 @ t_step =     4489 Time Avg = 1.989055E-04 Time/step= 1.900000E-04 ETA (HH:MM:SS) = 0:00:00
 [ 81%]  Time step     4491 of 5591 @ t_step =     4490 Time Avg = 1.989033E-04 Time/step= 1.890000E-04 ETA (HH:MM:SS) = 0:00:00
 [ 81%]  Time step     4492 of 5591 @ t_step =     4491 Time Avg = 1.989013E-04 Time/step= 1.900000E-04 ETA (HH:MM:SS) = 0:00:00
 [ 81%]  Time step     4493 of 5591 @ t_step =     4492 Time Avg = 1.988993E-04 Time/step= 1.900000E-04 ETA (HH:MM:SS) = 0:00:00
 [ 81%]  Time step     4494 of 5591 @ t_step =     4493 Time Avg = 1.989056E-04 Time/step= 2.270000E-04 ETA (HH:MM:SS) = 0:00:00
 [ 81%]  Time step     4495 of 5591 @ t_step =     4494 Time Avg = 1.989105E-04 Time/step= 2.210000E-04 ETA (HH:MM:SS) = 0:00:00
 [ 81%]  Time step     4496 of 5591 @ t_step =     4495 Time Avg = 1.989083E-04 Time/step= 1.890000E-04 ETA (HH:MM:SS) = 0:00:00
 [ 81%]  Time step     4497 of 5591 @ t_step =     4496 Time Avg = 1.989061E-04 Time/step= 1.890000E-04 ETA (HH:MM:SS) = 0:00:00
 [ 81%]  Time step     4498 of 5591 @ t_step =     4497 Time Avg = 1.989075E-04 Time/step= 2.050000E-04 ETA (HH:MM:SS) = 0:00:00
 [ 81%]  Time step     4499 of 5591 @ t_step =     4498 Time Avg = 1.989084E-04 Time/step= 2.030000E-04 ETA (HH:MM:SS) = 0:00:00
 [ 81%]  Time step     4500 of 5591 @ t_step =     4499 Time Avg = 1.989064E-04 Time/step= 1.900000E-04 ETA (HH:MM:SS) = 0:00:00
 [ 81%]  Time step     4501 of 5591 @ t_step =     4500 Time Avg = 1.989042E-04 Time/step= 1.890000E-04 ETA (HH:MM:SS) = 0:00:00
 [ 81%]  Time step     4502 of 5591 @ t_step =     4501 Time Avg = 1.989022E-04 Time/step= 1.900000E-04 ETA (HH:MM:SS) = 0:00:00
 [ 81%]  Time step     4503 of 5591 @ t_step =     4502 Time Avg = 1.989038E-04 Time/step= 2.060000E-04 ETA (HH:MM:SS) = 0:00:00
 [ 81%]  Time step     4504 of 5591 @ t_step =     4503 Time Avg = 1.989020E-04 Time/step= 1.910000E-04 ETA (HH:MM:SS) = 0:00:00
 [ 81%]  Time step     4505 of 5591 @ t_step =     4504 Time Avg = 1.989000E-04 Time/step= 1.900000E-04 ETA (HH:MM:SS) = 0:00:00
 [ 81%]  Time step     4506 of 5591 @ t_step =     4505 Time Avg = 1.988981E-04 Time/step= 1.900000E-04 ETA (HH:MM:SS) = 0:00:00
 [ 81%]  Time step     4507 of 5591 @ t_step =     4506 Time Avg = 1.988959E-04 Time/step= 1.890000E-04 ETA (HH:MM:SS) = 0:00:00
 [ 81%]  Time step     4508 of 5591 @ t_step =     4507 Time Avg = 1.988992E-04 Time/step= 2.140000E-04 ETA (HH:MM:SS) = 0:00:00
 [ 81%]  Time step     4509 of 5591 @ t_step =     4508 Time Avg = 1.988977E-04 Time/step= 1.920000E-04 ETA (HH:MM:SS) = 0:00:00
 [ 81%]  Time step     4510 of 5591 @ t_step =     4509 Time Avg = 1.988957E-04 Time/step= 1.900000E-04 ETA (HH:MM:SS) = 0:00:00
 [ 81%]  Time step     4511 of 5591 @ t_step =     4510 Time Avg = 1.988937E-04 Time/step= 1.900000E-04 ETA (HH:MM:SS) = 0:00:00
 [ 81%]  Time step     4512 of 5591 @ t_step =     4511 Time Avg = 1.988918E-04 Time/step= 1.900000E-04 ETA (HH:MM:SS) = 0:00:00
 [ 81%]  Time step     4513 of 5591 @ t_step =     4512 Time Avg = 1.988962E-04 Time/step= 2.190000E-04 ETA (HH:MM:SS) = 0:00:00
 [ 81%]  Time step     4514 of 5591 @ t_step =     4513 Time Avg = 1.988958E-04 Time/step= 1.970000E-04 ETA (HH:MM:SS) = 0:00:00
 [ 81%]  Time step     4515 of 5591 @ t_step =     4514 Time Avg = 1.988963E-04 Time/step= 2.010000E-04 ETA (HH:MM:SS) = 0:00:00
 [ 81%]  Time step     4516 of 5591 @ t_step =     4515 Time Avg = 1.988943E-04 Time/step= 1.900000E-04 ETA (HH:MM:SS) = 0:00:00
 [ 81%]  Time step     4517 of 5591 @ t_step =     4516 Time Avg = 1.988923E-04 Time/step= 1.900000E-04 ETA (HH:MM:SS) = 0:00:00
 [ 81%]  Time step     4518 of 5591 @ t_step =     4517 Time Avg = 1.988946E-04 Time/step= 2.090000E-04 ETA (HH:MM:SS) = 0:00:00
 [ 81%]  Time step     4519 of 5591 @ t_step =     4518 Time Avg = 1.988926E-04 Time/step= 1.900000E-04 ETA (HH:MM:SS) = 0:00:00
 [ 81%]  Time step     4520 of 5591 @ t_step =     4519 Time Avg = 1.988904E-04 Time/step= 1.890000E-04 ETA (HH:MM:SS) = 0:00:00
 [ 81%]  Time step     4521 of 5591 @ t_step =     4520 Time Avg = 1.988884E-04 Time/step= 1.900000E-04 ETA (HH:MM:SS) = 0:00:00
 [ 81%]  Time step     4522 of 5591 @ t_step =     4521 Time Avg = 1.988865E-04 Time/step= 1.900000E-04 ETA (HH:MM:SS) = 0:00:00
 [ 81%]  Time step     4523 of 5591 @ t_step =     4522 Time Avg = 1.988887E-04 Time/step= 2.090000E-04 ETA (HH:MM:SS) = 0:00:00
 [ 81%]  Time step     4524 of 5591 @ t_step =     4523 Time Avg = 1.988868E-04 Time/step= 1.900000E-04 ETA (HH:MM:SS) = 0:00:00
 [ 81%]  Time step     4525 of 5591 @ t_step =     4524 Time Avg = 1.988848E-04 Time/step= 1.900000E-04 ETA (HH:MM:SS) = 0:00:00
 [ 81%]  Time step     4526 of 5591 @ t_step =     4525 Time Avg = 1.988828E-04 Time/step= 1.900000E-04 ETA (HH:MM:SS) = 0:00:00
 [ 81%]  Time step     4527 of 5591 @ t_step =     4526 Time Avg = 1.988809E-04 Time/step= 1.900000E-04 ETA (HH:MM:SS) = 0:00:00
 [ 81%]  Time step     4528 of 5591 @ t_step =     4527 Time Avg = 1.988844E-04 Time/step= 2.150000E-04 ETA (HH:MM:SS) = 0:00:00
 [ 81%]  Time step     4529 of 5591 @ t_step =     4528 Time Avg = 1.988825E-04 Time/step= 1.900000E-04 ETA (HH:MM:SS) = 0:00:00
 [ 82%]  Time step     4530 of 5591 @ t_step =     4529 Time Avg = 1.988805E-04 Time/step= 1.900000E-04 ETA (HH:MM:SS) = 0:00:00
 [ 82%]  Time step     4531 of 5591 @ t_step =     4530 Time Avg = 1.988785E-04 Time/step= 1.900000E-04 ETA (HH:MM:SS) = 0:00:00
 [ 82%]  Time step     4532 of 5591 @ t_step =     4531 Time Avg = 1.988764E-04 Time/step= 1.890000E-04 ETA (HH:MM:SS) = 0:00:00
 [ 82%]  Time step     4533 of 5591 @ t_step =     4532 Time Avg = 1.988812E-04 Time/step= 2.210000E-04 ETA (HH:MM:SS) = 0:00:00
 [ 82%]  Time step     4534 of 5591 @ t_step =     4533 Time Avg = 1.988830E-04 Time/step= 2.070000E-04 ETA (HH:MM:SS) = 0:00:00
 [ 82%]  Time step     4535 of 5591 @ t_step =     4534 Time Avg = 1.988808E-04 Time/step= 1.890000E-04 ETA (HH:MM:SS) = 0:00:00
 [ 82%]  Time step     4536 of 5591 @ t_step =     4535 Time Avg = 1.988789E-04 Time/step= 1.900000E-04 ETA (HH:MM:SS) = 0:00:00
 [ 82%]  Time step     4537 of 5591 @ t_step =     4536 Time Avg = 1.988769E-04 Time/step= 1.900000E-04 ETA (HH:MM:SS) = 0:00:00
 [ 82%]  Time step     4538 of 5591 @ t_step =     4537 Time Avg = 1.988787E-04 Time/step= 2.070000E-04 ETA (HH:MM:SS) = 0:00:00
 [ 82%]  Time step     4539 of 5591 @ t_step =     4538 Time Avg = 1.988768E-04 Time/step= 1.900000E-04 ETA (HH:MM:SS) = 0:00:00
 [ 82%]  Time step     4540 of 5591 @ t_step =     4539 Time Avg = 1.988748E-04 Time/step= 1.900000E-04 ETA (HH:MM:SS) = 0:00:00
 [ 82%]  Time step     4541 of 5591 @ t_step =     4540 Time Avg = 1.988729E-04 Time/step= 1.900000E-04 ETA (HH:MM:SS) = 0:00:00
 [ 82%]  Time step     4542 of 5591 @ t_step =     4541 Time Avg = 1.988707E-04 Time/step= 1.890000E-04 ETA (HH:MM:SS) = 0:00:00
 [ 82%]  Time step     4543 of 5591 @ t_step =     4542 Time Avg = 1.988720E-04 Time/step= 2.050000E-04 ETA (HH:MM:SS) = 0:00:00
 [ 82%]  Time step     4544 of 5591 @ t_step =     4543 Time Avg = 1.988701E-04 Time/step= 1.900000E-04 ETA (HH:MM:SS) = 0:00:00
 [ 82%]  Time step     4545 of 5591 @ t_step =     4544 Time Avg = 1.988679E-04 Time/step= 1.890000E-04 ETA (HH:MM:SS) = 0:00:00
 [ 82%]  Time step     4546 of 5591 @ t_step =     4545 Time Avg = 1.988657E-04 Time/step= 1.890000E-04 ETA (HH:MM:SS) = 0:00:00
 [ 82%]  Time step     4547 of 5591 @ t_step =     4546 Time Avg = 1.988675E-04 Time/step= 2.070000E-04 ETA (HH:MM:SS) = 0:00:00
 [ 82%]  Time step     4548 of 5591 @ t_step =     4547 Time Avg = 1.988746E-04 Time/step= 2.310000E-04 ETA (HH:MM:SS) = 0:00:00
 [ 82%]  Time step     4549 of 5591 @ t_step =     4548 Time Avg = 1.988726E-04 Time/step= 1.900000E-04 ETA (HH:MM:SS) = 0:00:00
 [ 82%]  Time step     4550 of 5591 @ t_step =     4549 Time Avg = 1.988705E-04 Time/step= 1.890000E-04 ETA (HH:MM:SS) = 0:00:00
 [ 82%]  Time step     4551 of 5591 @ t_step =     4550 Time Avg = 1.988685E-04 Time/step= 1.900000E-04 ETA (HH:MM:SS) = 0:00:00
 [ 82%]  Time step     4552 of 5591 @ t_step =     4551 Time Avg = 1.988679E-04 Time/step= 1.960000E-04 ETA (HH:MM:SS) = 0:00:00
 [ 82%]  Time step     4553 of 5591 @ t_step =     4552 Time Avg = 1.988697E-04 Time/step= 2.070000E-04 ETA (HH:MM:SS) = 0:00:00
 [ 82%]  Time step     4554 of 5591 @ t_step =     4553 Time Avg = 1.988708E-04 Time/step= 2.040000E-04 ETA (HH:MM:SS) = 0:00:00
 [ 82%]  Time step     4555 of 5591 @ t_step =     4554 Time Avg = 1.988688E-04 Time/step= 1.900000E-04 ETA (HH:MM:SS) = 0:00:00
 [ 82%]  Time step     4556 of 5591 @ t_step =     4555 Time Avg = 1.988667E-04 Time/step= 1.890000E-04 ETA (HH:MM:SS) = 0:00:00
 [ 82%]  Time step     4557 of 5591 @ t_step =     4556 Time Avg = 1.988682E-04 Time/step= 2.060000E-04 ETA (HH:MM:SS) = 0:00:00
 [ 82%]  Time step     4558 of 5591 @ t_step =     4557 Time Avg = 1.988665E-04 Time/step= 1.910000E-04 ETA (HH:MM:SS) = 0:00:00
 [ 82%]  Time step     4559 of 5591 @ t_step =     4558 Time Avg = 1.988646E-04 Time/step= 1.900000E-04 ETA (HH:MM:SS) = 0:00:00
 [ 82%]  Time step     4560 of 5591 @ t_step =     4559 Time Avg = 1.988626E-04 Time/step= 1.900000E-04 ETA (HH:MM:SS) = 0:00:00
 [ 82%]  Time step     4561 of 5591 @ t_step =     4560 Time Avg = 1.988607E-04 Time/step= 1.900000E-04 ETA (HH:MM:SS) = 0:00:00
 [ 82%]  Time step     4562 of 5591 @ t_step =     4561 Time Avg = 1.988625E-04 Time/step= 2.070000E-04 ETA (HH:MM:SS) = 0:00:00
 [ 82%]  Time step     4563 of 5591 @ t_step =     4562 Time Avg = 1.988605E-04 Time/step= 1.900000E-04 ETA (HH:MM:SS) = 0:00:00
 [ 82%]  Time step     4564 of 5591 @ t_step =     4563 Time Avg = 1.988584E-04 Time/step= 1.890000E-04 ETA (HH:MM:SS) = 0:00:00
 [ 82%]  Time step     4565 of 5591 @ t_step =     4564 Time Avg = 1.988562E-04 Time/step= 1.890000E-04 ETA (HH:MM:SS) = 0:00:00
 [ 82%]  Time step     4566 of 5591 @ t_step =     4565 Time Avg = 1.988543E-04 Time/step= 1.900000E-04 ETA (HH:MM:SS) = 0:00:00
 [ 82%]  Time step     4567 of 5591 @ t_step =     4566 Time Avg = 1.988571E-04 Time/step= 2.120000E-04 ETA (HH:MM:SS) = 0:00:00
 [ 82%]  Time step     4568 of 5591 @ t_step =     4567 Time Avg = 1.988552E-04 Time/step= 1.900000E-04 ETA (HH:MM:SS) = 0:00:00
 [ 82%]  Time step     4569 of 5591 @ t_step =     4568 Time Avg = 1.988533E-04 Time/step= 1.900000E-04 ETA (HH:MM:SS) = 0:00:00
 [ 82%]  Time step     4570 of 5591 @ t_step =     4569 Time Avg = 1.988513E-04 Time/step= 1.900000E-04 ETA (HH:MM:SS) = 0:00:00
 [ 82%]  Time step     4571 of 5591 @ t_step =     4570 Time Avg = 1.988494E-04 Time/step= 1.900000E-04 ETA (HH:MM:SS) = 0:00:00
 [ 82%]  Time step     4572 of 5591 @ t_step =     4571 Time Avg = 1.988542E-04 Time/step= 2.210000E-04 ETA (HH:MM:SS) = 0:00:00
 [ 82%]  Time step     4573 of 5591 @ t_step =     4572 Time Avg = 1.988538E-04 Time/step= 1.970000E-04 ETA (HH:MM:SS) = 0:00:00
 [ 82%]  Time step     4574 of 5591 @ t_step =     4573 Time Avg = 1.988543E-04 Time/step= 2.010000E-04 ETA (HH:MM:SS) = 0:00:00
 [ 82%]  Time step     4575 of 5591 @ t_step =     4574 Time Avg = 1.988521E-04 Time/step= 1.890000E-04 ETA (HH:MM:SS) = 0:00:00
 [ 82%]  Time step     4576 of 5591 @ t_step =     4575 Time Avg = 1.988502E-04 Time/step= 1.900000E-04 ETA (HH:MM:SS) = 0:00:00
 [ 82%]  Time step     4577 of 5591 @ t_step =     4576 Time Avg = 1.988522E-04 Time/step= 2.080000E-04 ETA (HH:MM:SS) = 0:00:00
 [ 82%]  Time step     4578 of 5591 @ t_step =     4577 Time Avg = 1.988503E-04 Time/step= 1.900000E-04 ETA (HH:MM:SS) = 0:00:00
 [ 82%]  Time step     4579 of 5591 @ t_step =     4578 Time Avg = 1.988483E-04 Time/step= 1.900000E-04 ETA (HH:MM:SS) = 0:00:00
 [ 82%]  Time step     4580 of 5591 @ t_step =     4579 Time Avg = 1.988464E-04 Time/step= 1.900000E-04 ETA (HH:MM:SS) = 0:00:00
 [ 82%]  Time step     4581 of 5591 @ t_step =     4580 Time Avg = 1.988443E-04 Time/step= 1.890000E-04 ETA (HH:MM:SS) = 0:00:00
 [ 82%]  Time step     4582 of 5591 @ t_step =     4581 Time Avg = 1.988458E-04 Time/step= 2.060000E-04 ETA (HH:MM:SS) = 0:00:00
 [ 82%]  Time step     4583 of 5591 @ t_step =     4582 Time Avg = 1.988437E-04 Time/step= 1.890000E-04 ETA (HH:MM:SS) = 0:00:00
 [ 82%]  Time step     4584 of 5591 @ t_step =     4583 Time Avg = 1.988415E-04 Time/step= 1.890000E-04 ETA (HH:MM:SS) = 0:00:00
 [ 82%]  Time step     4585 of 5591 @ t_step =     4584 Time Avg = 1.988396E-04 Time/step= 1.900000E-04 ETA (HH:MM:SS) = 0:00:00
 [ 83%]  Time step     4586 of 5591 @ t_step =     4585 Time Avg = 1.988377E-04 Time/step= 1.900000E-04 ETA (HH:MM:SS) = 0:00:00
 [ 83%]  Time step     4587 of 5591 @ t_step =     4586 Time Avg = 1.988412E-04 Time/step= 2.150000E-04 ETA (HH:MM:SS) = 0:00:00
 [ 83%]  Time step     4588 of 5591 @ t_step =     4587 Time Avg = 1.988393E-04 Time/step= 1.900000E-04 ETA (HH:MM:SS) = 0:00:00
 [ 83%]  Time step     4589 of 5591 @ t_step =     4588 Time Avg = 1.988373E-04 Time/step= 1.900000E-04 ETA (HH:MM:SS) = 0:00:00
 [ 83%]  Time step     4590 of 5591 @ t_step =     4589 Time Avg = 1.988354E-04 Time/step= 1.900000E-04 ETA (HH:MM:SS) = 0:00:00
 [ 83%]  Time step     4591 of 5591 @ t_step =     4590 Time Avg = 1.988333E-04 Time/step= 1.890000E-04 ETA (HH:MM:SS) = 0:00:00
 [ 83%]  Time step     4592 of 5591 @ t_step =     4591 Time Avg = 1.988379E-04 Time/step= 2.200000E-04 ETA (HH:MM:SS) = 0:00:00
 [ 83%]  Time step     4593 of 5591 @ t_step =     4592 Time Avg = 1.988397E-04 Time/step= 2.070000E-04 ETA (HH:MM:SS) = 0:00:00
 [ 83%]  Time step     4594 of 5591 @ t_step =     4593 Time Avg = 1.988377E-04 Time/step= 1.900000E-04 ETA (HH:MM:SS) = 0:00:00
 [ 83%]  Time step     4595 of 5591 @ t_step =     4594 Time Avg = 1.988358E-04 Time/step= 1.900000E-04 ETA (HH:MM:SS) = 0:00:00
 [ 83%]  Time step     4596 of 5591 @ t_step =     4595 Time Avg = 1.988337E-04 Time/step= 1.890000E-04 ETA (HH:MM:SS) = 0:00:00
 [ 83%]  Time step     4597 of 5591 @ t_step =     4596 Time Avg = 1.988357E-04 Time/step= 2.080000E-04 ETA (HH:MM:SS) = 0:00:00
 [ 83%]  Time step     4598 of 5591 @ t_step =     4597 Time Avg = 1.988337E-04 Time/step= 1.900000E-04 ETA (HH:MM:SS) = 0:00:00
 [ 83%]  Time step     4599 of 5591 @ t_step =     4598 Time Avg = 1.988316E-04 Time/step= 1.890000E-04 ETA (HH:MM:SS) = 0:00:00
 [ 83%]  Time step     4600 of 5591 @ t_step =     4599 Time Avg = 1.988297E-04 Time/step= 1.900000E-04 ETA (HH:MM:SS) = 0:00:00
 [ 83%]  Time step     4601 of 5591 @ t_step =     4600 Time Avg = 1.988278E-04 Time/step= 1.900000E-04 ETA (HH:MM:SS) = 0:00:00
 [ 83%]  Time step     4602 of 5591 @ t_step =     4601 Time Avg = 1.988339E-04 Time/step= 2.270000E-04 ETA (HH:MM:SS) = 0:00:00
 [ 83%]  Time step     4603 of 5591 @ t_step =     4602 Time Avg = 1.988335E-04 Time/step= 1.970000E-04 ETA (HH:MM:SS) = 0:00:00
 [ 83%]  Time step     4604 of 5591 @ t_step =     4603 Time Avg = 1.988339E-04 Time/step= 2.010000E-04 ETA (HH:MM:SS) = 0:00:00
 [ 83%]  Time step     4605 of 5591 @ t_step =     4604 Time Avg = 1.988320E-04 Time/step= 1.900000E-04 ETA (HH:MM:SS) = 0:00:00
 [ 83%]  Time step     4606 of 5591 @ t_step =     4605 Time Avg = 1.988312E-04 Time/step= 1.950000E-04 ETA (HH:MM:SS) = 0:00:00
 [ 83%]  Time step     4607 of 5591 @ t_step =     4606 Time Avg = 1.988332E-04 Time/step= 2.080000E-04 ETA (HH:MM:SS) = 0:00:00
 [ 83%]  Time step     4608 of 5591 @ t_step =     4607 Time Avg = 1.988313E-04 Time/step= 1.900000E-04 ETA (HH:MM:SS) = 0:00:00
 [ 83%]  Time step     4609 of 5591 @ t_step =     4608 Time Avg = 1.988291E-04 Time/step= 1.890000E-04 ETA (HH:MM:SS) = 0:00:00
 [ 83%]  Time step     4610 of 5591 @ t_step =     4609 Time Avg = 1.988270E-04 Time/step= 1.890000E-04 ETA (HH:MM:SS) = 0:00:00
 [ 83%]  Time step     4611 of 5591 @ t_step =     4610 Time Avg = 1.988307E-04 Time/step= 2.160000E-04 ETA (HH:MM:SS) = 0:00:00
 [ 83%]  Time step     4612 of 5591 @ t_step =     4611 Time Avg = 1.988321E-04 Time/step= 2.050000E-04 ETA (HH:MM:SS) = 0:00:00
 [ 83%]  Time step     4613 of 5591 @ t_step =     4612 Time Avg = 1.988358E-04 Time/step= 2.160000E-04 ETA (HH:MM:SS) = 0:00:00
 [ 83%]  Time step     4614 of 5591 @ t_step =     4613 Time Avg = 1.988339E-04 Time/step= 1.900000E-04 ETA (HH:MM:SS) = 0:00:00
 [ 83%]  Time step     4615 of 5591 @ t_step =     4614 Time Avg = 1.988317E-04 Time/step= 1.890000E-04 ETA (HH:MM:SS) = 0:00:00
 [ 83%]  Time step     4616 of 5591 @ t_step =     4615 Time Avg = 1.988346E-04 Time/step= 2.120000E-04 ETA (HH:MM:SS) = 0:00:00
 [ 83%]  Time step     4617 of 5591 @ t_step =     4616 Time Avg = 1.988327E-04 Time/step= 1.900000E-04 ETA (HH:MM:SS) = 0:00:00
 [ 83%]  Time step     4618 of 5591 @ t_step =     4617 Time Avg = 1.988306E-04 Time/step= 1.890000E-04 ETA (HH:MM:SS) = 0:00:00
 [ 83%]  Time step     4619 of 5591 @ t_step =     4618 Time Avg = 1.988286E-04 Time/step= 1.900000E-04 ETA (HH:MM:SS) = 0:00:00
 [ 83%]  Time step     4620 of 5591 @ t_step =     4619 Time Avg = 1.988267E-04 Time/step= 1.900000E-04 ETA (HH:MM:SS) = 0:00:00
 [ 83%]  Time step     4621 of 5591 @ t_step =     4620 Time Avg = 1.988283E-04 Time/step= 2.060000E-04 ETA (HH:MM:SS) = 0:00:00
 [ 83%]  Time step     4622 of 5591 @ t_step =     4621 Time Avg = 1.988266E-04 Time/step= 1.910000E-04 ETA (HH:MM:SS) = 0:00:00
 [ 83%]  Time step     4623 of 5591 @ t_step =     4622 Time Avg = 1.988245E-04 Time/step= 1.890000E-04 ETA (HH:MM:SS) = 0:00:00
 [ 83%]  Time step     4624 of 5591 @ t_step =     4623 Time Avg = 1.988223E-04 Time/step= 1.890000E-04 ETA (HH:MM:SS) = 0:00:00
 [ 83%]  Time step     4625 of 5591 @ t_step =     4624 Time Avg = 1.988204E-04 Time/step= 1.900000E-04 ETA (HH:MM:SS) = 0:00:00
 [ 83%]  Time step     4626 of 5591 @ t_step =     4625 Time Avg = 1.988248E-04 Time/step= 2.190000E-04 ETA (HH:MM:SS) = 0:00:00
 [ 83%]  Time step     4627 of 5591 @ t_step =     4626 Time Avg = 1.988229E-04 Time/step= 1.900000E-04 ETA (HH:MM:SS) = 0:00:00
 [ 83%]  Time step     4628 of 5591 @ t_step =     4627 Time Avg = 1.988210E-04 Time/step= 1.900000E-04 ETA (HH:MM:SS) = 0:00:00
 [ 83%]  Time step     4629 of 5591 @ t_step =     4628 Time Avg = 1.988191E-04 Time/step= 1.900000E-04 ETA (HH:MM:SS) = 0:00:00
 [ 83%]  Time step     4630 of 5591 @ t_step =     4629 Time Avg = 1.988172E-04 Time/step= 1.900000E-04 ETA (HH:MM:SS) = 0:00:00
 [ 83%]  Time step     4631 of 5591 @ t_step =     4630 Time Avg = 1.988230E-04 Time/step= 2.260000E-04 ETA (HH:MM:SS) = 0:00:00
 [ 83%]  Time step     4632 of 5591 @ t_step =     4631 Time Avg = 1.988248E-04 Time/step= 2.070000E-04 ETA (HH:MM:SS) = 0:00:00
 [ 83%]  Time step     4633 of 5591 @ t_step =     4632 Time Avg = 1.988229E-04 Time/step= 1.900000E-04 ETA (HH:MM:SS) = 0:00:00
 [ 83%]  Time step     4634 of 5591 @ t_step =     4633 Time Avg = 1.988210E-04 Time/step= 1.900000E-04 ETA (HH:MM:SS) = 0:00:00
 [ 83%]  Time step     4635 of 5591 @ t_step =     4634 Time Avg = 1.988189E-04 Time/step= 1.890000E-04 ETA (HH:MM:SS) = 0:00:00
 [ 83%]  Time step     4636 of 5591 @ t_step =     4635 Time Avg = 1.988217E-04 Time/step= 2.120000E-04 ETA (HH:MM:SS) = 0:00:00
 [ 83%]  Time step     4637 of 5591 @ t_step =     4636 Time Avg = 1.988198E-04 Time/step= 1.900000E-04 ETA (HH:MM:SS) = 0:00:00
 [ 83%]  Time step     4638 of 5591 @ t_step =     4637 Time Avg = 1.988179E-04 Time/step= 1.900000E-04 ETA (HH:MM:SS) = 0:00:00
 [ 83%]  Time step     4639 of 5591 @ t_step =     4638 Time Avg = 1.988160E-04 Time/step= 1.900000E-04 ETA (HH:MM:SS) = 0:00:00
 [ 83%]  Time step     4640 of 5591 @ t_step =     4639 Time Avg = 1.988139E-04 Time/step= 1.890000E-04 ETA (HH:MM:SS) = 0:00:00
 [ 83%]  Time step     4641 of 5591 @ t_step =     4640 Time Avg = 1.988154E-04 Time/step= 2.060000E-04 ETA (HH:MM:SS) = 0:00:00
 [ 84%]  Time step     4642 of 5591 @ t_step =     4641 Time Avg = 1.988138E-04 Time/step= 1.910000E-04 ETA (HH:MM:SS) = 0:00:00
 [ 84%]  Time step     4643 of 5591 @ t_step =     4642 Time Avg = 1.988116E-04 Time/step= 1.890000E-04 ETA (HH:MM:SS) = 0:00:00
 [ 84%]  Time step     4644 of 5591 @ t_step =     4643 Time Avg = 1.988095E-04 Time/step= 1.890000E-04 ETA (HH:MM:SS) = 0:00:00
 [ 84%]  Time step     4645 of 5591 @ t_step =     4644 Time Avg = 1.988076E-04 Time/step= 1.900000E-04 ETA (HH:MM:SS) = 0:00:00
 [ 84%]  Time step     4646 of 5591 @ t_step =     4645 Time Avg = 1.988118E-04 Time/step= 2.180000E-04 ETA (HH:MM:SS) = 0:00:00
 [ 84%]  Time step     4647 of 5591 @ t_step =     4646 Time Avg = 1.988099E-04 Time/step= 1.900000E-04 ETA (HH:MM:SS) = 0:00:00
 [ 84%]  Time step     4648 of 5591 @ t_step =     4647 Time Avg = 1.988078E-04 Time/step= 1.890000E-04 ETA (HH:MM:SS) = 0:00:00
 [ 84%]  Time step     4649 of 5591 @ t_step =     4648 Time Avg = 1.988059E-04 Time/step= 1.900000E-04 ETA (HH:MM:SS) = 0:00:00
 [ 84%]  Time step     4650 of 5591 @ t_step =     4649 Time Avg = 1.988037E-04 Time/step= 1.890000E-04 ETA (HH:MM:SS) = 0:00:00
 [ 84%]  Time step     4651 of 5591 @ t_step =     4650 Time Avg = 1.988083E-04 Time/step= 2.200000E-04 ETA (HH:MM:SS) = 0:00:00
 [ 84%]  Time step     4652 of 5591 @ t_step =     4651 Time Avg = 1.988096E-04 Time/step= 2.050000E-04 ETA (HH:MM:SS) = 0:00:00
 [ 84%]  Time step     4653 of 5591 @ t_step =     4652 Time Avg = 1.988075E-04 Time/step= 1.890000E-04 ETA (HH:MM:SS) = 0:00:00
 [ 84%]  Time step     4654 of 5591 @ t_step =     4653 Time Avg = 1.988054E-04 Time/step= 1.890000E-04 ETA (HH:MM:SS) = 0:00:00
 [ 84%]  Time step     4655 of 5591 @ t_step =     4654 Time Avg = 1.988040E-04 Time/step= 1.920000E-04 ETA (HH:MM:SS) = 0:00:00
 [ 84%]  Time step     4656 of 5591 @ t_step =     4655 Time Avg = 1.988038E-04 Time/step= 1.980000E-04 ETA (HH:MM:SS) = 0:00:00
 [ 84%]  Time step     4657 of 5591 @ t_step =     4656 Time Avg = 1.988017E-04 Time/step= 1.890000E-04 ETA (HH:MM:SS) = 0:00:00
 [ 84%]  Time step     4658 of 5591 @ t_step =     4657 Time Avg = 1.987996E-04 Time/step= 1.890000E-04 ETA (HH:MM:SS) = 0:00:00
 [ 84%]  Time step     4659 of 5591 @ t_step =     4658 Time Avg = 1.987977E-04 Time/step= 1.900000E-04 ETA (HH:MM:SS) = 0:00:00
 [ 84%]  Time step     4660 of 5591 @ t_step =     4659 Time Avg = 1.987984E-04 Time/step= 2.020000E-04 ETA (HH:MM:SS) = 0:00:00
 [ 84%]  Time step     4661 of 5591 @ t_step =     4660 Time Avg = 1.987969E-04 Time/step= 1.920000E-04 ETA (HH:MM:SS) = 0:00:00
 [ 84%]  Time step     4662 of 5591 @ t_step =     4661 Time Avg = 1.987950E-04 Time/step= 1.900000E-04 ETA (HH:MM:SS) = 0:00:00
 [ 84%]  Time step     4663 of 5591 @ t_step =     4662 Time Avg = 1.987929E-04 Time/step= 1.890000E-04 ETA (HH:MM:SS) = 0:00:00
 [ 84%]  Time step     4664 of 5591 @ t_step =     4663 Time Avg = 1.987910E-04 Time/step= 1.900000E-04 ETA (HH:MM:SS) = 0:00:00
 [ 84%]  Time step     4665 of 5591 @ t_step =     4664 Time Avg = 1.987924E-04 Time/step= 2.050000E-04 ETA (HH:MM:SS) = 0:00:00
 [ 84%]  Time step     4666 of 5591 @ t_step =     4665 Time Avg = 1.987926E-04 Time/step= 2.000000E-04 ETA (HH:MM:SS) = 0:00:00
 [ 84%]  Time step     4667 of 5591 @ t_step =     4666 Time Avg = 1.987907E-04 Time/step= 1.900000E-04 ETA (HH:MM:SS) = 0:00:00
 [ 84%]  Time step     4668 of 5591 @ t_step =     4667 Time Avg = 1.987889E-04 Time/step= 1.900000E-04 ETA (HH:MM:SS) = 0:00:00
 [ 84%]  Time step     4669 of 5591 @ t_step =     4668 Time Avg = 1.987870E-04 Time/step= 1.900000E-04 ETA (HH:MM:SS) = 0:00:00
 [ 84%]  Time step     4670 of 5591 @ t_step =     4669 Time Avg = 1.987913E-04 Time/step= 2.190000E-04 ETA (HH:MM:SS) = 0:00:00
 [ 84%]  Time step     4671 of 5591 @ t_step =     4670 Time Avg = 1.987909E-04 Time/step= 1.970000E-04 ETA (HH:MM:SS) = 0:00:00
 [ 84%]  Time step     4672 of 5591 @ t_step =     4671 Time Avg = 1.987914E-04 Time/step= 2.010000E-04 ETA (HH:MM:SS) = 0:00:00
 [ 84%]  Time step     4673 of 5591 @ t_step =     4672 Time Avg = 1.987893E-04 Time/step= 1.890000E-04 ETA (HH:MM:SS) = 0:00:00
 [ 84%]  Time step     4674 of 5591 @ t_step =     4673 Time Avg = 1.987874E-04 Time/step= 1.900000E-04 ETA (HH:MM:SS) = 0:00:00
 [ 84%]  Time step     4675 of 5591 @ t_step =     4674 Time Avg = 1.987900E-04 Time/step= 2.110000E-04 ETA (HH:MM:SS) = 0:00:00
 [ 84%]  Time step     4676 of 5591 @ t_step =     4675 Time Avg = 1.987881E-04 Time/step= 1.900000E-04 ETA (HH:MM:SS) = 0:00:00
 [ 84%]  Time step     4677 of 5591 @ t_step =     4676 Time Avg = 1.987863E-04 Time/step= 1.900000E-04 ETA (HH:MM:SS) = 0:00:00
 [ 84%]  Time step     4678 of 5591 @ t_step =     4677 Time Avg = 1.987844E-04 Time/step= 1.900000E-04 ETA (HH:MM:SS) = 0:00:00
 [ 84%]  Time step     4679 of 5591 @ t_step =     4678 Time Avg = 1.987823E-04 Time/step= 1.890000E-04 ETA (HH:MM:SS) = 0:00:00
 [ 84%]  Time step     4680 of 5591 @ t_step =     4679 Time Avg = 1.987843E-04 Time/step= 2.080000E-04 ETA (HH:MM:SS) = 0:00:00
 [ 84%]  Time step     4681 of 5591 @ t_step =     4680 Time Avg = 1.987824E-04 Time/step= 1.900000E-04 ETA (HH:MM:SS) = 0:00:00
 [ 84%]  Time step     4682 of 5591 @ t_step =     4681 Time Avg = 1.987805E-04 Time/step= 1.900000E-04 ETA (HH:MM:SS) = 0:00:00
 [ 84%]  Time step     4683 of 5591 @ t_step =     4682 Time Avg = 1.987784E-04 Time/step= 1.890000E-04 ETA (HH:MM:SS) = 0:00:00
 [ 84%]  Time step     4684 of 5591 @ t_step =     4683 Time Avg = 1.987765E-04 Time/step= 1.900000E-04 ETA (HH:MM:SS) = 0:00:00
 [ 84%]  Time step     4685 of 5591 @ t_step =     4684 Time Avg = 1.987804E-04 Time/step= 2.170000E-04 ETA (HH:MM:SS) = 0:00:00
 [ 84%]  Time step     4686 of 5591 @ t_step =     4685 Time Avg = 1.987786E-04 Time/step= 1.900000E-04 ETA (HH:MM:SS) = 0:00:00
 [ 84%]  Time step     4687 of 5591 @ t_step =     4686 Time Avg = 1.987765E-04 Time/step= 1.890000E-04 ETA (HH:MM:SS) = 0:00:00
 [ 84%]  Time step     4688 of 5591 @ t_step =     4687 Time Avg = 1.987746E-04 Time/step= 1.900000E-04 ETA (HH:MM:SS) = 0:00:00
 [ 84%]  Time step     4689 of 5591 @ t_step =     4688 Time Avg = 1.987727E-04 Time/step= 1.900000E-04 ETA (HH:MM:SS) = 0:00:00
 [ 84%]  Time step     4690 of 5591 @ t_step =     4689 Time Avg = 1.987770E-04 Time/step= 2.190000E-04 ETA (HH:MM:SS) = 0:00:00
 [ 84%]  Time step     4691 of 5591 @ t_step =     4690 Time Avg = 1.987767E-04 Time/step= 1.970000E-04 ETA (HH:MM:SS) = 0:00:00
 [ 84%]  Time step     4692 of 5591 @ t_step =     4691 Time Avg = 1.987771E-04 Time/step= 2.010000E-04 ETA (HH:MM:SS) = 0:00:00
 [ 84%]  Time step     4693 of 5591 @ t_step =     4692 Time Avg = 1.987753E-04 Time/step= 1.900000E-04 ETA (HH:MM:SS) = 0:00:00
 [ 84%]  Time step     4694 of 5591 @ t_step =     4693 Time Avg = 1.987734E-04 Time/step= 1.900000E-04 ETA (HH:MM:SS) = 0:00:00
 [ 84%]  Time step     4695 of 5591 @ t_step =     4694 Time Avg = 1.987758E-04 Time/step= 2.100000E-04 ETA (HH:MM:SS) = 0:00:00
 [ 84%]  Time step     4696 of 5591 @ t_step =     4695 Time Avg = 1.987739E-04 Time/step= 1.900000E-04 ETA (HH:MM:SS) = 0:00:00
 [ 84%]  Time step     4697 of 5591 @ t_step =     4696 Time Avg = 1.987718E-04 Time/step= 1.890000E-04 ETA (HH:MM:SS) = 0:00:00
 [ 85%]  Time step     4698 of 5591 @ t_step =     4697 Time Avg = 1.987698E-04 Time/step= 1.890000E-04 ETA (HH:MM:SS) = 0:00:00
 [ 85%]  Time step     4699 of 5591 @ t_step =     4698 Time Avg = 1.987677E-04 Time/step= 1.890000E-04 ETA (HH:MM:SS) = 0:00:00
 [ 85%]  Time step     4700 of 5591 @ t_step =     4699 Time Avg = 1.987699E-04 Time/step= 2.090000E-04 ETA (HH:MM:SS) = 0:00:00
 [ 85%]  Time step     4701 of 5591 @ t_step =     4700 Time Avg = 1.987682E-04 Time/step= 1.910000E-04 ETA (HH:MM:SS) = 0:00:00
 [ 85%]  Time step     4702 of 5591 @ t_step =     4701 Time Avg = 1.987661E-04 Time/step= 1.890000E-04 ETA (HH:MM:SS) = 0:00:00
 [ 85%]  Time step     4703 of 5591 @ t_step =     4702 Time Avg = 1.987640E-04 Time/step= 1.890000E-04 ETA (HH:MM:SS) = 0:00:00
 [ 85%]  Time step     4704 of 5591 @ t_step =     4703 Time Avg = 1.987622E-04 Time/step= 1.900000E-04 ETA (HH:MM:SS) = 0:00:00
 [ 85%]  Time step     4705 of 5591 @ t_step =     4704 Time Avg = 1.987665E-04 Time/step= 2.190000E-04 ETA (HH:MM:SS) = 0:00:00
 [ 85%]  Time step     4706 of 5591 @ t_step =     4705 Time Avg = 1.987646E-04 Time/step= 1.900000E-04 ETA (HH:MM:SS) = 0:00:00
 [ 85%]  Time step     4707 of 5591 @ t_step =     4706 Time Avg = 1.987628E-04 Time/step= 1.900000E-04 ETA (HH:MM:SS) = 0:00:00
 [ 85%]  Time step     4708 of 5591 @ t_step =     4707 Time Avg = 1.987609E-04 Time/step= 1.900000E-04 ETA (HH:MM:SS) = 0:00:00
 [ 85%]  Time step     4709 of 5591 @ t_step =     4708 Time Avg = 1.987588E-04 Time/step= 1.890000E-04 ETA (HH:MM:SS) = 0:00:00
 [ 85%]  Time step     4710 of 5591 @ t_step =     4709 Time Avg = 1.987638E-04 Time/step= 2.220000E-04 ETA (HH:MM:SS) = 0:00:00
 [ 85%]  Time step     4711 of 5591 @ t_step =     4710 Time Avg = 1.987653E-04 Time/step= 2.060000E-04 ETA (HH:MM:SS) = 0:00:00
 [ 85%]  Time step     4712 of 5591 @ t_step =     4711 Time Avg = 1.987634E-04 Time/step= 1.900000E-04 ETA (HH:MM:SS) = 0:00:00
 [ 85%]  Time step     4713 of 5591 @ t_step =     4712 Time Avg = 1.987614E-04 Time/step= 1.890000E-04 ETA (HH:MM:SS) = 0:00:00
 [ 85%]  Time step     4714 of 5591 @ t_step =     4713 Time Avg = 1.987595E-04 Time/step= 1.900000E-04 ETA (HH:MM:SS) = 0:00:00
 [ 85%]  Time step     4715 of 5591 @ t_step =     4714 Time Avg = 1.987615E-04 Time/step= 2.080000E-04 ETA (HH:MM:SS) = 0:00:00
 [ 85%]  Time step     4716 of 5591 @ t_step =     4715 Time Avg = 1.987596E-04 Time/step= 1.900000E-04 ETA (HH:MM:SS) = 0:00:00
 [ 85%]  Time step     4717 of 5591 @ t_step =     4716 Time Avg = 1.987577E-04 Time/step= 1.900000E-04 ETA (HH:MM:SS) = 0:00:00
 [ 85%]  Time step     4718 of 5591 @ t_step =     4717 Time Avg = 1.987559E-04 Time/step= 1.900000E-04 ETA (HH:MM:SS) = 0:00:00
 [ 85%]  Time step     4719 of 5591 @ t_step =     4718 Time Avg = 1.987538E-04 Time/step= 1.890000E-04 ETA (HH:MM:SS) = 0:00:00
 [ 85%]  Time step     4720 of 5591 @ t_step =     4719 Time Avg = 1.987539E-04 Time/step= 1.990000E-04 ETA (HH:MM:SS) = 0:00:00
 [ 85%]  Time step     4721 of 5591 @ t_step =     4720 Time Avg = 1.987520E-04 Time/step= 1.900000E-04 ETA (HH:MM:SS) = 0:00:00
 [ 85%]  Time step     4722 of 5591 @ t_step =     4721 Time Avg = 1.987502E-04 Time/step= 1.900000E-04 ETA (HH:MM:SS) = 0:00:00
 [ 85%]  Time step     4723 of 5591 @ t_step =     4722 Time Avg = 1.987481E-04 Time/step= 1.890000E-04 ETA (HH:MM:SS) = 0:00:00
 [ 85%]  Time step     4724 of 5591 @ t_step =     4723 Time Avg = 1.987475E-04 Time/step= 1.960000E-04 ETA (HH:MM:SS) = 0:00:00
 [ 85%]  Time step     4725 of 5591 @ t_step =     4724 Time Avg = 1.987490E-04 Time/step= 2.060000E-04 ETA (HH:MM:SS) = 0:00:00
 [ 85%]  Time step     4726 of 5591 @ t_step =     4725 Time Avg = 1.987472E-04 Time/step= 1.900000E-04 ETA (HH:MM:SS) = 0:00:00
 [ 85%]  Time step     4727 of 5591 @ t_step =     4726 Time Avg = 1.987451E-04 Time/step= 1.890000E-04 ETA (HH:MM:SS) = 0:00:00
 [ 85%]  Time step     4728 of 5591 @ t_step =     4727 Time Avg = 1.987431E-04 Time/step= 1.890000E-04 ETA (HH:MM:SS) = 0:00:00
 [ 85%]  Time step     4729 of 5591 @ t_step =     4728 Time Avg = 1.987467E-04 Time/step= 2.160000E-04 ETA (HH:MM:SS) = 0:00:00
 [ 85%]  Time step     4730 of 5591 @ t_step =     4729 Time Avg = 1.987466E-04 Time/step= 1.980000E-04 ETA (HH:MM:SS) = 0:00:00
 [ 85%]  Time step     4731 of 5591 @ t_step =     4730 Time Avg = 1.987475E-04 Time/step= 2.030000E-04 ETA (HH:MM:SS) = 0:00:00
 [ 85%]  Time step     4732 of 5591 @ t_step =     4731 Time Avg = 1.987456E-04 Time/step= 1.900000E-04 ETA (HH:MM:SS) = 0:00:00
 [ 85%]  Time step     4733 of 5591 @ t_step =     4732 Time Avg = 1.987436E-04 Time/step= 1.890000E-04 ETA (HH:MM:SS) = 0:00:00
 [ 85%]  Time step     4734 of 5591 @ t_step =     4733 Time Avg = 1.987449E-04 Time/step= 2.050000E-04 ETA (HH:MM:SS) = 0:00:00
 [ 85%]  Time step     4735 of 5591 @ t_step =     4734 Time Avg = 1.987432E-04 Time/step= 1.910000E-04 ETA (HH:MM:SS) = 0:00:00
 [ 85%]  Time step     4736 of 5591 @ t_step =     4735 Time Avg = 1.987414E-04 Time/step= 1.900000E-04 ETA (HH:MM:SS) = 0:00:00
 [ 85%]  Time step     4737 of 5591 @ t_step =     4736 Time Avg = 1.987393E-04 Time/step= 1.890000E-04 ETA (HH:MM:SS) = 0:00:00
 [ 85%]  Time step     4738 of 5591 @ t_step =     4737 Time Avg = 1.987375E-04 Time/step= 1.900000E-04 ETA (HH:MM:SS) = 0:00:00
 [ 85%]  Time step     4739 of 5591 @ t_step =     4738 Time Avg = 1.987388E-04 Time/step= 2.050000E-04 ETA (HH:MM:SS) = 0:00:00
 [ 85%]  Time step     4740 of 5591 @ t_step =     4739 Time Avg = 1.987370E-04 Time/step= 1.900000E-04 ETA (HH:MM:SS) = 0:00:00
 [ 85%]  Time step     4741 of 5591 @ t_step =     4740 Time Avg = 1.987349E-04 Time/step= 1.890000E-04 ETA (HH:MM:SS) = 0:00:00
 [ 85%]  Time step     4742 of 5591 @ t_step =     4741 Time Avg = 1.987329E-04 Time/step= 1.890000E-04 ETA (HH:MM:SS) = 0:00:00
 [ 85%]  Time step     4743 of 5591 @ t_step =     4742 Time Avg = 1.987308E-04 Time/step= 1.890000E-04 ETA (HH:MM:SS) = 0:00:00
 [ 85%]  Time step     4744 of 5591 @ t_step =     4743 Time Avg = 1.987351E-04 Time/step= 2.190000E-04 ETA (HH:MM:SS) = 0:00:00
 [ 85%]  Time step     4745 of 5591 @ t_step =     4744 Time Avg = 1.987364E-04 Time/step= 2.050000E-04 ETA (HH:MM:SS) = 0:00:00
 [ 85%]  Time step     4746 of 5591 @ t_step =     4745 Time Avg = 1.987346E-04 Time/step= 1.900000E-04 ETA (HH:MM:SS) = 0:00:00
 [ 85%]  Time step     4747 of 5591 @ t_step =     4746 Time Avg = 1.987325E-04 Time/step= 1.890000E-04 ETA (HH:MM:SS) = 0:00:00
 [ 85%]  Time step     4748 of 5591 @ t_step =     4747 Time Avg = 1.987305E-04 Time/step= 1.890000E-04 ETA (HH:MM:SS) = 0:00:00
 [ 85%]  Time step     4749 of 5591 @ t_step =     4748 Time Avg = 1.987349E-04 Time/step= 2.200000E-04 ETA (HH:MM:SS) = 0:00:00
 [ 85%]  Time step     4750 of 5591 @ t_step =     4749 Time Avg = 1.987346E-04 Time/step= 1.970000E-04 ETA (HH:MM:SS) = 0:00:00
 [ 85%]  Time step     4751 of 5591 @ t_step =     4750 Time Avg = 1.987350E-04 Time/step= 2.010000E-04 ETA (HH:MM:SS) = 0:00:00
 [ 85%]  Time step     4752 of 5591 @ t_step =     4751 Time Avg = 1.987332E-04 Time/step= 1.900000E-04 ETA (HH:MM:SS) = 0:00:00
 [ 85%]  Time step     4753 of 5591 @ t_step =     4752 Time Avg = 1.987312E-04 Time/step= 1.890000E-04 ETA (HH:MM:SS) = 0:00:00
 [ 86%]  Time step     4754 of 5591 @ t_step =     4753 Time Avg = 1.987333E-04 Time/step= 2.090000E-04 ETA (HH:MM:SS) = 0:00:00
 [ 86%]  Time step     4755 of 5591 @ t_step =     4754 Time Avg = 1.987315E-04 Time/step= 1.900000E-04 ETA (HH:MM:SS) = 0:00:00
 [ 86%]  Time step     4756 of 5591 @ t_step =     4755 Time Avg = 1.987296E-04 Time/step= 1.900000E-04 ETA (HH:MM:SS) = 0:00:00
 [ 86%]  Time step     4757 of 5591 @ t_step =     4756 Time Avg = 1.987276E-04 Time/step= 1.890000E-04 ETA (HH:MM:SS) = 0:00:00
 [ 86%]  Time step     4758 of 5591 @ t_step =     4757 Time Avg = 1.987256E-04 Time/step= 1.890000E-04 ETA (HH:MM:SS) = 0:00:00
 [ 86%]  Time step     4759 of 5591 @ t_step =     4758 Time Avg = 1.987273E-04 Time/step= 2.070000E-04 ETA (HH:MM:SS) = 0:00:00
 [ 86%]  Time step     4760 of 5591 @ t_step =     4759 Time Avg = 1.987252E-04 Time/step= 1.890000E-04 ETA (HH:MM:SS) = 0:00:00
 [ 86%]  Time step     4761 of 5591 @ t_step =     4760 Time Avg = 1.987234E-04 Time/step= 1.900000E-04 ETA (HH:MM:SS) = 0:00:00
 [ 86%]  Time step     4762 of 5591 @ t_step =     4761 Time Avg = 1.987216E-04 Time/step= 1.900000E-04 ETA (HH:MM:SS) = 0:00:00
 [ 86%]  Time step     4763 of 5591 @ t_step =     4762 Time Avg = 1.987195E-04 Time/step= 1.890000E-04 ETA (HH:MM:SS) = 0:00:00
 [ 86%]  Time step     4764 of 5591 @ t_step =     4763 Time Avg = 1.987251E-04 Time/step= 2.250000E-04 ETA (HH:MM:SS) = 0:00:00
 [ 86%]  Time step     4765 of 5591 @ t_step =     4764 Time Avg = 1.987289E-04 Time/step= 2.170000E-04 ETA (HH:MM:SS) = 0:00:00
 [ 86%]  Time step     4766 of 5591 @ t_step =     4765 Time Avg = 1.987317E-04 Time/step= 2.120000E-04 ETA (HH:MM:SS) = 0:00:00
 [ 86%]  Time step     4767 of 5591 @ t_step =     4766 Time Avg = 1.987324E-04 Time/step= 2.020000E-04 ETA (HH:MM:SS) = 0:00:00
 [ 86%]  Time step     4768 of 5591 @ t_step =     4767 Time Avg = 1.987364E-04 Time/step= 2.180000E-04 ETA (HH:MM:SS) = 0:00:00
 [ 86%]  Time step     4769 of 5591 @ t_step =     4768 Time Avg = 1.987363E-04 Time/step= 1.980000E-04 ETA (HH:MM:SS) = 0:00:00
 [ 86%]  Time step     4770 of 5591 @ t_step =     4769 Time Avg = 1.987372E-04 Time/step= 2.030000E-04 ETA (HH:MM:SS) = 0:00:00
 [ 86%]  Time step     4771 of 5591 @ t_step =     4770 Time Avg = 1.987353E-04 Time/step= 1.900000E-04 ETA (HH:MM:SS) = 0:00:00
 [ 86%]  Time step     4772 of 5591 @ t_step =     4771 Time Avg = 1.987333E-04 Time/step= 1.890000E-04 ETA (HH:MM:SS) = 0:00:00
 [ 86%]  Time step     4773 of 5591 @ t_step =     4772 Time Avg = 1.987352E-04 Time/step= 2.080000E-04 ETA (HH:MM:SS) = 0:00:00
 [ 86%]  Time step     4774 of 5591 @ t_step =     4773 Time Avg = 1.987334E-04 Time/step= 1.900000E-04 ETA (HH:MM:SS) = 0:00:00
 [ 86%]  Time step     4775 of 5591 @ t_step =     4774 Time Avg = 1.987316E-04 Time/step= 1.900000E-04 ETA (HH:MM:SS) = 0:00:00
 [ 86%]  Time step     4776 of 5591 @ t_step =     4775 Time Avg = 1.987352E-04 Time/step= 2.160000E-04 ETA (HH:MM:SS) = 0:00:00
 [ 86%]  Time step     4777 of 5591 @ t_step =     4776 Time Avg = 1.987380E-04 Time/step= 2.120000E-04 ETA (HH:MM:SS) = 0:00:00
 [ 86%]  Time step     4778 of 5591 @ t_step =     4777 Time Avg = 1.987428E-04 Time/step= 2.220000E-04 ETA (HH:MM:SS) = 0:00:00
 [ 86%]  Time step     4779 of 5591 @ t_step =     4778 Time Avg = 1.987410E-04 Time/step= 1.900000E-04 ETA (HH:MM:SS) = 0:00:00
 [ 86%]  Time step     4780 of 5591 @ t_step =     4779 Time Avg = 1.987392E-04 Time/step= 1.900000E-04 ETA (HH:MM:SS) = 0:00:00
 [ 86%]  Time step     4781 of 5591 @ t_step =     4780 Time Avg = 1.987373E-04 Time/step= 1.900000E-04 ETA (HH:MM:SS) = 0:00:00
 [ 86%]  Time step     4782 of 5591 @ t_step =     4781 Time Avg = 1.987353E-04 Time/step= 1.890000E-04 ETA (HH:MM:SS) = 0:00:00
 [ 86%]  Time step     4783 of 5591 @ t_step =     4782 Time Avg = 1.987391E-04 Time/step= 2.170000E-04 ETA (HH:MM:SS) = 0:00:00
 [ 86%]  Time step     4784 of 5591 @ t_step =     4783 Time Avg = 1.987373E-04 Time/step= 1.900000E-04 ETA (HH:MM:SS) = 0:00:00
 [ 86%]  Time step     4785 of 5591 @ t_step =     4784 Time Avg = 1.987355E-04 Time/step= 1.900000E-04 ETA (HH:MM:SS) = 0:00:00
 [ 86%]  Time step     4786 of 5591 @ t_step =     4785 Time Avg = 1.987336E-04 Time/step= 1.900000E-04 ETA (HH:MM:SS) = 0:00:00
 [ 86%]  Time step     4787 of 5591 @ t_step =     4786 Time Avg = 1.987316E-04 Time/step= 1.890000E-04 ETA (HH:MM:SS) = 0:00:00
 [ 86%]  Time step     4788 of 5591 @ t_step =     4787 Time Avg = 1.987367E-04 Time/step= 2.230000E-04 ETA (HH:MM:SS) = 0:00:00
 [ 86%]  Time step     4789 of 5591 @ t_step =     4788 Time Avg = 1.987382E-04 Time/step= 2.060000E-04 ETA (HH:MM:SS) = 0:00:00
 [ 86%]  Time step     4790 of 5591 @ t_step =     4789 Time Avg = 1.987364E-04 Time/step= 1.900000E-04 ETA (HH:MM:SS) = 0:00:00
 [ 86%]  Time step     4791 of 5591 @ t_step =     4790 Time Avg = 1.987345E-04 Time/step= 1.900000E-04 ETA (HH:MM:SS) = 0:00:00
 [ 86%]  Time step     4792 of 5591 @ t_step =     4791 Time Avg = 1.987327E-04 Time/step= 1.900000E-04 ETA (HH:MM:SS) = 0:00:00
 [ 86%]  Time step     4793 of 5591 @ t_step =     4792 Time Avg = 1.987340E-04 Time/step= 2.050000E-04 ETA (HH:MM:SS) = 0:00:00
 [ 86%]  Time step     4794 of 5591 @ t_step =     4793 Time Avg = 1.987322E-04 Time/step= 1.900000E-04 ETA (HH:MM:SS) = 0:00:00
 [ 86%]  Time step     4795 of 5591 @ t_step =     4794 Time Avg = 1.987302E-04 Time/step= 1.890000E-04 ETA (HH:MM:SS) = 0:00:00
 [ 86%]  Time step     4796 of 5591 @ t_step =     4795 Time Avg = 1.987313E-04 Time/step= 2.040000E-04 ETA (HH:MM:SS) = 0:00:00
 [ 86%]  Time step     4797 of 5591 @ t_step =     4796 Time Avg = 1.987326E-04 Time/step= 2.050000E-04 ETA (HH:MM:SS) = 0:00:00
 [ 86%]  Time step     4798 of 5591 @ t_step =     4797 Time Avg = 1.987314E-04 Time/step= 1.930000E-04 ETA (HH:MM:SS) = 0:00:00
 [ 86%]  Time step     4799 of 5591 @ t_step =     4798 Time Avg = 1.987294E-04 Time/step= 1.890000E-04 ETA (HH:MM:SS) = 0:00:00
 [ 86%]  Time step     4800 of 5591 @ t_step =     4799 Time Avg = 1.987273E-04 Time/step= 1.890000E-04 ETA (HH:MM:SS) = 0:00:00
 [ 86%]  Time step     4801 of 5591 @ t_step =     4800 Time Avg = 1.987253E-04 Time/step= 1.890000E-04 ETA (HH:MM:SS) = 0:00:00
 [ 86%]  Time step     4802 of 5591 @ t_step =     4801 Time Avg = 1.987266E-04 Time/step= 2.050000E-04 ETA (HH:MM:SS) = 0:00:00
 [ 86%]  Time step     4803 of 5591 @ t_step =     4802 Time Avg = 1.987256E-04 Time/step= 1.940000E-04 ETA (HH:MM:SS) = 0:00:00
 [ 86%]  Time step     4804 of 5591 @ t_step =     4803 Time Avg = 1.987238E-04 Time/step= 1.900000E-04 ETA (HH:MM:SS) = 0:00:00
 [ 86%]  Time step     4805 of 5591 @ t_step =     4804 Time Avg = 1.987220E-04 Time/step= 1.900000E-04 ETA (HH:MM:SS) = 0:00:00
 [ 86%]  Time step     4806 of 5591 @ t_step =     4805 Time Avg = 1.987200E-04 Time/step= 1.890000E-04 ETA (HH:MM:SS) = 0:00:00
 [ 86%]  Time step     4807 of 5591 @ t_step =     4806 Time Avg = 1.987238E-04 Time/step= 2.170000E-04 ETA (HH:MM:SS) = 0:00:00
 [ 86%]  Time step     4808 of 5591 @ t_step =     4807 Time Avg = 1.987234E-04 Time/step= 1.970000E-04 ETA (HH:MM:SS) = 0:00:00
 [ 86%]  Time step     4809 of 5591 @ t_step =     4808 Time Avg = 1.987241E-04 Time/step= 2.020000E-04 ETA (HH:MM:SS) = 0:00:00
 [ 87%]  Time step     4810 of 5591 @ t_step =     4809 Time Avg = 1.987223E-04 Time/step= 1.900000E-04 ETA (HH:MM:SS) = 0:00:00
 [ 87%]  Time step     4811 of 5591 @ t_step =     4810 Time Avg = 1.987205E-04 Time/step= 1.900000E-04 ETA (HH:MM:SS) = 0:00:00
 [ 87%]  Time step     4812 of 5591 @ t_step =     4811 Time Avg = 1.987230E-04 Time/step= 2.110000E-04 ETA (HH:MM:SS) = 0:00:00
 [ 87%]  Time step     4813 of 5591 @ t_step =     4812 Time Avg = 1.987212E-04 Time/step= 1.900000E-04 ETA (HH:MM:SS) = 0:00:00
 [ 87%]  Time step     4814 of 5591 @ t_step =     4813 Time Avg = 1.987192E-04 Time/step= 1.890000E-04 ETA (HH:MM:SS) = 0:00:00
 [ 87%]  Time step     4815 of 5591 @ t_step =     4814 Time Avg = 1.987174E-04 Time/step= 1.900000E-04 ETA (HH:MM:SS) = 0:00:00
 [ 87%]  Time step     4816 of 5591 @ t_step =     4815 Time Avg = 1.987156E-04 Time/step= 1.900000E-04 ETA (HH:MM:SS) = 0:00:00
 [ 87%]  Time step     4817 of 5591 @ t_step =     4816 Time Avg = 1.987183E-04 Time/step= 2.120000E-04 ETA (HH:MM:SS) = 0:00:00
 [ 87%]  Time step     4818 of 5591 @ t_step =     4817 Time Avg = 1.987165E-04 Time/step= 1.900000E-04 ETA (HH:MM:SS) = 0:00:00
 [ 87%]  Time step     4819 of 5591 @ t_step =     4818 Time Avg = 1.987147E-04 Time/step= 1.900000E-04 ETA (HH:MM:SS) = 0:00:00
 [ 87%]  Time step     4820 of 5591 @ t_step =     4819 Time Avg = 1.987129E-04 Time/step= 1.900000E-04 ETA (HH:MM:SS) = 0:00:00
 [ 87%]  Time step     4821 of 5591 @ t_step =     4820 Time Avg = 1.987111E-04 Time/step= 1.900000E-04 ETA (HH:MM:SS) = 0:00:00
 [ 87%]  Time step     4822 of 5591 @ t_step =     4821 Time Avg = 1.987149E-04 Time/step= 2.170000E-04 ETA (HH:MM:SS) = 0:00:00
 [ 87%]  Time step     4823 of 5591 @ t_step =     4822 Time Avg = 1.987131E-04 Time/step= 1.900000E-04 ETA (HH:MM:SS) = 0:00:00
 [ 87%]  Time step     4824 of 5591 @ t_step =     4823 Time Avg = 1.987111E-04 Time/step= 1.890000E-04 ETA (HH:MM:SS) = 0:00:00
 [ 87%]  Time step     4825 of 5591 @ t_step =     4824 Time Avg = 1.987092E-04 Time/step= 1.900000E-04 ETA (HH:MM:SS) = 0:00:00
 [ 87%]  Time step     4826 of 5591 @ t_step =     4825 Time Avg = 1.987072E-04 Time/step= 1.890000E-04 ETA (HH:MM:SS) = 0:00:00
 [ 87%]  Time step     4827 of 5591 @ t_step =     4826 Time Avg = 1.987114E-04 Time/step= 2.190000E-04 ETA (HH:MM:SS) = 0:00:00
 [ 87%]  Time step     4828 of 5591 @ t_step =     4827 Time Avg = 1.987109E-04 Time/step= 1.960000E-04 ETA (HH:MM:SS) = 0:00:00
 [ 87%]  Time step     4829 of 5591 @ t_step =     4828 Time Avg = 1.987111E-04 Time/step= 2.000000E-04 ETA (HH:MM:SS) = 0:00:00
 [ 87%]  Time step     4830 of 5591 @ t_step =     4829 Time Avg = 1.987091E-04 Time/step= 1.890000E-04 ETA (HH:MM:SS) = 0:00:00
 [ 87%]  Time step     4831 of 5591 @ t_step =     4830 Time Avg = 1.987071E-04 Time/step= 1.890000E-04 ETA (HH:MM:SS) = 0:00:00
 [ 87%]  Time step     4832 of 5591 @ t_step =     4831 Time Avg = 1.987097E-04 Time/step= 2.110000E-04 ETA (HH:MM:SS) = 0:00:00
 [ 87%]  Time step     4833 of 5591 @ t_step =     4832 Time Avg = 1.987077E-04 Time/step= 1.890000E-04 ETA (HH:MM:SS) = 0:00:00
 [ 87%]  Time step     4834 of 5591 @ t_step =     4833 Time Avg = 1.987057E-04 Time/step= 1.890000E-04 ETA (HH:MM:SS) = 0:00:00
 [ 87%]  Time step     4835 of 5591 @ t_step =     4834 Time Avg = 1.987038E-04 Time/step= 1.900000E-04 ETA (HH:MM:SS) = 0:00:00
 [ 87%]  Time step     4836 of 5591 @ t_step =     4835 Time Avg = 1.987018E-04 Time/step= 1.890000E-04 ETA (HH:MM:SS) = 0:00:00
 [ 87%]  Time step     4837 of 5591 @ t_step =     4836 Time Avg = 1.987036E-04 Time/step= 2.070000E-04 ETA (HH:MM:SS) = 0:00:00
 [ 87%]  Time step     4838 of 5591 @ t_step =     4837 Time Avg = 1.987018E-04 Time/step= 1.900000E-04 ETA (HH:MM:SS) = 0:00:00
 [ 87%]  Time step     4839 of 5591 @ t_step =     4838 Time Avg = 1.987000E-04 Time/step= 1.900000E-04 ETA (HH:MM:SS) = 0:00:00
 [ 87%]  Time step     4840 of 5591 @ t_step =     4839 Time Avg = 1.986982E-04 Time/step= 1.900000E-04 ETA (HH:MM:SS) = 0:00:00
 [ 87%]  Time step     4841 of 5591 @ t_step =     4840 Time Avg = 1.986962E-04 Time/step= 1.890000E-04 ETA (HH:MM:SS) = 0:00:00
 [ 87%]  Time step     4842 of 5591 @ t_step =     4841 Time Avg = 1.987001E-04 Time/step= 2.180000E-04 ETA (HH:MM:SS) = 0:00:00
 [ 87%]  Time step     4843 of 5591 @ t_step =     4842 Time Avg = 1.986983E-04 Time/step= 1.900000E-04 ETA (HH:MM:SS) = 0:00:00
 [ 87%]  Time step     4844 of 5591 @ t_step =     4843 Time Avg = 1.986966E-04 Time/step= 1.900000E-04 ETA (HH:MM:SS) = 0:00:00
 [ 87%]  Time step     4845 of 5591 @ t_step =     4844 Time Avg = 1.986948E-04 Time/step= 1.900000E-04 ETA (HH:MM:SS) = 0:00:00
 [ 87%]  Time step     4846 of 5591 @ t_step =     4845 Time Avg = 1.986928E-04 Time/step= 1.890000E-04 ETA (HH:MM:SS) = 0:00:00
 [ 87%]  Time step     4847 of 5591 @ t_step =     4846 Time Avg = 1.986972E-04 Time/step= 2.200000E-04 ETA (HH:MM:SS) = 0:00:00
 [ 87%]  Time step     4848 of 5591 @ t_step =     4847 Time Avg = 1.986987E-04 Time/step= 2.060000E-04 ETA (HH:MM:SS) = 0:00:00
 [ 87%]  Time step     4849 of 5591 @ t_step =     4848 Time Avg = 1.986967E-04 Time/step= 1.890000E-04 ETA (HH:MM:SS) = 0:00:00
 [ 87%]  Time step     4850 of 5591 @ t_step =     4849 Time Avg = 1.986947E-04 Time/step= 1.890000E-04 ETA (HH:MM:SS) = 0:00:00
 [ 87%]  Time step     4851 of 5591 @ t_step =     4850 Time Avg = 1.986929E-04 Time/step= 1.900000E-04 ETA (HH:MM:SS) = 0:00:00
 [ 87%]  Time step     4852 of 5591 @ t_step =     4851 Time Avg = 1.986948E-04 Time/step= 2.080000E-04 ETA (HH:MM:SS) = 0:00:00
 [ 87%]  Time step     4853 of 5591 @ t_step =     4852 Time Avg = 1.986930E-04 Time/step= 1.900000E-04 ETA (HH:MM:SS) = 0:00:00
 [ 87%]  Time step     4854 of 5591 @ t_step =     4853 Time Avg = 1.986912E-04 Time/step= 1.900000E-04 ETA (HH:MM:SS) = 0:00:00
 [ 87%]  Time step     4855 of 5591 @ t_step =     4854 Time Avg = 1.986894E-04 Time/step= 1.900000E-04 ETA (HH:MM:SS) = 0:00:00
 [ 87%]  Time step     4856 of 5591 @ t_step =     4855 Time Avg = 1.986874E-04 Time/step= 1.890000E-04 ETA (HH:MM:SS) = 0:00:00
 [ 87%]  Time step     4857 of 5591 @ t_step =     4856 Time Avg = 1.986879E-04 Time/step= 2.010000E-04 ETA (HH:MM:SS) = 0:00:00
 [ 87%]  Time step     4858 of 5591 @ t_step =     4857 Time Avg = 1.986861E-04 Time/step= 1.900000E-04 ETA (HH:MM:SS) = 0:00:00
 [ 87%]  Time step     4859 of 5591 @ t_step =     4858 Time Avg = 1.986843E-04 Time/step= 1.900000E-04 ETA (HH:MM:SS) = 0:00:00
 [ 87%]  Time step     4860 of 5591 @ t_step =     4859 Time Avg = 1.986823E-04 Time/step= 1.890000E-04 ETA (HH:MM:SS) = 0:00:00
 [ 87%]  Time step     4861 of 5591 @ t_step =     4860 Time Avg = 1.986816E-04 Time/step= 1.950000E-04 ETA (HH:MM:SS) = 0:00:00
 [ 87%]  Time step     4862 of 5591 @ t_step =     4861 Time Avg = 1.986833E-04 Time/step= 2.070000E-04 ETA (HH:MM:SS) = 0:00:00
 [ 87%]  Time step     4863 of 5591 @ t_step =     4862 Time Avg = 1.986813E-04 Time/step= 1.890000E-04 ETA (HH:MM:SS) = 0:00:00
 [ 87%]  Time step     4864 of 5591 @ t_step =     4863 Time Avg = 1.986793E-04 Time/step= 1.890000E-04 ETA (HH:MM:SS) = 0:00:00
 [ 87%]  Time step     4865 of 5591 @ t_step =     4864 Time Avg = 1.986773E-04 Time/step= 1.890000E-04 ETA (HH:MM:SS) = 0:00:00
 [ 88%]  Time step     4866 of 5591 @ t_step =     4865 Time Avg = 1.986802E-04 Time/step= 2.130000E-04 ETA (HH:MM:SS) = 0:00:00
 [ 88%]  Time step     4867 of 5591 @ t_step =     4866 Time Avg = 1.986801E-04 Time/step= 1.980000E-04 ETA (HH:MM:SS) = 0:00:00
 [ 88%]  Time step     4868 of 5591 @ t_step =     4867 Time Avg = 1.986810E-04 Time/step= 2.030000E-04 ETA (HH:MM:SS) = 0:00:00
 [ 88%]  Time step     4869 of 5591 @ t_step =     4868 Time Avg = 1.986792E-04 Time/step= 1.900000E-04 ETA (HH:MM:SS) = 0:00:00
 [ 88%]  Time step     4870 of 5591 @ t_step =     4869 Time Avg = 1.986772E-04 Time/step= 1.890000E-04 ETA (HH:MM:SS) = 0:00:00
 [ 88%]  Time step     4871 of 5591 @ t_step =     4870 Time Avg = 1.986789E-04 Time/step= 2.070000E-04 ETA (HH:MM:SS) = 0:00:00
 [ 88%]  Time step     4872 of 5591 @ t_step =     4871 Time Avg = 1.986771E-04 Time/step= 1.900000E-04 ETA (HH:MM:SS) = 0:00:00
 [ 88%]  Time step     4873 of 5591 @ t_step =     4872 Time Avg = 1.986752E-04 Time/step= 1.890000E-04 ETA (HH:MM:SS) = 0:00:00
 [ 88%]  Time step     4874 of 5591 @ t_step =     4873 Time Avg = 1.986734E-04 Time/step= 1.900000E-04 ETA (HH:MM:SS) = 0:00:00
 [ 88%]  Time step     4875 of 5591 @ t_step =     4874 Time Avg = 1.986714E-04 Time/step= 1.890000E-04 ETA (HH:MM:SS) = 0:00:00
 [ 88%]  Time step     4876 of 5591 @ t_step =     4875 Time Avg = 1.986723E-04 Time/step= 2.030000E-04 ETA (HH:MM:SS) = 0:00:00
 [ 88%]  Time step     4877 of 5591 @ t_step =     4876 Time Avg = 1.986707E-04 Time/step= 1.910000E-04 ETA (HH:MM:SS) = 0:00:00
 [ 88%]  Time step     4878 of 5591 @ t_step =     4877 Time Avg = 1.986687E-04 Time/step= 1.890000E-04 ETA (HH:MM:SS) = 0:00:00
 [ 88%]  Time step     4879 of 5591 @ t_step =     4878 Time Avg = 1.986667E-04 Time/step= 1.890000E-04 ETA (HH:MM:SS) = 0:00:00
 [ 88%]  Time step     4880 of 5591 @ t_step =     4879 Time Avg = 1.986650E-04 Time/step= 1.900000E-04 ETA (HH:MM:SS) = 0:00:00
 [ 88%]  Time step     4881 of 5591 @ t_step =     4880 Time Avg = 1.986675E-04 Time/step= 2.110000E-04 ETA (HH:MM:SS) = 0:00:00
 [ 88%]  Time step     4882 of 5591 @ t_step =     4881 Time Avg = 1.986659E-04 Time/step= 1.910000E-04 ETA (HH:MM:SS) = 0:00:00
 [ 88%]  Time step     4883 of 5591 @ t_step =     4882 Time Avg = 1.986639E-04 Time/step= 1.890000E-04 ETA (HH:MM:SS) = 0:00:00
 [ 88%]  Time step     4884 of 5591 @ t_step =     4883 Time Avg = 1.986620E-04 Time/step= 1.890000E-04 ETA (HH:MM:SS) = 0:00:00
 [ 88%]  Time step     4885 of 5591 @ t_step =     4884 Time Avg = 1.986600E-04 Time/step= 1.890000E-04 ETA (HH:MM:SS) = 0:00:00
 [ 88%]  Time step     4886 of 5591 @ t_step =     4885 Time Avg = 1.986643E-04 Time/step= 2.200000E-04 ETA (HH:MM:SS) = 0:00:00
 [ 88%]  Time step     4887 of 5591 @ t_step =     4886 Time Avg = 1.986640E-04 Time/step= 1.970000E-04 ETA (HH:MM:SS) = 0:00:00
 [ 88%]  Time step     4888 of 5591 @ t_step =     4887 Time Avg = 1.986647E-04 Time/step= 2.020000E-04 ETA (HH:MM:SS) = 0:00:00
 [ 88%]  Time step     4889 of 5591 @ t_step =     4888 Time Avg = 1.986629E-04 Time/step= 1.900000E-04 ETA (HH:MM:SS) = 0:00:00
 [ 88%]  Time step     4890 of 5591 @ t_step =     4889 Time Avg = 1.986609E-04 Time/step= 1.890000E-04 ETA (HH:MM:SS) = 0:00:00
 [ 88%]  Time step     4891 of 5591 @ t_step =     4890 Time Avg = 1.986622E-04 Time/step= 2.050000E-04 ETA (HH:MM:SS) = 0:00:00
 [ 88%]  Time step     4892 of 5591 @ t_step =     4891 Time Avg = 1.986605E-04 Time/step= 1.900000E-04 ETA (HH:MM:SS) = 0:00:00
 [ 88%]  Time step     4893 of 5591 @ t_step =     4892 Time Avg = 1.986585E-04 Time/step= 1.890000E-04 ETA (HH:MM:SS) = 0:00:00
 [ 88%]  Time step     4894 of 5591 @ t_step =     4893 Time Avg = 1.986567E-04 Time/step= 1.900000E-04 ETA (HH:MM:SS) = 0:00:00
 [ 88%]  Time step     4895 of 5591 @ t_step =     4894 Time Avg = 1.986549E-04 Time/step= 1.900000E-04 ETA (HH:MM:SS) = 0:00:00
 [ 88%]  Time step     4896 of 5591 @ t_step =     4895 Time Avg = 1.986558E-04 Time/step= 2.030000E-04 ETA (HH:MM:SS) = 0:00:00
 [ 88%]  Time step     4897 of 5591 @ t_step =     4896 Time Avg = 1.986539E-04 Time/step= 1.890000E-04 ETA (HH:MM:SS) = 0:00:00
 [ 88%]  Time step     4898 of 5591 @ t_step =     4897 Time Avg = 1.986519E-04 Time/step= 1.890000E-04 ETA (HH:MM:SS) = 0:00:00
 [ 88%]  Time step     4899 of 5591 @ t_step =     4898 Time Avg = 1.986501E-04 Time/step= 1.900000E-04 ETA (HH:MM:SS) = 0:00:00
 [ 88%]  Time step     4900 of 5591 @ t_step =     4899 Time Avg = 1.986482E-04 Time/step= 1.890000E-04 ETA (HH:MM:SS) = 0:00:00
 [ 88%]  Time step     4901 of 5591 @ t_step =     4900 Time Avg = 1.986511E-04 Time/step= 2.130000E-04 ETA (HH:MM:SS) = 0:00:00
 [ 88%]  Time step     4902 of 5591 @ t_step =     4901 Time Avg = 1.986493E-04 Time/step= 1.900000E-04 ETA (HH:MM:SS) = 0:00:00
 [ 88%]  Time step     4903 of 5591 @ t_step =     4902 Time Avg = 1.986473E-04 Time/step= 1.890000E-04 ETA (HH:MM:SS) = 0:00:00
 [ 88%]  Time step     4904 of 5591 @ t_step =     4903 Time Avg = 1.986456E-04 Time/step= 1.900000E-04 ETA (HH:MM:SS) = 0:00:00
 [ 88%]  Time step     4905 of 5591 @ t_step =     4904 Time Avg = 1.986436E-04 Time/step= 1.890000E-04 ETA (HH:MM:SS) = 0:00:00
 [ 88%]  Time step     4906 of 5591 @ t_step =     4905 Time Avg = 1.986480E-04 Time/step= 2.200000E-04 ETA (HH:MM:SS) = 0:00:00
 [ 88%]  Time step     4907 of 5591 @ t_step =     4906 Time Avg = 1.986474E-04 Time/step= 1.960000E-04 ETA (HH:MM:SS) = 0:00:00
 [ 88%]  Time step     4908 of 5591 @ t_step =     4907 Time Avg = 1.986455E-04 Time/step= 1.890000E-04 ETA (HH:MM:SS) = 0:00:00
 [ 88%]  Time step     4909 of 5591 @ t_step =     4908 Time Avg = 1.986435E-04 Time/step= 1.890000E-04 ETA (HH:MM:SS) = 0:00:00
 [ 88%]  Time step     4910 of 5591 @ t_step =     4909 Time Avg = 1.986415E-04 Time/step= 1.890000E-04 ETA (HH:MM:SS) = 0:00:00
 [ 88%]  Time step     4911 of 5591 @ t_step =     4910 Time Avg = 1.986432E-04 Time/step= 2.070000E-04 ETA (HH:MM:SS) = 0:00:00
 [ 88%]  Time step     4912 of 5591 @ t_step =     4911 Time Avg = 1.986415E-04 Time/step= 1.900000E-04 ETA (HH:MM:SS) = 0:00:00
 [ 88%]  Time step     4913 of 5591 @ t_step =     4912 Time Avg = 1.986395E-04 Time/step= 1.890000E-04 ETA (HH:MM:SS) = 0:00:00
 [ 88%]  Time step     4914 of 5591 @ t_step =     4913 Time Avg = 1.986378E-04 Time/step= 1.900000E-04 ETA (HH:MM:SS) = 0:00:00
 [ 88%]  Time step     4915 of 5591 @ t_step =     4914 Time Avg = 1.986358E-04 Time/step= 1.890000E-04 ETA (HH:MM:SS) = 0:00:00
 [ 88%]  Time step     4916 of 5591 @ t_step =     4915 Time Avg = 1.986369E-04 Time/step= 2.040000E-04 ETA (HH:MM:SS) = 0:00:00
 [ 88%]  Time step     4917 of 5591 @ t_step =     4916 Time Avg = 1.986351E-04 Time/step= 1.900000E-04 ETA (HH:MM:SS) = 0:00:00
 [ 88%]  Time step     4918 of 5591 @ t_step =     4917 Time Avg = 1.986334E-04 Time/step= 1.900000E-04 ETA (HH:MM:SS) = 0:00:00
 [ 88%]  Time step     4919 of 5591 @ t_step =     4918 Time Avg = 1.986316E-04 Time/step= 1.900000E-04 ETA (HH:MM:SS) = 0:00:00
 [ 88%]  Time step     4920 of 5591 @ t_step =     4919 Time Avg = 1.986297E-04 Time/step= 1.890000E-04 ETA (HH:MM:SS) = 0:00:00
 [ 88%]  Time step     4921 of 5591 @ t_step =     4920 Time Avg = 1.986334E-04 Time/step= 2.170000E-04 ETA (HH:MM:SS) = 0:00:00
 [ 89%]  Time step     4922 of 5591 @ t_step =     4921 Time Avg = 1.986316E-04 Time/step= 1.900000E-04 ETA (HH:MM:SS) = 0:00:00
 [ 89%]  Time step     4923 of 5591 @ t_step =     4922 Time Avg = 1.986297E-04 Time/step= 1.890000E-04 ETA (HH:MM:SS) = 0:00:00
 [ 89%]  Time step     4924 of 5591 @ t_step =     4923 Time Avg = 1.986277E-04 Time/step= 1.890000E-04 ETA (HH:MM:SS) = 0:00:00
 [ 89%]  Time step     4925 of 5591 @ t_step =     4924 Time Avg = 1.986260E-04 Time/step= 1.900000E-04 ETA (HH:MM:SS) = 0:00:00
 [ 89%]  Time step     4926 of 5591 @ t_step =     4925 Time Avg = 1.986299E-04 Time/step= 2.180000E-04 ETA (HH:MM:SS) = 0:00:00
 [ 89%]  Time step     4927 of 5591 @ t_step =     4926 Time Avg = 1.986312E-04 Time/step= 2.050000E-04 ETA (HH:MM:SS) = 0:00:00
 [ 89%]  Time step     4928 of 5591 @ t_step =     4927 Time Avg = 1.986292E-04 Time/step= 1.890000E-04 ETA (HH:MM:SS) = 0:00:00
 [ 89%]  Time step     4929 of 5591 @ t_step =     4928 Time Avg = 1.986275E-04 Time/step= 1.900000E-04 ETA (HH:MM:SS) = 0:00:00
 [ 89%]  Time step     4930 of 5591 @ t_step =     4929 Time Avg = 1.986255E-04 Time/step= 1.890000E-04 ETA (HH:MM:SS) = 0:00:00
 [ 89%]  Time step     4931 of 5591 @ t_step =     4930 Time Avg = 1.986272E-04 Time/step= 2.070000E-04 ETA (HH:MM:SS) = 0:00:00
 [ 89%]  Time step     4932 of 5591 @ t_step =     4931 Time Avg = 1.986253E-04 Time/step= 1.890000E-04 ETA (HH:MM:SS) = 0:00:00
 [ 89%]  Time step     4933 of 5591 @ t_step =     4932 Time Avg = 1.986235E-04 Time/step= 1.900000E-04 ETA (HH:MM:SS) = 0:00:00
 [ 89%]  Time step     4934 of 5591 @ t_step =     4933 Time Avg = 1.986218E-04 Time/step= 1.900000E-04 ETA (HH:MM:SS) = 0:00:00
 [ 89%]  Time step     4935 of 5591 @ t_step =     4934 Time Avg = 1.986198E-04 Time/step= 1.890000E-04 ETA (HH:MM:SS) = 0:00:00
 [ 89%]  Time step     4936 of 5591 @ t_step =     4935 Time Avg = 1.986209E-04 Time/step= 2.040000E-04 ETA (HH:MM:SS) = 0:00:00
 [ 89%]  Time step     4937 of 5591 @ t_step =     4936 Time Avg = 1.986192E-04 Time/step= 1.900000E-04 ETA (HH:MM:SS) = 0:00:00
 [ 89%]  Time step     4938 of 5591 @ t_step =     4937 Time Avg = 1.986174E-04 Time/step= 1.900000E-04 ETA (HH:MM:SS) = 0:00:00
 [ 89%]  Time step     4939 of 5591 @ t_step =     4938 Time Avg = 1.986157E-04 Time/step= 1.900000E-04 ETA (HH:MM:SS) = 0:00:00
 [ 89%]  Time step     4940 of 5591 @ t_step =     4939 Time Avg = 1.986139E-04 Time/step= 1.900000E-04 ETA (HH:MM:SS) = 0:00:00
 [ 89%]  Time step     4941 of 5591 @ t_step =     4940 Time Avg = 1.986166E-04 Time/step= 2.120000E-04 ETA (HH:MM:SS) = 0:00:00
 [ 89%]  Time step     4942 of 5591 @ t_step =     4941 Time Avg = 1.986149E-04 Time/step= 1.900000E-04 ETA (HH:MM:SS) = 0:00:00
 [ 89%]  Time step     4943 of 5591 @ t_step =     4942 Time Avg = 1.986132E-04 Time/step= 1.900000E-04 ETA (HH:MM:SS) = 0:00:00
 [ 89%]  Time step     4944 of 5591 @ t_step =     4943 Time Avg = 1.986112E-04 Time/step= 1.890000E-04 ETA (HH:MM:SS) = 0:00:00
 [ 89%]  Time step     4945 of 5591 @ t_step =     4944 Time Avg = 1.986095E-04 Time/step= 1.900000E-04 ETA (HH:MM:SS) = 0:00:00
 [ 89%]  Time step     4946 of 5591 @ t_step =     4945 Time Avg = 1.986138E-04 Time/step= 2.200000E-04 ETA (HH:MM:SS) = 0:00:00
 [ 89%]  Time step     4947 of 5591 @ t_step =     4946 Time Avg = 1.986181E-04 Time/step= 2.200000E-04 ETA (HH:MM:SS) = 0:00:00
 [ 89%]  Time step     4948 of 5591 @ t_step =     4947 Time Avg = 1.986164E-04 Time/step= 1.900000E-04 ETA (HH:MM:SS) = 0:00:00
 [ 89%]  Time step     4949 of 5591 @ t_step =     4948 Time Avg = 1.986146E-04 Time/step= 1.900000E-04 ETA (HH:MM:SS) = 0:00:00
 [ 89%]  Time step     4950 of 5591 @ t_step =     4949 Time Avg = 1.986167E-04 Time/step= 2.090000E-04 ETA (HH:MM:SS) = 0:00:00
 [ 89%]  Time step     4951 of 5591 @ t_step =     4950 Time Avg = 1.986150E-04 Time/step= 1.900000E-04 ETA (HH:MM:SS) = 0:00:00
 [ 89%]  Time step     4952 of 5591 @ t_step =     4951 Time Avg = 1.986131E-04 Time/step= 1.890000E-04 ETA (HH:MM:SS) = 0:00:00
 [ 89%]  Time step     4953 of 5591 @ t_step =     4952 Time Avg = 1.986113E-04 Time/step= 1.900000E-04 ETA (HH:MM:SS) = 0:00:00
 [ 89%]  Time step     4954 of 5591 @ t_step =     4953 Time Avg = 1.986094E-04 Time/step= 1.890000E-04 ETA (HH:MM:SS) = 0:00:00
 [ 89%]  Time step     4955 of 5591 @ t_step =     4954 Time Avg = 1.986105E-04 Time/step= 2.040000E-04 ETA (HH:MM:SS) = 0:00:00
 [ 89%]  Time step     4956 of 5591 @ t_step =     4955 Time Avg = 1.986089E-04 Time/step= 1.910000E-04 ETA (HH:MM:SS) = 0:00:00
 [ 89%]  Time step     4957 of 5591 @ t_step =     4956 Time Avg = 1.986070E-04 Time/step= 1.890000E-04 ETA (HH:MM:SS) = 0:00:00
 [ 89%]  Time step     4958 of 5591 @ t_step =     4957 Time Avg = 1.986050E-04 Time/step= 1.890000E-04 ETA (HH:MM:SS) = 0:00:00
 [ 89%]  Time step     4959 of 5591 @ t_step =     4958 Time Avg = 1.986033E-04 Time/step= 1.900000E-04 ETA (HH:MM:SS) = 0:00:00
 [ 89%]  Time step     4960 of 5591 @ t_step =     4959 Time Avg = 1.986064E-04 Time/step= 2.140000E-04 ETA (HH:MM:SS) = 0:00:00
 [ 89%]  Time step     4961 of 5591 @ t_step =     4960 Time Avg = 1.986047E-04 Time/step= 1.900000E-04 ETA (HH:MM:SS) = 0:00:00
 [ 89%]  Time step     4962 of 5591 @ t_step =     4961 Time Avg = 1.986027E-04 Time/step= 1.890000E-04 ETA (HH:MM:SS) = 0:00:00
 [ 89%]  Time step     4963 of 5591 @ t_step =     4962 Time Avg = 1.986010E-04 Time/step= 1.900000E-04 ETA (HH:MM:SS) = 0:00:00
 [ 89%]  Time step     4964 of 5591 @ t_step =     4963 Time Avg = 1.985991E-04 Time/step= 1.890000E-04 ETA (HH:MM:SS) = 0:00:00
 [ 89%]  Time step     4965 of 5591 @ t_step =     4964 Time Avg = 1.986026E-04 Time/step= 2.160000E-04 ETA (HH:MM:SS) = 0:00:00
 [ 89%]  Time step     4966 of 5591 @ t_step =     4965 Time Avg = 1.986021E-04 Time/step= 1.960000E-04 ETA (HH:MM:SS) = 0:00:00
 [ 89%]  Time step     4967 of 5591 @ t_step =     4966 Time Avg = 1.986023E-04 Time/step= 2.000000E-04 ETA (HH:MM:SS) = 0:00:00
 [ 89%]  Time step     4968 of 5591 @ t_step =     4967 Time Avg = 1.986006E-04 Time/step= 1.900000E-04 ETA (HH:MM:SS) = 0:00:00
 [ 89%]  Time step     4969 of 5591 @ t_step =     4968 Time Avg = 1.985987E-04 Time/step= 1.890000E-04 ETA (HH:MM:SS) = 0:00:00
 [ 89%]  Time step     4970 of 5591 @ t_step =     4969 Time Avg = 1.986004E-04 Time/step= 2.070000E-04 ETA (HH:MM:SS) = 0:00:00
 [ 89%]  Time step     4971 of 5591 @ t_step =     4970 Time Avg = 1.985986E-04 Time/step= 1.900000E-04 ETA (HH:MM:SS) = 0:00:00
 [ 89%]  Time step     4972 of 5591 @ t_step =     4971 Time Avg = 1.985967E-04 Time/step= 1.890000E-04 ETA (HH:MM:SS) = 0:00:00
 [ 89%]  Time step     4973 of 5591 @ t_step =     4972 Time Avg = 1.985948E-04 Time/step= 1.890000E-04 ETA (HH:MM:SS) = 0:00:00
 [ 89%]  Time step     4974 of 5591 @ t_step =     4973 Time Avg = 1.985930E-04 Time/step= 1.900000E-04 ETA (HH:MM:SS) = 0:00:00
 [ 89%]  Time step     4975 of 5591 @ t_step =     4974 Time Avg = 1.985937E-04 Time/step= 2.020000E-04 ETA (HH:MM:SS) = 0:00:00
 [ 89%]  Time step     4976 of 5591 @ t_step =     4975 Time Avg = 1.985920E-04 Time/step= 1.900000E-04 ETA (HH:MM:SS) = 0:00:00
 [ 90%]  Time step     4977 of 5591 @ t_step =     4976 Time Avg = 1.985901E-04 Time/step= 1.890000E-04 ETA (HH:MM:SS) = 0:00:00
 [ 90%]  Time step     4978 of 5591 @ t_step =     4977 Time Avg = 1.985881E-04 Time/step= 1.890000E-04 ETA (HH:MM:SS) = 0:00:00
 [ 90%]  Time step     4979 of 5591 @ t_step =     4978 Time Avg = 1.985862E-04 Time/step= 1.890000E-04 ETA (HH:MM:SS) = 0:00:00
 [ 90%]  Time step     4980 of 5591 @ t_step =     4979 Time Avg = 1.985891E-04 Time/step= 2.130000E-04 ETA (HH:MM:SS) = 0:00:00
 [ 90%]  Time step     4981 of 5591 @ t_step =     4980 Time Avg = 1.985874E-04 Time/step= 1.900000E-04 ETA (HH:MM:SS) = 0:00:00
 [ 90%]  Time step     4982 of 5591 @ t_step =     4981 Time Avg = 1.985857E-04 Time/step= 1.900000E-04 ETA (HH:MM:SS) = 0:00:00
 [ 90%]  Time step     4983 of 5591 @ t_step =     4982 Time Avg = 1.985837E-04 Time/step= 1.890000E-04 ETA (HH:MM:SS) = 0:00:00
 [ 90%]  Time step     4984 of 5591 @ t_step =     4983 Time Avg = 1.985818E-04 Time/step= 1.890000E-04 ETA (HH:MM:SS) = 0:00:00
 [ 90%]  Time step     4985 of 5591 @ t_step =     4984 Time Avg = 1.985871E-04 Time/step= 2.250000E-04 ETA (HH:MM:SS) = 0:00:00
 [ 90%]  Time step     4986 of 5591 @ t_step =     4985 Time Avg = 1.985888E-04 Time/step= 2.070000E-04 ETA (HH:MM:SS) = 0:00:00
 [ 90%]  Time step     4987 of 5591 @ t_step =     4986 Time Avg = 1.985871E-04 Time/step= 1.900000E-04 ETA (HH:MM:SS) = 0:00:00
 [ 90%]  Time step     4988 of 5591 @ t_step =     4987 Time Avg = 1.985854E-04 Time/step= 1.900000E-04 ETA (HH:MM:SS) = 0:00:00
 [ 90%]  Time step     4989 of 5591 @ t_step =     4988 Time Avg = 1.985836E-04 Time/step= 1.900000E-04 ETA (HH:MM:SS) = 0:00:00
 [ 90%]  Time step     4990 of 5591 @ t_step =     4989 Time Avg = 1.985845E-04 Time/step= 2.030000E-04 ETA (HH:MM:SS) = 0:00:00
 [ 90%]  Time step     4991 of 5591 @ t_step =     4990 Time Avg = 1.985828E-04 Time/step= 1.900000E-04 ETA (HH:MM:SS) = 0:00:00
 [ 90%]  Time step     4992 of 5591 @ t_step =     4991 Time Avg = 1.985811E-04 Time/step= 1.900000E-04 ETA (HH:MM:SS) = 0:00:00
 [ 90%]  Time step     4993 of 5591 @ t_step =     4992 Time Avg = 1.985792E-04 Time/step= 1.890000E-04 ETA (HH:MM:SS) = 0:00:00
 [ 90%]  Time step     4994 of 5591 @ t_step =     4993 Time Avg = 1.985774E-04 Time/step= 1.900000E-04 ETA (HH:MM:SS) = 0:00:00
 [ 90%]  Time step     4995 of 5591 @ t_step =     4994 Time Avg = 1.985779E-04 Time/step= 2.010000E-04 ETA (HH:MM:SS) = 0:00:00
 [ 90%]  Time step     4996 of 5591 @ t_step =     4995 Time Avg = 1.985762E-04 Time/step= 1.900000E-04 ETA (HH:MM:SS) = 0:00:00
 [ 90%]  Time step     4997 of 5591 @ t_step =     4996 Time Avg = 1.985745E-04 Time/step= 1.900000E-04 ETA (HH:MM:SS) = 0:00:00
 [ 90%]  Time step     4998 of 5591 @ t_step =     4997 Time Avg = 1.985726E-04 Time/step= 1.890000E-04 ETA (HH:MM:SS) = 0:00:00
 [ 90%]  Time step     4999 of 5591 @ t_step =     4998 Time Avg = 1.985707E-04 Time/step= 1.890000E-04 ETA (HH:MM:SS) = 0:00:00
 [ 90%]  Time step     5000 of 5591 @ t_step =     4999 Time Avg = 1.985733E-04 Time/step= 2.120000E-04 ETA (HH:MM:SS) = 0:00:00
 [ 90%]  Time step     5001 of 5591 @ t_step =     5000 Time Avg = 1.985716E-04 Time/step= 1.900000E-04 ETA (HH:MM:SS) = 0:00:00
 [ 90%]  Time step     5002 of 5591 @ t_step =     5001 Time Avg = 1.985721E-04 Time/step= 2.010000E-04 ETA (HH:MM:SS) = 0:00:00
 [ 90%]  Time step     5003 of 5591 @ t_step =     5002 Time Avg = 1.985716E-04 Time/step= 1.960000E-04 ETA (HH:MM:SS) = 0:00:00
 [ 90%]  Time step     5004 of 5591 @ t_step =     5003 Time Avg = 1.985737E-04 Time/step= 2.090000E-04 ETA (HH:MM:SS) = 0:00:00
 [ 90%]  Time step     5005 of 5591 @ t_step =     5004 Time Avg = 1.985742E-04 Time/step= 2.010000E-04 ETA (HH:MM:SS) = 0:00:00
 [ 90%]  Time step     5006 of 5591 @ t_step =     5005 Time Avg = 1.985753E-04 Time/step= 2.040000E-04 ETA (HH:MM:SS) = 0:00:00
 [ 90%]  Time step     5007 of 5591 @ t_step =     5006 Time Avg = 1.985735E-04 Time/step= 1.900000E-04 ETA (HH:MM:SS) = 0:00:00
 [ 90%]  Time step     5008 of 5591 @ t_step =     5007 Time Avg = 1.985718E-04 Time/step= 1.900000E-04 ETA (HH:MM:SS) = 0:00:00
 [ 90%]  Time step     5009 of 5591 @ t_step =     5008 Time Avg = 1.985725E-04 Time/step= 2.020000E-04 ETA (HH:MM:SS) = 0:00:00
 [ 90%]  Time step     5010 of 5591 @ t_step =     5009 Time Avg = 1.985710E-04 Time/step= 1.910000E-04 ETA (HH:MM:SS) = 0:00:00
 [ 90%]  Time step     5011 of 5591 @ t_step =     5010 Time Avg = 1.985693E-04 Time/step= 1.900000E-04 ETA (HH:MM:SS) = 0:00:00
 [ 90%]  Time step     5012 of 5591 @ t_step =     5011 Time Avg = 1.985676E-04 Time/step= 1.900000E-04 ETA (HH:MM:SS) = 0:00:00
 [ 90%]  Time step     5013 of 5591 @ t_step =     5012 Time Avg = 1.985659E-04 Time/step= 1.900000E-04 ETA (HH:MM:SS) = 0:00:00
 [ 90%]  Time step     5014 of 5591 @ t_step =     5013 Time Avg = 1.985666E-04 Time/step= 2.020000E-04 ETA (HH:MM:SS) = 0:00:00
 [ 90%]  Time step     5015 of 5591 @ t_step =     5014 Time Avg = 1.985648E-04 Time/step= 1.900000E-04 ETA (HH:MM:SS) = 0:00:00
 [ 90%]  Time step     5016 of 5591 @ t_step =     5015 Time Avg = 1.985631E-04 Time/step= 1.900000E-04 ETA (HH:MM:SS) = 0:00:00
 [ 90%]  Time step     5017 of 5591 @ t_step =     5016 Time Avg = 1.985614E-04 Time/step= 1.900000E-04 ETA (HH:MM:SS) = 0:00:00
 [ 90%]  Time step     5018 of 5591 @ t_step =     5017 Time Avg = 1.985595E-04 Time/step= 1.890000E-04 ETA (HH:MM:SS) = 0:00:00
 [ 90%]  Time step     5019 of 5591 @ t_step =     5018 Time Avg = 1.985618E-04 Time/step= 2.100000E-04 ETA (HH:MM:SS) = 0:00:00
 [ 90%]  Time step     5020 of 5591 @ t_step =     5019 Time Avg = 1.985605E-04 Time/step= 1.920000E-04 ETA (HH:MM:SS) = 0:00:00
 [ 90%]  Time step     5021 of 5591 @ t_step =     5020 Time Avg = 1.985586E-04 Time/step= 1.890000E-04 ETA (HH:MM:SS) = 0:00:00
 [ 90%]  Time step     5022 of 5591 @ t_step =     5021 Time Avg = 1.985569E-04 Time/step= 1.900000E-04 ETA (HH:MM:SS) = 0:00:00
 [ 90%]  Time step     5023 of 5591 @ t_step =     5022 Time Avg = 1.985576E-04 Time/step= 2.020000E-04 ETA (HH:MM:SS) = 0:00:00
 [ 90%]  Time step     5024 of 5591 @ t_step =     5023 Time Avg = 1.985626E-04 Time/step= 2.240000E-04 ETA (HH:MM:SS) = 0:00:00
 [ 90%]  Time step     5025 of 5591 @ t_step =     5024 Time Avg = 1.985651E-04 Time/step= 2.110000E-04 ETA (HH:MM:SS) = 0:00:00
 [ 90%]  Time step     5026 of 5591 @ t_step =     5025 Time Avg = 1.985656E-04 Time/step= 2.010000E-04 ETA (HH:MM:SS) = 0:00:00
 [ 90%]  Time step     5027 of 5591 @ t_step =     5026 Time Avg = 1.985639E-04 Time/step= 1.900000E-04 ETA (HH:MM:SS) = 0:00:00
 [ 90%]  Time step     5028 of 5591 @ t_step =     5027 Time Avg = 1.985620E-04 Time/step= 1.890000E-04 ETA (HH:MM:SS) = 0:00:00
 [ 90%]  Time step     5029 of 5591 @ t_step =     5028 Time Avg = 1.985631E-04 Time/step= 2.040000E-04 ETA (HH:MM:SS) = 0:00:00
 [ 90%]  Time step     5030 of 5591 @ t_step =     5029 Time Avg = 1.985614E-04 Time/step= 1.900000E-04 ETA (HH:MM:SS) = 0:00:00
 [ 90%]  Time step     5031 of 5591 @ t_step =     5030 Time Avg = 1.985595E-04 Time/step= 1.890000E-04 ETA (HH:MM:SS) = 0:00:00
 [ 90%]  Time step     5032 of 5591 @ t_step =     5031 Time Avg = 1.985576E-04 Time/step= 1.890000E-04 ETA (HH:MM:SS) = 0:00:00
 [ 91%]  Time step     5033 of 5591 @ t_step =     5032 Time Avg = 1.985559E-04 Time/step= 1.900000E-04 ETA (HH:MM:SS) = 0:00:00
 [ 91%]  Time step     5034 of 5591 @ t_step =     5033 Time Avg = 1.985564E-04 Time/step= 2.010000E-04 ETA (HH:MM:SS) = 0:00:00
 [ 91%]  Time step     5035 of 5591 @ t_step =     5034 Time Avg = 1.985547E-04 Time/step= 1.900000E-04 ETA (HH:MM:SS) = 0:00:00
 [ 91%]  Time step     5036 of 5591 @ t_step =     5035 Time Avg = 1.985528E-04 Time/step= 1.890000E-04 ETA (HH:MM:SS) = 0:00:00
 [ 91%]  Time step     5037 of 5591 @ t_step =     5036 Time Avg = 1.985509E-04 Time/step= 1.890000E-04 ETA (HH:MM:SS) = 0:00:00
 [ 91%]  Time step     5038 of 5591 @ t_step =     5037 Time Avg = 1.985492E-04 Time/step= 1.900000E-04 ETA (HH:MM:SS) = 0:00:00
 [ 91%]  Time step     5039 of 5591 @ t_step =     5038 Time Avg = 1.985512E-04 Time/step= 2.090000E-04 ETA (HH:MM:SS) = 0:00:00
 [ 91%]  Time step     5040 of 5591 @ t_step =     5039 Time Avg = 1.985495E-04 Time/step= 1.900000E-04 ETA (HH:MM:SS) = 0:00:00
 [ 91%]  Time step     5041 of 5591 @ t_step =     5040 Time Avg = 1.985476E-04 Time/step= 1.890000E-04 ETA (HH:MM:SS) = 0:00:00
 [ 91%]  Time step     5042 of 5591 @ t_step =     5041 Time Avg = 1.985457E-04 Time/step= 1.890000E-04 ETA (HH:MM:SS) = 0:00:00
 [ 91%]  Time step     5043 of 5591 @ t_step =     5042 Time Avg = 1.985438E-04 Time/step= 1.890000E-04 ETA (HH:MM:SS) = 0:00:00
 [ 91%]  Time step     5044 of 5591 @ t_step =     5043 Time Avg = 1.985475E-04 Time/step= 2.170000E-04 ETA (HH:MM:SS) = 0:00:00
 [ 91%]  Time step     5045 of 5591 @ t_step =     5044 Time Avg = 1.985470E-04 Time/step= 1.960000E-04 ETA (HH:MM:SS) = 0:00:00
 [ 91%]  Time step     5046 of 5591 @ t_step =     5045 Time Avg = 1.985453E-04 Time/step= 1.900000E-04 ETA (HH:MM:SS) = 0:00:00
 [ 91%]  Time step     5047 of 5591 @ t_step =     5046 Time Avg = 1.985434E-04 Time/step= 1.890000E-04 ETA (HH:MM:SS) = 0:00:00
 [ 91%]  Time step     5048 of 5591 @ t_step =     5047 Time Avg = 1.985415E-04 Time/step= 1.890000E-04 ETA (HH:MM:SS) = 0:00:00
 [ 91%]  Time step     5049 of 5591 @ t_step =     5048 Time Avg = 1.985430E-04 Time/step= 2.060000E-04 ETA (HH:MM:SS) = 0:00:00
 [ 91%]  Time step     5050 of 5591 @ t_step =     5049 Time Avg = 1.985413E-04 Time/step= 1.900000E-04 ETA (HH:MM:SS) = 0:00:00
 [ 91%]  Time step     5051 of 5591 @ t_step =     5050 Time Avg = 1.985394E-04 Time/step= 1.890000E-04 ETA (HH:MM:SS) = 0:00:00
 [ 91%]  Time step     5052 of 5591 @ t_step =     5051 Time Avg = 1.985377E-04 Time/step= 1.900000E-04 ETA (HH:MM:SS) = 0:00:00
 [ 91%]  Time step     5053 of 5591 @ t_step =     5052 Time Avg = 1.985358E-04 Time/step= 1.890000E-04 ETA (HH:MM:SS) = 0:00:00
 [ 91%]  Time step     5054 of 5591 @ t_step =     5053 Time Avg = 1.985367E-04 Time/step= 2.030000E-04 ETA (HH:MM:SS) = 0:00:00
 [ 91%]  Time step     5055 of 5591 @ t_step =     5054 Time Avg = 1.985350E-04 Time/step= 1.900000E-04 ETA (HH:MM:SS) = 0:00:00
 [ 91%]  Time step     5056 of 5591 @ t_step =     5055 Time Avg = 1.985331E-04 Time/step= 1.890000E-04 ETA (HH:MM:SS) = 0:00:00
 [ 91%]  Time step     5057 of 5591 @ t_step =     5056 Time Avg = 1.985313E-04 Time/step= 1.890000E-04 ETA (HH:MM:SS) = 0:00:00
 [ 91%]  Time step     5058 of 5591 @ t_step =     5057 Time Avg = 1.985296E-04 Time/step= 1.900000E-04 ETA (HH:MM:SS) = 0:00:00
 [ 91%]  Time step     5059 of 5591 @ t_step =     5058 Time Avg = 1.985328E-04 Time/step= 2.150000E-04 ETA (HH:MM:SS) = 0:00:00
 [ 91%]  Time step     5060 of 5591 @ t_step =     5059 Time Avg = 1.985311E-04 Time/step= 1.900000E-04 ETA (HH:MM:SS) = 0:00:00
 [ 91%]  Time step     5061 of 5591 @ t_step =     5060 Time Avg = 1.985293E-04 Time/step= 1.890000E-04 ETA (HH:MM:SS) = 0:00:00
 [ 91%]  Time step     5062 of 5591 @ t_step =     5061 Time Avg = 1.985274E-04 Time/step= 1.890000E-04 ETA (HH:MM:SS) = 0:00:00
 [ 91%]  Time step     5063 of 5591 @ t_step =     5062 Time Avg = 1.985257E-04 Time/step= 1.900000E-04 ETA (HH:MM:SS) = 0:00:00
 [ 91%]  Time step     5064 of 5591 @ t_step =     5063 Time Avg = 1.985309E-04 Time/step= 2.250000E-04 ETA (HH:MM:SS) = 0:00:00
 [ 91%]  Time step     5065 of 5591 @ t_step =     5064 Time Avg = 1.985324E-04 Time/step= 2.060000E-04 ETA (HH:MM:SS) = 0:00:00
 [ 91%]  Time step     5066 of 5591 @ t_step =     5065 Time Avg = 1.985307E-04 Time/step= 1.900000E-04 ETA (HH:MM:SS) = 0:00:00
 [ 91%]  Time step     5067 of 5591 @ t_step =     5066 Time Avg = 1.985290E-04 Time/step= 1.900000E-04 ETA (HH:MM:SS) = 0:00:00
 [ 91%]  Time step     5068 of 5591 @ t_step =     5067 Time Avg = 1.985273E-04 Time/step= 1.900000E-04 ETA (HH:MM:SS) = 0:00:00
 [ 91%]  Time step     5069 of 5591 @ t_step =     5068 Time Avg = 1.985282E-04 Time/step= 2.030000E-04 ETA (HH:MM:SS) = 0:00:00
 [ 91%]  Time step     5070 of 5591 @ t_step =     5069 Time Avg = 1.985265E-04 Time/step= 1.900000E-04 ETA (HH:MM:SS) = 0:00:00
 [ 91%]  Time step     5071 of 5591 @ t_step =     5070 Time Avg = 1.985249E-04 Time/step= 1.900000E-04 ETA (HH:MM:SS) = 0:00:00
 [ 91%]  Time step     5072 of 5591 @ t_step =     5071 Time Avg = 1.985232E-04 Time/step= 1.900000E-04 ETA (HH:MM:SS) = 0:00:00
 [ 91%]  Time step     5073 of 5591 @ t_step =     5072 Time Avg = 1.985213E-04 Time/step= 1.890000E-04 ETA (HH:MM:SS) = 0:00:00
 [ 91%]  Time step     5074 of 5591 @ t_step =     5073 Time Avg = 1.985210E-04 Time/step= 1.970000E-04 ETA (HH:MM:SS) = 0:00:00
 [ 91%]  Time step     5075 of 5591 @ t_step =     5074 Time Avg = 1.985193E-04 Time/step= 1.900000E-04 ETA (HH:MM:SS) = 0:00:00
 [ 91%]  Time step     5076 of 5591 @ t_step =     5075 Time Avg = 1.985176E-04 Time/step= 1.900000E-04 ETA (HH:MM:SS) = 0:00:00
 [ 91%]  Time step     5077 of 5591 @ t_step =     5076 Time Avg = 1.985158E-04 Time/step= 1.890000E-04 ETA (HH:MM:SS) = 0:00:00
 [ 91%]  Time step     5078 of 5591 @ t_step =     5077 Time Avg = 1.985139E-04 Time/step= 1.890000E-04 ETA (HH:MM:SS) = 0:00:00
 [ 91%]  Time step     5079 of 5591 @ t_step =     5078 Time Avg = 1.985154E-04 Time/step= 2.060000E-04 ETA (HH:MM:SS) = 0:00:00
 [ 91%]  Time step     5080 of 5591 @ t_step =     5079 Time Avg = 1.985137E-04 Time/step= 1.900000E-04 ETA (HH:MM:SS) = 0:00:00
 [ 91%]  Time step     5081 of 5591 @ t_step =     5080 Time Avg = 1.985118E-04 Time/step= 1.890000E-04 ETA (HH:MM:SS) = 0:00:00
 [ 91%]  Time step     5082 of 5591 @ t_step =     5081 Time Avg = 1.985101E-04 Time/step= 1.900000E-04 ETA (HH:MM:SS) = 0:00:00
 [ 91%]  Time step     5083 of 5591 @ t_step =     5082 Time Avg = 1.985124E-04 Time/step= 2.100000E-04 ETA (HH:MM:SS) = 0:00:00
 [ 91%]  Time step     5084 of 5591 @ t_step =     5083 Time Avg = 1.985123E-04 Time/step= 1.980000E-04 ETA (HH:MM:SS) = 0:00:00
 [ 91%]  Time step     5085 of 5591 @ t_step =     5084 Time Avg = 1.985132E-04 Time/step= 2.030000E-04 ETA (HH:MM:SS) = 0:00:00
 [ 91%]  Time step     5086 of 5591 @ t_step =     5085 Time Avg = 1.985113E-04 Time/step= 1.890000E-04 ETA (HH:MM:SS) = 0:00:00
 [ 91%]  Time step     5087 of 5591 @ t_step =     5086 Time Avg = 1.985094E-04 Time/step= 1.890000E-04 ETA (HH:MM:SS) = 0:00:00
 [ 91%]  Time step     5088 of 5591 @ t_step =     5087 Time Avg = 1.985101E-04 Time/step= 2.020000E-04 ETA (HH:MM:SS) = 0:00:00
 [ 92%]  Time step     5089 of 5591 @ t_step =     5088 Time Avg = 1.985085E-04 Time/step= 1.900000E-04 ETA (HH:MM:SS) = 0:00:00
 [ 92%]  Time step     5090 of 5591 @ t_step =     5089 Time Avg = 1.985066E-04 Time/step= 1.890000E-04 ETA (HH:MM:SS) = 0:00:00
 [ 92%]  Time step     5091 of 5591 @ t_step =     5090 Time Avg = 1.985128E-04 Time/step= 2.300000E-04 ETA (HH:MM:SS) = 0:00:00
 [ 92%]  Time step     5092 of 5591 @ t_step =     5091 Time Avg = 1.985152E-04 Time/step= 2.110000E-04 ETA (HH:MM:SS) = 0:00:00
 [ 92%]  Time step     5093 of 5591 @ t_step =     5092 Time Avg = 1.985434E-04 Time/step= 3.420000E-04 ETA (HH:MM:SS) = 0:00:00
 [ 92%]  Time step     5094 of 5591 @ t_step =     5093 Time Avg = 1.985628E-04 Time/step= 2.970000E-04 ETA (HH:MM:SS) = 0:00:00
 [ 92%]  Time step     5095 of 5591 @ t_step =     5094 Time Avg = 1.985878E-04 Time/step= 3.260000E-04 ETA (HH:MM:SS) = 0:00:00
 [ 92%]  Time step     5096 of 5591 @ t_step =     5095 Time Avg = 1.986051E-04 Time/step= 2.870000E-04 ETA (HH:MM:SS) = 0:00:00
 [ 92%]  Time step     5097 of 5591 @ t_step =     5096 Time Avg = 1.986107E-04 Time/step= 2.270000E-04 ETA (HH:MM:SS) = 0:00:00
 [ 92%]  Time step     5098 of 5591 @ t_step =     5097 Time Avg = 1.986200E-04 Time/step= 2.460000E-04 ETA (HH:MM:SS) = 0:00:00
 [ 92%]  Time step     5099 of 5591 @ t_step =     5098 Time Avg = 1.986336E-04 Time/step= 2.680000E-04 ETA (HH:MM:SS) = 0:00:00
 [ 92%]  Time step     5100 of 5591 @ t_step =     5099 Time Avg = 1.986463E-04 Time/step= 2.630000E-04 ETA (HH:MM:SS) = 0:00:00
 [ 92%]  Time step     5101 of 5591 @ t_step =     5100 Time Avg = 1.986469E-04 Time/step= 2.020000E-04 ETA (HH:MM:SS) = 0:00:00
 [ 92%]  Time step     5102 of 5591 @ t_step =     5101 Time Avg = 1.986452E-04 Time/step= 1.900000E-04 ETA (HH:MM:SS) = 0:00:00
 [ 92%]  Time step     5103 of 5591 @ t_step =     5102 Time Avg = 1.986435E-04 Time/step= 1.900000E-04 ETA (HH:MM:SS) = 0:00:00
 [ 92%]  Time step     5104 of 5591 @ t_step =     5103 Time Avg = 1.986479E-04 Time/step= 2.210000E-04 ETA (HH:MM:SS) = 0:00:00
 [ 92%]  Time step     5105 of 5591 @ t_step =     5104 Time Avg = 1.986494E-04 Time/step= 2.060000E-04 ETA (HH:MM:SS) = 0:00:00
 [ 92%]  Time step     5106 of 5591 @ t_step =     5105 Time Avg = 1.986477E-04 Time/step= 1.900000E-04 ETA (HH:MM:SS) = 0:00:00
 [ 92%]  Time step     5107 of 5591 @ t_step =     5106 Time Avg = 1.986458E-04 Time/step= 1.890000E-04 ETA (HH:MM:SS) = 0:00:00
 [ 92%]  Time step     5108 of 5591 @ t_step =     5107 Time Avg = 1.986439E-04 Time/step= 1.890000E-04 ETA (HH:MM:SS) = 0:00:00
 [ 92%]  Time step     5109 of 5591 @ t_step =     5108 Time Avg = 1.986479E-04 Time/step= 2.190000E-04 ETA (HH:MM:SS) = 0:00:00
 [ 92%]  Time step     5110 of 5591 @ t_step =     5109 Time Avg = 1.986491E-04 Time/step= 2.050000E-04 ETA (HH:MM:SS) = 0:00:00
 [ 92%]  Time step     5111 of 5591 @ t_step =     5110 Time Avg = 1.986474E-04 Time/step= 1.900000E-04 ETA (HH:MM:SS) = 0:00:00
 [ 92%]  Time step     5112 of 5591 @ t_step =     5111 Time Avg = 1.986457E-04 Time/step= 1.900000E-04 ETA (HH:MM:SS) = 0:00:00
 [ 92%]  Time step     5113 of 5591 @ t_step =     5112 Time Avg = 1.986440E-04 Time/step= 1.900000E-04 ETA (HH:MM:SS) = 0:00:00
 [ 92%]  Time step     5114 of 5591 @ t_step =     5113 Time Avg = 1.986498E-04 Time/step= 2.280000E-04 ETA (HH:MM:SS) = 0:00:00
 [ 92%]  Time step     5115 of 5591 @ t_step =     5114 Time Avg = 1.986506E-04 Time/step= 2.030000E-04 ETA (HH:MM:SS) = 0:00:00
 [ 92%]  Time step     5116 of 5591 @ t_step =     5115 Time Avg = 1.986489E-04 Time/step= 1.900000E-04 ETA (HH:MM:SS) = 0:00:00
 [ 92%]  Time step     5117 of 5591 @ t_step =     5116 Time Avg = 1.986470E-04 Time/step= 1.890000E-04 ETA (HH:MM:SS) = 0:00:00
 [ 92%]  Time step     5118 of 5591 @ t_step =     5117 Time Avg = 1.986504E-04 Time/step= 2.160000E-04 ETA (HH:MM:SS) = 0:00:00
 [ 92%]  Time step     5119 of 5591 @ t_step =     5118 Time Avg = 1.986517E-04 Time/step= 2.050000E-04 ETA (HH:MM:SS) = 0:00:00
 [ 92%]  Time step     5120 of 5591 @ t_step =     5119 Time Avg = 1.986547E-04 Time/step= 2.140000E-04 ETA (HH:MM:SS) = 0:00:00
 [ 92%]  Time step     5121 of 5591 @ t_step =     5120 Time Avg = 1.986528E-04 Time/step= 1.890000E-04 ETA (HH:MM:SS) = 0:00:00
 [ 92%]  Time step     5122 of 5591 @ t_step =     5121 Time Avg = 1.986511E-04 Time/step= 1.900000E-04 ETA (HH:MM:SS) = 0:00:00
 [ 92%]  Time step     5123 of 5591 @ t_step =     5122 Time Avg = 1.986561E-04 Time/step= 2.240000E-04 ETA (HH:MM:SS) = 0:00:00
 [ 92%]  Time step     5124 of 5591 @ t_step =     5123 Time Avg = 1.986575E-04 Time/step= 2.060000E-04 ETA (HH:MM:SS) = 0:00:00
 [ 92%]  Time step     5125 of 5591 @ t_step =     5124 Time Avg = 1.986558E-04 Time/step= 1.900000E-04 ETA (HH:MM:SS) = 0:00:00
 [ 92%]  Time step     5126 of 5591 @ t_step =     5125 Time Avg = 1.986539E-04 Time/step= 1.890000E-04 ETA (HH:MM:SS) = 0:00:00
 [ 92%]  Time step     5127 of 5591 @ t_step =     5126 Time Avg = 1.986522E-04 Time/step= 1.900000E-04 ETA (HH:MM:SS) = 0:00:00
 [ 92%]  Time step     5128 of 5591 @ t_step =     5127 Time Avg = 1.986560E-04 Time/step= 2.180000E-04 ETA (HH:MM:SS) = 0:00:00
 [ 92%]  Time step     5129 of 5591 @ t_step =     5128 Time Avg = 1.986574E-04 Time/step= 2.060000E-04 ETA (HH:MM:SS) = 0:00:00
 [ 92%]  Time step     5130 of 5591 @ t_step =     5129 Time Avg = 1.986557E-04 Time/step= 1.900000E-04 ETA (HH:MM:SS) = 0:00:00
 [ 92%]  Time step     5131 of 5591 @ t_step =     5130 Time Avg = 1.986541E-04 Time/step= 1.900000E-04 ETA (HH:MM:SS) = 0:00:00
 [ 92%]  Time step     5132 of 5591 @ t_step =     5131 Time Avg = 1.986524E-04 Time/step= 1.900000E-04 ETA (HH:MM:SS) = 0:00:00
 [ 92%]  Time step     5133 of 5591 @ t_step =     5132 Time Avg = 1.986591E-04 Time/step= 2.330000E-04 ETA (HH:MM:SS) = 0:00:00
 [ 92%]  Time step     5134 of 5591 @ t_step =     5133 Time Avg = 1.986601E-04 Time/step= 2.040000E-04 ETA (HH:MM:SS) = 0:00:00
 [ 92%]  Time step     5135 of 5591 @ t_step =     5134 Time Avg = 1.986584E-04 Time/step= 1.900000E-04 ETA (HH:MM:SS) = 0:00:00
 [ 92%]  Time step     5136 of 5591 @ t_step =     5135 Time Avg = 1.986565E-04 Time/step= 1.890000E-04 ETA (HH:MM:SS) = 0:00:00
 [ 92%]  Time step     5137 of 5591 @ t_step =     5136 Time Avg = 1.986547E-04 Time/step= 1.890000E-04 ETA (HH:MM:SS) = 0:00:00
 [ 92%]  Time step     5138 of 5591 @ t_step =     5137 Time Avg = 1.986611E-04 Time/step= 2.320000E-04 ETA (HH:MM:SS) = 0:00:00
 [ 92%]  Time step     5139 of 5591 @ t_step =     5138 Time Avg = 1.986645E-04 Time/step= 2.160000E-04 ETA (HH:MM:SS) = 0:00:00
 [ 92%]  Time step     5140 of 5591 @ t_step =     5139 Time Avg = 1.986628E-04 Time/step= 1.900000E-04 ETA (HH:MM:SS) = 0:00:00
 [ 92%]  Time step     5141 of 5591 @ t_step =     5140 Time Avg = 1.986610E-04 Time/step= 1.890000E-04 ETA (HH:MM:SS) = 0:00:00
 [ 92%]  Time step     5142 of 5591 @ t_step =     5141 Time Avg = 1.986641E-04 Time/step= 2.150000E-04 ETA (HH:MM:SS) = 0:00:00
 [ 92%]  Time step     5143 of 5591 @ t_step =     5142 Time Avg = 1.986638E-04 Time/step= 1.970000E-04 ETA (HH:MM:SS) = 0:00:00
 [ 92%]  Time step     5144 of 5591 @ t_step =     5143 Time Avg = 1.986633E-04 Time/step= 1.960000E-04 ETA (HH:MM:SS) = 0:00:00
 [ 93%]  Time step     5145 of 5591 @ t_step =     5144 Time Avg = 1.986628E-04 Time/step= 1.960000E-04 ETA (HH:MM:SS) = 0:00:00
 [ 93%]  Time step     5146 of 5591 @ t_step =     5145 Time Avg = 1.986623E-04 Time/step= 1.960000E-04 ETA (HH:MM:SS) = 0:00:00
 [ 93%]  Time step     5147 of 5591 @ t_step =     5146 Time Avg = 1.986660E-04 Time/step= 2.180000E-04 ETA (HH:MM:SS) = 0:00:00
 [ 93%]  Time step     5148 of 5591 @ t_step =     5147 Time Avg = 1.986655E-04 Time/step= 1.960000E-04 ETA (HH:MM:SS) = 0:00:00
 [ 93%]  Time step     5149 of 5591 @ t_step =     5148 Time Avg = 1.986683E-04 Time/step= 2.130000E-04 ETA (HH:MM:SS) = 0:00:00
 [ 93%]  Time step     5150 of 5591 @ t_step =     5149 Time Avg = 1.986734E-04 Time/step= 2.250000E-04 ETA (HH:MM:SS) = 0:00:00
 [ 93%]  Time step     5151 of 5591 @ t_step =     5150 Time Avg = 1.986762E-04 Time/step= 2.130000E-04 ETA (HH:MM:SS) = 0:00:00
 [ 93%]  Time step     5152 of 5591 @ t_step =     5151 Time Avg = 1.986850E-04 Time/step= 2.440000E-04 ETA (HH:MM:SS) = 0:00:00
 [ 93%]  Time step     5153 of 5591 @ t_step =     5152 Time Avg = 1.986882E-04 Time/step= 2.150000E-04 ETA (HH:MM:SS) = 0:00:00
 [ 93%]  Time step     5154 of 5591 @ t_step =     5153 Time Avg = 1.986865E-04 Time/step= 1.900000E-04 ETA (HH:MM:SS) = 0:00:00
 [ 93%]  Time step     5155 of 5591 @ t_step =     5154 Time Avg = 1.986848E-04 Time/step= 1.900000E-04 ETA (HH:MM:SS) = 0:00:00
 [ 93%]  Time step     5156 of 5591 @ t_step =     5155 Time Avg = 1.986895E-04 Time/step= 2.230000E-04 ETA (HH:MM:SS) = 0:00:00
 [ 93%]  Time step     5157 of 5591 @ t_step =     5156 Time Avg = 1.986925E-04 Time/step= 2.140000E-04 ETA (HH:MM:SS) = 0:00:00
 [ 93%]  Time step     5158 of 5591 @ t_step =     5157 Time Avg = 1.986929E-04 Time/step= 2.010000E-04 ETA (HH:MM:SS) = 0:00:00
 [ 93%]  Time step     5159 of 5591 @ t_step =     5158 Time Avg = 1.986910E-04 Time/step= 1.890000E-04 ETA (HH:MM:SS) = 0:00:00
 [ 93%]  Time step     5160 of 5591 @ t_step =     5159 Time Avg = 1.986895E-04 Time/step= 1.910000E-04 ETA (HH:MM:SS) = 0:00:00
 [ 93%]  Time step     5161 of 5591 @ t_step =     5160 Time Avg = 1.986943E-04 Time/step= 2.230000E-04 ETA (HH:MM:SS) = 0:00:00
 [ 93%]  Time step     5162 of 5591 @ t_step =     5161 Time Avg = 1.986955E-04 Time/step= 2.050000E-04 ETA (HH:MM:SS) = 0:00:00
 [ 93%]  Time step     5163 of 5591 @ t_step =     5162 Time Avg = 1.986938E-04 Time/step= 1.900000E-04 ETA (HH:MM:SS) = 0:00:00
 [ 93%]  Time step     5164 of 5591 @ t_step =     5163 Time Avg = 1.986919E-04 Time/step= 1.890000E-04 ETA (HH:MM:SS) = 0:00:00
 [ 93%]  Time step     5165 of 5591 @ t_step =     5164 Time Avg = 1.986902E-04 Time/step= 1.900000E-04 ETA (HH:MM:SS) = 0:00:00
 [ 93%]  Time step     5166 of 5591 @ t_step =     5165 Time Avg = 1.986940E-04 Time/step= 2.180000E-04 ETA (HH:MM:SS) = 0:00:00
 [ 93%]  Time step     5167 of 5591 @ t_step =     5166 Time Avg = 1.986952E-04 Time/step= 2.050000E-04 ETA (HH:MM:SS) = 0:00:00
 [ 93%]  Time step     5168 of 5591 @ t_step =     5167 Time Avg = 1.986935E-04 Time/step= 1.900000E-04 ETA (HH:MM:SS) = 0:00:00
 [ 93%]  Time step     5169 of 5591 @ t_step =     5168 Time Avg = 1.986918E-04 Time/step= 1.900000E-04 ETA (HH:MM:SS) = 0:00:00
 [ 93%]  Time step     5170 of 5591 @ t_step =     5169 Time Avg = 1.986900E-04 Time/step= 1.890000E-04 ETA (HH:MM:SS) = 0:00:00
 [ 93%]  Time step     5171 of 5591 @ t_step =     5170 Time Avg = 1.986960E-04 Time/step= 2.300000E-04 ETA (HH:MM:SS) = 0:00:00
 [ 93%]  Time step     5172 of 5591 @ t_step =     5171 Time Avg = 1.986968E-04 Time/step= 2.030000E-04 ETA (HH:MM:SS) = 0:00:00
 [ 93%]  Time step     5173 of 5591 @ t_step =     5172 Time Avg = 1.986952E-04 Time/step= 1.900000E-04 ETA (HH:MM:SS) = 0:00:00
 [ 93%]  Time step     5174 of 5591 @ t_step =     5173 Time Avg = 1.986935E-04 Time/step= 1.900000E-04 ETA (HH:MM:SS) = 0:00:00
 [ 93%]  Time step     5175 of 5591 @ t_step =     5174 Time Avg = 1.986972E-04 Time/step= 2.180000E-04 ETA (HH:MM:SS) = 0:00:00
 [ 93%]  Time step     5176 of 5591 @ t_step =     5175 Time Avg = 1.986982E-04 Time/step= 2.040000E-04 ETA (HH:MM:SS) = 0:00:00
 [ 93%]  Time step     5177 of 5591 @ t_step =     5176 Time Avg = 1.987010E-04 Time/step= 2.130000E-04 ETA (HH:MM:SS) = 0:00:00
 [ 93%]  Time step     5178 of 5591 @ t_step =     5177 Time Avg = 1.986991E-04 Time/step= 1.890000E-04 ETA (HH:MM:SS) = 0:00:00
 [ 93%]  Time step     5179 of 5591 @ t_step =     5178 Time Avg = 1.986973E-04 Time/step= 1.890000E-04 ETA (HH:MM:SS) = 0:00:00
 [ 93%]  Time step     5180 of 5591 @ t_step =     5179 Time Avg = 1.987012E-04 Time/step= 2.190000E-04 ETA (HH:MM:SS) = 0:00:00
 [ 93%]  Time step     5181 of 5591 @ t_step =     5180 Time Avg = 1.987028E-04 Time/step= 2.070000E-04 ETA (HH:MM:SS) = 0:00:00
 [ 93%]  Time step     5182 of 5591 @ t_step =     5181 Time Avg = 1.987013E-04 Time/step= 1.910000E-04 ETA (HH:MM:SS) = 0:00:00
 [ 93%]  Time step     5183 of 5591 @ t_step =     5182 Time Avg = 1.986996E-04 Time/step= 1.900000E-04 ETA (HH:MM:SS) = 0:00:00
 [ 93%]  Time step     5184 of 5591 @ t_step =     5183 Time Avg = 1.986979E-04 Time/step= 1.900000E-04 ETA (HH:MM:SS) = 0:00:00
 [ 93%]  Time step     5185 of 5591 @ t_step =     5184 Time Avg = 1.986990E-04 Time/step= 2.040000E-04 ETA (HH:MM:SS) = 0:00:00
 [ 93%]  Time step     5186 of 5591 @ t_step =     5185 Time Avg = 1.987006E-04 Time/step= 2.070000E-04 ETA (HH:MM:SS) = 0:00:00
 [ 93%]  Time step     5187 of 5591 @ t_step =     5186 Time Avg = 1.987045E-04 Time/step= 2.190000E-04 ETA (HH:MM:SS) = 0:00:00
 [ 93%]  Time step     5188 of 5591 @ t_step =     5187 Time Avg = 1.987040E-04 Time/step= 1.960000E-04 ETA (HH:MM:SS) = 0:00:00
 [ 93%]  Time step     5189 of 5591 @ t_step =     5188 Time Avg = 1.987034E-04 Time/step= 1.960000E-04 ETA (HH:MM:SS) = 0:00:00
 [ 93%]  Time step     5190 of 5591 @ t_step =     5189 Time Avg = 1.987070E-04 Time/step= 2.170000E-04 ETA (HH:MM:SS) = 0:00:00
 [ 93%]  Time step     5191 of 5591 @ t_step =     5190 Time Avg = 1.987078E-04 Time/step= 2.030000E-04 ETA (HH:MM:SS) = 0:00:00
 [ 93%]  Time step     5192 of 5591 @ t_step =     5191 Time Avg = 1.987061E-04 Time/step= 1.900000E-04 ETA (HH:MM:SS) = 0:00:00
 [ 93%]  Time step     5193 of 5591 @ t_step =     5192 Time Avg = 1.987044E-04 Time/step= 1.900000E-04 ETA (HH:MM:SS) = 0:00:00
 [ 93%]  Time step     5194 of 5591 @ t_step =     5193 Time Avg = 1.987072E-04 Time/step= 2.130000E-04 ETA (HH:MM:SS) = 0:00:00
 [ 93%]  Time step     5195 of 5591 @ t_step =     5194 Time Avg = 1.987070E-04 Time/step= 1.980000E-04 ETA (HH:MM:SS) = 0:00:00
 [ 93%]  Time step     5196 of 5591 @ t_step =     5195 Time Avg = 1.987081E-04 Time/step= 2.040000E-04 ETA (HH:MM:SS) = 0:00:00
 [ 93%]  Time step     5197 of 5591 @ t_step =     5196 Time Avg = 1.987064E-04 Time/step= 1.900000E-04 ETA (HH:MM:SS) = 0:00:00
 [ 93%]  Time step     5198 of 5591 @ t_step =     5197 Time Avg = 1.987047E-04 Time/step= 1.900000E-04 ETA (HH:MM:SS) = 0:00:00
 [ 93%]  Time step     5199 of 5591 @ t_step =     5198 Time Avg = 1.987073E-04 Time/step= 2.120000E-04 ETA (HH:MM:SS) = 0:00:00
 [ 93%]  Time step     5200 of 5591 @ t_step =     5199 Time Avg = 1.987056E-04 Time/step= 1.900000E-04 ETA (HH:MM:SS) = 0:00:00
 [ 94%]  Time step     5201 of 5591 @ t_step =     5200 Time Avg = 1.987037E-04 Time/step= 1.890000E-04 ETA (HH:MM:SS) = 0:00:00
 [ 94%]  Time step     5202 of 5591 @ t_step =     5201 Time Avg = 1.987019E-04 Time/step= 1.890000E-04 ETA (HH:MM:SS) = 0:00:00
 [ 94%]  Time step     5203 of 5591 @ t_step =     5202 Time Avg = 1.987000E-04 Time/step= 1.890000E-04 ETA (HH:MM:SS) = 0:00:00
 [ 94%]  Time step     5204 of 5591 @ t_step =     5203 Time Avg = 1.987006E-04 Time/step= 2.020000E-04 ETA (HH:MM:SS) = 0:00:00
 [ 94%]  Time step     5205 of 5591 @ t_step =     5204 Time Avg = 1.986990E-04 Time/step= 1.900000E-04 ETA (HH:MM:SS) = 0:00:00
 [ 94%]  Time step     5206 of 5591 @ t_step =     5205 Time Avg = 1.986971E-04 Time/step= 1.890000E-04 ETA (HH:MM:SS) = 0:00:00
 [ 94%]  Time step     5207 of 5591 @ t_step =     5206 Time Avg = 1.986954E-04 Time/step= 1.900000E-04 ETA (HH:MM:SS) = 0:00:00
 [ 94%]  Time step     5208 of 5591 @ t_step =     5207 Time Avg = 1.986936E-04 Time/step= 1.890000E-04 ETA (HH:MM:SS) = 0:00:00
 [ 94%]  Time step     5209 of 5591 @ t_step =     5208 Time Avg = 1.986957E-04 Time/step= 2.100000E-04 ETA (HH:MM:SS) = 0:00:00
 [ 94%]  Time step     5210 of 5591 @ t_step =     5209 Time Avg = 1.986943E-04 Time/step= 1.910000E-04 ETA (HH:MM:SS) = 0:00:00
 [ 94%]  Time step     5211 of 5591 @ t_step =     5210 Time Avg = 1.986926E-04 Time/step= 1.900000E-04 ETA (HH:MM:SS) = 0:00:00
 [ 94%]  Time step     5212 of 5591 @ t_step =     5211 Time Avg = 1.986909E-04 Time/step= 1.900000E-04 ETA (HH:MM:SS) = 0:00:00
 [ 94%]  Time step     5213 of 5591 @ t_step =     5212 Time Avg = 1.986891E-04 Time/step= 1.890000E-04 ETA (HH:MM:SS) = 0:00:00
 [ 94%]  Time step     5214 of 5591 @ t_step =     5213 Time Avg = 1.986930E-04 Time/step= 2.190000E-04 ETA (HH:MM:SS) = 0:00:00
 [ 94%]  Time step     5215 of 5591 @ t_step =     5214 Time Avg = 1.986951E-04 Time/step= 2.100000E-04 ETA (HH:MM:SS) = 0:00:00
 [ 94%]  Time step     5216 of 5591 @ t_step =     5215 Time Avg = 1.987061E-04 Time/step= 2.560000E-04 ETA (HH:MM:SS) = 0:00:00
 [ 94%]  Time step     5217 of 5591 @ t_step =     5216 Time Avg = 1.987179E-04 Time/step= 2.600000E-04 ETA (HH:MM:SS) = 0:00:00
 [ 94%]  Time step     5218 of 5591 @ t_step =     5217 Time Avg = 1.987308E-04 Time/step= 2.660000E-04 ETA (HH:MM:SS) = 0:00:00
 [ 94%]  Time step     5219 of 5591 @ t_step =     5218 Time Avg = 1.987291E-04 Time/step= 1.900000E-04 ETA (HH:MM:SS) = 0:00:00
 [ 94%]  Time step     5220 of 5591 @ t_step =     5219 Time Avg = 1.987274E-04 Time/step= 1.900000E-04 ETA (HH:MM:SS) = 0:00:00
 [ 94%]  Time step     5221 of 5591 @ t_step =     5220 Time Avg = 1.987258E-04 Time/step= 1.900000E-04 ETA (HH:MM:SS) = 0:00:00
 [ 94%]  Time step     5222 of 5591 @ t_step =     5221 Time Avg = 1.987241E-04 Time/step= 1.900000E-04 ETA (HH:MM:SS) = 0:00:00
 [ 94%]  Time step     5223 of 5591 @ t_step =     5222 Time Avg = 1.987251E-04 Time/step= 2.040000E-04 ETA (HH:MM:SS) = 0:00:00
 [ 94%]  Time step     5224 of 5591 @ t_step =     5223 Time Avg = 1.987234E-04 Time/step= 1.900000E-04 ETA (HH:MM:SS) = 0:00:00
 [ 94%]  Time step     5225 of 5591 @ t_step =     5224 Time Avg = 1.987218E-04 Time/step= 1.900000E-04 ETA (HH:MM:SS) = 0:00:00
 [ 94%]  Time step     5226 of 5591 @ t_step =     5225 Time Avg = 1.987201E-04 Time/step= 1.900000E-04 ETA (HH:MM:SS) = 0:00:00
 [ 94%]  Time step     5227 of 5591 @ t_step =     5226 Time Avg = 1.987184E-04 Time/step= 1.900000E-04 ETA (HH:MM:SS) = 0:00:00
 [ 94%]  Time step     5228 of 5591 @ t_step =     5227 Time Avg = 1.987208E-04 Time/step= 2.110000E-04 ETA (HH:MM:SS) = 0:00:00
 [ 94%]  Time step     5229 of 5591 @ t_step =     5228 Time Avg = 1.987191E-04 Time/step= 1.900000E-04 ETA (HH:MM:SS) = 0:00:00
 [ 94%]  Time step     5230 of 5591 @ t_step =     5229 Time Avg = 1.987174E-04 Time/step= 1.900000E-04 ETA (HH:MM:SS) = 0:00:00
 [ 94%]  Time step     5231 of 5591 @ t_step =     5230 Time Avg = 1.987158E-04 Time/step= 1.900000E-04 ETA (HH:MM:SS) = 0:00:00
 [ 94%]  Time step     5232 of 5591 @ t_step =     5231 Time Avg = 1.987141E-04 Time/step= 1.900000E-04 ETA (HH:MM:SS) = 0:00:00
 [ 94%]  Time step     5233 of 5591 @ t_step =     5232 Time Avg = 1.987210E-04 Time/step= 2.350000E-04 ETA (HH:MM:SS) = 0:00:00
 [ 94%]  Time step     5234 of 5591 @ t_step =     5233 Time Avg = 1.987240E-04 Time/step= 2.140000E-04 ETA (HH:MM:SS) = 0:00:00
 [ 94%]  Time step     5235 of 5591 @ t_step =     5234 Time Avg = 1.987250E-04 Time/step= 2.040000E-04 ETA (HH:MM:SS) = 0:00:00
 [ 94%]  Time step     5236 of 5591 @ t_step =     5235 Time Avg = 1.987233E-04 Time/step= 1.900000E-04 ETA (HH:MM:SS) = 0:00:00
 [ 94%]  Time step     5237 of 5591 @ t_step =     5236 Time Avg = 1.987226E-04 Time/step= 1.950000E-04 ETA (HH:MM:SS) = 0:00:00
 [ 94%]  Time step     5238 of 5591 @ t_step =     5237 Time Avg = 1.987217E-04 Time/step= 1.940000E-04 ETA (HH:MM:SS) = 0:00:00
 [ 94%]  Time step     5239 of 5591 @ t_step =     5238 Time Avg = 1.987200E-04 Time/step= 1.900000E-04 ETA (HH:MM:SS) = 0:00:00
 [ 94%]  Time step     5240 of 5591 @ t_step =     5239 Time Avg = 1.987182E-04 Time/step= 1.890000E-04 ETA (HH:MM:SS) = 0:00:00
 [ 94%]  Time step     5241 of 5591 @ t_step =     5240 Time Avg = 1.987165E-04 Time/step= 1.900000E-04 ETA (HH:MM:SS) = 0:00:00
 [ 94%]  Time step     5242 of 5591 @ t_step =     5241 Time Avg = 1.987164E-04 Time/step= 1.980000E-04 ETA (HH:MM:SS) = 0:00:00
 [ 94%]  Time step     5243 of 5591 @ t_step =     5242 Time Avg = 1.987149E-04 Time/step= 1.910000E-04 ETA (HH:MM:SS) = 0:00:00
 [ 94%]  Time step     5244 of 5591 @ t_step =     5243 Time Avg = 1.987132E-04 Time/step= 1.900000E-04 ETA (HH:MM:SS) = 0:00:00
 [ 94%]  Time step     5245 of 5591 @ t_step =     5244 Time Avg = 1.987114E-04 Time/step= 1.890000E-04 ETA (HH:MM:SS) = 0:00:00
 [ 94%]  Time step     5246 of 5591 @ t_step =     5245 Time Avg = 1.987095E-04 Time/step= 1.890000E-04 ETA (HH:MM:SS) = 0:00:00
 [ 94%]  Time step     5247 of 5591 @ t_step =     5246 Time Avg = 1.987107E-04 Time/step= 2.050000E-04 ETA (HH:MM:SS) = 0:00:00
 [ 94%]  Time step     5248 of 5591 @ t_step =     5247 Time Avg = 1.987112E-04 Time/step= 2.010000E-04 ETA (HH:MM:SS) = 0:00:00
 [ 94%]  Time step     5249 of 5591 @ t_step =     5248 Time Avg = 1.987097E-04 Time/step= 1.910000E-04 ETA (HH:MM:SS) = 0:00:00
 [ 94%]  Time step     5250 of 5591 @ t_step =     5249 Time Avg = 1.987080E-04 Time/step= 1.900000E-04 ETA (HH:MM:SS) = 0:00:00
 [ 94%]  Time step     5251 of 5591 @ t_step =     5250 Time Avg = 1.987062E-04 Time/step= 1.890000E-04 ETA (HH:MM:SS) = 0:00:00
 [ 94%]  Time step     5252 of 5591 @ t_step =     5251 Time Avg = 1.987089E-04 Time/step= 2.130000E-04 ETA (HH:MM:SS) = 0:00:00
 [ 94%]  Time step     5253 of 5591 @ t_step =     5252 Time Avg = 1.987084E-04 Time/step= 1.960000E-04 ETA (HH:MM:SS) = 0:00:00
 [ 94%]  Time step     5254 of 5591 @ t_step =     5253 Time Avg = 1.987092E-04 Time/step= 2.030000E-04 ETA (HH:MM:SS) = 0:00:00
 [ 94%]  Time step     5255 of 5591 @ t_step =     5254 Time Avg = 1.987075E-04 Time/step= 1.900000E-04 ETA (HH:MM:SS) = 0:00:00
 [ 94%]  Time step     5256 of 5591 @ t_step =     5255 Time Avg = 1.987059E-04 Time/step= 1.900000E-04 ETA (HH:MM:SS) = 0:00:00
 [ 95%]  Time step     5257 of 5591 @ t_step =     5256 Time Avg = 1.987069E-04 Time/step= 2.040000E-04 ETA (HH:MM:SS) = 0:00:00
 [ 95%]  Time step     5258 of 5591 @ t_step =     5257 Time Avg = 1.987052E-04 Time/step= 1.900000E-04 ETA (HH:MM:SS) = 0:00:00
 [ 95%]  Time step     5259 of 5591 @ t_step =     5258 Time Avg = 1.987087E-04 Time/step= 2.170000E-04 ETA (HH:MM:SS) = 0:00:00
 [ 95%]  Time step     5260 of 5591 @ t_step =     5259 Time Avg = 1.987171E-04 Time/step= 2.430000E-04 ETA (HH:MM:SS) = 0:00:00
 [ 95%]  Time step     5261 of 5591 @ t_step =     5260 Time Avg = 1.987204E-04 Time/step= 2.160000E-04 ETA (HH:MM:SS) = 0:00:00
 [ 95%]  Time step     5262 of 5591 @ t_step =     5261 Time Avg = 1.987268E-04 Time/step= 2.320000E-04 ETA (HH:MM:SS) = 0:00:00
 [ 95%]  Time step     5263 of 5591 @ t_step =     5262 Time Avg = 1.987251E-04 Time/step= 1.900000E-04 ETA (HH:MM:SS) = 0:00:00
 [ 95%]  Time step     5264 of 5591 @ t_step =     5263 Time Avg = 1.987234E-04 Time/step= 1.900000E-04 ETA (HH:MM:SS) = 0:00:00
 [ 95%]  Time step     5265 of 5591 @ t_step =     5264 Time Avg = 1.987218E-04 Time/step= 1.900000E-04 ETA (HH:MM:SS) = 0:00:00
 [ 95%]  Time step     5266 of 5591 @ t_step =     5265 Time Avg = 1.987230E-04 Time/step= 2.050000E-04 ETA (HH:MM:SS) = 0:00:00
 [ 95%]  Time step     5267 of 5591 @ t_step =     5266 Time Avg = 1.987234E-04 Time/step= 2.010000E-04 ETA (HH:MM:SS) = 0:00:00
 [ 95%]  Time step     5268 of 5591 @ t_step =     5267 Time Avg = 1.987216E-04 Time/step= 1.890000E-04 ETA (HH:MM:SS) = 0:00:00
 [ 95%]  Time step     5269 of 5591 @ t_step =     5268 Time Avg = 1.987197E-04 Time/step= 1.890000E-04 ETA (HH:MM:SS) = 0:00:00
 [ 95%]  Time step     5270 of 5591 @ t_step =     5269 Time Avg = 1.987179E-04 Time/step= 1.890000E-04 ETA (HH:MM:SS) = 0:00:00
 [ 95%]  Time step     5271 of 5591 @ t_step =     5270 Time Avg = 1.987208E-04 Time/step= 2.140000E-04 ETA (HH:MM:SS) = 0:00:00
 [ 95%]  Time step     5272 of 5591 @ t_step =     5271 Time Avg = 1.987206E-04 Time/step= 1.980000E-04 ETA (HH:MM:SS) = 0:00:00
 [ 95%]  Time step     5273 of 5591 @ t_step =     5272 Time Avg = 1.987214E-04 Time/step= 2.030000E-04 ETA (HH:MM:SS) = 0:00:00
 [ 95%]  Time step     5274 of 5591 @ t_step =     5273 Time Avg = 1.987198E-04 Time/step= 1.900000E-04 ETA (HH:MM:SS) = 0:00:00
 [ 95%]  Time step     5275 of 5591 @ t_step =     5274 Time Avg = 1.987181E-04 Time/step= 1.900000E-04 ETA (HH:MM:SS) = 0:00:00
 [ 95%]  Time step     5276 of 5591 @ t_step =     5275 Time Avg = 1.987214E-04 Time/step= 2.160000E-04 ETA (HH:MM:SS) = 0:00:00
 [ 95%]  Time step     5277 of 5591 @ t_step =     5276 Time Avg = 1.987211E-04 Time/step= 1.970000E-04 ETA (HH:MM:SS) = 0:00:00
 [ 95%]  Time step     5278 of 5591 @ t_step =     5277 Time Avg = 1.987215E-04 Time/step= 2.010000E-04 ETA (HH:MM:SS) = 0:00:00
 [ 95%]  Time step     5279 of 5591 @ t_step =     5278 Time Avg = 1.987201E-04 Time/step= 1.910000E-04 ETA (HH:MM:SS) = 0:00:00
 [ 95%]  Time step     5280 of 5591 @ t_step =     5279 Time Avg = 1.987182E-04 Time/step= 1.890000E-04 ETA (HH:MM:SS) = 0:00:00
 [ 95%]  Time step     5281 of 5591 @ t_step =     5280 Time Avg = 1.987217E-04 Time/step= 2.170000E-04 ETA (HH:MM:SS) = 0:00:00
 [ 95%]  Time step     5282 of 5591 @ t_step =     5281 Time Avg = 1.987232E-04 Time/step= 2.070000E-04 ETA (HH:MM:SS) = 0:00:00
 [ 95%]  Time step     5283 of 5591 @ t_step =     5282 Time Avg = 1.987216E-04 Time/step= 1.900000E-04 ETA (HH:MM:SS) = 0:00:00
 [ 95%]  Time step     5284 of 5591 @ t_step =     5283 Time Avg = 1.987198E-04 Time/step= 1.890000E-04 ETA (HH:MM:SS) = 0:00:00
 [ 95%]  Time step     5285 of 5591 @ t_step =     5284 Time Avg = 1.987181E-04 Time/step= 1.900000E-04 ETA (HH:MM:SS) = 0:00:00
 [ 95%]  Time step     5286 of 5591 @ t_step =     5285 Time Avg = 1.987202E-04 Time/step= 2.100000E-04 ETA (HH:MM:SS) = 0:00:00
 [ 95%]  Time step     5287 of 5591 @ t_step =     5286 Time Avg = 1.987186E-04 Time/step= 1.900000E-04 ETA (HH:MM:SS) = 0:00:00
 [ 95%]  Time step     5288 of 5591 @ t_step =     5287 Time Avg = 1.987169E-04 Time/step= 1.900000E-04 ETA (HH:MM:SS) = 0:00:00
 [ 95%]  Time step     5289 of 5591 @ t_step =     5288 Time Avg = 1.987153E-04 Time/step= 1.900000E-04 ETA (HH:MM:SS) = 0:00:00
 [ 95%]  Time step     5290 of 5591 @ t_step =     5289 Time Avg = 1.987136E-04 Time/step= 1.900000E-04 ETA (HH:MM:SS) = 0:00:00
 [ 95%]  Time step     5291 of 5591 @ t_step =     5290 Time Avg = 1.987179E-04 Time/step= 2.210000E-04 ETA (HH:MM:SS) = 0:00:00
 [ 95%]  Time step     5292 of 5591 @ t_step =     5291 Time Avg = 1.987192E-04 Time/step= 2.060000E-04 ETA (HH:MM:SS) = 0:00:00
 [ 95%]  Time step     5293 of 5591 @ t_step =     5292 Time Avg = 1.987176E-04 Time/step= 1.900000E-04 ETA (HH:MM:SS) = 0:00:00
 [ 95%]  Time step     5294 of 5591 @ t_step =     5293 Time Avg = 1.987159E-04 Time/step= 1.900000E-04 ETA (HH:MM:SS) = 0:00:00
 [ 95%]  Time step     5295 of 5591 @ t_step =     5294 Time Avg = 1.987141E-04 Time/step= 1.890000E-04 ETA (HH:MM:SS) = 0:00:00
 [ 95%]  Time step     5296 of 5591 @ t_step =     5295 Time Avg = 1.987193E-04 Time/step= 2.260000E-04 ETA (HH:MM:SS) = 0:00:00
 [ 95%]  Time step     5297 of 5591 @ t_step =     5296 Time Avg = 1.987206E-04 Time/step= 2.060000E-04 ETA (HH:MM:SS) = 0:00:00
 [ 95%]  Time step     5298 of 5591 @ t_step =     5297 Time Avg = 1.987190E-04 Time/step= 1.900000E-04 ETA (HH:MM:SS) = 0:00:00
 [ 95%]  Time step     5299 of 5591 @ t_step =     5298 Time Avg = 1.987171E-04 Time/step= 1.890000E-04 ETA (HH:MM:SS) = 0:00:00
 [ 95%]  Time step     5300 of 5591 @ t_step =     5299 Time Avg = 1.987166E-04 Time/step= 1.960000E-04 ETA (HH:MM:SS) = 0:00:00
 [ 95%]  Time step     5301 of 5591 @ t_step =     5300 Time Avg = 1.987169E-04 Time/step= 2.000000E-04 ETA (HH:MM:SS) = 0:00:00
 [ 95%]  Time step     5302 of 5591 @ t_step =     5301 Time Avg = 1.987152E-04 Time/step= 1.900000E-04 ETA (HH:MM:SS) = 0:00:00
 [ 95%]  Time step     5303 of 5591 @ t_step =     5302 Time Avg = 1.987136E-04 Time/step= 1.900000E-04 ETA (HH:MM:SS) = 0:00:00
 [ 95%]  Time step     5304 of 5591 @ t_step =     5303 Time Avg = 1.987119E-04 Time/step= 1.900000E-04 ETA (HH:MM:SS) = 0:00:00
 [ 95%]  Time step     5305 of 5591 @ t_step =     5304 Time Avg = 1.987116E-04 Time/step= 1.970000E-04 ETA (HH:MM:SS) = 0:00:00
 [ 95%]  Time step     5306 of 5591 @ t_step =     5305 Time Avg = 1.987130E-04 Time/step= 2.060000E-04 ETA (HH:MM:SS) = 0:00:00
 [ 95%]  Time step     5307 of 5591 @ t_step =     5306 Time Avg = 1.987113E-04 Time/step= 1.900000E-04 ETA (HH:MM:SS) = 0:00:00
 [ 95%]  Time step     5308 of 5591 @ t_step =     5307 Time Avg = 1.987095E-04 Time/step= 1.890000E-04 ETA (HH:MM:SS) = 0:00:00
 [ 95%]  Time step     5309 of 5591 @ t_step =     5308 Time Avg = 1.987077E-04 Time/step= 1.890000E-04 ETA (HH:MM:SS) = 0:00:00
 [ 95%]  Time step     5310 of 5591 @ t_step =     5309 Time Avg = 1.987117E-04 Time/step= 2.200000E-04 ETA (HH:MM:SS) = 0:00:00
 [ 95%]  Time step     5311 of 5591 @ t_step =     5310 Time Avg = 1.987114E-04 Time/step= 1.970000E-04 ETA (HH:MM:SS) = 0:00:00
 [ 95%]  Time step     5312 of 5591 @ t_step =     5311 Time Avg = 1.987124E-04 Time/step= 2.040000E-04 ETA (HH:MM:SS) = 0:00:00
 [ 96%]  Time step     5313 of 5591 @ t_step =     5312 Time Avg = 1.987105E-04 Time/step= 1.890000E-04 ETA (HH:MM:SS) = 0:00:00
 [ 96%]  Time step     5314 of 5591 @ t_step =     5313 Time Avg = 1.987087E-04 Time/step= 1.890000E-04 ETA (HH:MM:SS) = 0:00:00
 [ 96%]  Time step     5315 of 5591 @ t_step =     5314 Time Avg = 1.987129E-04 Time/step= 2.210000E-04 ETA (HH:MM:SS) = 0:00:00
 [ 96%]  Time step     5316 of 5591 @ t_step =     5315 Time Avg = 1.987124E-04 Time/step= 1.960000E-04 ETA (HH:MM:SS) = 0:00:00
 [ 96%]  Time step     5317 of 5591 @ t_step =     5316 Time Avg = 1.987128E-04 Time/step= 2.010000E-04 ETA (HH:MM:SS) = 0:00:00
 [ 96%]  Time step     5318 of 5591 @ t_step =     5317 Time Avg = 1.987112E-04 Time/step= 1.900000E-04 ETA (HH:MM:SS) = 0:00:00
 [ 96%]  Time step     5319 of 5591 @ t_step =     5318 Time Avg = 1.987096E-04 Time/step= 1.900000E-04 ETA (HH:MM:SS) = 0:00:00
 [ 96%]  Time step     5320 of 5591 @ t_step =     5319 Time Avg = 1.987106E-04 Time/step= 2.040000E-04 ETA (HH:MM:SS) = 0:00:00
 [ 96%]  Time step     5321 of 5591 @ t_step =     5320 Time Avg = 1.987089E-04 Time/step= 1.900000E-04 ETA (HH:MM:SS) = 0:00:00
 [ 96%]  Time step     5322 of 5591 @ t_step =     5321 Time Avg = 1.987071E-04 Time/step= 1.890000E-04 ETA (HH:MM:SS) = 0:00:00
 [ 96%]  Time step     5323 of 5591 @ t_step =     5322 Time Avg = 1.987053E-04 Time/step= 1.890000E-04 ETA (HH:MM:SS) = 0:00:00
 [ 96%]  Time step     5324 of 5591 @ t_step =     5323 Time Avg = 1.987036E-04 Time/step= 1.900000E-04 ETA (HH:MM:SS) = 0:00:00
 [ 96%]  Time step     5325 of 5591 @ t_step =     5324 Time Avg = 1.987059E-04 Time/step= 2.110000E-04 ETA (HH:MM:SS) = 0:00:00
 [ 96%]  Time step     5326 of 5591 @ t_step =     5325 Time Avg = 1.987045E-04 Time/step= 1.910000E-04 ETA (HH:MM:SS) = 0:00:00
 [ 96%]  Time step     5327 of 5591 @ t_step =     5326 Time Avg = 1.987029E-04 Time/step= 1.900000E-04 ETA (HH:MM:SS) = 0:00:00
 [ 96%]  Time step     5328 of 5591 @ t_step =     5327 Time Avg = 1.987012E-04 Time/step= 1.900000E-04 ETA (HH:MM:SS) = 0:00:00
 [ 96%]  Time step     5329 of 5591 @ t_step =     5328 Time Avg = 1.986994E-04 Time/step= 1.890000E-04 ETA (HH:MM:SS) = 0:00:00
 [ 96%]  Time step     5330 of 5591 @ t_step =     5329 Time Avg = 1.987010E-04 Time/step= 2.070000E-04 ETA (HH:MM:SS) = 0:00:00
 [ 96%]  Time step     5331 of 5591 @ t_step =     5330 Time Avg = 1.986993E-04 Time/step= 1.900000E-04 ETA (HH:MM:SS) = 0:00:00
 [ 96%]  Time step     5332 of 5591 @ t_step =     5331 Time Avg = 1.987031E-04 Time/step= 2.190000E-04 ETA (HH:MM:SS) = 0:00:00
 [ 96%]  Time step     5333 of 5591 @ t_step =     5332 Time Avg = 1.987073E-04 Time/step= 2.210000E-04 ETA (HH:MM:SS) = 0:00:00
 [ 96%]  Time step     5334 of 5591 @ t_step =     5333 Time Avg = 1.987137E-04 Time/step= 2.330000E-04 ETA (HH:MM:SS) = 0:00:00
 [ 96%]  Time step     5335 of 5591 @ t_step =     5334 Time Avg = 1.987170E-04 Time/step= 2.160000E-04 ETA (HH:MM:SS) = 0:00:00
 [ 96%]  Time step     5336 of 5591 @ t_step =     5335 Time Avg = 1.987178E-04 Time/step= 2.030000E-04 ETA (HH:MM:SS) = 0:00:00
 [ 96%]  Time step     5337 of 5591 @ t_step =     5336 Time Avg = 1.987160E-04 Time/step= 1.890000E-04 ETA (HH:MM:SS) = 0:00:00
 [ 96%]  Time step     5338 of 5591 @ t_step =     5337 Time Avg = 1.987143E-04 Time/step= 1.900000E-04 ETA (HH:MM:SS) = 0:00:00
 [ 96%]  Time step     5339 of 5591 @ t_step =     5338 Time Avg = 1.987163E-04 Time/step= 2.090000E-04 ETA (HH:MM:SS) = 0:00:00
 [ 96%]  Time step     5340 of 5591 @ t_step =     5339 Time Avg = 1.987146E-04 Time/step= 1.900000E-04 ETA (HH:MM:SS) = 0:00:00
 [ 96%]  Time step     5341 of 5591 @ t_step =     5340 Time Avg = 1.987130E-04 Time/step= 1.900000E-04 ETA (HH:MM:SS) = 0:00:00
 [ 96%]  Time step     5342 of 5591 @ t_step =     5341 Time Avg = 1.987112E-04 Time/step= 1.890000E-04 ETA (HH:MM:SS) = 0:00:00
 [ 96%]  Time step     5343 of 5591 @ t_step =     5342 Time Avg = 1.987096E-04 Time/step= 1.900000E-04 ETA (HH:MM:SS) = 0:00:00
 [ 96%]  Time step     5344 of 5591 @ t_step =     5343 Time Avg = 1.987128E-04 Time/step= 2.160000E-04 ETA (HH:MM:SS) = 0:00:00
 [ 96%]  Time step     5345 of 5591 @ t_step =     5344 Time Avg = 1.987113E-04 Time/step= 1.910000E-04 ETA (HH:MM:SS) = 0:00:00
 [ 96%]  Time step     5346 of 5591 @ t_step =     5345 Time Avg = 1.987097E-04 Time/step= 1.900000E-04 ETA (HH:MM:SS) = 0:00:00
 [ 96%]  Time step     5347 of 5591 @ t_step =     5346 Time Avg = 1.987079E-04 Time/step= 1.890000E-04 ETA (HH:MM:SS) = 0:00:00
 [ 96%]  Time step     5348 of 5591 @ t_step =     5347 Time Avg = 1.987061E-04 Time/step= 1.890000E-04 ETA (HH:MM:SS) = 0:00:00
 [ 96%]  Time step     5349 of 5591 @ t_step =     5348 Time Avg = 1.987069E-04 Time/step= 2.030000E-04 ETA (HH:MM:SS) = 0:00:00
 [ 96%]  Time step     5350 of 5591 @ t_step =     5349 Time Avg = 1.987053E-04 Time/step= 1.900000E-04 ETA (HH:MM:SS) = 0:00:00
 [ 96%]  Time step     5351 of 5591 @ t_step =     5350 Time Avg = 1.987036E-04 Time/step= 1.900000E-04 ETA (HH:MM:SS) = 0:00:00
 [ 96%]  Time step     5352 of 5591 @ t_step =     5351 Time Avg = 1.987018E-04 Time/step= 1.890000E-04 ETA (HH:MM:SS) = 0:00:00
 [ 96%]  Time step     5353 of 5591 @ t_step =     5352 Time Avg = 1.987000E-04 Time/step= 1.890000E-04 ETA (HH:MM:SS) = 0:00:00
 [ 96%]  Time step     5354 of 5591 @ t_step =     5353 Time Avg = 1.987040E-04 Time/step= 2.200000E-04 ETA (HH:MM:SS) = 0:00:00
 [ 96%]  Time step     5355 of 5591 @ t_step =     5354 Time Avg = 1.987037E-04 Time/step= 1.970000E-04 ETA (HH:MM:SS) = 0:00:00
 [ 96%]  Time step     5356 of 5591 @ t_step =     5355 Time Avg = 1.987041E-04 Time/step= 2.010000E-04 ETA (HH:MM:SS) = 0:00:00
 [ 96%]  Time step     5357 of 5591 @ t_step =     5356 Time Avg = 1.987025E-04 Time/step= 1.900000E-04 ETA (HH:MM:SS) = 0:00:00
 [ 96%]  Time step     5358 of 5591 @ t_step =     5357 Time Avg = 1.987007E-04 Time/step= 1.890000E-04 ETA (HH:MM:SS) = 0:00:00
 [ 96%]  Time step     5359 of 5591 @ t_step =     5358 Time Avg = 1.987016E-04 Time/step= 2.040000E-04 ETA (HH:MM:SS) = 0:00:00
 [ 96%]  Time step     5360 of 5591 @ t_step =     5359 Time Avg = 1.987000E-04 Time/step= 1.900000E-04 ETA (HH:MM:SS) = 0:00:00
 [ 96%]  Time step     5361 of 5591 @ t_step =     5360 Time Avg = 1.986982E-04 Time/step= 1.890000E-04 ETA (HH:MM:SS) = 0:00:00
 [ 96%]  Time step     5362 of 5591 @ t_step =     5361 Time Avg = 1.986964E-04 Time/step= 1.890000E-04 ETA (HH:MM:SS) = 0:00:00
 [ 96%]  Time step     5363 of 5591 @ t_step =     5362 Time Avg = 1.986948E-04 Time/step= 1.900000E-04 ETA (HH:MM:SS) = 0:00:00
 [ 96%]  Time step     5364 of 5591 @ t_step =     5363 Time Avg = 1.986974E-04 Time/step= 2.130000E-04 ETA (HH:MM:SS) = 0:00:00
 [ 96%]  Time step     5365 of 5591 @ t_step =     5364 Time Avg = 1.986958E-04 Time/step= 1.900000E-04 ETA (HH:MM:SS) = 0:00:00
 [ 96%]  Time step     5366 of 5591 @ t_step =     5365 Time Avg = 1.986942E-04 Time/step= 1.900000E-04 ETA (HH:MM:SS) = 0:00:00
 [ 96%]  Time step     5367 of 5591 @ t_step =     5366 Time Avg = 1.986926E-04 Time/step= 1.900000E-04 ETA (HH:MM:SS) = 0:00:00
 [ 96%]  Time step     5368 of 5591 @ t_step =     5367 Time Avg = 1.986910E-04 Time/step= 1.900000E-04 ETA (HH:MM:SS) = 0:00:00
 [ 97%]  Time step     5369 of 5591 @ t_step =     5368 Time Avg = 1.986925E-04 Time/step= 2.070000E-04 ETA (HH:MM:SS) = 0:00:00
 [ 97%]  Time step     5370 of 5591 @ t_step =     5369 Time Avg = 1.986909E-04 Time/step= 1.900000E-04 ETA (HH:MM:SS) = 0:00:00
 [ 97%]  Time step     5371 of 5591 @ t_step =     5370 Time Avg = 1.986891E-04 Time/step= 1.890000E-04 ETA (HH:MM:SS) = 0:00:00
 [ 97%]  Time step     5372 of 5591 @ t_step =     5371 Time Avg = 1.986875E-04 Time/step= 1.900000E-04 ETA (HH:MM:SS) = 0:00:00
 [ 97%]  Time step     5373 of 5591 @ t_step =     5372 Time Avg = 1.986858E-04 Time/step= 1.900000E-04 ETA (HH:MM:SS) = 0:00:00
 [ 97%]  Time step     5374 of 5591 @ t_step =     5373 Time Avg = 1.986902E-04 Time/step= 2.220000E-04 ETA (HH:MM:SS) = 0:00:00
 [ 97%]  Time step     5375 of 5591 @ t_step =     5374 Time Avg = 1.986914E-04 Time/step= 2.050000E-04 ETA (HH:MM:SS) = 0:00:00
 [ 97%]  Time step     5376 of 5591 @ t_step =     5375 Time Avg = 1.986897E-04 Time/step= 1.900000E-04 ETA (HH:MM:SS) = 0:00:00
 [ 97%]  Time step     5377 of 5591 @ t_step =     5376 Time Avg = 1.986881E-04 Time/step= 1.900000E-04 ETA (HH:MM:SS) = 0:00:00
 [ 97%]  Time step     5378 of 5591 @ t_step =     5377 Time Avg = 1.986863E-04 Time/step= 1.890000E-04 ETA (HH:MM:SS) = 0:00:00
 [ 97%]  Time step     5379 of 5591 @ t_step =     5378 Time Avg = 1.986869E-04 Time/step= 2.020000E-04 ETA (HH:MM:SS) = 0:00:00
 [ 97%]  Time step     5380 of 5591 @ t_step =     5379 Time Avg = 1.986855E-04 Time/step= 1.910000E-04 ETA (HH:MM:SS) = 0:00:00
 [ 97%]  Time step     5381 of 5591 @ t_step =     5380 Time Avg = 1.986839E-04 Time/step= 1.900000E-04 ETA (HH:MM:SS) = 0:00:00
 [ 97%]  Time step     5382 of 5591 @ t_step =     5381 Time Avg = 1.986821E-04 Time/step= 1.890000E-04 ETA (HH:MM:SS) = 0:00:00
 [ 97%]  Time step     5383 of 5591 @ t_step =     5382 Time Avg = 1.986805E-04 Time/step= 1.900000E-04 ETA (HH:MM:SS) = 0:00:00
 [ 97%]  Time step     5384 of 5591 @ t_step =     5383 Time Avg = 1.986826E-04 Time/step= 2.100000E-04 ETA (HH:MM:SS) = 0:00:00
 [ 97%]  Time step     5385 of 5591 @ t_step =     5384 Time Avg = 1.986810E-04 Time/step= 1.900000E-04 ETA (HH:MM:SS) = 0:00:00
 [ 97%]  Time step     5386 of 5591 @ t_step =     5385 Time Avg = 1.986792E-04 Time/step= 1.890000E-04 ETA (HH:MM:SS) = 0:00:00
 [ 97%]  Time step     5387 of 5591 @ t_step =     5386 Time Avg = 1.986776E-04 Time/step= 1.900000E-04 ETA (HH:MM:SS) = 0:00:00
 [ 97%]  Time step     5388 of 5591 @ t_step =     5387 Time Avg = 1.986758E-04 Time/step= 1.890000E-04 ETA (HH:MM:SS) = 0:00:00
 [ 97%]  Time step     5389 of 5591 @ t_step =     5388 Time Avg = 1.986766E-04 Time/step= 2.030000E-04 ETA (HH:MM:SS) = 0:00:00
 [ 97%]  Time step     5390 of 5591 @ t_step =     5389 Time Avg = 1.986750E-04 Time/step= 1.900000E-04 ETA (HH:MM:SS) = 0:00:00
 [ 97%]  Time step     5391 of 5591 @ t_step =     5390 Time Avg = 1.986733E-04 Time/step= 1.900000E-04 ETA (HH:MM:SS) = 0:00:00
 [ 97%]  Time step     5392 of 5591 @ t_step =     5391 Time Avg = 1.986717E-04 Time/step= 1.900000E-04 ETA (HH:MM:SS) = 0:00:00
 [ 97%]  Time step     5393 of 5591 @ t_step =     5392 Time Avg = 1.986699E-04 Time/step= 1.890000E-04 ETA (HH:MM:SS) = 0:00:00
 [ 97%]  Time step     5394 of 5591 @ t_step =     5393 Time Avg = 1.986741E-04 Time/step= 2.210000E-04 ETA (HH:MM:SS) = 0:00:00
 [ 97%]  Time step     5395 of 5591 @ t_step =     5394 Time Avg = 1.986753E-04 Time/step= 2.050000E-04 ETA (HH:MM:SS) = 0:00:00
 [ 97%]  Time step     5396 of 5591 @ t_step =     5395 Time Avg = 1.986735E-04 Time/step= 1.890000E-04 ETA (HH:MM:SS) = 0:00:00
 [ 97%]  Time step     5397 of 5591 @ t_step =     5396 Time Avg = 1.986717E-04 Time/step= 1.890000E-04 ETA (HH:MM:SS) = 0:00:00
 [ 97%]  Time step     5398 of 5591 @ t_step =     5397 Time Avg = 1.986723E-04 Time/step= 2.020000E-04 ETA (HH:MM:SS) = 0:00:00
 [ 97%]  Time step     5399 of 5591 @ t_step =     5398 Time Avg = 1.986709E-04 Time/step= 1.910000E-04 ETA (HH:MM:SS) = 0:00:00
 [ 97%]  Time step     5400 of 5591 @ t_step =     5399 Time Avg = 1.986693E-04 Time/step= 1.900000E-04 ETA (HH:MM:SS) = 0:00:00
 [ 97%]  Time step     5401 of 5591 @ t_step =     5400 Time Avg = 1.986677E-04 Time/step= 1.900000E-04 ETA (HH:MM:SS) = 0:00:00
 [ 97%]  Time step     5402 of 5591 @ t_step =     5401 Time Avg = 1.986660E-04 Time/step= 1.900000E-04 ETA (HH:MM:SS) = 0:00:00
 [ 97%]  Time step     5403 of 5591 @ t_step =     5402 Time Avg = 1.986670E-04 Time/step= 2.040000E-04 ETA (HH:MM:SS) = 0:00:00
 [ 97%]  Time step     5404 of 5591 @ t_step =     5403 Time Avg = 1.986669E-04 Time/step= 1.980000E-04 ETA (HH:MM:SS) = 0:00:00
 [ 97%]  Time step     5405 of 5591 @ t_step =     5404 Time Avg = 1.986653E-04 Time/step= 1.900000E-04 ETA (HH:MM:SS) = 0:00:00
 [ 97%]  Time step     5406 of 5591 @ t_step =     5405 Time Avg = 1.986637E-04 Time/step= 1.900000E-04 ETA (HH:MM:SS) = 0:00:00
 [ 97%]  Time step     5407 of 5591 @ t_step =     5406 Time Avg = 1.986621E-04 Time/step= 1.900000E-04 ETA (HH:MM:SS) = 0:00:00
 [ 97%]  Time step     5408 of 5591 @ t_step =     5407 Time Avg = 1.986631E-04 Time/step= 2.040000E-04 ETA (HH:MM:SS) = 0:00:00
 [ 97%]  Time step     5409 of 5591 @ t_step =     5408 Time Avg = 1.986617E-04 Time/step= 1.910000E-04 ETA (HH:MM:SS) = 0:00:00
 [ 97%]  Time step     5410 of 5591 @ t_step =     5409 Time Avg = 1.986601E-04 Time/step= 1.900000E-04 ETA (HH:MM:SS) = 0:00:00
 [ 97%]  Time step     5411 of 5591 @ t_step =     5410 Time Avg = 1.986585E-04 Time/step= 1.900000E-04 ETA (HH:MM:SS) = 0:00:00
 [ 97%]  Time step     5412 of 5591 @ t_step =     5411 Time Avg = 1.986569E-04 Time/step= 1.900000E-04 ETA (HH:MM:SS) = 0:00:00
 [ 97%]  Time step     5413 of 5591 @ t_step =     5412 Time Avg = 1.986597E-04 Time/step= 2.140000E-04 ETA (HH:MM:SS) = 0:00:00
 [ 97%]  Time step     5414 of 5591 @ t_step =     5413 Time Avg = 1.986594E-04 Time/step= 1.970000E-04 ETA (HH:MM:SS) = 0:00:00
 [ 97%]  Time step     5415 of 5591 @ t_step =     5414 Time Avg = 1.986600E-04 Time/step= 2.020000E-04 ETA (HH:MM:SS) = 0:00:00
 [ 97%]  Time step     5416 of 5591 @ t_step =     5415 Time Avg = 1.986582E-04 Time/step= 1.890000E-04 ETA (HH:MM:SS) = 0:00:00
 [ 97%]  Time step     5417 of 5591 @ t_step =     5416 Time Avg = 1.986566E-04 Time/step= 1.900000E-04 ETA (HH:MM:SS) = 0:00:00
 [ 97%]  Time step     5418 of 5591 @ t_step =     5417 Time Avg = 1.986582E-04 Time/step= 2.070000E-04 ETA (HH:MM:SS) = 0:00:00
 [ 97%]  Time step     5419 of 5591 @ t_step =     5418 Time Avg = 1.986568E-04 Time/step= 1.910000E-04 ETA (HH:MM:SS) = 0:00:00
 [ 97%]  Time step     5420 of 5591 @ t_step =     5419 Time Avg = 1.986552E-04 Time/step= 1.900000E-04 ETA (HH:MM:SS) = 0:00:00
 [ 97%]  Time step     5421 of 5591 @ t_step =     5420 Time Avg = 1.986536E-04 Time/step= 1.900000E-04 ETA (HH:MM:SS) = 0:00:00
 [ 97%]  Time step     5422 of 5591 @ t_step =     5421 Time Avg = 1.986520E-04 Time/step= 1.900000E-04 ETA (HH:MM:SS) = 0:00:00
 [ 97%]  Time step     5423 of 5591 @ t_step =     5422 Time Avg = 1.986548E-04 Time/step= 2.140000E-04 ETA (HH:MM:SS) = 0:00:00
 [ 97%]  Time step     5424 of 5591 @ t_step =     5423 Time Avg = 1.986532E-04 Time/step= 1.900000E-04 ETA (HH:MM:SS) = 0:00:00
 [ 98%]  Time step     5425 of 5591 @ t_step =     5424 Time Avg = 1.986514E-04 Time/step= 1.890000E-04 ETA (HH:MM:SS) = 0:00:00
 [ 98%]  Time step     5426 of 5591 @ t_step =     5425 Time Avg = 1.986496E-04 Time/step= 1.890000E-04 ETA (HH:MM:SS) = 0:00:00
 [ 98%]  Time step     5427 of 5591 @ t_step =     5426 Time Avg = 1.986480E-04 Time/step= 1.900000E-04 ETA (HH:MM:SS) = 0:00:00
 [ 98%]  Time step     5428 of 5591 @ t_step =     5427 Time Avg = 1.986514E-04 Time/step= 2.170000E-04 ETA (HH:MM:SS) = 0:00:00
 [ 98%]  Time step     5429 of 5591 @ t_step =     5428 Time Avg = 1.986509E-04 Time/step= 1.960000E-04 ETA (HH:MM:SS) = 0:00:00
 [ 98%]  Time step     5430 of 5591 @ t_step =     5429 Time Avg = 1.986514E-04 Time/step= 2.010000E-04 ETA (HH:MM:SS) = 0:00:00
 [ 98%]  Time step     5431 of 5591 @ t_step =     5430 Time Avg = 1.986520E-04 Time/step= 2.020000E-04 ETA (HH:MM:SS) = 0:00:00
 [ 98%]  Time step     5432 of 5591 @ t_step =     5431 Time Avg = 1.986515E-04 Time/step= 1.960000E-04 ETA (HH:MM:SS) = 0:00:00
 [ 98%]  Time step     5433 of 5591 @ t_step =     5432 Time Avg = 1.986591E-04 Time/step= 2.400000E-04 ETA (HH:MM:SS) = 0:00:00
 [ 98%]  Time step     5434 of 5591 @ t_step =     5433 Time Avg = 1.986603E-04 Time/step= 2.050000E-04 ETA (HH:MM:SS) = 0:00:00
 [ 98%]  Time step     5435 of 5591 @ t_step =     5434 Time Avg = 1.986587E-04 Time/step= 1.900000E-04 ETA (HH:MM:SS) = 0:00:00
 [ 98%]  Time step     5436 of 5591 @ t_step =     5435 Time Avg = 1.986571E-04 Time/step= 1.900000E-04 ETA (HH:MM:SS) = 0:00:00
 [ 98%]  Time step     5437 of 5591 @ t_step =     5436 Time Avg = 1.986555E-04 Time/step= 1.900000E-04 ETA (HH:MM:SS) = 0:00:00
 [ 98%]  Time step     5438 of 5591 @ t_step =     5437 Time Avg = 1.986572E-04 Time/step= 2.080000E-04 ETA (HH:MM:SS) = 0:00:00
 [ 98%]  Time step     5439 of 5591 @ t_step =     5438 Time Avg = 1.986556E-04 Time/step= 1.900000E-04 ETA (HH:MM:SS) = 0:00:00
 [ 98%]  Time step     5440 of 5591 @ t_step =     5439 Time Avg = 1.986540E-04 Time/step= 1.900000E-04 ETA (HH:MM:SS) = 0:00:00
 [ 98%]  Time step     5441 of 5591 @ t_step =     5440 Time Avg = 1.986523E-04 Time/step= 1.890000E-04 ETA (HH:MM:SS) = 0:00:00
 [ 98%]  Time step     5442 of 5591 @ t_step =     5441 Time Avg = 1.986505E-04 Time/step= 1.890000E-04 ETA (HH:MM:SS) = 0:00:00
 [ 98%]  Time step     5443 of 5591 @ t_step =     5442 Time Avg = 1.986566E-04 Time/step= 2.320000E-04 ETA (HH:MM:SS) = 0:00:00
 [ 98%]  Time step     5444 of 5591 @ t_step =     5443 Time Avg = 1.986550E-04 Time/step= 1.900000E-04 ETA (HH:MM:SS) = 0:00:00
 [ 98%]  Time step     5445 of 5591 @ t_step =     5444 Time Avg = 1.986533E-04 Time/step= 1.890000E-04 ETA (HH:MM:SS) = 0:00:00
 [ 98%]  Time step     5446 of 5591 @ t_step =     5445 Time Avg = 1.986517E-04 Time/step= 1.900000E-04 ETA (HH:MM:SS) = 0:00:00
 [ 98%]  Time step     5447 of 5591 @ t_step =     5446 Time Avg = 1.986521E-04 Time/step= 2.010000E-04 ETA (HH:MM:SS) = 0:00:00
 [ 98%]  Time step     5448 of 5591 @ t_step =     5447 Time Avg = 1.986507E-04 Time/step= 1.910000E-04 ETA (HH:MM:SS) = 0:00:00
 [ 98%]  Time step     5449 of 5591 @ t_step =     5448 Time Avg = 1.986491E-04 Time/step= 1.900000E-04 ETA (HH:MM:SS) = 0:00:00
 [ 98%]  Time step     5450 of 5591 @ t_step =     5449 Time Avg = 1.986477E-04 Time/step= 1.910000E-04 ETA (HH:MM:SS) = 0:00:00
 [ 98%]  Time step     5451 of 5591 @ t_step =     5450 Time Avg = 1.986459E-04 Time/step= 1.890000E-04 ETA (HH:MM:SS) = 0:00:00
 [ 98%]  Time step     5452 of 5591 @ t_step =     5451 Time Avg = 1.986491E-04 Time/step= 2.160000E-04 ETA (HH:MM:SS) = 0:00:00
 [ 98%]  Time step     5453 of 5591 @ t_step =     5452 Time Avg = 1.986488E-04 Time/step= 1.970000E-04 ETA (HH:MM:SS) = 0:00:00
 [ 98%]  Time step     5454 of 5591 @ t_step =     5453 Time Avg = 1.986494E-04 Time/step= 2.020000E-04 ETA (HH:MM:SS) = 0:00:00
 [ 98%]  Time step     5455 of 5591 @ t_step =     5454 Time Avg = 1.986478E-04 Time/step= 1.900000E-04 ETA (HH:MM:SS) = 0:00:00
 [ 98%]  Time step     5456 of 5591 @ t_step =     5455 Time Avg = 1.986461E-04 Time/step= 1.890000E-04 ETA (HH:MM:SS) = 0:00:00
 [ 98%]  Time step     5457 of 5591 @ t_step =     5456 Time Avg = 1.986472E-04 Time/step= 2.050000E-04 ETA (HH:MM:SS) = 0:00:00
 [ 98%]  Time step     5458 of 5591 @ t_step =     5457 Time Avg = 1.986456E-04 Time/step= 1.900000E-04 ETA (HH:MM:SS) = 0:00:00
 [ 98%]  Time step     5459 of 5591 @ t_step =     5458 Time Avg = 1.986441E-04 Time/step= 1.900000E-04 ETA (HH:MM:SS) = 0:00:00
 [ 98%]  Time step     5460 of 5591 @ t_step =     5459 Time Avg = 1.986425E-04 Time/step= 1.900000E-04 ETA (HH:MM:SS) = 0:00:00
 [ 98%]  Time step     5461 of 5591 @ t_step =     5460 Time Avg = 1.986407E-04 Time/step= 1.890000E-04 ETA (HH:MM:SS) = 0:00:00
 [ 98%]  Time step     5462 of 5591 @ t_step =     5461 Time Avg = 1.986433E-04 Time/step= 2.130000E-04 ETA (HH:MM:SS) = 0:00:00
 [ 98%]  Time step     5463 of 5591 @ t_step =     5462 Time Avg = 1.986418E-04 Time/step= 1.900000E-04 ETA (HH:MM:SS) = 0:00:00
 [ 98%]  Time step     5464 of 5591 @ t_step =     5463 Time Avg = 1.986402E-04 Time/step= 1.900000E-04 ETA (HH:MM:SS) = 0:00:00
 [ 98%]  Time step     5465 of 5591 @ t_step =     5464 Time Avg = 1.986384E-04 Time/step= 1.890000E-04 ETA (HH:MM:SS) = 0:00:00
 [ 98%]  Time step     5466 of 5591 @ t_step =     5465 Time Avg = 1.986368E-04 Time/step= 1.900000E-04 ETA (HH:MM:SS) = 0:00:00
 [ 98%]  Time step     5467 of 5591 @ t_step =     5466 Time Avg = 1.986382E-04 Time/step= 2.060000E-04 ETA (HH:MM:SS) = 0:00:00
 [ 98%]  Time step     5468 of 5591 @ t_step =     5467 Time Avg = 1.986364E-04 Time/step= 1.890000E-04 ETA (HH:MM:SS) = 0:00:00
 [ 98%]  Time step     5469 of 5591 @ t_step =     5468 Time Avg = 1.986347E-04 Time/step= 1.890000E-04 ETA (HH:MM:SS) = 0:00:00
 [ 98%]  Time step     5470 of 5591 @ t_step =     5469 Time Avg = 1.986329E-04 Time/step= 1.890000E-04 ETA (HH:MM:SS) = 0:00:00
 [ 98%]  Time step     5471 of 5591 @ t_step =     5470 Time Avg = 1.986313E-04 Time/step= 1.900000E-04 ETA (HH:MM:SS) = 0:00:00
 [ 98%]  Time step     5472 of 5591 @ t_step =     5471 Time Avg = 1.986361E-04 Time/step= 2.250000E-04 ETA (HH:MM:SS) = 0:00:00
 [ 98%]  Time step     5473 of 5591 @ t_step =     5472 Time Avg = 1.986358E-04 Time/step= 1.970000E-04 ETA (HH:MM:SS) = 0:00:00
 [ 98%]  Time step     5474 of 5591 @ t_step =     5473 Time Avg = 1.986363E-04 Time/step= 2.010000E-04 ETA (HH:MM:SS) = 0:00:00
 [ 98%]  Time step     5475 of 5591 @ t_step =     5474 Time Avg = 1.986345E-04 Time/step= 1.890000E-04 ETA (HH:MM:SS) = 0:00:00
 [ 98%]  Time step     5476 of 5591 @ t_step =     5475 Time Avg = 1.986327E-04 Time/step= 1.890000E-04 ETA (HH:MM:SS) = 0:00:00
 [ 98%]  Time step     5477 of 5591 @ t_step =     5476 Time Avg = 1.986335E-04 Time/step= 2.030000E-04 ETA (HH:MM:SS) = 0:00:00
 [ 98%]  Time step     5478 of 5591 @ t_step =     5477 Time Avg = 1.986320E-04 Time/step= 1.900000E-04 ETA (HH:MM:SS) = 0:00:00
 [ 98%]  Time step     5479 of 5591 @ t_step =     5478 Time Avg = 1.986304E-04 Time/step= 1.900000E-04 ETA (HH:MM:SS) = 0:00:00
 [ 98%]  Time step     5480 of 5591 @ t_step =     5479 Time Avg = 1.986286E-04 Time/step= 1.890000E-04 ETA (HH:MM:SS) = 0:00:00
 [ 99%]  Time step     5481 of 5591 @ t_step =     5480 Time Avg = 1.986269E-04 Time/step= 1.890000E-04 ETA (HH:MM:SS) = 0:00:00
 [ 99%]  Time step     5482 of 5591 @ t_step =     5481 Time Avg = 1.986297E-04 Time/step= 2.140000E-04 ETA (HH:MM:SS) = 0:00:00
 [ 99%]  Time step     5483 of 5591 @ t_step =     5482 Time Avg = 1.986281E-04 Time/step= 1.900000E-04 ETA (HH:MM:SS) = 0:00:00
 [ 99%]  Time step     5484 of 5591 @ t_step =     5483 Time Avg = 1.986265E-04 Time/step= 1.900000E-04 ETA (HH:MM:SS) = 0:00:00
 [ 99%]  Time step     5485 of 5591 @ t_step =     5484 Time Avg = 1.986250E-04 Time/step= 1.900000E-04 ETA (HH:MM:SS) = 0:00:00
 [ 99%]  Time step     5486 of 5591 @ t_step =     5485 Time Avg = 1.986232E-04 Time/step= 1.890000E-04 ETA (HH:MM:SS) = 0:00:00
 [ 99%]  Time step     5487 of 5591 @ t_step =     5486 Time Avg = 1.986245E-04 Time/step= 2.060000E-04 ETA (HH:MM:SS) = 0:00:00
 [ 99%]  Time step     5488 of 5591 @ t_step =     5487 Time Avg = 1.986230E-04 Time/step= 1.900000E-04 ETA (HH:MM:SS) = 0:00:00
 [ 99%]  Time step     5489 of 5591 @ t_step =     5488 Time Avg = 1.986214E-04 Time/step= 1.900000E-04 ETA (HH:MM:SS) = 0:00:00
 [ 99%]  Time step     5490 of 5591 @ t_step =     5489 Time Avg = 1.986196E-04 Time/step= 1.890000E-04 ETA (HH:MM:SS) = 0:00:00
 [ 99%]  Time step     5491 of 5591 @ t_step =     5490 Time Avg = 1.986181E-04 Time/step= 1.900000E-04 ETA (HH:MM:SS) = 0:00:00
 [ 99%]  Time step     5492 of 5591 @ t_step =     5491 Time Avg = 1.986223E-04 Time/step= 2.220000E-04 ETA (HH:MM:SS) = 0:00:00
 [ 99%]  Time step     5493 of 5591 @ t_step =     5492 Time Avg = 1.986239E-04 Time/step= 2.070000E-04 ETA (HH:MM:SS) = 0:00:00
 [ 99%]  Time step     5494 of 5591 @ t_step =     5493 Time Avg = 1.986223E-04 Time/step= 1.900000E-04 ETA (HH:MM:SS) = 0:00:00
 [ 99%]  Time step     5495 of 5591 @ t_step =     5494 Time Avg = 1.986207E-04 Time/step= 1.900000E-04 ETA (HH:MM:SS) = 0:00:00
 [ 99%]  Time step     5496 of 5591 @ t_step =     5495 Time Avg = 1.986190E-04 Time/step= 1.890000E-04 ETA (HH:MM:SS) = 0:00:00
 [ 99%]  Time step     5497 of 5591 @ t_step =     5496 Time Avg = 1.986196E-04 Time/step= 2.020000E-04 ETA (HH:MM:SS) = 0:00:00
 [ 99%]  Time step     5498 of 5591 @ t_step =     5497 Time Avg = 1.986182E-04 Time/step= 1.910000E-04 ETA (HH:MM:SS) = 0:00:00
 [ 99%]  Time step     5499 of 5591 @ t_step =     5498 Time Avg = 1.986164E-04 Time/step= 1.890000E-04 ETA (HH:MM:SS) = 0:00:00
 [ 99%]  Time step     5500 of 5591 @ t_step =     5499 Time Avg = 1.986147E-04 Time/step= 1.890000E-04 ETA (HH:MM:SS) = 0:00:00
 [ 99%]  Time step     5501 of 5591 @ t_step =     5500 Time Avg = 1.986130E-04 Time/step= 1.890000E-04 ETA (HH:MM:SS) = 0:00:00
 [ 99%]  Time step     5502 of 5591 @ t_step =     5501 Time Avg = 1.986152E-04 Time/step= 2.110000E-04 ETA (HH:MM:SS) = 0:00:00
 [ 99%]  Time step     5503 of 5591 @ t_step =     5502 Time Avg = 1.986136E-04 Time/step= 1.900000E-04 ETA (HH:MM:SS) = 0:00:00
 [ 99%]  Time step     5504 of 5591 @ t_step =     5503 Time Avg = 1.986121E-04 Time/step= 1.900000E-04 ETA (HH:MM:SS) = 0:00:00
 [ 99%]  Time step     5505 of 5591 @ t_step =     5504 Time Avg = 1.986105E-04 Time/step= 1.900000E-04 ETA (HH:MM:SS) = 0:00:00
 [ 99%]  Time step     5506 of 5591 @ t_step =     5505 Time Avg = 1.986088E-04 Time/step= 1.890000E-04 ETA (HH:MM:SS) = 0:00:00
 [ 99%]  Time step     5507 of 5591 @ t_step =     5506 Time Avg = 1.986094E-04 Time/step= 2.020000E-04 ETA (HH:MM:SS) = 0:00:00
 [ 99%]  Time step     5508 of 5591 @ t_step =     5507 Time Avg = 1.986078E-04 Time/step= 1.900000E-04 ETA (HH:MM:SS) = 0:00:00
 [ 99%]  Time step     5509 of 5591 @ t_step =     5508 Time Avg = 1.986062E-04 Time/step= 1.900000E-04 ETA (HH:MM:SS) = 0:00:00
 [ 99%]  Time step     5510 of 5591 @ t_step =     5509 Time Avg = 1.986045E-04 Time/step= 1.890000E-04 ETA (HH:MM:SS) = 0:00:00
 [ 99%]  Time step     5511 of 5591 @ t_step =     5510 Time Avg = 1.986028E-04 Time/step= 1.890000E-04 ETA (HH:MM:SS) = 0:00:00
 [ 99%]  Time step     5512 of 5591 @ t_step =     5511 Time Avg = 1.986065E-04 Time/step= 2.190000E-04 ETA (HH:MM:SS) = 0:00:00
 [ 99%]  Time step     5513 of 5591 @ t_step =     5512 Time Avg = 1.986076E-04 Time/step= 2.050000E-04 ETA (HH:MM:SS) = 0:00:00
 [ 99%]  Time step     5514 of 5591 @ t_step =     5513 Time Avg = 1.986061E-04 Time/step= 1.900000E-04 ETA (HH:MM:SS) = 0:00:00
 [ 99%]  Time step     5515 of 5591 @ t_step =     5514 Time Avg = 1.986043E-04 Time/step= 1.890000E-04 ETA (HH:MM:SS) = 0:00:00
 [ 99%]  Time step     5516 of 5591 @ t_step =     5515 Time Avg = 1.986026E-04 Time/step= 1.890000E-04 ETA (HH:MM:SS) = 0:00:00
 [ 99%]  Time step     5517 of 5591 @ t_step =     5516 Time Avg = 1.986021E-04 Time/step= 1.960000E-04 ETA (HH:MM:SS) = 0:00:00
 [ 99%]  Time step     5518 of 5591 @ t_step =     5517 Time Avg = 1.986005E-04 Time/step= 1.900000E-04 ETA (HH:MM:SS) = 0:00:00
 [ 99%]  Time step     5519 of 5591 @ t_step =     5518 Time Avg = 1.985990E-04 Time/step= 1.900000E-04 ETA (HH:MM:SS) = 0:00:00
 [ 99%]  Time step     5520 of 5591 @ t_step =     5519 Time Avg = 1.985972E-04 Time/step= 1.890000E-04 ETA (HH:MM:SS) = 0:00:00
 [ 99%]  Time step     5521 of 5591 @ t_step =     5520 Time Avg = 1.985968E-04 Time/step= 1.960000E-04 ETA (HH:MM:SS) = 0:00:00
 [ 99%]  Time step     5522 of 5591 @ t_step =     5521 Time Avg = 1.985974E-04 Time/step= 2.020000E-04 ETA (HH:MM:SS) = 0:00:00
 [ 99%]  Time step     5523 of 5591 @ t_step =     5522 Time Avg = 1.985958E-04 Time/step= 1.900000E-04 ETA (HH:MM:SS) = 0:00:00
 [ 99%]  Time step     5524 of 5591 @ t_step =     5523 Time Avg = 1.985943E-04 Time/step= 1.900000E-04 ETA (HH:MM:SS) = 0:00:00
 [ 99%]  Time step     5525 of 5591 @ t_step =     5524 Time Avg = 1.985927E-04 Time/step= 1.900000E-04 ETA (HH:MM:SS) = 0:00:00
 [ 99%]  Time step     5526 of 5591 @ t_step =     5525 Time Avg = 1.985933E-04 Time/step= 2.020000E-04 ETA (HH:MM:SS) = 0:00:00
 [ 99%]  Time step     5527 of 5591 @ t_step =     5526 Time Avg = 1.985920E-04 Time/step= 1.910000E-04 ETA (HH:MM:SS) = 0:00:00
 [ 99%]  Time step     5528 of 5591 @ t_step =     5527 Time Avg = 1.985904E-04 Time/step= 1.900000E-04 ETA (HH:MM:SS) = 0:00:00
 [ 99%]  Time step     5529 of 5591 @ t_step =     5528 Time Avg = 1.985889E-04 Time/step= 1.900000E-04 ETA (HH:MM:SS) = 0:00:00
 [ 99%]  Time step     5530 of 5591 @ t_step =     5529 Time Avg = 1.985871E-04 Time/step= 1.890000E-04 ETA (HH:MM:SS) = 0:00:00
 [ 99%]  Time step     5531 of 5591 @ t_step =     5530 Time Avg = 1.985901E-04 Time/step= 2.150000E-04 ETA (HH:MM:SS) = 0:00:00
 [ 99%]  Time step     5532 of 5591 @ t_step =     5531 Time Avg = 1.985900E-04 Time/step= 1.980000E-04 ETA (HH:MM:SS) = 0:00:00
 [ 99%]  Time step     5533 of 5591 @ t_step =     5532 Time Avg = 1.985910E-04 Time/step= 2.040000E-04 ETA (HH:MM:SS) = 0:00:00
 [ 99%]  Time step     5534 of 5591 @ t_step =     5533 Time Avg = 1.985894E-04 Time/step= 1.900000E-04 ETA (HH:MM:SS) = 0:00:00
 [ 99%]  Time step     5535 of 5591 @ t_step =     5534 Time Avg = 1.985879E-04 Time/step= 1.900000E-04 ETA (HH:MM:SS) = 0:00:00
 [ 99%]  Time step     5536 of 5591 @ t_step =     5535 Time Avg = 1.985885E-04 Time/step= 2.020000E-04 ETA (HH:MM:SS) = 0:00:00
 [100%]  Time step     5537 of 5591 @ t_step =     5536 Time Avg = 1.985871E-04 Time/step= 1.910000E-04 ETA (HH:MM:SS) = 0:00:00
 [100%]  Time step     5538 of 5591 @ t_step =     5537 Time Avg = 1.985855E-04 Time/step= 1.900000E-04 ETA (HH:MM:SS) = 0:00:00
 [100%]  Time step     5539 of 5591 @ t_step =     5538 Time Avg = 1.985840E-04 Time/step= 1.900000E-04 ETA (HH:MM:SS) = 0:00:00
 [100%]  Time step     5540 of 5591 @ t_step =     5539 Time Avg = 1.985823E-04 Time/step= 1.890000E-04 ETA (HH:MM:SS) = 0:00:00
 [100%]  Time step     5541 of 5591 @ t_step =     5540 Time Avg = 1.985840E-04 Time/step= 2.080000E-04 ETA (HH:MM:SS) = 0:00:00
 [100%]  Time step     5542 of 5591 @ t_step =     5541 Time Avg = 1.985826E-04 Time/step= 1.910000E-04 ETA (HH:MM:SS) = 0:00:00
 [100%]  Time step     5543 of 5591 @ t_step =     5542 Time Avg = 1.985810E-04 Time/step= 1.900000E-04 ETA (HH:MM:SS) = 0:00:00
 [100%]  Time step     5544 of 5591 @ t_step =     5543 Time Avg = 1.985793E-04 Time/step= 1.890000E-04 ETA (HH:MM:SS) = 0:00:00
 [100%]  Time step     5545 of 5591 @ t_step =     5544 Time Avg = 1.985776E-04 Time/step= 1.890000E-04 ETA (HH:MM:SS) = 0:00:00
 [100%]  Time step     5546 of 5591 @ t_step =     5545 Time Avg = 1.985780E-04 Time/step= 2.010000E-04 ETA (HH:MM:SS) = 0:00:00
 [100%]  Time step     5547 of 5591 @ t_step =     5546 Time Avg = 1.985765E-04 Time/step= 1.900000E-04 ETA (HH:MM:SS) = 0:00:00
 [100%]  Time step     5548 of 5591 @ t_step =     5547 Time Avg = 1.985748E-04 Time/step= 1.890000E-04 ETA (HH:MM:SS) = 0:00:00
 [100%]  Time step     5549 of 5591 @ t_step =     5548 Time Avg = 1.985732E-04 Time/step= 1.900000E-04 ETA (HH:MM:SS) = 0:00:00
 [100%]  Time step     5550 of 5591 @ t_step =     5549 Time Avg = 1.985715E-04 Time/step= 1.890000E-04 ETA (HH:MM:SS) = 0:00:00
 [100%]  Time step     5551 of 5591 @ t_step =     5550 Time Avg = 1.985744E-04 Time/step= 2.150000E-04 ETA (HH:MM:SS) = 0:00:00
 [100%]  Time step     5552 of 5591 @ t_step =     5551 Time Avg = 1.985742E-04 Time/step= 1.970000E-04 ETA (HH:MM:SS) = 0:00:00
 [100%]  Time step     5553 of 5591 @ t_step =     5552 Time Avg = 1.985748E-04 Time/step= 2.020000E-04 ETA (HH:MM:SS) = 0:00:00
 [100%]  Time step     5554 of 5591 @ t_step =     5553 Time Avg = 1.985730E-04 Time/step= 1.890000E-04 ETA (HH:MM:SS) = 0:00:00
 [100%]  Time step     5555 of 5591 @ t_step =     5554 Time Avg = 1.985717E-04 Time/step= 1.910000E-04 ETA (HH:MM:SS) = 0:00:00
 [100%]  Time step     5556 of 5591 @ t_step =     5555 Time Avg = 1.985723E-04 Time/step= 2.020000E-04 ETA (HH:MM:SS) = 0:00:00
 [100%]  Time step     5557 of 5591 @ t_step =     5556 Time Avg = 1.985708E-04 Time/step= 1.900000E-04 ETA (HH:MM:SS) = 0:00:00
 [100%]  Time step     5558 of 5591 @ t_step =     5557 Time Avg = 1.985690E-04 Time/step= 1.890000E-04 ETA (HH:MM:SS) = 0:00:00
 [100%]  Time step     5559 of 5591 @ t_step =     5558 Time Avg = 1.985673E-04 Time/step= 1.890000E-04 ETA (HH:MM:SS) = 0:00:00
 [100%]  Time step     5560 of 5591 @ t_step =     5559 Time Avg = 1.985658E-04 Time/step= 1.900000E-04 ETA (HH:MM:SS) = 0:00:00
 [100%]  Time step     5561 of 5591 @ t_step =     5560 Time Avg = 1.985684E-04 Time/step= 2.130000E-04 ETA (HH:MM:SS) = 0:00:00
 [100%]  Time step     5562 of 5591 @ t_step =     5561 Time Avg = 1.985668E-04 Time/step= 1.900000E-04 ETA (HH:MM:SS) = 0:00:00
 [100%]  Time step     5563 of 5591 @ t_step =     5562 Time Avg = 1.985651E-04 Time/step= 1.890000E-04 ETA (HH:MM:SS) = 0:00:00
 [100%]  Time step     5564 of 5591 @ t_step =     5563 Time Avg = 1.985634E-04 Time/step= 1.890000E-04 ETA (HH:MM:SS) = 0:00:00
 [100%]  Time step     5565 of 5591 @ t_step =     5564 Time Avg = 1.985618E-04 Time/step= 1.900000E-04 ETA (HH:MM:SS) = 0:00:00
 [100%]  Time step     5566 of 5591 @ t_step =     5565 Time Avg = 1.985625E-04 Time/step= 2.020000E-04 ETA (HH:MM:SS) = 0:00:00
 [100%]  Time step     5567 of 5591 @ t_step =     5566 Time Avg = 1.985609E-04 Time/step= 1.900000E-04 ETA (HH:MM:SS) = 0:00:00
 [100%]  Time step     5568 of 5591 @ t_step =     5567 Time Avg = 1.985594E-04 Time/step= 1.900000E-04 ETA (HH:MM:SS) = 0:00:00
 [100%]  Time step     5569 of 5591 @ t_step =     5568 Time Avg = 1.985579E-04 Time/step= 1.900000E-04 ETA (HH:MM:SS) = 0:00:00
 [100%]  Time step     5570 of 5591 @ t_step =     5569 Time Avg = 1.985561E-04 Time/step= 1.890000E-04 ETA (HH:MM:SS) = 0:00:00
 [100%]  Time step     5571 of 5591 @ t_step =     5570 Time Avg = 1.985594E-04 Time/step= 2.170000E-04 ETA (HH:MM:SS) = 0:00:00
 [100%]  Time step     5572 of 5591 @ t_step =     5571 Time Avg = 1.985592E-04 Time/step= 1.970000E-04 ETA (HH:MM:SS) = 0:00:00
 [100%]  Time step     5573 of 5591 @ t_step =     5572 Time Avg = 1.985596E-04 Time/step= 2.010000E-04 ETA (HH:MM:SS) = 0:00:00
 [100%]  Time step     5574 of 5591 @ t_step =     5573 Time Avg = 1.985581E-04 Time/step= 1.900000E-04 ETA (HH:MM:SS) = 0:00:00
 [100%]  Time step     5575 of 5591 @ t_step =     5574 Time Avg = 1.985565E-04 Time/step= 1.900000E-04 ETA (HH:MM:SS) = 0:00:00
 [100%]  Time step     5576 of 5591 @ t_step =     5575 Time Avg = 1.985575E-04 Time/step= 2.040000E-04 ETA (HH:MM:SS) = 0:00:00
 [100%]  Time step     5577 of 5591 @ t_step =     5576 Time Avg = 1.985560E-04 Time/step= 1.900000E-04 ETA (HH:MM:SS) = 0:00:00
 [100%]  Time step     5578 of 5591 @ t_step =     5577 Time Avg = 1.985544E-04 Time/step= 1.900000E-04 ETA (HH:MM:SS) = 0:00:00
 [100%]  Time step     5579 of 5591 @ t_step =     5578 Time Avg = 1.985529E-04 Time/step= 1.900000E-04 ETA (HH:MM:SS) = 0:00:00
 [100%]  Time step     5580 of 5591 @ t_step =     5579 Time Avg = 1.985512E-04 Time/step= 1.890000E-04 ETA (HH:MM:SS) = 0:00:00
 [100%]  Time step     5581 of 5591 @ t_step =     5580 Time Avg = 1.985536E-04 Time/step= 2.120000E-04 ETA (HH:MM:SS) = 0:00:00
 [100%]  Time step     5582 of 5591 @ t_step =     5581 Time Avg = 1.985521E-04 Time/step= 1.900000E-04 ETA (HH:MM:SS) = 0:00:00
 [100%]  Time step     5583 of 5591 @ t_step =     5582 Time Avg = 1.985505E-04 Time/step= 1.900000E-04 ETA (HH:MM:SS) = 0:00:00
 [100%]  Time step     5584 of 5591 @ t_step =     5583 Time Avg = 1.985488E-04 Time/step= 1.890000E-04 ETA (HH:MM:SS) = 0:00:00
 [100%]  Time step     5585 of 5591 @ t_step =     5584 Time Avg = 1.985473E-04 Time/step= 1.900000E-04 ETA (HH:MM:SS) = 0:00:00
 [100%]  Time step     5586 of 5591 @ t_step =     5585 Time Avg = 1.985481E-04 Time/step= 2.030000E-04 ETA (HH:MM:SS) = 0:00:00
 [100%]  Time step     5587 of 5591 @ t_step =     5586 Time Avg = 1.985466E-04 Time/step= 1.900000E-04 ETA (HH:MM:SS) = 0:00:00
 [100%]  Time step     5588 of 5591 @ t_step =     5587 Time Avg = 1.985450E-04 Time/step= 1.900000E-04 ETA (HH:MM:SS) = 0:00:00
 [100%]  Time step     5589 of 5591 @ t_step =     5588 Time Avg = 1.985435E-04 Time/step= 1.900000E-04 ETA (HH:MM:SS) = 0:00:00
 [100%]  Time step     5590 of 5591 @ t_step =     5589 Time Avg = 1.985418E-04 Time/step= 1.890000E-04 ETA (HH:MM:SS) = 0:00:00
 Performance:   163.46296296296296      ns/gp/eq/rhs

+-----------------------------------------------------------------------------------------------------------+ 
| Finished mfc-task2-n64-weno5-cfl0025:                                                                     |
| * Total-time:    3s                                  * Exit Code:     0                                   |
| * End-time:      14:31:38                            * End-date:      14:31:38                            |
+-----------------------------------------------------------------------------------------------------------+ 
