+-----------------------------------------------------------------------------------------------------------+ 
| MFC case # mfc-task2-n32-weno5-cfl0025 @ /scratch/jobs/35430572731/MFC/demo/task2-n32-weno5-cfl0025/case.py: |
+-----------------------------------------------------------------------------------------------------------+ 
| * Start-time     07:55:44                            * Start-date     07:55:44                            |
| * Partition      cpu                                 * Walltime       00:20:00                            |
| * Account        N/A                                 * Nodes          1                                   |
| * Job Name       mfc-task2-n32-weno5-cfl0025         * Engine         batch                               |
| * QoS            N/A                                 * Binary         N/A                                 |
| * Queue System   SLURM                               * Email          N/A                                 |
+-----------------------------------------------------------------------------------------------------------+ 

host        : cpu-node1
nodes/tasks : 1 x 1
mpirun      : /work/openmpi/5.0.10/bin/mpirun
fabric      : ibp129s0 (UCX_TLS=rc,sm,self)

mfc: OK > :) Running syscheck:

 [TEST] MPI: call mpi_init(ierr)
 [TEST] MPI: call mpi_comm_rank(MPI_COMM_WORLD, rank, ierr)
 [TEST] MPI: call mpi_barrier(MPI_COMM_WORLD, ierr)
 [TEST] MPI: call assert(rank >= 0)
 [TEST] MPI: call mpi_comm_size(MPI_COMM_WORLD, nRanks, ierr)
 [TEST] MPI: call assert(nRanks > 0 .and. rank < nRanks)
 [SKIP] ACC: devtype = acc_get_device_type()
 [SKIP] ACC: num_devices = acc_get_num_devices(devtype)
 [SKIP] ACC: call assert(num_devices > 0)
 [SKIP] ACC: call acc_set_device_num(mod(rank, nRanks), devtype)
 [SKIP] ACC: allocate(arr(1:N))
 [SKIP] ACC: !$acc enter data create(arr(1:N))
 [SKIP] ACC: !$acc parallel loop
 [SKIP] ACC: !$acc update host(arr(1:N))
 [SKIP] ACC: !$acc exit data delete(arr)
 [SKIP] OMP: num_devices_omp = omp_get_num_devices()
 [SKIP] OMP: call assert(num_devices_omp > 0)
 [SKIP] OMP: call omp_set_default_device(mod(rank, nRanks))
 [TEST] MPI: call mpi_barrier(MPI_COMM_WORLD, ierr)
 [TEST] MPI: call mpi_finalize(ierr)
 
 Syscheck: PASSED.

mfc: OK > :) Running pre_process:

 Pre-processing a 31x0x0 case on 1 rank(s)
 Processing patch           1
 Elapsed Time   2.8839999999999977E-003

mfc: OK > :) Running simulation:

 Simulating a regular 31x0x0 case on 1 rank(s) on CPUs.
 [  0%]  Time step        1 of 2796 @ t_step =        0 Time Avg = 0.000000E+00 Time/step= 0.000000E+00 ETA (HH:MM:SS) = 0:00:00
 [  1%]  Time step        2 of 2796 @ t_step =        1 Time Avg = 0.000000E+00 Time/step= 2.200000E-04 ETA (HH:MM:SS) = 0:00:00
 [  1%]  Time step        3 of 2796 @ t_step =        2 Time Avg = 0.000000E+00 Time/step= 1.040000E-04 ETA (HH:MM:SS) = 0:00:00
 [  1%]  Time step        4 of 2796 @ t_step =        3 Time Avg = 1.040000E-04 Time/step= 1.040000E-04 ETA (HH:MM:SS) = 0:00:00
 [  1%]  Time step        5 of 2796 @ t_step =        4 Time Avg = 1.040000E-04 Time/step= 1.040000E-04 ETA (HH:MM:SS) = 0:00:00
 [  1%]  Time step        6 of 2796 @ t_step =        5 Time Avg = 1.036667E-04 Time/step= 1.030000E-04 ETA (HH:MM:SS) = 0:00:00
 [  1%]  Time step        7 of 2796 @ t_step =        6 Time Avg = 1.035000E-04 Time/step= 1.030000E-04 ETA (HH:MM:SS) = 0:00:00
 [  1%]  Time step        8 of 2796 @ t_step =        7 Time Avg = 1.108000E-04 Time/step= 1.400000E-04 ETA (HH:MM:SS) = 0:00:00
 [  1%]  Time step        9 of 2796 @ t_step =        8 Time Avg = 1.106667E-04 Time/step= 1.100000E-04 ETA (HH:MM:SS) = 0:00:00
 [  1%]  Time step       10 of 2796 @ t_step =        9 Time Avg = 1.112857E-04 Time/step= 1.150000E-04 ETA (HH:MM:SS) = 0:00:00
 [  1%]  Time step       11 of 2796 @ t_step =       10 Time Avg = 1.102500E-04 Time/step= 1.030000E-04 ETA (HH:MM:SS) = 0:00:00
 [  1%]  Time step       12 of 2796 @ t_step =       11 Time Avg = 1.094444E-04 Time/step= 1.030000E-04 ETA (HH:MM:SS) = 0:00:00
 [  1%]  Time step       13 of 2796 @ t_step =       12 Time Avg = 1.089000E-04 Time/step= 1.040000E-04 ETA (HH:MM:SS) = 0:00:00
 [  1%]  Time step       14 of 2796 @ t_step =       13 Time Avg = 1.083636E-04 Time/step= 1.030000E-04 ETA (HH:MM:SS) = 0:00:00
 [  1%]  Time step       15 of 2796 @ t_step =       14 Time Avg = 1.079167E-04 Time/step= 1.030000E-04 ETA (HH:MM:SS) = 0:00:00
 [  1%]  Time step       16 of 2796 @ t_step =       15 Time Avg = 1.101538E-04 Time/step= 1.370000E-04 ETA (HH:MM:SS) = 0:00:00
 [  1%]  Time step       17 of 2796 @ t_step =       16 Time Avg = 1.102143E-04 Time/step= 1.110000E-04 ETA (HH:MM:SS) = 0:00:00
 [  1%]  Time step       18 of 2796 @ t_step =       17 Time Avg = 1.116000E-04 Time/step= 1.310000E-04 ETA (HH:MM:SS) = 0:00:00
 [  1%]  Time step       19 of 2796 @ t_step =       18 Time Avg = 1.110625E-04 Time/step= 1.030000E-04 ETA (HH:MM:SS) = 0:00:00
 [  1%]  Time step       20 of 2796 @ t_step =       19 Time Avg = 1.105882E-04 Time/step= 1.030000E-04 ETA (HH:MM:SS) = 0:00:00
 [  1%]  Time step       21 of 2796 @ t_step =       20 Time Avg = 1.101667E-04 Time/step= 1.030000E-04 ETA (HH:MM:SS) = 0:00:00
 [  1%]  Time step       22 of 2796 @ t_step =       21 Time Avg = 1.097895E-04 Time/step= 1.030000E-04 ETA (HH:MM:SS) = 0:00:00
 [  1%]  Time step       23 of 2796 @ t_step =       22 Time Avg = 1.094000E-04 Time/step= 1.020000E-04 ETA (HH:MM:SS) = 0:00:00
 [  1%]  Time step       24 of 2796 @ t_step =       23 Time Avg = 1.102857E-04 Time/step= 1.280000E-04 ETA (HH:MM:SS) = 0:00:00
 [  1%]  Time step       25 of 2796 @ t_step =       24 Time Avg = 1.103636E-04 Time/step= 1.120000E-04 ETA (HH:MM:SS) = 0:00:00
 [  1%]  Time step       26 of 2796 @ t_step =       25 Time Avg = 1.103913E-04 Time/step= 1.110000E-04 ETA (HH:MM:SS) = 0:00:00
 [  1%]  Time step       27 of 2796 @ t_step =       26 Time Avg = 1.110000E-04 Time/step= 1.250000E-04 ETA (HH:MM:SS) = 0:00:00
 [  1%]  Time step       28 of 2796 @ t_step =       27 Time Avg = 1.106800E-04 Time/step= 1.030000E-04 ETA (HH:MM:SS) = 0:00:00
 [  2%]  Time step       29 of 2796 @ t_step =       28 Time Avg = 1.103846E-04 Time/step= 1.030000E-04 ETA (HH:MM:SS) = 0:00:00
 [  2%]  Time step       30 of 2796 @ t_step =       29 Time Avg = 1.101111E-04 Time/step= 1.030000E-04 ETA (HH:MM:SS) = 0:00:00
 [  2%]  Time step       31 of 2796 @ t_step =       30 Time Avg = 1.098214E-04 Time/step= 1.020000E-04 ETA (HH:MM:SS) = 0:00:00
 [  2%]  Time step       32 of 2796 @ t_step =       31 Time Avg = 1.095862E-04 Time/step= 1.030000E-04 ETA (HH:MM:SS) = 0:00:00
 [  2%]  Time step       33 of 2796 @ t_step =       32 Time Avg = 1.103000E-04 Time/step= 1.310000E-04 ETA (HH:MM:SS) = 0:00:00
 [  2%]  Time step       34 of 2796 @ t_step =       33 Time Avg = 1.104516E-04 Time/step= 1.150000E-04 ETA (HH:MM:SS) = 0:00:00
 [  2%]  Time step       35 of 2796 @ t_step =       34 Time Avg = 1.118750E-04 Time/step= 1.560000E-04 ETA (HH:MM:SS) = 0:00:00
 [  2%]  Time step       36 of 2796 @ t_step =       35 Time Avg = 1.117273E-04 Time/step= 1.070000E-04 ETA (HH:MM:SS) = 0:00:00
 [  2%]  Time step       37 of 2796 @ t_step =       36 Time Avg = 1.115882E-04 Time/step= 1.070000E-04 ETA (HH:MM:SS) = 0:00:00
 [  2%]  Time step       38 of 2796 @ t_step =       37 Time Avg = 1.116571E-04 Time/step= 1.140000E-04 ETA (HH:MM:SS) = 0:00:00
 [  2%]  Time step       39 of 2796 @ t_step =       38 Time Avg = 1.113889E-04 Time/step= 1.020000E-04 ETA (HH:MM:SS) = 0:00:00
 [  2%]  Time step       40 of 2796 @ t_step =       39 Time Avg = 1.111892E-04 Time/step= 1.040000E-04 ETA (HH:MM:SS) = 0:00:00
 [  2%]  Time step       41 of 2796 @ t_step =       40 Time Avg = 1.123684E-04 Time/step= 1.560000E-04 ETA (HH:MM:SS) = 0:00:00
 [  2%]  Time step       42 of 2796 @ t_step =       41 Time Avg = 1.124359E-04 Time/step= 1.150000E-04 ETA (HH:MM:SS) = 0:00:00
 [  2%]  Time step       43 of 2796 @ t_step =       42 Time Avg = 1.129000E-04 Time/step= 1.310000E-04 ETA (HH:MM:SS) = 0:00:00
 [  2%]  Time step       44 of 2796 @ t_step =       43 Time Avg = 1.127561E-04 Time/step= 1.070000E-04 ETA (HH:MM:SS) = 0:00:00
 [  2%]  Time step       45 of 2796 @ t_step =       44 Time Avg = 1.131190E-04 Time/step= 1.280000E-04 ETA (HH:MM:SS) = 0:00:00
 [  2%]  Time step       46 of 2796 @ t_step =       45 Time Avg = 1.129767E-04 Time/step= 1.070000E-04 ETA (HH:MM:SS) = 0:00:00
 [  2%]  Time step       47 of 2796 @ t_step =       46 Time Avg = 1.128182E-04 Time/step= 1.060000E-04 ETA (HH:MM:SS) = 0:00:00
 [  2%]  Time step       48 of 2796 @ t_step =       47 Time Avg = 1.128889E-04 Time/step= 1.160000E-04 ETA (HH:MM:SS) = 0:00:00
 [  2%]  Time step       49 of 2796 @ t_step =       48 Time Avg = 1.134130E-04 Time/step= 1.370000E-04 ETA (HH:MM:SS) = 0:00:00
 [  2%]  Time step       50 of 2796 @ t_step =       49 Time Avg = 1.132766E-04 Time/step= 1.070000E-04 ETA (HH:MM:SS) = 0:00:00
 [  2%]  Time step       51 of 2796 @ t_step =       50 Time Avg = 1.133125E-04 Time/step= 1.150000E-04 ETA (HH:MM:SS) = 0:00:00
 [  2%]  Time step       52 of 2796 @ t_step =       51 Time Avg = 1.131020E-04 Time/step= 1.030000E-04 ETA (HH:MM:SS) = 0:00:00
 [  2%]  Time step       53 of 2796 @ t_step =       52 Time Avg = 1.129000E-04 Time/step= 1.030000E-04 ETA (HH:MM:SS) = 0:00:00
 [  2%]  Time step       54 of 2796 @ t_step =       53 Time Avg = 1.127059E-04 Time/step= 1.030000E-04 ETA (HH:MM:SS) = 0:00:00
 [  2%]  Time step       55 of 2796 @ t_step =       54 Time Avg = 1.125192E-04 Time/step= 1.030000E-04 ETA (HH:MM:SS) = 0:00:00
 [  2%]  Time step       56 of 2796 @ t_step =       55 Time Avg = 1.123585E-04 Time/step= 1.040000E-04 ETA (HH:MM:SS) = 0:00:00
 [  3%]  Time step       57 of 2796 @ t_step =       56 Time Avg = 1.126667E-04 Time/step= 1.290000E-04 ETA (HH:MM:SS) = 0:00:00
 [  3%]  Time step       58 of 2796 @ t_step =       57 Time Avg = 1.125818E-04 Time/step= 1.080000E-04 ETA (HH:MM:SS) = 0:00:00
 [  3%]  Time step       59 of 2796 @ t_step =       58 Time Avg = 1.124643E-04 Time/step= 1.060000E-04 ETA (HH:MM:SS) = 0:00:00
 [  3%]  Time step       60 of 2796 @ t_step =       59 Time Avg = 1.125088E-04 Time/step= 1.150000E-04 ETA (HH:MM:SS) = 0:00:00
 [  3%]  Time step       61 of 2796 @ t_step =       60 Time Avg = 1.123448E-04 Time/step= 1.030000E-04 ETA (HH:MM:SS) = 0:00:00
 [  3%]  Time step       62 of 2796 @ t_step =       61 Time Avg = 1.121864E-04 Time/step= 1.030000E-04 ETA (HH:MM:SS) = 0:00:00
 [  3%]  Time step       63 of 2796 @ t_step =       62 Time Avg = 1.120333E-04 Time/step= 1.030000E-04 ETA (HH:MM:SS) = 0:00:00
 [  3%]  Time step       64 of 2796 @ t_step =       63 Time Avg = 1.119016E-04 Time/step= 1.040000E-04 ETA (HH:MM:SS) = 0:00:00
 [  3%]  Time step       65 of 2796 @ t_step =       64 Time Avg = 1.117581E-04 Time/step= 1.030000E-04 ETA (HH:MM:SS) = 0:00:00
 [  3%]  Time step       66 of 2796 @ t_step =       65 Time Avg = 1.119524E-04 Time/step= 1.240000E-04 ETA (HH:MM:SS) = 0:00:00
 [  3%]  Time step       67 of 2796 @ t_step =       66 Time Avg = 1.119375E-04 Time/step= 1.110000E-04 ETA (HH:MM:SS) = 0:00:00
 [  3%]  Time step       68 of 2796 @ t_step =       67 Time Avg = 1.120769E-04 Time/step= 1.210000E-04 ETA (HH:MM:SS) = 0:00:00
 [  3%]  Time step       69 of 2796 @ t_step =       68 Time Avg = 1.121061E-04 Time/step= 1.140000E-04 ETA (HH:MM:SS) = 0:00:00
 [  3%]  Time step       70 of 2796 @ t_step =       69 Time Avg = 1.121493E-04 Time/step= 1.150000E-04 ETA (HH:MM:SS) = 0:00:00
 [  3%]  Time step       71 of 2796 @ t_step =       70 Time Avg = 1.122794E-04 Time/step= 1.210000E-04 ETA (HH:MM:SS) = 0:00:00
 [  3%]  Time step       72 of 2796 @ t_step =       71 Time Avg = 1.122609E-04 Time/step= 1.110000E-04 ETA (HH:MM:SS) = 0:00:00
 [  3%]  Time step       73 of 2796 @ t_step =       72 Time Avg = 1.125571E-04 Time/step= 1.330000E-04 ETA (HH:MM:SS) = 0:00:00
 [  3%]  Time step       74 of 2796 @ t_step =       73 Time Avg = 1.132113E-04 Time/step= 1.590000E-04 ETA (HH:MM:SS) = 0:00:00
 [  3%]  Time step       75 of 2796 @ t_step =       74 Time Avg = 1.133472E-04 Time/step= 1.230000E-04 ETA (HH:MM:SS) = 0:00:00
 [  3%]  Time step       76 of 2796 @ t_step =       75 Time Avg = 1.134110E-04 Time/step= 1.180000E-04 ETA (HH:MM:SS) = 0:00:00
 [  3%]  Time step       77 of 2796 @ t_step =       76 Time Avg = 1.134324E-04 Time/step= 1.150000E-04 ETA (HH:MM:SS) = 0:00:00
 [  3%]  Time step       78 of 2796 @ t_step =       77 Time Avg = 1.132933E-04 Time/step= 1.030000E-04 ETA (HH:MM:SS) = 0:00:00
 [  3%]  Time step       79 of 2796 @ t_step =       78 Time Avg = 1.131579E-04 Time/step= 1.030000E-04 ETA (HH:MM:SS) = 0:00:00
 [  3%]  Time step       80 of 2796 @ t_step =       79 Time Avg = 1.130260E-04 Time/step= 1.030000E-04 ETA (HH:MM:SS) = 0:00:00
 [  3%]  Time step       81 of 2796 @ t_step =       80 Time Avg = 1.128974E-04 Time/step= 1.030000E-04 ETA (HH:MM:SS) = 0:00:00
 [  3%]  Time step       82 of 2796 @ t_step =       81 Time Avg = 1.131646E-04 Time/step= 1.340000E-04 ETA (HH:MM:SS) = 0:00:00
 [  3%]  Time step       83 of 2796 @ t_step =       82 Time Avg = 1.130875E-04 Time/step= 1.070000E-04 ETA (HH:MM:SS) = 0:00:00
 [  3%]  Time step       84 of 2796 @ t_step =       83 Time Avg = 1.131235E-04 Time/step= 1.160000E-04 ETA (HH:MM:SS) = 0:00:00
 [  4%]  Time step       85 of 2796 @ t_step =       84 Time Avg = 1.130000E-04 Time/step= 1.030000E-04 ETA (HH:MM:SS) = 0:00:00
 [  4%]  Time step       86 of 2796 @ t_step =       85 Time Avg = 1.128795E-04 Time/step= 1.030000E-04 ETA (HH:MM:SS) = 0:00:00
 [  4%]  Time step       87 of 2796 @ t_step =       86 Time Avg = 1.127619E-04 Time/step= 1.030000E-04 ETA (HH:MM:SS) = 0:00:00
 [  4%]  Time step       88 of 2796 @ t_step =       87 Time Avg = 1.126471E-04 Time/step= 1.030000E-04 ETA (HH:MM:SS) = 0:00:00
 [  4%]  Time step       89 of 2796 @ t_step =       88 Time Avg = 1.125349E-04 Time/step= 1.030000E-04 ETA (HH:MM:SS) = 0:00:00
 [  4%]  Time step       90 of 2796 @ t_step =       89 Time Avg = 1.124368E-04 Time/step= 1.040000E-04 ETA (HH:MM:SS) = 0:00:00
 [  4%]  Time step       91 of 2796 @ t_step =       90 Time Avg = 1.127273E-04 Time/step= 1.380000E-04 ETA (HH:MM:SS) = 0:00:00
 [  4%]  Time step       92 of 2796 @ t_step =       91 Time Avg = 1.126629E-04 Time/step= 1.070000E-04 ETA (HH:MM:SS) = 0:00:00
 [  4%]  Time step       93 of 2796 @ t_step =       92 Time Avg = 1.127000E-04 Time/step= 1.160000E-04 ETA (HH:MM:SS) = 0:00:00
 [  4%]  Time step       94 of 2796 @ t_step =       93 Time Avg = 1.125934E-04 Time/step= 1.030000E-04 ETA (HH:MM:SS) = 0:00:00
 [  4%]  Time step       95 of 2796 @ t_step =       94 Time Avg = 1.124891E-04 Time/step= 1.030000E-04 ETA (HH:MM:SS) = 0:00:00
 [  4%]  Time step       96 of 2796 @ t_step =       95 Time Avg = 1.123871E-04 Time/step= 1.030000E-04 ETA (HH:MM:SS) = 0:00:00
 [  4%]  Time step       97 of 2796 @ t_step =       96 Time Avg = 1.122872E-04 Time/step= 1.030000E-04 ETA (HH:MM:SS) = 0:00:00
 [  4%]  Time step       98 of 2796 @ t_step =       97 Time Avg = 1.121895E-04 Time/step= 1.030000E-04 ETA (HH:MM:SS) = 0:00:00
 [  4%]  Time step       99 of 2796 @ t_step =       98 Time Avg = 1.122917E-04 Time/step= 1.220000E-04 ETA (HH:MM:SS) = 0:00:00
 [  4%]  Time step      100 of 2796 @ t_step =       99 Time Avg = 1.122680E-04 Time/step= 1.100000E-04 ETA (HH:MM:SS) = 0:00:00
 [  4%]  Time step      101 of 2796 @ t_step =      100 Time Avg = 1.122449E-04 Time/step= 1.100000E-04 ETA (HH:MM:SS) = 0:00:00
 [  4%]  Time step      102 of 2796 @ t_step =      101 Time Avg = 1.123939E-04 Time/step= 1.270000E-04 ETA (HH:MM:SS) = 0:00:00
 [  4%]  Time step      103 of 2796 @ t_step =      102 Time Avg = 1.123000E-04 Time/step= 1.030000E-04 ETA (HH:MM:SS) = 0:00:00
 [  4%]  Time step      104 of 2796 @ t_step =      103 Time Avg = 1.122178E-04 Time/step= 1.040000E-04 ETA (HH:MM:SS) = 0:00:00
 [  4%]  Time step      105 of 2796 @ t_step =      104 Time Avg = 1.121373E-04 Time/step= 1.040000E-04 ETA (HH:MM:SS) = 0:00:00
 [  4%]  Time step      106 of 2796 @ t_step =      105 Time Avg = 1.120583E-04 Time/step= 1.040000E-04 ETA (HH:MM:SS) = 0:00:00
 [  4%]  Time step      107 of 2796 @ t_step =      106 Time Avg = 1.119615E-04 Time/step= 1.020000E-04 ETA (HH:MM:SS) = 0:00:00
 [  4%]  Time step      108 of 2796 @ t_step =      107 Time Avg = 1.123333E-04 Time/step= 1.510000E-04 ETA (HH:MM:SS) = 0:00:00
 [  4%]  Time step      109 of 2796 @ t_step =      108 Time Avg = 1.122830E-04 Time/step= 1.070000E-04 ETA (HH:MM:SS) = 0:00:00
 [  4%]  Time step      110 of 2796 @ t_step =      109 Time Avg = 1.123178E-04 Time/step= 1.160000E-04 ETA (HH:MM:SS) = 0:00:00
 [  4%]  Time step      111 of 2796 @ t_step =      110 Time Avg = 1.122315E-04 Time/step= 1.030000E-04 ETA (HH:MM:SS) = 0:00:00
 [  4%]  Time step      112 of 2796 @ t_step =      111 Time Avg = 1.121560E-04 Time/step= 1.040000E-04 ETA (HH:MM:SS) = 0:00:00
 [  5%]  Time step      113 of 2796 @ t_step =      112 Time Avg = 1.120727E-04 Time/step= 1.030000E-04 ETA (HH:MM:SS) = 0:00:00
 [  5%]  Time step      114 of 2796 @ t_step =      113 Time Avg = 1.120000E-04 Time/step= 1.040000E-04 ETA (HH:MM:SS) = 0:00:00
 [  5%]  Time step      115 of 2796 @ t_step =      114 Time Avg = 1.119196E-04 Time/step= 1.030000E-04 ETA (HH:MM:SS) = 0:00:00
 [  5%]  Time step      116 of 2796 @ t_step =      115 Time Avg = 1.119823E-04 Time/step= 1.190000E-04 ETA (HH:MM:SS) = 0:00:00
 [  5%]  Time step      117 of 2796 @ t_step =      116 Time Avg = 1.119211E-04 Time/step= 1.050000E-04 ETA (HH:MM:SS) = 0:00:00
 [  5%]  Time step      118 of 2796 @ t_step =      117 Time Avg = 1.118522E-04 Time/step= 1.040000E-04 ETA (HH:MM:SS) = 0:00:00
 [  5%]  Time step      119 of 2796 @ t_step =      118 Time Avg = 1.117759E-04 Time/step= 1.030000E-04 ETA (HH:MM:SS) = 0:00:00
 [  5%]  Time step      120 of 2796 @ t_step =      119 Time Avg = 1.117094E-04 Time/step= 1.040000E-04 ETA (HH:MM:SS) = 0:00:00
 [  5%]  Time step      121 of 2796 @ t_step =      120 Time Avg = 1.116356E-04 Time/step= 1.030000E-04 ETA (HH:MM:SS) = 0:00:00
 [  5%]  Time step      122 of 2796 @ t_step =      121 Time Avg = 1.115630E-04 Time/step= 1.030000E-04 ETA (HH:MM:SS) = 0:00:00
 [  5%]  Time step      123 of 2796 @ t_step =      122 Time Avg = 1.114917E-04 Time/step= 1.030000E-04 ETA (HH:MM:SS) = 0:00:00
 [  5%]  Time step      124 of 2796 @ t_step =      123 Time Avg = 1.114215E-04 Time/step= 1.030000E-04 ETA (HH:MM:SS) = 0:00:00
 [  5%]  Time step      125 of 2796 @ t_step =      124 Time Avg = 1.114672E-04 Time/step= 1.170000E-04 ETA (HH:MM:SS) = 0:00:00
 [  5%]  Time step      126 of 2796 @ t_step =      125 Time Avg = 1.114146E-04 Time/step= 1.050000E-04 ETA (HH:MM:SS) = 0:00:00
 [  5%]  Time step      127 of 2796 @ t_step =      126 Time Avg = 1.113468E-04 Time/step= 1.030000E-04 ETA (HH:MM:SS) = 0:00:00
 [  5%]  Time step      128 of 2796 @ t_step =      127 Time Avg = 1.112800E-04 Time/step= 1.030000E-04 ETA (HH:MM:SS) = 0:00:00
 [  5%]  Time step      129 of 2796 @ t_step =      128 Time Avg = 1.112143E-04 Time/step= 1.030000E-04 ETA (HH:MM:SS) = 0:00:00
 [  5%]  Time step      130 of 2796 @ t_step =      129 Time Avg = 1.111496E-04 Time/step= 1.030000E-04 ETA (HH:MM:SS) = 0:00:00
 [  5%]  Time step      131 of 2796 @ t_step =      130 Time Avg = 1.110859E-04 Time/step= 1.030000E-04 ETA (HH:MM:SS) = 0:00:00
 [  5%]  Time step      132 of 2796 @ t_step =      131 Time Avg = 1.110310E-04 Time/step= 1.040000E-04 ETA (HH:MM:SS) = 0:00:00
 [  5%]  Time step      133 of 2796 @ t_step =      132 Time Avg = 1.109692E-04 Time/step= 1.030000E-04 ETA (HH:MM:SS) = 0:00:00
 [  5%]  Time step      134 of 2796 @ t_step =      133 Time Avg = 1.111221E-04 Time/step= 1.310000E-04 ETA (HH:MM:SS) = 0:00:00
 [  5%]  Time step      135 of 2796 @ t_step =      134 Time Avg = 1.110909E-04 Time/step= 1.070000E-04 ETA (HH:MM:SS) = 0:00:00
 [  5%]  Time step      136 of 2796 @ t_step =      135 Time Avg = 1.110602E-04 Time/step= 1.070000E-04 ETA (HH:MM:SS) = 0:00:00
 [  5%]  Time step      137 of 2796 @ t_step =      136 Time Avg = 1.110896E-04 Time/step= 1.150000E-04 ETA (HH:MM:SS) = 0:00:00
 [  5%]  Time step      138 of 2796 @ t_step =      137 Time Avg = 1.110296E-04 Time/step= 1.030000E-04 ETA (HH:MM:SS) = 0:00:00
 [  5%]  Time step      139 of 2796 @ t_step =      138 Time Avg = 1.109706E-04 Time/step= 1.030000E-04 ETA (HH:MM:SS) = 0:00:00
 [  5%]  Time step      140 of 2796 @ t_step =      139 Time Avg = 1.109124E-04 Time/step= 1.030000E-04 ETA (HH:MM:SS) = 0:00:00
 [  6%]  Time step      141 of 2796 @ t_step =      140 Time Avg = 1.108551E-04 Time/step= 1.030000E-04 ETA (HH:MM:SS) = 0:00:00
 [  6%]  Time step      142 of 2796 @ t_step =      141 Time Avg = 1.107986E-04 Time/step= 1.030000E-04 ETA (HH:MM:SS) = 0:00:00
 [  6%]  Time step      143 of 2796 @ t_step =      142 Time Avg = 1.109786E-04 Time/step= 1.360000E-04 ETA (HH:MM:SS) = 0:00:00
 [  6%]  Time step      144 of 2796 @ t_step =      143 Time Avg = 1.109291E-04 Time/step= 1.040000E-04 ETA (HH:MM:SS) = 0:00:00
 [  6%]  Time step      145 of 2796 @ t_step =      144 Time Avg = 1.108732E-04 Time/step= 1.030000E-04 ETA (HH:MM:SS) = 0:00:00
 [  6%]  Time step      146 of 2796 @ t_step =      145 Time Avg = 1.108252E-04 Time/step= 1.040000E-04 ETA (HH:MM:SS) = 0:00:00
 [  6%]  Time step      147 of 2796 @ t_step =      146 Time Avg = 1.107708E-04 Time/step= 1.030000E-04 ETA (HH:MM:SS) = 0:00:00
 [  6%]  Time step      148 of 2796 @ t_step =      147 Time Avg = 1.107241E-04 Time/step= 1.040000E-04 ETA (HH:MM:SS) = 0:00:00
 [  6%]  Time step      149 of 2796 @ t_step =      148 Time Avg = 1.106644E-04 Time/step= 1.020000E-04 ETA (HH:MM:SS) = 0:00:00
 [  6%]  Time step      150 of 2796 @ t_step =      149 Time Avg = 1.106122E-04 Time/step= 1.030000E-04 ETA (HH:MM:SS) = 0:00:00
 [  6%]  Time step      151 of 2796 @ t_step =      150 Time Avg = 1.105608E-04 Time/step= 1.030000E-04 ETA (HH:MM:SS) = 0:00:00
 [  6%]  Time step      152 of 2796 @ t_step =      151 Time Avg = 1.106107E-04 Time/step= 1.180000E-04 ETA (HH:MM:SS) = 0:00:00
 [  6%]  Time step      153 of 2796 @ t_step =      152 Time Avg = 1.105667E-04 Time/step= 1.040000E-04 ETA (HH:MM:SS) = 0:00:00
 [  6%]  Time step      154 of 2796 @ t_step =      153 Time Avg = 1.105232E-04 Time/step= 1.040000E-04 ETA (HH:MM:SS) = 0:00:00
 [  6%]  Time step      155 of 2796 @ t_step =      154 Time Avg = 1.104737E-04 Time/step= 1.030000E-04 ETA (HH:MM:SS) = 0:00:00
 [  6%]  Time step      156 of 2796 @ t_step =      155 Time Avg = 1.104314E-04 Time/step= 1.040000E-04 ETA (HH:MM:SS) = 0:00:00
 [  6%]  Time step      157 of 2796 @ t_step =      156 Time Avg = 1.103831E-04 Time/step= 1.030000E-04 ETA (HH:MM:SS) = 0:00:00
 [  6%]  Time step      158 of 2796 @ t_step =      157 Time Avg = 1.103355E-04 Time/step= 1.030000E-04 ETA (HH:MM:SS) = 0:00:00
 [  6%]  Time step      159 of 2796 @ t_step =      158 Time Avg = 1.102885E-04 Time/step= 1.030000E-04 ETA (HH:MM:SS) = 0:00:00
 [  6%]  Time step      160 of 2796 @ t_step =      159 Time Avg = 1.102420E-04 Time/step= 1.030000E-04 ETA (HH:MM:SS) = 0:00:00
 [  6%]  Time step      161 of 2796 @ t_step =      160 Time Avg = 1.102595E-04 Time/step= 1.130000E-04 ETA (HH:MM:SS) = 0:00:00
 [  6%]  Time step      162 of 2796 @ t_step =      161 Time Avg = 1.102138E-04 Time/step= 1.030000E-04 ETA (HH:MM:SS) = 0:00:00
 [  6%]  Time step      163 of 2796 @ t_step =      162 Time Avg = 1.101688E-04 Time/step= 1.030000E-04 ETA (HH:MM:SS) = 0:00:00
 [  6%]  Time step      164 of 2796 @ t_step =      163 Time Avg = 1.101304E-04 Time/step= 1.040000E-04 ETA (HH:MM:SS) = 0:00:00
 [  6%]  Time step      165 of 2796 @ t_step =      164 Time Avg = 1.100864E-04 Time/step= 1.030000E-04 ETA (HH:MM:SS) = 0:00:00
 [  6%]  Time step      166 of 2796 @ t_step =      165 Time Avg = 1.100429E-04 Time/step= 1.030000E-04 ETA (HH:MM:SS) = 0:00:00
 [  6%]  Time step      167 of 2796 @ t_step =      166 Time Avg = 1.100000E-04 Time/step= 1.030000E-04 ETA (HH:MM:SS) = 0:00:00
 [  6%]  Time step      168 of 2796 @ t_step =      167 Time Avg = 1.099576E-04 Time/step= 1.030000E-04 ETA (HH:MM:SS) = 0:00:00
 [  7%]  Time step      169 of 2796 @ t_step =      168 Time Avg = 1.100301E-04 Time/step= 1.220000E-04 ETA (HH:MM:SS) = 0:00:00
 [  7%]  Time step      170 of 2796 @ t_step =      169 Time Avg = 1.100240E-04 Time/step= 1.090000E-04 ETA (HH:MM:SS) = 0:00:00
 [  7%]  Time step      171 of 2796 @ t_step =      170 Time Avg = 1.100060E-04 Time/step= 1.070000E-04 ETA (HH:MM:SS) = 0:00:00
 [  7%]  Time step      172 of 2796 @ t_step =      171 Time Avg = 1.100414E-04 Time/step= 1.160000E-04 ETA (HH:MM:SS) = 0:00:00
 [  7%]  Time step      173 of 2796 @ t_step =      172 Time Avg = 1.100000E-04 Time/step= 1.030000E-04 ETA (HH:MM:SS) = 0:00:00
 [  7%]  Time step      174 of 2796 @ t_step =      173 Time Avg = 1.099591E-04 Time/step= 1.030000E-04 ETA (HH:MM:SS) = 0:00:00
 [  7%]  Time step      175 of 2796 @ t_step =      174 Time Avg = 1.099186E-04 Time/step= 1.030000E-04 ETA (HH:MM:SS) = 0:00:00
 [  7%]  Time step      176 of 2796 @ t_step =      175 Time Avg = 1.098844E-04 Time/step= 1.040000E-04 ETA (HH:MM:SS) = 0:00:00
 [  7%]  Time step      177 of 2796 @ t_step =      176 Time Avg = 1.098448E-04 Time/step= 1.030000E-04 ETA (HH:MM:SS) = 0:00:00
 [  7%]  Time step      178 of 2796 @ t_step =      177 Time Avg = 1.099543E-04 Time/step= 1.290000E-04 ETA (HH:MM:SS) = 0:00:00
 [  7%]  Time step      179 of 2796 @ t_step =      178 Time Avg = 1.099261E-04 Time/step= 1.050000E-04 ETA (HH:MM:SS) = 0:00:00
 [  7%]  Time step      180 of 2796 @ t_step =      179 Time Avg = 1.098927E-04 Time/step= 1.040000E-04 ETA (HH:MM:SS) = 0:00:00
 [  7%]  Time step      181 of 2796 @ t_step =      180 Time Avg = 1.098596E-04 Time/step= 1.040000E-04 ETA (HH:MM:SS) = 0:00:00
 [  7%]  Time step      182 of 2796 @ t_step =      181 Time Avg = 1.098212E-04 Time/step= 1.030000E-04 ETA (HH:MM:SS) = 0:00:00
 [  7%]  Time step      183 of 2796 @ t_step =      182 Time Avg = 1.097833E-04 Time/step= 1.030000E-04 ETA (HH:MM:SS) = 0:00:00
 [  7%]  Time step      184 of 2796 @ t_step =      183 Time Avg = 1.097514E-04 Time/step= 1.040000E-04 ETA (HH:MM:SS) = 0:00:00
 [  7%]  Time step      185 of 2796 @ t_step =      184 Time Avg = 1.097143E-04 Time/step= 1.030000E-04 ETA (HH:MM:SS) = 0:00:00
 [  7%]  Time step      186 of 2796 @ t_step =      185 Time Avg = 1.096831E-04 Time/step= 1.040000E-04 ETA (HH:MM:SS) = 0:00:00
 [  7%]  Time step      187 of 2796 @ t_step =      186 Time Avg = 1.097337E-04 Time/step= 1.190000E-04 ETA (HH:MM:SS) = 0:00:00
 [  7%]  Time step      188 of 2796 @ t_step =      187 Time Avg = 1.097027E-04 Time/step= 1.040000E-04 ETA (HH:MM:SS) = 0:00:00
 [  7%]  Time step      189 of 2796 @ t_step =      188 Time Avg = 1.096667E-04 Time/step= 1.030000E-04 ETA (HH:MM:SS) = 0:00:00
 [  7%]  Time step      190 of 2796 @ t_step =      189 Time Avg = 1.096310E-04 Time/step= 1.030000E-04 ETA (HH:MM:SS) = 0:00:00
 [  7%]  Time step      191 of 2796 @ t_step =      190 Time Avg = 1.095957E-04 Time/step= 1.030000E-04 ETA (HH:MM:SS) = 0:00:00
 [  7%]  Time step      192 of 2796 @ t_step =      191 Time Avg = 1.095608E-04 Time/step= 1.030000E-04 ETA (HH:MM:SS) = 0:00:00
 [  7%]  Time step      193 of 2796 @ t_step =      192 Time Avg = 1.095211E-04 Time/step= 1.020000E-04 ETA (HH:MM:SS) = 0:00:00
 [  7%]  Time step      194 of 2796 @ t_step =      193 Time Avg = 1.094921E-04 Time/step= 1.040000E-04 ETA (HH:MM:SS) = 0:00:00
 [  7%]  Time step      195 of 2796 @ t_step =      194 Time Avg = 1.094583E-04 Time/step= 1.030000E-04 ETA (HH:MM:SS) = 0:00:00
 [  7%]  Time step      196 of 2796 @ t_step =      195 Time Avg = 1.095130E-04 Time/step= 1.200000E-04 ETA (HH:MM:SS) = 0:00:00
 [  8%]  Time step      197 of 2796 @ t_step =      196 Time Avg = 1.094845E-04 Time/step= 1.040000E-04 ETA (HH:MM:SS) = 0:00:00
 [  8%]  Time step      198 of 2796 @ t_step =      197 Time Avg = 1.094564E-04 Time/step= 1.040000E-04 ETA (HH:MM:SS) = 0:00:00
 [  8%]  Time step      199 of 2796 @ t_step =      198 Time Avg = 1.094235E-04 Time/step= 1.030000E-04 ETA (HH:MM:SS) = 0:00:00
 [  8%]  Time step      200 of 2796 @ t_step =      199 Time Avg = 1.093909E-04 Time/step= 1.030000E-04 ETA (HH:MM:SS) = 0:00:00
 [  8%]  Time step      201 of 2796 @ t_step =      200 Time Avg = 1.093586E-04 Time/step= 1.030000E-04 ETA (HH:MM:SS) = 0:00:00
 [  8%]  Time step      202 of 2796 @ t_step =      201 Time Avg = 1.093266E-04 Time/step= 1.030000E-04 ETA (HH:MM:SS) = 0:00:00
 [  8%]  Time step      203 of 2796 @ t_step =      202 Time Avg = 1.092950E-04 Time/step= 1.030000E-04 ETA (HH:MM:SS) = 0:00:00
 [  8%]  Time step      204 of 2796 @ t_step =      203 Time Avg = 1.092637E-04 Time/step= 1.030000E-04 ETA (HH:MM:SS) = 0:00:00
 [  8%]  Time step      205 of 2796 @ t_step =      204 Time Avg = 1.093812E-04 Time/step= 1.330000E-04 ETA (HH:MM:SS) = 0:00:00
 [  8%]  Time step      206 of 2796 @ t_step =      205 Time Avg = 1.093695E-04 Time/step= 1.070000E-04 ETA (HH:MM:SS) = 0:00:00
 [  8%]  Time step      207 of 2796 @ t_step =      206 Time Avg = 1.093529E-04 Time/step= 1.060000E-04 ETA (HH:MM:SS) = 0:00:00
 [  8%]  Time step      208 of 2796 @ t_step =      207 Time Avg = 1.093317E-04 Time/step= 1.050000E-04 ETA (HH:MM:SS) = 0:00:00
 [  8%]  Time step      209 of 2796 @ t_step =      208 Time Avg = 1.093010E-04 Time/step= 1.030000E-04 ETA (HH:MM:SS) = 0:00:00
 [  8%]  Time step      210 of 2796 @ t_step =      209 Time Avg = 1.092705E-04 Time/step= 1.030000E-04 ETA (HH:MM:SS) = 0:00:00
 [  8%]  Time step      211 of 2796 @ t_step =      210 Time Avg = 1.092356E-04 Time/step= 1.020000E-04 ETA (HH:MM:SS) = 0:00:00
 [  8%]  Time step      212 of 2796 @ t_step =      211 Time Avg = 1.092105E-04 Time/step= 1.040000E-04 ETA (HH:MM:SS) = 0:00:00
 [  8%]  Time step      213 of 2796 @ t_step =      212 Time Avg = 1.092333E-04 Time/step= 1.140000E-04 ETA (HH:MM:SS) = 0:00:00
 [  8%]  Time step      214 of 2796 @ t_step =      213 Time Avg = 1.092891E-04 Time/step= 1.210000E-04 ETA (HH:MM:SS) = 0:00:00
 [  8%]  Time step      215 of 2796 @ t_step =      214 Time Avg = 1.092594E-04 Time/step= 1.030000E-04 ETA (HH:MM:SS) = 0:00:00
 [  8%]  Time step      216 of 2796 @ t_step =      215 Time Avg = 1.092300E-04 Time/step= 1.030000E-04 ETA (HH:MM:SS) = 0:00:00
 [  8%]  Time step      217 of 2796 @ t_step =      216 Time Avg = 1.092009E-04 Time/step= 1.030000E-04 ETA (HH:MM:SS) = 0:00:00
 [  8%]  Time step      218 of 2796 @ t_step =      217 Time Avg = 1.091721E-04 Time/step= 1.030000E-04 ETA (HH:MM:SS) = 0:00:00
 [  8%]  Time step      219 of 2796 @ t_step =      218 Time Avg = 1.091435E-04 Time/step= 1.030000E-04 ETA (HH:MM:SS) = 0:00:00
 [  8%]  Time step      220 of 2796 @ t_step =      219 Time Avg = 1.091152E-04 Time/step= 1.030000E-04 ETA (HH:MM:SS) = 0:00:00
 [  8%]  Time step      221 of 2796 @ t_step =      220 Time Avg = 1.090872E-04 Time/step= 1.030000E-04 ETA (HH:MM:SS) = 0:00:00
 [  8%]  Time step      222 of 2796 @ t_step =      221 Time Avg = 1.091416E-04 Time/step= 1.210000E-04 ETA (HH:MM:SS) = 0:00:00
 [  8%]  Time step      223 of 2796 @ t_step =      222 Time Avg = 1.091182E-04 Time/step= 1.040000E-04 ETA (HH:MM:SS) = 0:00:00
 [  8%]  Time step      224 of 2796 @ t_step =      223 Time Avg = 1.090905E-04 Time/step= 1.030000E-04 ETA (HH:MM:SS) = 0:00:00
 [  9%]  Time step      225 of 2796 @ t_step =      224 Time Avg = 1.090631E-04 Time/step= 1.030000E-04 ETA (HH:MM:SS) = 0:00:00
 [  9%]  Time step      226 of 2796 @ t_step =      225 Time Avg = 1.090359E-04 Time/step= 1.030000E-04 ETA (HH:MM:SS) = 0:00:00
 [  9%]  Time step      227 of 2796 @ t_step =      226 Time Avg = 1.090089E-04 Time/step= 1.030000E-04 ETA (HH:MM:SS) = 0:00:00
 [  9%]  Time step      228 of 2796 @ t_step =      227 Time Avg = 1.089778E-04 Time/step= 1.020000E-04 ETA (HH:MM:SS) = 0:00:00
 [  9%]  Time step      229 of 2796 @ t_step =      228 Time Avg = 1.089513E-04 Time/step= 1.030000E-04 ETA (HH:MM:SS) = 0:00:00
 [  9%]  Time step      230 of 2796 @ t_step =      229 Time Avg = 1.089251E-04 Time/step= 1.030000E-04 ETA (HH:MM:SS) = 0:00:00
 [  9%]  Time step      231 of 2796 @ t_step =      230 Time Avg = 1.089781E-04 Time/step= 1.210000E-04 ETA (HH:MM:SS) = 0:00:00
 [  9%]  Time step      232 of 2796 @ t_step =      231 Time Avg = 1.089520E-04 Time/step= 1.030000E-04 ETA (HH:MM:SS) = 0:00:00
 [  9%]  Time step      233 of 2796 @ t_step =      232 Time Avg = 1.089304E-04 Time/step= 1.040000E-04 ETA (HH:MM:SS) = 0:00:00
 [  9%]  Time step      234 of 2796 @ t_step =      233 Time Avg = 1.089091E-04 Time/step= 1.040000E-04 ETA (HH:MM:SS) = 0:00:00
 [  9%]  Time step      235 of 2796 @ t_step =      234 Time Avg = 1.088836E-04 Time/step= 1.030000E-04 ETA (HH:MM:SS) = 0:00:00
 [  9%]  Time step      236 of 2796 @ t_step =      235 Time Avg = 1.088584E-04 Time/step= 1.030000E-04 ETA (HH:MM:SS) = 0:00:00
 [  9%]  Time step      237 of 2796 @ t_step =      236 Time Avg = 1.088333E-04 Time/step= 1.030000E-04 ETA (HH:MM:SS) = 0:00:00
 [  9%]  Time step      238 of 2796 @ t_step =      237 Time Avg = 1.088085E-04 Time/step= 1.030000E-04 ETA (HH:MM:SS) = 0:00:00
 [  9%]  Time step      239 of 2796 @ t_step =      238 Time Avg = 1.087839E-04 Time/step= 1.030000E-04 ETA (HH:MM:SS) = 0:00:00
 [  9%]  Time step      240 of 2796 @ t_step =      239 Time Avg = 1.088734E-04 Time/step= 1.300000E-04 ETA (HH:MM:SS) = 0:00:00
 [  9%]  Time step      241 of 2796 @ t_step =      240 Time Avg = 1.088613E-04 Time/step= 1.060000E-04 ETA (HH:MM:SS) = 0:00:00
 [  9%]  Time step      242 of 2796 @ t_step =      241 Time Avg = 1.088494E-04 Time/step= 1.060000E-04 ETA (HH:MM:SS) = 0:00:00
 [  9%]  Time step      243 of 2796 @ t_step =      242 Time Avg = 1.088750E-04 Time/step= 1.150000E-04 ETA (HH:MM:SS) = 0:00:00
 [  9%]  Time step      244 of 2796 @ t_step =      243 Time Avg = 1.088548E-04 Time/step= 1.040000E-04 ETA (HH:MM:SS) = 0:00:00
 [  9%]  Time step      245 of 2796 @ t_step =      244 Time Avg = 1.088306E-04 Time/step= 1.030000E-04 ETA (HH:MM:SS) = 0:00:00
 [  9%]  Time step      246 of 2796 @ t_step =      245 Time Avg = 1.088066E-04 Time/step= 1.030000E-04 ETA (HH:MM:SS) = 0:00:00
 [  9%]  Time step      247 of 2796 @ t_step =      246 Time Avg = 1.087828E-04 Time/step= 1.030000E-04 ETA (HH:MM:SS) = 0:00:00
 [  9%]  Time step      248 of 2796 @ t_step =      247 Time Avg = 1.087592E-04 Time/step= 1.030000E-04 ETA (HH:MM:SS) = 0:00:00
 [  9%]  Time step      249 of 2796 @ t_step =      248 Time Avg = 1.088496E-04 Time/step= 1.310000E-04 ETA (HH:MM:SS) = 0:00:00
 [  9%]  Time step      250 of 2796 @ t_step =      249 Time Avg = 1.088300E-04 Time/step= 1.040000E-04 ETA (HH:MM:SS) = 0:00:00
 [  9%]  Time step      251 of 2796 @ t_step =      250 Time Avg = 1.088065E-04 Time/step= 1.030000E-04 ETA (HH:MM:SS) = 0:00:00
 [  9%]  Time step      252 of 2796 @ t_step =      251 Time Avg = 1.087871E-04 Time/step= 1.040000E-04 ETA (HH:MM:SS) = 0:00:00
 [ 10%]  Time step      253 of 2796 @ t_step =      252 Time Avg = 1.087640E-04 Time/step= 1.030000E-04 ETA (HH:MM:SS) = 0:00:00
 [ 10%]  Time step      254 of 2796 @ t_step =      253 Time Avg = 1.087450E-04 Time/step= 1.040000E-04 ETA (HH:MM:SS) = 0:00:00
 [ 10%]  Time step      255 of 2796 @ t_step =      254 Time Avg = 1.087222E-04 Time/step= 1.030000E-04 ETA (HH:MM:SS) = 0:00:00
 [ 10%]  Time step      256 of 2796 @ t_step =      255 Time Avg = 1.086996E-04 Time/step= 1.030000E-04 ETA (HH:MM:SS) = 0:00:00
 [ 10%]  Time step      257 of 2796 @ t_step =      256 Time Avg = 1.086969E-04 Time/step= 1.080000E-04 ETA (HH:MM:SS) = 0:00:00
 [ 10%]  Time step      258 of 2796 @ t_step =      257 Time Avg = 1.087098E-04 Time/step= 1.120000E-04 ETA (HH:MM:SS) = 0:00:00
 [ 10%]  Time step      259 of 2796 @ t_step =      258 Time Avg = 1.086875E-04 Time/step= 1.030000E-04 ETA (HH:MM:SS) = 0:00:00
 [ 10%]  Time step      260 of 2796 @ t_step =      259 Time Avg = 1.086693E-04 Time/step= 1.040000E-04 ETA (HH:MM:SS) = 0:00:00
 [ 10%]  Time step      261 of 2796 @ t_step =      260 Time Avg = 1.086512E-04 Time/step= 1.040000E-04 ETA (HH:MM:SS) = 0:00:00
 [ 10%]  Time step      262 of 2796 @ t_step =      261 Time Avg = 1.086332E-04 Time/step= 1.040000E-04 ETA (HH:MM:SS) = 0:00:00
 [ 10%]  Time step      263 of 2796 @ t_step =      262 Time Avg = 1.086115E-04 Time/step= 1.030000E-04 ETA (HH:MM:SS) = 0:00:00
 [ 10%]  Time step      264 of 2796 @ t_step =      263 Time Avg = 1.085900E-04 Time/step= 1.030000E-04 ETA (HH:MM:SS) = 0:00:00
 [ 10%]  Time step      265 of 2796 @ t_step =      264 Time Avg = 1.085687E-04 Time/step= 1.030000E-04 ETA (HH:MM:SS) = 0:00:00
 [ 10%]  Time step      266 of 2796 @ t_step =      265 Time Avg = 1.085970E-04 Time/step= 1.160000E-04 ETA (HH:MM:SS) = 0:00:00
 [ 10%]  Time step      267 of 2796 @ t_step =      266 Time Avg = 1.085833E-04 Time/step= 1.050000E-04 ETA (HH:MM:SS) = 0:00:00
 [ 10%]  Time step      268 of 2796 @ t_step =      267 Time Avg = 1.085660E-04 Time/step= 1.040000E-04 ETA (HH:MM:SS) = 0:00:00
 [ 10%]  Time step      269 of 2796 @ t_step =      268 Time Avg = 1.085451E-04 Time/step= 1.030000E-04 ETA (HH:MM:SS) = 0:00:00
 [ 10%]  Time step      270 of 2796 @ t_step =      269 Time Avg = 1.085281E-04 Time/step= 1.040000E-04 ETA (HH:MM:SS) = 0:00:00
 [ 10%]  Time step      271 of 2796 @ t_step =      270 Time Avg = 1.085075E-04 Time/step= 1.030000E-04 ETA (HH:MM:SS) = 0:00:00
 [ 10%]  Time step      272 of 2796 @ t_step =      271 Time Avg = 1.084907E-04 Time/step= 1.040000E-04 ETA (HH:MM:SS) = 0:00:00
 [ 10%]  Time step      273 of 2796 @ t_step =      272 Time Avg = 1.084704E-04 Time/step= 1.030000E-04 ETA (HH:MM:SS) = 0:00:00
 [ 10%]  Time step      274 of 2796 @ t_step =      273 Time Avg = 1.084539E-04 Time/step= 1.040000E-04 ETA (HH:MM:SS) = 0:00:00
 [ 10%]  Time step      275 of 2796 @ t_step =      274 Time Avg = 1.085294E-04 Time/step= 1.290000E-04 ETA (HH:MM:SS) = 0:00:00
 [ 10%]  Time step      276 of 2796 @ t_step =      275 Time Avg = 1.085238E-04 Time/step= 1.070000E-04 ETA (HH:MM:SS) = 0:00:00
 [ 10%]  Time step      277 of 2796 @ t_step =      276 Time Avg = 1.085182E-04 Time/step= 1.070000E-04 ETA (HH:MM:SS) = 0:00:00
 [ 10%]  Time step      278 of 2796 @ t_step =      277 Time Avg = 1.085418E-04 Time/step= 1.150000E-04 ETA (HH:MM:SS) = 0:00:00
 [ 10%]  Time step      279 of 2796 @ t_step =      278 Time Avg = 1.085217E-04 Time/step= 1.030000E-04 ETA (HH:MM:SS) = 0:00:00
 [ 10%]  Time step      280 of 2796 @ t_step =      279 Time Avg = 1.085018E-04 Time/step= 1.030000E-04 ETA (HH:MM:SS) = 0:00:00
 [ 11%]  Time step      281 of 2796 @ t_step =      280 Time Avg = 1.084820E-04 Time/step= 1.030000E-04 ETA (HH:MM:SS) = 0:00:00
 [ 11%]  Time step      282 of 2796 @ t_step =      281 Time Avg = 1.084624E-04 Time/step= 1.030000E-04 ETA (HH:MM:SS) = 0:00:00
 [ 11%]  Time step      283 of 2796 @ t_step =      282 Time Avg = 1.084429E-04 Time/step= 1.030000E-04 ETA (HH:MM:SS) = 0:00:00
 [ 11%]  Time step      284 of 2796 @ t_step =      283 Time Avg = 1.085480E-04 Time/step= 1.380000E-04 ETA (HH:MM:SS) = 0:00:00
 [ 11%]  Time step      285 of 2796 @ t_step =      284 Time Avg = 1.086170E-04 Time/step= 1.280000E-04 ETA (HH:MM:SS) = 0:00:00
 [ 11%]  Time step      286 of 2796 @ t_step =      285 Time Avg = 1.086007E-04 Time/step= 1.040000E-04 ETA (HH:MM:SS) = 0:00:00
 [ 11%]  Time step      287 of 2796 @ t_step =      286 Time Avg = 1.085810E-04 Time/step= 1.030000E-04 ETA (HH:MM:SS) = 0:00:00
 [ 11%]  Time step      288 of 2796 @ t_step =      287 Time Avg = 1.085614E-04 Time/step= 1.030000E-04 ETA (HH:MM:SS) = 0:00:00
 [ 11%]  Time step      289 of 2796 @ t_step =      288 Time Avg = 1.085420E-04 Time/step= 1.030000E-04 ETA (HH:MM:SS) = 0:00:00
 [ 11%]  Time step      290 of 2796 @ t_step =      289 Time Avg = 1.085226E-04 Time/step= 1.030000E-04 ETA (HH:MM:SS) = 0:00:00
 [ 11%]  Time step      291 of 2796 @ t_step =      290 Time Avg = 1.085035E-04 Time/step= 1.030000E-04 ETA (HH:MM:SS) = 0:00:00
 [ 11%]  Time step      292 of 2796 @ t_step =      291 Time Avg = 1.085190E-04 Time/step= 1.130000E-04 ETA (HH:MM:SS) = 0:00:00
 [ 11%]  Time step      293 of 2796 @ t_step =      292 Time Avg = 1.085138E-04 Time/step= 1.070000E-04 ETA (HH:MM:SS) = 0:00:00
 [ 11%]  Time step      294 of 2796 @ t_step =      293 Time Avg = 1.084948E-04 Time/step= 1.030000E-04 ETA (HH:MM:SS) = 0:00:00
 [ 11%]  Time step      295 of 2796 @ t_step =      294 Time Avg = 1.084760E-04 Time/step= 1.030000E-04 ETA (HH:MM:SS) = 0:00:00
 [ 11%]  Time step      296 of 2796 @ t_step =      295 Time Avg = 1.084608E-04 Time/step= 1.040000E-04 ETA (HH:MM:SS) = 0:00:00
 [ 11%]  Time step      297 of 2796 @ t_step =      296 Time Avg = 1.084456E-04 Time/step= 1.040000E-04 ETA (HH:MM:SS) = 0:00:00
 [ 11%]  Time step      298 of 2796 @ t_step =      297 Time Avg = 1.084305E-04 Time/step= 1.040000E-04 ETA (HH:MM:SS) = 0:00:00
 [ 11%]  Time step      299 of 2796 @ t_step =      298 Time Avg = 1.084122E-04 Time/step= 1.030000E-04 ETA (HH:MM:SS) = 0:00:00
 [ 11%]  Time step      300 of 2796 @ t_step =      299 Time Avg = 1.083939E-04 Time/step= 1.030000E-04 ETA (HH:MM:SS) = 0:00:00
 [ 11%]  Time step      301 of 2796 @ t_step =      300 Time Avg = 1.084228E-04 Time/step= 1.170000E-04 ETA (HH:MM:SS) = 0:00:00
 [ 11%]  Time step      302 of 2796 @ t_step =      301 Time Avg = 1.084080E-04 Time/step= 1.040000E-04 ETA (HH:MM:SS) = 0:00:00
 [ 11%]  Time step      303 of 2796 @ t_step =      302 Time Avg = 1.083900E-04 Time/step= 1.030000E-04 ETA (HH:MM:SS) = 0:00:00
 [ 11%]  Time step      304 of 2796 @ t_step =      303 Time Avg = 1.083721E-04 Time/step= 1.030000E-04 ETA (HH:MM:SS) = 0:00:00
 [ 11%]  Time step      305 of 2796 @ t_step =      304 Time Avg = 1.083543E-04 Time/step= 1.030000E-04 ETA (HH:MM:SS) = 0:00:00
 [ 11%]  Time step      306 of 2796 @ t_step =      305 Time Avg = 1.083366E-04 Time/step= 1.030000E-04 ETA (HH:MM:SS) = 0:00:00
 [ 11%]  Time step      307 of 2796 @ t_step =      306 Time Avg = 1.083191E-04 Time/step= 1.030000E-04 ETA (HH:MM:SS) = 0:00:00
 [ 11%]  Time step      308 of 2796 @ t_step =      307 Time Avg = 1.083016E-04 Time/step= 1.030000E-04 ETA (HH:MM:SS) = 0:00:00
 [ 12%]  Time step      309 of 2796 @ t_step =      308 Time Avg = 1.082843E-04 Time/step= 1.030000E-04 ETA (HH:MM:SS) = 0:00:00
 [ 12%]  Time step      310 of 2796 @ t_step =      309 Time Avg = 1.083485E-04 Time/step= 1.280000E-04 ETA (HH:MM:SS) = 0:00:00
 [ 12%]  Time step      311 of 2796 @ t_step =      310 Time Avg = 1.083442E-04 Time/step= 1.070000E-04 ETA (HH:MM:SS) = 0:00:00
 [ 12%]  Time step      312 of 2796 @ t_step =      311 Time Avg = 1.083398E-04 Time/step= 1.070000E-04 ETA (HH:MM:SS) = 0:00:00
 [ 12%]  Time step      313 of 2796 @ t_step =      312 Time Avg = 1.083645E-04 Time/step= 1.160000E-04 ETA (HH:MM:SS) = 0:00:00
 [ 12%]  Time step      314 of 2796 @ t_step =      313 Time Avg = 1.083473E-04 Time/step= 1.030000E-04 ETA (HH:MM:SS) = 0:00:00
 [ 12%]  Time step      315 of 2796 @ t_step =      314 Time Avg = 1.083301E-04 Time/step= 1.030000E-04 ETA (HH:MM:SS) = 0:00:00
 [ 12%]  Time step      316 of 2796 @ t_step =      315 Time Avg = 1.083131E-04 Time/step= 1.030000E-04 ETA (HH:MM:SS) = 0:00:00
 [ 12%]  Time step      317 of 2796 @ t_step =      316 Time Avg = 1.082962E-04 Time/step= 1.030000E-04 ETA (HH:MM:SS) = 0:00:00
 [ 12%]  Time step      318 of 2796 @ t_step =      317 Time Avg = 1.082794E-04 Time/step= 1.030000E-04 ETA (HH:MM:SS) = 0:00:00
 [ 12%]  Time step      319 of 2796 @ t_step =      318 Time Avg = 1.083449E-04 Time/step= 1.290000E-04 ETA (HH:MM:SS) = 0:00:00
 [ 12%]  Time step      320 of 2796 @ t_step =      319 Time Avg = 1.083312E-04 Time/step= 1.040000E-04 ETA (HH:MM:SS) = 0:00:00
 [ 12%]  Time step      321 of 2796 @ t_step =      320 Time Avg = 1.083145E-04 Time/step= 1.030000E-04 ETA (HH:MM:SS) = 0:00:00
 [ 12%]  Time step      322 of 2796 @ t_step =      321 Time Avg = 1.082978E-04 Time/step= 1.030000E-04 ETA (HH:MM:SS) = 0:00:00
 [ 12%]  Time step      323 of 2796 @ t_step =      322 Time Avg = 1.082812E-04 Time/step= 1.030000E-04 ETA (HH:MM:SS) = 0:00:00
 [ 12%]  Time step      324 of 2796 @ t_step =      323 Time Avg = 1.082648E-04 Time/step= 1.030000E-04 ETA (HH:MM:SS) = 0:00:00
 [ 12%]  Time step      325 of 2796 @ t_step =      324 Time Avg = 1.082484E-04 Time/step= 1.030000E-04 ETA (HH:MM:SS) = 0:00:00
 [ 12%]  Time step      326 of 2796 @ t_step =      325 Time Avg = 1.082322E-04 Time/step= 1.030000E-04 ETA (HH:MM:SS) = 0:00:00
 [ 12%]  Time step      327 of 2796 @ t_step =      326 Time Avg = 1.082160E-04 Time/step= 1.030000E-04 ETA (HH:MM:SS) = 0:00:00
 [ 12%]  Time step      328 of 2796 @ t_step =      327 Time Avg = 1.082431E-04 Time/step= 1.170000E-04 ETA (HH:MM:SS) = 0:00:00
 [ 12%]  Time step      329 of 2796 @ t_step =      328 Time Avg = 1.082301E-04 Time/step= 1.040000E-04 ETA (HH:MM:SS) = 0:00:00
 [ 12%]  Time step      330 of 2796 @ t_step =      329 Time Avg = 1.082171E-04 Time/step= 1.040000E-04 ETA (HH:MM:SS) = 0:00:00
 [ 12%]  Time step      331 of 2796 @ t_step =      330 Time Avg = 1.082012E-04 Time/step= 1.030000E-04 ETA (HH:MM:SS) = 0:00:00
 [ 12%]  Time step      332 of 2796 @ t_step =      331 Time Avg = 1.081854E-04 Time/step= 1.030000E-04 ETA (HH:MM:SS) = 0:00:00
 [ 12%]  Time step      333 of 2796 @ t_step =      332 Time Avg = 1.081697E-04 Time/step= 1.030000E-04 ETA (HH:MM:SS) = 0:00:00
 [ 12%]  Time step      334 of 2796 @ t_step =      333 Time Avg = 1.081571E-04 Time/step= 1.040000E-04 ETA (HH:MM:SS) = 0:00:00
 [ 12%]  Time step      335 of 2796 @ t_step =      334 Time Avg = 1.081416E-04 Time/step= 1.030000E-04 ETA (HH:MM:SS) = 0:00:00
 [ 12%]  Time step      336 of 2796 @ t_step =      335 Time Avg = 1.081261E-04 Time/step= 1.030000E-04 ETA (HH:MM:SS) = 0:00:00
 [ 13%]  Time step      337 of 2796 @ t_step =      336 Time Avg = 1.081497E-04 Time/step= 1.160000E-04 ETA (HH:MM:SS) = 0:00:00
 [ 13%]  Time step      338 of 2796 @ t_step =      337 Time Avg = 1.081373E-04 Time/step= 1.040000E-04 ETA (HH:MM:SS) = 0:00:00
 [ 13%]  Time step      339 of 2796 @ t_step =      338 Time Avg = 1.081220E-04 Time/step= 1.030000E-04 ETA (HH:MM:SS) = 0:00:00
 [ 13%]  Time step      340 of 2796 @ t_step =      339 Time Avg = 1.081068E-04 Time/step= 1.030000E-04 ETA (HH:MM:SS) = 0:00:00
 [ 13%]  Time step      341 of 2796 @ t_step =      340 Time Avg = 1.080917E-04 Time/step= 1.030000E-04 ETA (HH:MM:SS) = 0:00:00
 [ 13%]  Time step      342 of 2796 @ t_step =      341 Time Avg = 1.080767E-04 Time/step= 1.030000E-04 ETA (HH:MM:SS) = 0:00:00
 [ 13%]  Time step      343 of 2796 @ t_step =      342 Time Avg = 1.080618E-04 Time/step= 1.030000E-04 ETA (HH:MM:SS) = 0:00:00
 [ 13%]  Time step      344 of 2796 @ t_step =      343 Time Avg = 1.080499E-04 Time/step= 1.040000E-04 ETA (HH:MM:SS) = 0:00:00
 [ 13%]  Time step      345 of 2796 @ t_step =      344 Time Avg = 1.080351E-04 Time/step= 1.030000E-04 ETA (HH:MM:SS) = 0:00:00
 [ 13%]  Time step      346 of 2796 @ t_step =      345 Time Avg = 1.081341E-04 Time/step= 1.420000E-04 ETA (HH:MM:SS) = 0:00:00
 [ 13%]  Time step      347 of 2796 @ t_step =      346 Time Avg = 1.081657E-04 Time/step= 1.190000E-04 ETA (HH:MM:SS) = 0:00:00
 [ 13%]  Time step      348 of 2796 @ t_step =      347 Time Avg = 1.082174E-04 Time/step= 1.260000E-04 ETA (HH:MM:SS) = 0:00:00
 [ 13%]  Time step      349 of 2796 @ t_step =      348 Time Avg = 1.082428E-04 Time/step= 1.170000E-04 ETA (HH:MM:SS) = 0:00:00
 [ 13%]  Time step      350 of 2796 @ t_step =      349 Time Avg = 1.082392E-04 Time/step= 1.070000E-04 ETA (HH:MM:SS) = 0:00:00
 [ 13%]  Time step      351 of 2796 @ t_step =      350 Time Avg = 1.082557E-04 Time/step= 1.140000E-04 ETA (HH:MM:SS) = 0:00:00
 [ 13%]  Time step      352 of 2796 @ t_step =      351 Time Avg = 1.082407E-04 Time/step= 1.030000E-04 ETA (HH:MM:SS) = 0:00:00
 [ 13%]  Time step      353 of 2796 @ t_step =      352 Time Avg = 1.082286E-04 Time/step= 1.040000E-04 ETA (HH:MM:SS) = 0:00:00
 [ 13%]  Time step      354 of 2796 @ t_step =      353 Time Avg = 1.083248E-04 Time/step= 1.420000E-04 ETA (HH:MM:SS) = 0:00:00
 [ 13%]  Time step      355 of 2796 @ t_step =      354 Time Avg = 1.083210E-04 Time/step= 1.070000E-04 ETA (HH:MM:SS) = 0:00:00
 [ 13%]  Time step      356 of 2796 @ t_step =      355 Time Avg = 1.083173E-04 Time/step= 1.070000E-04 ETA (HH:MM:SS) = 0:00:00
 [ 13%]  Time step      357 of 2796 @ t_step =      356 Time Avg = 1.083362E-04 Time/step= 1.150000E-04 ETA (HH:MM:SS) = 0:00:00
 [ 13%]  Time step      358 of 2796 @ t_step =      357 Time Avg = 1.083211E-04 Time/step= 1.030000E-04 ETA (HH:MM:SS) = 0:00:00
 [ 13%]  Time step      359 of 2796 @ t_step =      358 Time Avg = 1.083062E-04 Time/step= 1.030000E-04 ETA (HH:MM:SS) = 0:00:00
 [ 13%]  Time step      360 of 2796 @ t_step =      359 Time Avg = 1.082913E-04 Time/step= 1.030000E-04 ETA (HH:MM:SS) = 0:00:00
 [ 13%]  Time step      361 of 2796 @ t_step =      360 Time Avg = 1.082765E-04 Time/step= 1.030000E-04 ETA (HH:MM:SS) = 0:00:00
 [ 13%]  Time step      362 of 2796 @ t_step =      361 Time Avg = 1.083008E-04 Time/step= 1.170000E-04 ETA (HH:MM:SS) = 0:00:00
 [ 13%]  Time step      363 of 2796 @ t_step =      362 Time Avg = 1.082889E-04 Time/step= 1.040000E-04 ETA (HH:MM:SS) = 0:00:00
 [ 13%]  Time step      364 of 2796 @ t_step =      363 Time Avg = 1.082742E-04 Time/step= 1.030000E-04 ETA (HH:MM:SS) = 0:00:00
 [ 14%]  Time step      365 of 2796 @ t_step =      364 Time Avg = 1.082597E-04 Time/step= 1.030000E-04 ETA (HH:MM:SS) = 0:00:00
 [ 14%]  Time step      366 of 2796 @ t_step =      365 Time Avg = 1.082452E-04 Time/step= 1.030000E-04 ETA (HH:MM:SS) = 0:00:00
 [ 14%]  Time step      367 of 2796 @ t_step =      366 Time Avg = 1.082280E-04 Time/step= 1.020000E-04 ETA (HH:MM:SS) = 0:00:00
 [ 14%]  Time step      368 of 2796 @ t_step =      367 Time Avg = 1.082164E-04 Time/step= 1.040000E-04 ETA (HH:MM:SS) = 0:00:00
 [ 14%]  Time step      369 of 2796 @ t_step =      368 Time Avg = 1.082049E-04 Time/step= 1.040000E-04 ETA (HH:MM:SS) = 0:00:00
 [ 14%]  Time step      370 of 2796 @ t_step =      369 Time Avg = 1.081907E-04 Time/step= 1.030000E-04 ETA (HH:MM:SS) = 0:00:00
 [ 14%]  Time step      371 of 2796 @ t_step =      370 Time Avg = 1.082092E-04 Time/step= 1.150000E-04 ETA (HH:MM:SS) = 0:00:00
 [ 14%]  Time step      372 of 2796 @ t_step =      371 Time Avg = 1.081978E-04 Time/step= 1.040000E-04 ETA (HH:MM:SS) = 0:00:00
 [ 14%]  Time step      373 of 2796 @ t_step =      372 Time Avg = 1.081838E-04 Time/step= 1.030000E-04 ETA (HH:MM:SS) = 0:00:00
 [ 14%]  Time step      374 of 2796 @ t_step =      373 Time Avg = 1.081698E-04 Time/step= 1.030000E-04 ETA (HH:MM:SS) = 0:00:00
 [ 14%]  Time step      375 of 2796 @ t_step =      374 Time Avg = 1.081559E-04 Time/step= 1.030000E-04 ETA (HH:MM:SS) = 0:00:00
 [ 14%]  Time step      376 of 2796 @ t_step =      375 Time Avg = 1.081448E-04 Time/step= 1.040000E-04 ETA (HH:MM:SS) = 0:00:00
 [ 14%]  Time step      377 of 2796 @ t_step =      376 Time Avg = 1.081310E-04 Time/step= 1.030000E-04 ETA (HH:MM:SS) = 0:00:00
 [ 14%]  Time step      378 of 2796 @ t_step =      377 Time Avg = 1.081200E-04 Time/step= 1.040000E-04 ETA (HH:MM:SS) = 0:00:00
 [ 14%]  Time step      379 of 2796 @ t_step =      378 Time Avg = 1.081064E-04 Time/step= 1.030000E-04 ETA (HH:MM:SS) = 0:00:00
 [ 14%]  Time step      380 of 2796 @ t_step =      379 Time Avg = 1.081592E-04 Time/step= 1.280000E-04 ETA (HH:MM:SS) = 0:00:00
 [ 14%]  Time step      381 of 2796 @ t_step =      380 Time Avg = 1.081561E-04 Time/step= 1.070000E-04 ETA (HH:MM:SS) = 0:00:00
 [ 14%]  Time step      382 of 2796 @ t_step =      381 Time Avg = 1.081530E-04 Time/step= 1.070000E-04 ETA (HH:MM:SS) = 0:00:00
 [ 14%]  Time step      383 of 2796 @ t_step =      382 Time Avg = 1.081737E-04 Time/step= 1.160000E-04 ETA (HH:MM:SS) = 0:00:00
 [ 14%]  Time step      384 of 2796 @ t_step =      383 Time Avg = 1.081601E-04 Time/step= 1.030000E-04 ETA (HH:MM:SS) = 0:00:00
 [ 14%]  Time step      385 of 2796 @ t_step =      384 Time Avg = 1.081492E-04 Time/step= 1.040000E-04 ETA (HH:MM:SS) = 0:00:00
 [ 14%]  Time step      386 of 2796 @ t_step =      385 Time Avg = 1.081384E-04 Time/step= 1.040000E-04 ETA (HH:MM:SS) = 0:00:00
 [ 14%]  Time step      387 of 2796 @ t_step =      386 Time Avg = 1.081250E-04 Time/step= 1.030000E-04 ETA (HH:MM:SS) = 0:00:00
 [ 14%]  Time step      388 of 2796 @ t_step =      387 Time Avg = 1.081143E-04 Time/step= 1.040000E-04 ETA (HH:MM:SS) = 0:00:00
 [ 14%]  Time step      389 of 2796 @ t_step =      388 Time Avg = 1.081658E-04 Time/step= 1.280000E-04 ETA (HH:MM:SS) = 0:00:00
 [ 14%]  Time step      390 of 2796 @ t_step =      389 Time Avg = 1.081525E-04 Time/step= 1.030000E-04 ETA (HH:MM:SS) = 0:00:00
 [ 14%]  Time step      391 of 2796 @ t_step =      390 Time Avg = 1.081392E-04 Time/step= 1.030000E-04 ETA (HH:MM:SS) = 0:00:00
 [ 14%]  Time step      392 of 2796 @ t_step =      391 Time Avg = 1.081260E-04 Time/step= 1.030000E-04 ETA (HH:MM:SS) = 0:00:00
 [ 15%]  Time step      393 of 2796 @ t_step =      392 Time Avg = 1.081128E-04 Time/step= 1.030000E-04 ETA (HH:MM:SS) = 0:00:00
 [ 15%]  Time step      394 of 2796 @ t_step =      393 Time Avg = 1.081023E-04 Time/step= 1.040000E-04 ETA (HH:MM:SS) = 0:00:00
 [ 15%]  Time step      395 of 2796 @ t_step =      394 Time Avg = 1.080893E-04 Time/step= 1.030000E-04 ETA (HH:MM:SS) = 0:00:00
 [ 15%]  Time step      396 of 2796 @ t_step =      395 Time Avg = 1.080763E-04 Time/step= 1.030000E-04 ETA (HH:MM:SS) = 0:00:00
 [ 15%]  Time step      397 of 2796 @ t_step =      396 Time Avg = 1.080635E-04 Time/step= 1.030000E-04 ETA (HH:MM:SS) = 0:00:00
 [ 15%]  Time step      398 of 2796 @ t_step =      397 Time Avg = 1.080835E-04 Time/step= 1.160000E-04 ETA (HH:MM:SS) = 0:00:00
 [ 15%]  Time step      399 of 2796 @ t_step =      398 Time Avg = 1.080707E-04 Time/step= 1.030000E-04 ETA (HH:MM:SS) = 0:00:00
 [ 15%]  Time step      400 of 2796 @ t_step =      399 Time Avg = 1.080579E-04 Time/step= 1.030000E-04 ETA (HH:MM:SS) = 0:00:00
 [ 15%]  Time step      401 of 2796 @ t_step =      400 Time Avg = 1.080452E-04 Time/step= 1.030000E-04 ETA (HH:MM:SS) = 0:00:00
 [ 15%]  Time step      402 of 2796 @ t_step =      401 Time Avg = 1.080326E-04 Time/step= 1.030000E-04 ETA (HH:MM:SS) = 0:00:00
 [ 15%]  Time step      403 of 2796 @ t_step =      402 Time Avg = 1.080200E-04 Time/step= 1.030000E-04 ETA (HH:MM:SS) = 0:00:00
 [ 15%]  Time step      404 of 2796 @ t_step =      403 Time Avg = 1.080075E-04 Time/step= 1.030000E-04 ETA (HH:MM:SS) = 0:00:00
 [ 15%]  Time step      405 of 2796 @ t_step =      404 Time Avg = 1.079950E-04 Time/step= 1.030000E-04 ETA (HH:MM:SS) = 0:00:00
 [ 15%]  Time step      406 of 2796 @ t_step =      405 Time Avg = 1.079826E-04 Time/step= 1.030000E-04 ETA (HH:MM:SS) = 0:00:00
 [ 15%]  Time step      407 of 2796 @ t_step =      406 Time Avg = 1.079975E-04 Time/step= 1.140000E-04 ETA (HH:MM:SS) = 0:00:00
 [ 15%]  Time step      408 of 2796 @ t_step =      407 Time Avg = 1.079852E-04 Time/step= 1.030000E-04 ETA (HH:MM:SS) = 0:00:00
 [ 15%]  Time step      409 of 2796 @ t_step =      408 Time Avg = 1.079729E-04 Time/step= 1.030000E-04 ETA (HH:MM:SS) = 0:00:00
 [ 15%]  Time step      410 of 2796 @ t_step =      409 Time Avg = 1.079631E-04 Time/step= 1.040000E-04 ETA (HH:MM:SS) = 0:00:00
 [ 15%]  Time step      411 of 2796 @ t_step =      410 Time Avg = 1.079510E-04 Time/step= 1.030000E-04 ETA (HH:MM:SS) = 0:00:00
 [ 15%]  Time step      412 of 2796 @ t_step =      411 Time Avg = 1.079389E-04 Time/step= 1.030000E-04 ETA (HH:MM:SS) = 0:00:00
 [ 15%]  Time step      413 of 2796 @ t_step =      412 Time Avg = 1.079268E-04 Time/step= 1.030000E-04 ETA (HH:MM:SS) = 0:00:00
 [ 15%]  Time step      414 of 2796 @ t_step =      413 Time Avg = 1.079148E-04 Time/step= 1.030000E-04 ETA (HH:MM:SS) = 0:00:00
 [ 15%]  Time step      415 of 2796 @ t_step =      414 Time Avg = 1.079029E-04 Time/step= 1.030000E-04 ETA (HH:MM:SS) = 0:00:00
 [ 15%]  Time step      416 of 2796 @ t_step =      415 Time Avg = 1.079540E-04 Time/step= 1.290000E-04 ETA (HH:MM:SS) = 0:00:00
 [ 15%]  Time step      417 of 2796 @ t_step =      416 Time Avg = 1.079517E-04 Time/step= 1.070000E-04 ETA (HH:MM:SS) = 0:00:00
 [ 15%]  Time step      418 of 2796 @ t_step =      417 Time Avg = 1.079735E-04 Time/step= 1.170000E-04 ETA (HH:MM:SS) = 0:00:00
 [ 15%]  Time step      419 of 2796 @ t_step =      418 Time Avg = 1.079615E-04 Time/step= 1.030000E-04 ETA (HH:MM:SS) = 0:00:00
 [ 15%]  Time step      420 of 2796 @ t_step =      419 Time Avg = 1.079520E-04 Time/step= 1.040000E-04 ETA (HH:MM:SS) = 0:00:00
 [ 16%]  Time step      421 of 2796 @ t_step =      420 Time Avg = 1.079402E-04 Time/step= 1.030000E-04 ETA (HH:MM:SS) = 0:00:00
 [ 16%]  Time step      422 of 2796 @ t_step =      421 Time Avg = 1.079284E-04 Time/step= 1.030000E-04 ETA (HH:MM:SS) = 0:00:00
 [ 16%]  Time step      423 of 2796 @ t_step =      422 Time Avg = 1.079167E-04 Time/step= 1.030000E-04 ETA (HH:MM:SS) = 0:00:00
 [ 16%]  Time step      424 of 2796 @ t_step =      423 Time Avg = 1.079359E-04 Time/step= 1.160000E-04 ETA (HH:MM:SS) = 0:00:00
 [ 16%]  Time step      425 of 2796 @ t_step =      424 Time Avg = 1.079479E-04 Time/step= 1.130000E-04 ETA (HH:MM:SS) = 0:00:00
 [ 16%]  Time step      426 of 2796 @ t_step =      425 Time Avg = 1.079385E-04 Time/step= 1.040000E-04 ETA (HH:MM:SS) = 0:00:00
 [ 16%]  Time step      427 of 2796 @ t_step =      426 Time Avg = 1.079269E-04 Time/step= 1.030000E-04 ETA (HH:MM:SS) = 0:00:00
 [ 16%]  Time step      428 of 2796 @ t_step =      427 Time Avg = 1.079153E-04 Time/step= 1.030000E-04 ETA (HH:MM:SS) = 0:00:00
 [ 16%]  Time step      429 of 2796 @ t_step =      428 Time Avg = 1.079038E-04 Time/step= 1.030000E-04 ETA (HH:MM:SS) = 0:00:00
 [ 16%]  Time step      430 of 2796 @ t_step =      429 Time Avg = 1.078946E-04 Time/step= 1.040000E-04 ETA (HH:MM:SS) = 0:00:00
 [ 16%]  Time step      431 of 2796 @ t_step =      430 Time Avg = 1.078832E-04 Time/step= 1.030000E-04 ETA (HH:MM:SS) = 0:00:00
 [ 16%]  Time step      432 of 2796 @ t_step =      431 Time Avg = 1.078741E-04 Time/step= 1.040000E-04 ETA (HH:MM:SS) = 0:00:00
 [ 16%]  Time step      433 of 2796 @ t_step =      432 Time Avg = 1.078977E-04 Time/step= 1.180000E-04 ETA (HH:MM:SS) = 0:00:00
 [ 16%]  Time step      434 of 2796 @ t_step =      433 Time Avg = 1.078886E-04 Time/step= 1.040000E-04 ETA (HH:MM:SS) = 0:00:00
 [ 16%]  Time step      435 of 2796 @ t_step =      434 Time Avg = 1.078773E-04 Time/step= 1.030000E-04 ETA (HH:MM:SS) = 0:00:00
 [ 16%]  Time step      436 of 2796 @ t_step =      435 Time Avg = 1.078661E-04 Time/step= 1.030000E-04 ETA (HH:MM:SS) = 0:00:00
 [ 16%]  Time step      437 of 2796 @ t_step =      436 Time Avg = 1.078548E-04 Time/step= 1.030000E-04 ETA (HH:MM:SS) = 0:00:00
 [ 16%]  Time step      438 of 2796 @ t_step =      437 Time Avg = 1.078437E-04 Time/step= 1.030000E-04 ETA (HH:MM:SS) = 0:00:00
 [ 16%]  Time step      439 of 2796 @ t_step =      438 Time Avg = 1.078326E-04 Time/step= 1.030000E-04 ETA (HH:MM:SS) = 0:00:00
 [ 16%]  Time step      440 of 2796 @ t_step =      439 Time Avg = 1.078238E-04 Time/step= 1.040000E-04 ETA (HH:MM:SS) = 0:00:00
 [ 16%]  Time step      441 of 2796 @ t_step =      440 Time Avg = 1.078128E-04 Time/step= 1.030000E-04 ETA (HH:MM:SS) = 0:00:00
 [ 16%]  Time step      442 of 2796 @ t_step =      441 Time Avg = 1.078360E-04 Time/step= 1.180000E-04 ETA (HH:MM:SS) = 0:00:00
 [ 16%]  Time step      443 of 2796 @ t_step =      442 Time Avg = 1.078273E-04 Time/step= 1.040000E-04 ETA (HH:MM:SS) = 0:00:00
 [ 16%]  Time step      444 of 2796 @ t_step =      443 Time Avg = 1.078186E-04 Time/step= 1.040000E-04 ETA (HH:MM:SS) = 0:00:00
 [ 16%]  Time step      445 of 2796 @ t_step =      444 Time Avg = 1.078077E-04 Time/step= 1.030000E-04 ETA (HH:MM:SS) = 0:00:00
 [ 16%]  Time step      446 of 2796 @ t_step =      445 Time Avg = 1.077991E-04 Time/step= 1.040000E-04 ETA (HH:MM:SS) = 0:00:00
 [ 16%]  Time step      447 of 2796 @ t_step =      446 Time Avg = 1.077883E-04 Time/step= 1.030000E-04 ETA (HH:MM:SS) = 0:00:00
 [ 16%]  Time step      448 of 2796 @ t_step =      447 Time Avg = 1.077775E-04 Time/step= 1.030000E-04 ETA (HH:MM:SS) = 0:00:00
 [ 17%]  Time step      449 of 2796 @ t_step =      448 Time Avg = 1.077668E-04 Time/step= 1.030000E-04 ETA (HH:MM:SS) = 0:00:00
 [ 17%]  Time step      450 of 2796 @ t_step =      449 Time Avg = 1.077562E-04 Time/step= 1.030000E-04 ETA (HH:MM:SS) = 0:00:00
 [ 17%]  Time step      451 of 2796 @ t_step =      450 Time Avg = 1.077969E-04 Time/step= 1.260000E-04 ETA (HH:MM:SS) = 0:00:00
 [ 17%]  Time step      452 of 2796 @ t_step =      451 Time Avg = 1.077951E-04 Time/step= 1.070000E-04 ETA (HH:MM:SS) = 0:00:00
 [ 17%]  Time step      453 of 2796 @ t_step =      452 Time Avg = 1.077911E-04 Time/step= 1.060000E-04 ETA (HH:MM:SS) = 0:00:00
 [ 17%]  Time step      454 of 2796 @ t_step =      453 Time Avg = 1.078093E-04 Time/step= 1.160000E-04 ETA (HH:MM:SS) = 0:00:00
 [ 17%]  Time step      455 of 2796 @ t_step =      454 Time Avg = 1.077987E-04 Time/step= 1.030000E-04 ETA (HH:MM:SS) = 0:00:00
 [ 17%]  Time step      456 of 2796 @ t_step =      455 Time Avg = 1.077903E-04 Time/step= 1.040000E-04 ETA (HH:MM:SS) = 0:00:00
 [ 17%]  Time step      457 of 2796 @ t_step =      456 Time Avg = 1.077797E-04 Time/step= 1.030000E-04 ETA (HH:MM:SS) = 0:00:00
 [ 17%]  Time step      458 of 2796 @ t_step =      457 Time Avg = 1.077692E-04 Time/step= 1.030000E-04 ETA (HH:MM:SS) = 0:00:00
 [ 17%]  Time step      459 of 2796 @ t_step =      458 Time Avg = 1.077588E-04 Time/step= 1.030000E-04 ETA (HH:MM:SS) = 0:00:00
 [ 17%]  Time step      460 of 2796 @ t_step =      459 Time Avg = 1.078031E-04 Time/step= 1.280000E-04 ETA (HH:MM:SS) = 0:00:00
 [ 17%]  Time step      461 of 2796 @ t_step =      460 Time Avg = 1.077926E-04 Time/step= 1.030000E-04 ETA (HH:MM:SS) = 0:00:00
 [ 17%]  Time step      462 of 2796 @ t_step =      461 Time Avg = 1.077843E-04 Time/step= 1.040000E-04 ETA (HH:MM:SS) = 0:00:00
 [ 17%]  Time step      463 of 2796 @ t_step =      462 Time Avg = 1.077739E-04 Time/step= 1.030000E-04 ETA (HH:MM:SS) = 0:00:00
 [ 17%]  Time step      464 of 2796 @ t_step =      463 Time Avg = 1.077657E-04 Time/step= 1.040000E-04 ETA (HH:MM:SS) = 0:00:00
 [ 17%]  Time step      465 of 2796 @ t_step =      464 Time Avg = 1.077576E-04 Time/step= 1.040000E-04 ETA (HH:MM:SS) = 0:00:00
 [ 17%]  Time step      466 of 2796 @ t_step =      465 Time Avg = 1.077495E-04 Time/step= 1.040000E-04 ETA (HH:MM:SS) = 0:00:00
 [ 17%]  Time step      467 of 2796 @ t_step =      466 Time Avg = 1.077414E-04 Time/step= 1.040000E-04 ETA (HH:MM:SS) = 0:00:00
 [ 17%]  Time step      468 of 2796 @ t_step =      467 Time Avg = 1.077333E-04 Time/step= 1.040000E-04 ETA (HH:MM:SS) = 0:00:00
 [ 17%]  Time step      469 of 2796 @ t_step =      468 Time Avg = 1.077532E-04 Time/step= 1.170000E-04 ETA (HH:MM:SS) = 0:00:00
 [ 17%]  Time step      470 of 2796 @ t_step =      469 Time Avg = 1.077452E-04 Time/step= 1.040000E-04 ETA (HH:MM:SS) = 0:00:00
 [ 17%]  Time step      471 of 2796 @ t_step =      470 Time Avg = 1.077350E-04 Time/step= 1.030000E-04 ETA (HH:MM:SS) = 0:00:00
 [ 17%]  Time step      472 of 2796 @ t_step =      471 Time Avg = 1.077249E-04 Time/step= 1.030000E-04 ETA (HH:MM:SS) = 0:00:00
 [ 17%]  Time step      473 of 2796 @ t_step =      472 Time Avg = 1.077149E-04 Time/step= 1.030000E-04 ETA (HH:MM:SS) = 0:00:00
 [ 17%]  Time step      474 of 2796 @ t_step =      473 Time Avg = 1.077049E-04 Time/step= 1.030000E-04 ETA (HH:MM:SS) = 0:00:00
 [ 17%]  Time step      475 of 2796 @ t_step =      474 Time Avg = 1.076949E-04 Time/step= 1.030000E-04 ETA (HH:MM:SS) = 0:00:00
 [ 17%]  Time step      476 of 2796 @ t_step =      475 Time Avg = 1.076871E-04 Time/step= 1.040000E-04 ETA (HH:MM:SS) = 0:00:00
 [ 18%]  Time step      477 of 2796 @ t_step =      476 Time Avg = 1.076772E-04 Time/step= 1.030000E-04 ETA (HH:MM:SS) = 0:00:00
 [ 18%]  Time step      478 of 2796 @ t_step =      477 Time Avg = 1.076863E-04 Time/step= 1.120000E-04 ETA (HH:MM:SS) = 0:00:00
 [ 18%]  Time step      479 of 2796 @ t_step =      478 Time Avg = 1.076786E-04 Time/step= 1.040000E-04 ETA (HH:MM:SS) = 0:00:00
 [ 18%]  Time step      480 of 2796 @ t_step =      479 Time Avg = 1.076688E-04 Time/step= 1.030000E-04 ETA (HH:MM:SS) = 0:00:00
 [ 18%]  Time step      481 of 2796 @ t_step =      480 Time Avg = 1.076611E-04 Time/step= 1.040000E-04 ETA (HH:MM:SS) = 0:00:00
 [ 18%]  Time step      482 of 2796 @ t_step =      481 Time Avg = 1.076514E-04 Time/step= 1.030000E-04 ETA (HH:MM:SS) = 0:00:00
 [ 18%]  Time step      483 of 2796 @ t_step =      482 Time Avg = 1.076396E-04 Time/step= 1.020000E-04 ETA (HH:MM:SS) = 0:00:00
 [ 18%]  Time step      484 of 2796 @ t_step =      483 Time Avg = 1.076320E-04 Time/step= 1.040000E-04 ETA (HH:MM:SS) = 0:00:00
 [ 18%]  Time step      485 of 2796 @ t_step =      484 Time Avg = 1.076224E-04 Time/step= 1.030000E-04 ETA (HH:MM:SS) = 0:00:00
 [ 18%]  Time step      486 of 2796 @ t_step =      485 Time Avg = 1.076170E-04 Time/step= 1.050000E-04 ETA (HH:MM:SS) = 0:00:00
 [ 18%]  Time step      487 of 2796 @ t_step =      486 Time Avg = 1.076178E-04 Time/step= 1.080000E-04 ETA (HH:MM:SS) = 0:00:00
 [ 18%]  Time step      488 of 2796 @ t_step =      487 Time Avg = 1.076144E-04 Time/step= 1.060000E-04 ETA (HH:MM:SS) = 0:00:00
 [ 18%]  Time step      489 of 2796 @ t_step =      488 Time Avg = 1.076337E-04 Time/step= 1.170000E-04 ETA (HH:MM:SS) = 0:00:00
 [ 18%]  Time step      490 of 2796 @ t_step =      489 Time Avg = 1.076242E-04 Time/step= 1.030000E-04 ETA (HH:MM:SS) = 0:00:00
 [ 18%]  Time step      491 of 2796 @ t_step =      490 Time Avg = 1.076148E-04 Time/step= 1.030000E-04 ETA (HH:MM:SS) = 0:00:00
 [ 18%]  Time step      492 of 2796 @ t_step =      491 Time Avg = 1.076074E-04 Time/step= 1.040000E-04 ETA (HH:MM:SS) = 0:00:00
 [ 18%]  Time step      493 of 2796 @ t_step =      492 Time Avg = 1.075980E-04 Time/step= 1.030000E-04 ETA (HH:MM:SS) = 0:00:00
 [ 18%]  Time step      494 of 2796 @ t_step =      493 Time Avg = 1.075906E-04 Time/step= 1.040000E-04 ETA (HH:MM:SS) = 0:00:00
 [ 18%]  Time step      495 of 2796 @ t_step =      494 Time Avg = 1.076260E-04 Time/step= 1.250000E-04 ETA (HH:MM:SS) = 0:00:00
 [ 18%]  Time step      496 of 2796 @ t_step =      495 Time Avg = 1.076227E-04 Time/step= 1.060000E-04 ETA (HH:MM:SS) = 0:00:00
 [ 18%]  Time step      497 of 2796 @ t_step =      496 Time Avg = 1.076134E-04 Time/step= 1.030000E-04 ETA (HH:MM:SS) = 0:00:00
 [ 18%]  Time step      498 of 2796 @ t_step =      497 Time Avg = 1.076040E-04 Time/step= 1.030000E-04 ETA (HH:MM:SS) = 0:00:00
 [ 18%]  Time step      499 of 2796 @ t_step =      498 Time Avg = 1.075948E-04 Time/step= 1.030000E-04 ETA (HH:MM:SS) = 0:00:00
 [ 18%]  Time step      500 of 2796 @ t_step =      499 Time Avg = 1.075855E-04 Time/step= 1.030000E-04 ETA (HH:MM:SS) = 0:00:00
 [ 18%]  Time step      501 of 2796 @ t_step =      500 Time Avg = 1.075763E-04 Time/step= 1.030000E-04 ETA (HH:MM:SS) = 0:00:00
 [ 18%]  Time step      502 of 2796 @ t_step =      501 Time Avg = 1.075671E-04 Time/step= 1.030000E-04 ETA (HH:MM:SS) = 0:00:00
 [ 18%]  Time step      503 of 2796 @ t_step =      502 Time Avg = 1.075560E-04 Time/step= 1.020000E-04 ETA (HH:MM:SS) = 0:00:00
 [ 18%]  Time step      504 of 2796 @ t_step =      503 Time Avg = 1.075768E-04 Time/step= 1.180000E-04 ETA (HH:MM:SS) = 0:00:00
 [ 19%]  Time step      505 of 2796 @ t_step =      504 Time Avg = 1.075697E-04 Time/step= 1.040000E-04 ETA (HH:MM:SS) = 0:00:00
 [ 19%]  Time step      506 of 2796 @ t_step =      505 Time Avg = 1.075606E-04 Time/step= 1.030000E-04 ETA (HH:MM:SS) = 0:00:00
 [ 19%]  Time step      507 of 2796 @ t_step =      506 Time Avg = 1.075516E-04 Time/step= 1.030000E-04 ETA (HH:MM:SS) = 0:00:00
 [ 19%]  Time step      508 of 2796 @ t_step =      507 Time Avg = 1.075426E-04 Time/step= 1.030000E-04 ETA (HH:MM:SS) = 0:00:00
 [ 19%]  Time step      509 of 2796 @ t_step =      508 Time Avg = 1.075336E-04 Time/step= 1.030000E-04 ETA (HH:MM:SS) = 0:00:00
 [ 19%]  Time step      510 of 2796 @ t_step =      509 Time Avg = 1.075266E-04 Time/step= 1.040000E-04 ETA (HH:MM:SS) = 0:00:00
 [ 19%]  Time step      511 of 2796 @ t_step =      510 Time Avg = 1.075177E-04 Time/step= 1.030000E-04 ETA (HH:MM:SS) = 0:00:00
 [ 19%]  Time step      512 of 2796 @ t_step =      511 Time Avg = 1.075088E-04 Time/step= 1.030000E-04 ETA (HH:MM:SS) = 0:00:00
 [ 19%]  Time step      513 of 2796 @ t_step =      512 Time Avg = 1.075216E-04 Time/step= 1.140000E-04 ETA (HH:MM:SS) = 0:00:00
 [ 19%]  Time step      514 of 2796 @ t_step =      513 Time Avg = 1.075147E-04 Time/step= 1.040000E-04 ETA (HH:MM:SS) = 0:00:00
 [ 19%]  Time step      515 of 2796 @ t_step =      514 Time Avg = 1.075059E-04 Time/step= 1.030000E-04 ETA (HH:MM:SS) = 0:00:00
 [ 19%]  Time step      516 of 2796 @ t_step =      515 Time Avg = 1.074971E-04 Time/step= 1.030000E-04 ETA (HH:MM:SS) = 0:00:00
 [ 19%]  Time step      517 of 2796 @ t_step =      516 Time Avg = 1.074883E-04 Time/step= 1.030000E-04 ETA (HH:MM:SS) = 0:00:00
 [ 19%]  Time step      518 of 2796 @ t_step =      517 Time Avg = 1.074816E-04 Time/step= 1.040000E-04 ETA (HH:MM:SS) = 0:00:00
 [ 19%]  Time step      519 of 2796 @ t_step =      518 Time Avg = 1.074729E-04 Time/step= 1.030000E-04 ETA (HH:MM:SS) = 0:00:00
 [ 19%]  Time step      520 of 2796 @ t_step =      519 Time Avg = 1.074642E-04 Time/step= 1.030000E-04 ETA (HH:MM:SS) = 0:00:00
 [ 19%]  Time step      521 of 2796 @ t_step =      520 Time Avg = 1.074556E-04 Time/step= 1.030000E-04 ETA (HH:MM:SS) = 0:00:00
 [ 19%]  Time step      522 of 2796 @ t_step =      521 Time Avg = 1.074933E-04 Time/step= 1.270000E-04 ETA (HH:MM:SS) = 0:00:00
 [ 19%]  Time step      523 of 2796 @ t_step =      522 Time Avg = 1.074923E-04 Time/step= 1.070000E-04 ETA (HH:MM:SS) = 0:00:00
 [ 19%]  Time step      524 of 2796 @ t_step =      523 Time Avg = 1.074914E-04 Time/step= 1.070000E-04 ETA (HH:MM:SS) = 0:00:00
 [ 19%]  Time step      525 of 2796 @ t_step =      524 Time Avg = 1.075038E-04 Time/step= 1.140000E-04 ETA (HH:MM:SS) = 0:00:00
 [ 19%]  Time step      526 of 2796 @ t_step =      525 Time Avg = 1.074952E-04 Time/step= 1.030000E-04 ETA (HH:MM:SS) = 0:00:00
 [ 19%]  Time step      527 of 2796 @ t_step =      526 Time Avg = 1.074866E-04 Time/step= 1.030000E-04 ETA (HH:MM:SS) = 0:00:00
 [ 19%]  Time step      528 of 2796 @ t_step =      527 Time Avg = 1.074781E-04 Time/step= 1.030000E-04 ETA (HH:MM:SS) = 0:00:00
 [ 19%]  Time step      529 of 2796 @ t_step =      528 Time Avg = 1.074696E-04 Time/step= 1.030000E-04 ETA (HH:MM:SS) = 0:00:00
 [ 19%]  Time step      530 of 2796 @ t_step =      529 Time Avg = 1.074611E-04 Time/step= 1.030000E-04 ETA (HH:MM:SS) = 0:00:00
 [ 19%]  Time step      531 of 2796 @ t_step =      530 Time Avg = 1.075019E-04 Time/step= 1.290000E-04 ETA (HH:MM:SS) = 0:00:00
 [ 19%]  Time step      532 of 2796 @ t_step =      531 Time Avg = 1.074953E-04 Time/step= 1.040000E-04 ETA (HH:MM:SS) = 0:00:00
 [ 20%]  Time step      533 of 2796 @ t_step =      532 Time Avg = 1.074868E-04 Time/step= 1.030000E-04 ETA (HH:MM:SS) = 0:00:00
 [ 20%]  Time step      534 of 2796 @ t_step =      533 Time Avg = 1.074783E-04 Time/step= 1.030000E-04 ETA (HH:MM:SS) = 0:00:00
 [ 20%]  Time step      535 of 2796 @ t_step =      534 Time Avg = 1.074699E-04 Time/step= 1.030000E-04 ETA (HH:MM:SS) = 0:00:00
 [ 20%]  Time step      536 of 2796 @ t_step =      535 Time Avg = 1.074615E-04 Time/step= 1.030000E-04 ETA (HH:MM:SS) = 0:00:00
 [ 20%]  Time step      537 of 2796 @ t_step =      536 Time Avg = 1.074551E-04 Time/step= 1.040000E-04 ETA (HH:MM:SS) = 0:00:00
 [ 20%]  Time step      538 of 2796 @ t_step =      537 Time Avg = 1.074467E-04 Time/step= 1.030000E-04 ETA (HH:MM:SS) = 0:00:00
 [ 20%]  Time step      539 of 2796 @ t_step =      538 Time Avg = 1.074571E-04 Time/step= 1.130000E-04 ETA (HH:MM:SS) = 0:00:00
 [ 20%]  Time step      540 of 2796 @ t_step =      539 Time Avg = 1.074562E-04 Time/step= 1.070000E-04 ETA (HH:MM:SS) = 0:00:00
 [ 20%]  Time step      541 of 2796 @ t_step =      540 Time Avg = 1.074498E-04 Time/step= 1.040000E-04 ETA (HH:MM:SS) = 0:00:00
 [ 20%]  Time step      542 of 2796 @ t_step =      541 Time Avg = 1.074416E-04 Time/step= 1.030000E-04 ETA (HH:MM:SS) = 0:00:00
 [ 20%]  Time step      543 of 2796 @ t_step =      542 Time Avg = 1.074333E-04 Time/step= 1.030000E-04 ETA (HH:MM:SS) = 0:00:00
 [ 20%]  Time step      544 of 2796 @ t_step =      543 Time Avg = 1.074251E-04 Time/step= 1.030000E-04 ETA (HH:MM:SS) = 0:00:00
 [ 20%]  Time step      545 of 2796 @ t_step =      544 Time Avg = 1.074170E-04 Time/step= 1.030000E-04 ETA (HH:MM:SS) = 0:00:00
 [ 20%]  Time step      546 of 2796 @ t_step =      545 Time Avg = 1.074088E-04 Time/step= 1.030000E-04 ETA (HH:MM:SS) = 0:00:00
 [ 20%]  Time step      547 of 2796 @ t_step =      546 Time Avg = 1.074007E-04 Time/step= 1.030000E-04 ETA (HH:MM:SS) = 0:00:00
 [ 20%]  Time step      548 of 2796 @ t_step =      547 Time Avg = 1.074183E-04 Time/step= 1.170000E-04 ETA (HH:MM:SS) = 0:00:00
 [ 20%]  Time step      549 of 2796 @ t_step =      548 Time Avg = 1.074121E-04 Time/step= 1.040000E-04 ETA (HH:MM:SS) = 0:00:00
 [ 20%]  Time step      550 of 2796 @ t_step =      549 Time Avg = 1.074059E-04 Time/step= 1.040000E-04 ETA (HH:MM:SS) = 0:00:00
 [ 20%]  Time step      551 of 2796 @ t_step =      550 Time Avg = 1.073978E-04 Time/step= 1.030000E-04 ETA (HH:MM:SS) = 0:00:00
 [ 20%]  Time step      552 of 2796 @ t_step =      551 Time Avg = 1.073898E-04 Time/step= 1.030000E-04 ETA (HH:MM:SS) = 0:00:00
 [ 20%]  Time step      553 of 2796 @ t_step =      552 Time Avg = 1.073818E-04 Time/step= 1.030000E-04 ETA (HH:MM:SS) = 0:00:00
 [ 20%]  Time step      554 of 2796 @ t_step =      553 Time Avg = 1.073739E-04 Time/step= 1.030000E-04 ETA (HH:MM:SS) = 0:00:00
 [ 20%]  Time step      555 of 2796 @ t_step =      554 Time Avg = 1.073659E-04 Time/step= 1.030000E-04 ETA (HH:MM:SS) = 0:00:00
 [ 20%]  Time step      556 of 2796 @ t_step =      555 Time Avg = 1.073580E-04 Time/step= 1.030000E-04 ETA (HH:MM:SS) = 0:00:00
 [ 20%]  Time step      557 of 2796 @ t_step =      556 Time Avg = 1.073917E-04 Time/step= 1.260000E-04 ETA (HH:MM:SS) = 0:00:00
 [ 20%]  Time step      558 of 2796 @ t_step =      557 Time Avg = 1.073928E-04 Time/step= 1.080000E-04 ETA (HH:MM:SS) = 0:00:00
 [ 20%]  Time step      559 of 2796 @ t_step =      558 Time Avg = 1.073903E-04 Time/step= 1.060000E-04 ETA (HH:MM:SS) = 0:00:00
 [ 20%]  Time step      560 of 2796 @ t_step =      559 Time Avg = 1.074057E-04 Time/step= 1.160000E-04 ETA (HH:MM:SS) = 0:00:00
 [ 21%]  Time step      561 of 2796 @ t_step =      560 Time Avg = 1.073978E-04 Time/step= 1.030000E-04 ETA (HH:MM:SS) = 0:00:00
 [ 21%]  Time step      562 of 2796 @ t_step =      561 Time Avg = 1.073918E-04 Time/step= 1.040000E-04 ETA (HH:MM:SS) = 0:00:00
 [ 21%]  Time step      563 of 2796 @ t_step =      562 Time Avg = 1.073839E-04 Time/step= 1.030000E-04 ETA (HH:MM:SS) = 0:00:00
 [ 21%]  Time step      564 of 2796 @ t_step =      563 Time Avg = 1.073761E-04 Time/step= 1.030000E-04 ETA (HH:MM:SS) = 0:00:00
 [ 21%]  Time step      565 of 2796 @ t_step =      564 Time Avg = 1.073683E-04 Time/step= 1.030000E-04 ETA (HH:MM:SS) = 0:00:00
 [ 21%]  Time step      566 of 2796 @ t_step =      565 Time Avg = 1.074067E-04 Time/step= 1.290000E-04 ETA (HH:MM:SS) = 0:00:00
 [ 21%]  Time step      567 of 2796 @ t_step =      566 Time Avg = 1.074007E-04 Time/step= 1.040000E-04 ETA (HH:MM:SS) = 0:00:00
 [ 21%]  Time step      568 of 2796 @ t_step =      567 Time Avg = 1.073929E-04 Time/step= 1.030000E-04 ETA (HH:MM:SS) = 0:00:00
 [ 21%]  Time step      569 of 2796 @ t_step =      568 Time Avg = 1.073852E-04 Time/step= 1.030000E-04 ETA (HH:MM:SS) = 0:00:00
 [ 21%]  Time step      570 of 2796 @ t_step =      569 Time Avg = 1.073774E-04 Time/step= 1.030000E-04 ETA (HH:MM:SS) = 0:00:00
 [ 21%]  Time step      571 of 2796 @ t_step =      570 Time Avg = 1.073697E-04 Time/step= 1.030000E-04 ETA (HH:MM:SS) = 0:00:00
 [ 21%]  Time step      572 of 2796 @ t_step =      571 Time Avg = 1.073620E-04 Time/step= 1.030000E-04 ETA (HH:MM:SS) = 0:00:00
 [ 21%]  Time step      573 of 2796 @ t_step =      572 Time Avg = 1.073544E-04 Time/step= 1.030000E-04 ETA (HH:MM:SS) = 0:00:00
 [ 21%]  Time step      574 of 2796 @ t_step =      573 Time Avg = 1.073485E-04 Time/step= 1.040000E-04 ETA (HH:MM:SS) = 0:00:00
 [ 21%]  Time step      575 of 2796 @ t_step =      574 Time Avg = 1.073689E-04 Time/step= 1.190000E-04 ETA (HH:MM:SS) = 0:00:00
 [ 21%]  Time step      576 of 2796 @ t_step =      575 Time Avg = 1.073630E-04 Time/step= 1.040000E-04 ETA (HH:MM:SS) = 0:00:00
 [ 21%]  Time step      577 of 2796 @ t_step =      576 Time Avg = 1.073554E-04 Time/step= 1.030000E-04 ETA (HH:MM:SS) = 0:00:00
 [ 21%]  Time step      578 of 2796 @ t_step =      577 Time Avg = 1.073478E-04 Time/step= 1.030000E-04 ETA (HH:MM:SS) = 0:00:00
 [ 21%]  Time step      579 of 2796 @ t_step =      578 Time Avg = 1.073403E-04 Time/step= 1.030000E-04 ETA (HH:MM:SS) = 0:00:00
 [ 21%]  Time step      580 of 2796 @ t_step =      579 Time Avg = 1.073328E-04 Time/step= 1.030000E-04 ETA (HH:MM:SS) = 0:00:00
 [ 21%]  Time step      581 of 2796 @ t_step =      580 Time Avg = 1.073253E-04 Time/step= 1.030000E-04 ETA (HH:MM:SS) = 0:00:00
 [ 21%]  Time step      582 of 2796 @ t_step =      581 Time Avg = 1.073178E-04 Time/step= 1.030000E-04 ETA (HH:MM:SS) = 0:00:00
 [ 21%]  Time step      583 of 2796 @ t_step =      582 Time Avg = 1.073086E-04 Time/step= 1.020000E-04 ETA (HH:MM:SS) = 0:00:00
 [ 21%]  Time step      584 of 2796 @ t_step =      583 Time Avg = 1.073201E-04 Time/step= 1.140000E-04 ETA (HH:MM:SS) = 0:00:00
 [ 21%]  Time step      585 of 2796 @ t_step =      584 Time Avg = 1.073127E-04 Time/step= 1.030000E-04 ETA (HH:MM:SS) = 0:00:00
 [ 21%]  Time step      586 of 2796 @ t_step =      585 Time Avg = 1.073053E-04 Time/step= 1.030000E-04 ETA (HH:MM:SS) = 0:00:00
 [ 21%]  Time step      587 of 2796 @ t_step =      586 Time Avg = 1.072979E-04 Time/step= 1.030000E-04 ETA (HH:MM:SS) = 0:00:00
 [ 21%]  Time step      588 of 2796 @ t_step =      587 Time Avg = 1.072906E-04 Time/step= 1.030000E-04 ETA (HH:MM:SS) = 0:00:00
 [ 22%]  Time step      589 of 2796 @ t_step =      588 Time Avg = 1.072833E-04 Time/step= 1.030000E-04 ETA (HH:MM:SS) = 0:00:00
 [ 22%]  Time step      590 of 2796 @ t_step =      589 Time Avg = 1.072777E-04 Time/step= 1.040000E-04 ETA (HH:MM:SS) = 0:00:00
 [ 22%]  Time step      591 of 2796 @ t_step =      590 Time Avg = 1.072704E-04 Time/step= 1.030000E-04 ETA (HH:MM:SS) = 0:00:00
 [ 22%]  Time step      592 of 2796 @ t_step =      591 Time Avg = 1.072632E-04 Time/step= 1.030000E-04 ETA (HH:MM:SS) = 0:00:00
 [ 22%]  Time step      593 of 2796 @ t_step =      592 Time Avg = 1.072966E-04 Time/step= 1.270000E-04 ETA (HH:MM:SS) = 0:00:00
 [ 22%]  Time step      594 of 2796 @ t_step =      593 Time Avg = 1.072961E-04 Time/step= 1.070000E-04 ETA (HH:MM:SS) = 0:00:00
 [ 22%]  Time step      595 of 2796 @ t_step =      594 Time Avg = 1.072956E-04 Time/step= 1.070000E-04 ETA (HH:MM:SS) = 0:00:00
 [ 22%]  Time step      596 of 2796 @ t_step =      595 Time Avg = 1.072901E-04 Time/step= 1.040000E-04 ETA (HH:MM:SS) = 0:00:00
 [ 22%]  Time step      597 of 2796 @ t_step =      596 Time Avg = 1.072828E-04 Time/step= 1.030000E-04 ETA (HH:MM:SS) = 0:00:00
 [ 22%]  Time step      598 of 2796 @ t_step =      597 Time Avg = 1.072756E-04 Time/step= 1.030000E-04 ETA (HH:MM:SS) = 0:00:00
 [ 22%]  Time step      599 of 2796 @ t_step =      598 Time Avg = 1.072668E-04 Time/step= 1.020000E-04 ETA (HH:MM:SS) = 0:00:00
 [ 22%]  Time step      600 of 2796 @ t_step =      599 Time Avg = 1.072613E-04 Time/step= 1.040000E-04 ETA (HH:MM:SS) = 0:00:00
 [ 22%]  Time step      601 of 2796 @ t_step =      600 Time Avg = 1.072742E-04 Time/step= 1.150000E-04 ETA (HH:MM:SS) = 0:00:00
 [ 22%]  Time step      602 of 2796 @ t_step =      601 Time Avg = 1.072871E-04 Time/step= 1.150000E-04 ETA (HH:MM:SS) = 0:00:00
 [ 22%]  Time step      603 of 2796 @ t_step =      602 Time Avg = 1.072817E-04 Time/step= 1.040000E-04 ETA (HH:MM:SS) = 0:00:00
 [ 22%]  Time step      604 of 2796 @ t_step =      603 Time Avg = 1.072762E-04 Time/step= 1.040000E-04 ETA (HH:MM:SS) = 0:00:00
 [ 22%]  Time step      605 of 2796 @ t_step =      604 Time Avg = 1.072691E-04 Time/step= 1.030000E-04 ETA (HH:MM:SS) = 0:00:00
 [ 22%]  Time step      606 of 2796 @ t_step =      605 Time Avg = 1.072637E-04 Time/step= 1.040000E-04 ETA (HH:MM:SS) = 0:00:00
 [ 22%]  Time step      607 of 2796 @ t_step =      606 Time Avg = 1.072566E-04 Time/step= 1.030000E-04 ETA (HH:MM:SS) = 0:00:00
 [ 22%]  Time step      608 of 2796 @ t_step =      607 Time Avg = 1.072496E-04 Time/step= 1.030000E-04 ETA (HH:MM:SS) = 0:00:00
 [ 22%]  Time step      609 of 2796 @ t_step =      608 Time Avg = 1.072426E-04 Time/step= 1.030000E-04 ETA (HH:MM:SS) = 0:00:00
 [ 22%]  Time step      610 of 2796 @ t_step =      609 Time Avg = 1.072570E-04 Time/step= 1.160000E-04 ETA (HH:MM:SS) = 0:00:00
 [ 22%]  Time step      611 of 2796 @ t_step =      610 Time Avg = 1.072516E-04 Time/step= 1.040000E-04 ETA (HH:MM:SS) = 0:00:00
 [ 22%]  Time step      612 of 2796 @ t_step =      611 Time Avg = 1.072447E-04 Time/step= 1.030000E-04 ETA (HH:MM:SS) = 0:00:00
 [ 22%]  Time step      613 of 2796 @ t_step =      612 Time Avg = 1.072377E-04 Time/step= 1.030000E-04 ETA (HH:MM:SS) = 0:00:00
 [ 22%]  Time step      614 of 2796 @ t_step =      613 Time Avg = 1.072308E-04 Time/step= 1.030000E-04 ETA (HH:MM:SS) = 0:00:00
 [ 22%]  Time step      615 of 2796 @ t_step =      614 Time Avg = 1.072239E-04 Time/step= 1.030000E-04 ETA (HH:MM:SS) = 0:00:00
 [ 22%]  Time step      616 of 2796 @ t_step =      615 Time Avg = 1.072170E-04 Time/step= 1.030000E-04 ETA (HH:MM:SS) = 0:00:00
 [ 23%]  Time step      617 of 2796 @ t_step =      616 Time Avg = 1.072101E-04 Time/step= 1.030000E-04 ETA (HH:MM:SS) = 0:00:00
 [ 23%]  Time step      618 of 2796 @ t_step =      617 Time Avg = 1.072033E-04 Time/step= 1.030000E-04 ETA (HH:MM:SS) = 0:00:00
 [ 23%]  Time step      619 of 2796 @ t_step =      618 Time Avg = 1.072224E-04 Time/step= 1.190000E-04 ETA (HH:MM:SS) = 0:00:00
 [ 23%]  Time step      620 of 2796 @ t_step =      619 Time Avg = 1.072172E-04 Time/step= 1.040000E-04 ETA (HH:MM:SS) = 0:00:00
 [ 23%]  Time step      621 of 2796 @ t_step =      620 Time Avg = 1.072104E-04 Time/step= 1.030000E-04 ETA (HH:MM:SS) = 0:00:00
 [ 23%]  Time step      622 of 2796 @ t_step =      621 Time Avg = 1.072036E-04 Time/step= 1.030000E-04 ETA (HH:MM:SS) = 0:00:00
 [ 23%]  Time step      623 of 2796 @ t_step =      622 Time Avg = 1.071968E-04 Time/step= 1.030000E-04 ETA (HH:MM:SS) = 0:00:00
 [ 23%]  Time step      624 of 2796 @ t_step =      623 Time Avg = 1.071900E-04 Time/step= 1.030000E-04 ETA (HH:MM:SS) = 0:00:00
 [ 23%]  Time step      625 of 2796 @ t_step =      624 Time Avg = 1.071833E-04 Time/step= 1.030000E-04 ETA (HH:MM:SS) = 0:00:00
 [ 23%]  Time step      626 of 2796 @ t_step =      625 Time Avg = 1.071766E-04 Time/step= 1.030000E-04 ETA (HH:MM:SS) = 0:00:00
 [ 23%]  Time step      627 of 2796 @ t_step =      626 Time Avg = 1.071699E-04 Time/step= 1.030000E-04 ETA (HH:MM:SS) = 0:00:00
 [ 23%]  Time step      628 of 2796 @ t_step =      627 Time Avg = 1.072016E-04 Time/step= 1.270000E-04 ETA (HH:MM:SS) = 0:00:00
 [ 23%]  Time step      629 of 2796 @ t_step =      628 Time Avg = 1.072013E-04 Time/step= 1.070000E-04 ETA (HH:MM:SS) = 0:00:00
 [ 23%]  Time step      630 of 2796 @ t_step =      629 Time Avg = 1.072010E-04 Time/step= 1.070000E-04 ETA (HH:MM:SS) = 0:00:00
 [ 23%]  Time step      631 of 2796 @ t_step =      630 Time Avg = 1.072118E-04 Time/step= 1.140000E-04 ETA (HH:MM:SS) = 0:00:00
 [ 23%]  Time step      632 of 2796 @ t_step =      631 Time Avg = 1.072067E-04 Time/step= 1.040000E-04 ETA (HH:MM:SS) = 0:00:00
 [ 23%]  Time step      633 of 2796 @ t_step =      632 Time Avg = 1.072016E-04 Time/step= 1.040000E-04 ETA (HH:MM:SS) = 0:00:00
 [ 23%]  Time step      634 of 2796 @ t_step =      633 Time Avg = 1.071949E-04 Time/step= 1.030000E-04 ETA (HH:MM:SS) = 0:00:00
 [ 23%]  Time step      635 of 2796 @ t_step =      634 Time Avg = 1.071883E-04 Time/step= 1.030000E-04 ETA (HH:MM:SS) = 0:00:00
 [ 23%]  Time step      636 of 2796 @ t_step =      635 Time Avg = 1.071817E-04 Time/step= 1.030000E-04 ETA (HH:MM:SS) = 0:00:00
 [ 23%]  Time step      637 of 2796 @ t_step =      636 Time Avg = 1.072129E-04 Time/step= 1.270000E-04 ETA (HH:MM:SS) = 0:00:00
 [ 23%]  Time step      638 of 2796 @ t_step =      637 Time Avg = 1.072079E-04 Time/step= 1.040000E-04 ETA (HH:MM:SS) = 0:00:00
 [ 23%]  Time step      639 of 2796 @ t_step =      638 Time Avg = 1.072028E-04 Time/step= 1.040000E-04 ETA (HH:MM:SS) = 0:00:00
 [ 23%]  Time step      640 of 2796 @ t_step =      639 Time Avg = 1.071962E-04 Time/step= 1.030000E-04 ETA (HH:MM:SS) = 0:00:00
 [ 23%]  Time step      641 of 2796 @ t_step =      640 Time Avg = 1.071897E-04 Time/step= 1.030000E-04 ETA (HH:MM:SS) = 0:00:00
 [ 23%]  Time step      642 of 2796 @ t_step =      641 Time Avg = 1.071831E-04 Time/step= 1.030000E-04 ETA (HH:MM:SS) = 0:00:00
 [ 23%]  Time step      643 of 2796 @ t_step =      642 Time Avg = 1.071766E-04 Time/step= 1.030000E-04 ETA (HH:MM:SS) = 0:00:00
 [ 23%]  Time step      644 of 2796 @ t_step =      643 Time Avg = 1.071700E-04 Time/step= 1.030000E-04 ETA (HH:MM:SS) = 0:00:00
 [ 24%]  Time step      645 of 2796 @ t_step =      644 Time Avg = 1.071636E-04 Time/step= 1.030000E-04 ETA (HH:MM:SS) = 0:00:00
 [ 24%]  Time step      646 of 2796 @ t_step =      645 Time Avg = 1.071757E-04 Time/step= 1.150000E-04 ETA (HH:MM:SS) = 0:00:00
 [ 24%]  Time step      647 of 2796 @ t_step =      646 Time Avg = 1.071693E-04 Time/step= 1.030000E-04 ETA (HH:MM:SS) = 0:00:00
 [ 24%]  Time step      648 of 2796 @ t_step =      647 Time Avg = 1.071628E-04 Time/step= 1.030000E-04 ETA (HH:MM:SS) = 0:00:00
 [ 24%]  Time step      649 of 2796 @ t_step =      648 Time Avg = 1.071563E-04 Time/step= 1.030000E-04 ETA (HH:MM:SS) = 0:00:00
 [ 24%]  Time step      650 of 2796 @ t_step =      649 Time Avg = 1.071499E-04 Time/step= 1.030000E-04 ETA (HH:MM:SS) = 0:00:00
 [ 24%]  Time step      651 of 2796 @ t_step =      650 Time Avg = 1.071435E-04 Time/step= 1.030000E-04 ETA (HH:MM:SS) = 0:00:00
 [ 24%]  Time step      652 of 2796 @ t_step =      651 Time Avg = 1.071371E-04 Time/step= 1.030000E-04 ETA (HH:MM:SS) = 0:00:00
 [ 24%]  Time step      653 of 2796 @ t_step =      652 Time Avg = 1.071308E-04 Time/step= 1.030000E-04 ETA (HH:MM:SS) = 0:00:00
 [ 24%]  Time step      654 of 2796 @ t_step =      653 Time Avg = 1.071260E-04 Time/step= 1.040000E-04 ETA (HH:MM:SS) = 0:00:00
 [ 24%]  Time step      655 of 2796 @ t_step =      654 Time Avg = 1.071380E-04 Time/step= 1.150000E-04 ETA (HH:MM:SS) = 0:00:00
 [ 24%]  Time step      656 of 2796 @ t_step =      655 Time Avg = 1.071332E-04 Time/step= 1.040000E-04 ETA (HH:MM:SS) = 0:00:00
 [ 24%]  Time step      657 of 2796 @ t_step =      656 Time Avg = 1.071269E-04 Time/step= 1.030000E-04 ETA (HH:MM:SS) = 0:00:00
 [ 24%]  Time step      658 of 2796 @ t_step =      657 Time Avg = 1.071206E-04 Time/step= 1.030000E-04 ETA (HH:MM:SS) = 0:00:00
 [ 24%]  Time step      659 of 2796 @ t_step =      658 Time Avg = 1.071143E-04 Time/step= 1.030000E-04 ETA (HH:MM:SS) = 0:00:00
 [ 24%]  Time step      660 of 2796 @ t_step =      659 Time Avg = 1.071081E-04 Time/step= 1.030000E-04 ETA (HH:MM:SS) = 0:00:00
 [ 24%]  Time step      661 of 2796 @ t_step =      660 Time Avg = 1.071033E-04 Time/step= 1.040000E-04 ETA (HH:MM:SS) = 0:00:00
 [ 24%]  Time step      662 of 2796 @ t_step =      661 Time Avg = 1.070986E-04 Time/step= 1.040000E-04 ETA (HH:MM:SS) = 0:00:00
 [ 24%]  Time step      663 of 2796 @ t_step =      662 Time Avg = 1.070924E-04 Time/step= 1.030000E-04 ETA (HH:MM:SS) = 0:00:00
 [ 24%]  Time step      664 of 2796 @ t_step =      663 Time Avg = 1.071256E-04 Time/step= 1.290000E-04 ETA (HH:MM:SS) = 0:00:00
 [ 24%]  Time step      665 of 2796 @ t_step =      664 Time Avg = 1.071254E-04 Time/step= 1.070000E-04 ETA (HH:MM:SS) = 0:00:00
 [ 24%]  Time step      666 of 2796 @ t_step =      665 Time Avg = 1.071403E-04 Time/step= 1.170000E-04 ETA (HH:MM:SS) = 0:00:00
 [ 24%]  Time step      667 of 2796 @ t_step =      666 Time Avg = 1.071340E-04 Time/step= 1.030000E-04 ETA (HH:MM:SS) = 0:00:00
 [ 24%]  Time step      668 of 2796 @ t_step =      667 Time Avg = 1.071293E-04 Time/step= 1.040000E-04 ETA (HH:MM:SS) = 0:00:00
 [ 24%]  Time step      669 of 2796 @ t_step =      668 Time Avg = 1.071231E-04 Time/step= 1.030000E-04 ETA (HH:MM:SS) = 0:00:00
 [ 24%]  Time step      670 of 2796 @ t_step =      669 Time Avg = 1.071184E-04 Time/step= 1.040000E-04 ETA (HH:MM:SS) = 0:00:00
 [ 24%]  Time step      671 of 2796 @ t_step =      670 Time Avg = 1.071123E-04 Time/step= 1.030000E-04 ETA (HH:MM:SS) = 0:00:00
 [ 24%]  Time step      672 of 2796 @ t_step =      671 Time Avg = 1.071465E-04 Time/step= 1.300000E-04 ETA (HH:MM:SS) = 0:00:00
 [ 25%]  Time step      673 of 2796 @ t_step =      672 Time Avg = 1.071567E-04 Time/step= 1.140000E-04 ETA (HH:MM:SS) = 0:00:00
 [ 25%]  Time step      674 of 2796 @ t_step =      673 Time Avg = 1.071565E-04 Time/step= 1.070000E-04 ETA (HH:MM:SS) = 0:00:00
 [ 25%]  Time step      675 of 2796 @ t_step =      674 Time Avg = 1.071682E-04 Time/step= 1.150000E-04 ETA (HH:MM:SS) = 0:00:00
 [ 25%]  Time step      676 of 2796 @ t_step =      675 Time Avg = 1.071634E-04 Time/step= 1.040000E-04 ETA (HH:MM:SS) = 0:00:00
 [ 25%]  Time step      677 of 2796 @ t_step =      676 Time Avg = 1.071573E-04 Time/step= 1.030000E-04 ETA (HH:MM:SS) = 0:00:00
 [ 25%]  Time step      678 of 2796 @ t_step =      677 Time Avg = 1.071526E-04 Time/step= 1.040000E-04 ETA (HH:MM:SS) = 0:00:00
 [ 25%]  Time step      679 of 2796 @ t_step =      678 Time Avg = 1.071450E-04 Time/step= 1.020000E-04 ETA (HH:MM:SS) = 0:00:00
 [ 25%]  Time step      680 of 2796 @ t_step =      679 Time Avg = 1.071388E-04 Time/step= 1.030000E-04 ETA (HH:MM:SS) = 0:00:00
 [ 25%]  Time step      681 of 2796 @ t_step =      680 Time Avg = 1.071549E-04 Time/step= 1.180000E-04 ETA (HH:MM:SS) = 0:00:00
 [ 25%]  Time step      682 of 2796 @ t_step =      681 Time Avg = 1.071502E-04 Time/step= 1.040000E-04 ETA (HH:MM:SS) = 0:00:00
 [ 25%]  Time step      683 of 2796 @ t_step =      682 Time Avg = 1.071441E-04 Time/step= 1.030000E-04 ETA (HH:MM:SS) = 0:00:00
 [ 25%]  Time step      684 of 2796 @ t_step =      683 Time Avg = 1.071380E-04 Time/step= 1.030000E-04 ETA (HH:MM:SS) = 0:00:00
 [ 25%]  Time step      685 of 2796 @ t_step =      684 Time Avg = 1.071320E-04 Time/step= 1.030000E-04 ETA (HH:MM:SS) = 0:00:00
 [ 25%]  Time step      686 of 2796 @ t_step =      685 Time Avg = 1.071274E-04 Time/step= 1.040000E-04 ETA (HH:MM:SS) = 0:00:00
 [ 25%]  Time step      687 of 2796 @ t_step =      686 Time Avg = 1.071433E-04 Time/step= 1.180000E-04 ETA (HH:MM:SS) = 0:00:00
 [ 25%]  Time step      688 of 2796 @ t_step =      687 Time Avg = 1.071431E-04 Time/step= 1.070000E-04 ETA (HH:MM:SS) = 0:00:00
 [ 25%]  Time step      689 of 2796 @ t_step =      688 Time Avg = 1.071910E-04 Time/step= 1.400000E-04 ETA (HH:MM:SS) = 0:00:00
 [ 25%]  Time step      690 of 2796 @ t_step =      689 Time Avg = 1.071921E-04 Time/step= 1.080000E-04 ETA (HH:MM:SS) = 0:00:00
 [ 25%]  Time step      691 of 2796 @ t_step =      690 Time Avg = 1.071919E-04 Time/step= 1.070000E-04 ETA (HH:MM:SS) = 0:00:00
 [ 25%]  Time step      692 of 2796 @ t_step =      691 Time Avg = 1.071872E-04 Time/step= 1.040000E-04 ETA (HH:MM:SS) = 0:00:00
 [ 25%]  Time step      693 of 2796 @ t_step =      692 Time Avg = 1.071812E-04 Time/step= 1.030000E-04 ETA (HH:MM:SS) = 0:00:00
 [ 25%]  Time step      694 of 2796 @ t_step =      693 Time Avg = 1.071751E-04 Time/step= 1.030000E-04 ETA (HH:MM:SS) = 0:00:00
 [ 25%]  Time step      695 of 2796 @ t_step =      694 Time Avg = 1.071691E-04 Time/step= 1.030000E-04 ETA (HH:MM:SS) = 0:00:00
 [ 25%]  Time step      696 of 2796 @ t_step =      695 Time Avg = 1.071645E-04 Time/step= 1.040000E-04 ETA (HH:MM:SS) = 0:00:00
 [ 25%]  Time step      697 of 2796 @ t_step =      696 Time Avg = 1.071585E-04 Time/step= 1.030000E-04 ETA (HH:MM:SS) = 0:00:00
 [ 25%]  Time step      698 of 2796 @ t_step =      697 Time Avg = 1.071942E-04 Time/step= 1.320000E-04 ETA (HH:MM:SS) = 0:00:00
 [ 25%]  Time step      699 of 2796 @ t_step =      698 Time Avg = 1.071940E-04 Time/step= 1.070000E-04 ETA (HH:MM:SS) = 0:00:00
 [ 25%]  Time step      700 of 2796 @ t_step =      699 Time Avg = 1.071937E-04 Time/step= 1.070000E-04 ETA (HH:MM:SS) = 0:00:00
 [ 26%]  Time step      701 of 2796 @ t_step =      700 Time Avg = 1.072049E-04 Time/step= 1.150000E-04 ETA (HH:MM:SS) = 0:00:00
 [ 26%]  Time step      702 of 2796 @ t_step =      701 Time Avg = 1.071989E-04 Time/step= 1.030000E-04 ETA (HH:MM:SS) = 0:00:00
 [ 26%]  Time step      703 of 2796 @ t_step =      702 Time Avg = 1.071929E-04 Time/step= 1.030000E-04 ETA (HH:MM:SS) = 0:00:00
 [ 26%]  Time step      704 of 2796 @ t_step =      703 Time Avg = 1.071869E-04 Time/step= 1.030000E-04 ETA (HH:MM:SS) = 0:00:00
 [ 26%]  Time step      705 of 2796 @ t_step =      704 Time Avg = 1.071809E-04 Time/step= 1.030000E-04 ETA (HH:MM:SS) = 0:00:00
 [ 26%]  Time step      706 of 2796 @ t_step =      705 Time Avg = 1.071750E-04 Time/step= 1.030000E-04 ETA (HH:MM:SS) = 0:00:00
 [ 26%]  Time step      707 of 2796 @ t_step =      706 Time Avg = 1.072145E-04 Time/step= 1.350000E-04 ETA (HH:MM:SS) = 0:00:00
 [ 26%]  Time step      708 of 2796 @ t_step =      707 Time Avg = 1.072085E-04 Time/step= 1.030000E-04 ETA (HH:MM:SS) = 0:00:00
 [ 26%]  Time step      709 of 2796 @ t_step =      708 Time Avg = 1.072025E-04 Time/step= 1.030000E-04 ETA (HH:MM:SS) = 0:00:00
 [ 26%]  Time step      710 of 2796 @ t_step =      709 Time Avg = 1.071966E-04 Time/step= 1.030000E-04 ETA (HH:MM:SS) = 0:00:00
 [ 26%]  Time step      711 of 2796 @ t_step =      710 Time Avg = 1.071907E-04 Time/step= 1.030000E-04 ETA (HH:MM:SS) = 0:00:00
 [ 26%]  Time step      712 of 2796 @ t_step =      711 Time Avg = 1.071848E-04 Time/step= 1.030000E-04 ETA (HH:MM:SS) = 0:00:00
 [ 26%]  Time step      713 of 2796 @ t_step =      712 Time Avg = 1.071789E-04 Time/step= 1.030000E-04 ETA (HH:MM:SS) = 0:00:00
 [ 26%]  Time step      714 of 2796 @ t_step =      713 Time Avg = 1.071730E-04 Time/step= 1.030000E-04 ETA (HH:MM:SS) = 0:00:00
 [ 26%]  Time step      715 of 2796 @ t_step =      714 Time Avg = 1.071671E-04 Time/step= 1.030000E-04 ETA (HH:MM:SS) = 0:00:00
 [ 26%]  Time step      716 of 2796 @ t_step =      715 Time Avg = 1.071781E-04 Time/step= 1.150000E-04 ETA (HH:MM:SS) = 0:00:00
 [ 26%]  Time step      717 of 2796 @ t_step =      716 Time Avg = 1.071737E-04 Time/step= 1.040000E-04 ETA (HH:MM:SS) = 0:00:00
 [ 26%]  Time step      718 of 2796 @ t_step =      717 Time Avg = 1.071678E-04 Time/step= 1.030000E-04 ETA (HH:MM:SS) = 0:00:00
 [ 26%]  Time step      719 of 2796 @ t_step =      718 Time Avg = 1.071620E-04 Time/step= 1.030000E-04 ETA (HH:MM:SS) = 0:00:00
 [ 26%]  Time step      720 of 2796 @ t_step =      719 Time Avg = 1.071562E-04 Time/step= 1.030000E-04 ETA (HH:MM:SS) = 0:00:00
 [ 26%]  Time step      721 of 2796 @ t_step =      720 Time Avg = 1.071504E-04 Time/step= 1.030000E-04 ETA (HH:MM:SS) = 0:00:00
 [ 26%]  Time step      722 of 2796 @ t_step =      721 Time Avg = 1.071446E-04 Time/step= 1.030000E-04 ETA (HH:MM:SS) = 0:00:00
 [ 26%]  Time step      723 of 2796 @ t_step =      722 Time Avg = 1.071389E-04 Time/step= 1.030000E-04 ETA (HH:MM:SS) = 0:00:00
 [ 26%]  Time step      724 of 2796 @ t_step =      723 Time Avg = 1.071331E-04 Time/step= 1.030000E-04 ETA (HH:MM:SS) = 0:00:00
 [ 26%]  Time step      725 of 2796 @ t_step =      724 Time Avg = 1.071454E-04 Time/step= 1.160000E-04 ETA (HH:MM:SS) = 0:00:00
 [ 26%]  Time step      726 of 2796 @ t_step =      725 Time Avg = 1.071411E-04 Time/step= 1.040000E-04 ETA (HH:MM:SS) = 0:00:00
 [ 26%]  Time step      727 of 2796 @ t_step =      726 Time Avg = 1.071354E-04 Time/step= 1.030000E-04 ETA (HH:MM:SS) = 0:00:00
 [ 27%]  Time step      728 of 2796 @ t_step =      727 Time Avg = 1.071310E-04 Time/step= 1.040000E-04 ETA (HH:MM:SS) = 0:00:00
 [ 27%]  Time step      729 of 2796 @ t_step =      728 Time Avg = 1.071267E-04 Time/step= 1.040000E-04 ETA (HH:MM:SS) = 0:00:00
 [ 27%]  Time step      730 of 2796 @ t_step =      729 Time Avg = 1.071210E-04 Time/step= 1.030000E-04 ETA (HH:MM:SS) = 0:00:00
 [ 27%]  Time step      731 of 2796 @ t_step =      730 Time Avg = 1.071154E-04 Time/step= 1.030000E-04 ETA (HH:MM:SS) = 0:00:00
 [ 27%]  Time step      732 of 2796 @ t_step =      731 Time Avg = 1.071097E-04 Time/step= 1.030000E-04 ETA (HH:MM:SS) = 0:00:00
 [ 27%]  Time step      733 of 2796 @ t_step =      732 Time Avg = 1.071041E-04 Time/step= 1.030000E-04 ETA (HH:MM:SS) = 0:00:00
 [ 27%]  Time step      734 of 2796 @ t_step =      733 Time Avg = 1.071081E-04 Time/step= 1.100000E-04 ETA (HH:MM:SS) = 0:00:00
 [ 27%]  Time step      735 of 2796 @ t_step =      734 Time Avg = 1.071079E-04 Time/step= 1.070000E-04 ETA (HH:MM:SS) = 0:00:00
 [ 27%]  Time step      736 of 2796 @ t_step =      735 Time Avg = 1.071214E-04 Time/step= 1.170000E-04 ETA (HH:MM:SS) = 0:00:00
 [ 27%]  Time step      737 of 2796 @ t_step =      736 Time Avg = 1.071172E-04 Time/step= 1.040000E-04 ETA (HH:MM:SS) = 0:00:00
 [ 27%]  Time step      738 of 2796 @ t_step =      737 Time Avg = 1.071129E-04 Time/step= 1.040000E-04 ETA (HH:MM:SS) = 0:00:00
 [ 27%]  Time step      739 of 2796 @ t_step =      738 Time Avg = 1.071087E-04 Time/step= 1.040000E-04 ETA (HH:MM:SS) = 0:00:00
 [ 27%]  Time step      740 of 2796 @ t_step =      739 Time Avg = 1.071031E-04 Time/step= 1.030000E-04 ETA (HH:MM:SS) = 0:00:00
 [ 27%]  Time step      741 of 2796 @ t_step =      740 Time Avg = 1.070976E-04 Time/step= 1.030000E-04 ETA (HH:MM:SS) = 0:00:00
 [ 27%]  Time step      742 of 2796 @ t_step =      741 Time Avg = 1.071204E-04 Time/step= 1.240000E-04 ETA (HH:MM:SS) = 0:00:00
 [ 27%]  Time step      743 of 2796 @ t_step =      742 Time Avg = 1.071176E-04 Time/step= 1.050000E-04 ETA (HH:MM:SS) = 0:00:00
 [ 27%]  Time step      744 of 2796 @ t_step =      743 Time Avg = 1.071134E-04 Time/step= 1.040000E-04 ETA (HH:MM:SS) = 0:00:00
 [ 27%]  Time step      745 of 2796 @ t_step =      744 Time Avg = 1.071078E-04 Time/step= 1.030000E-04 ETA (HH:MM:SS) = 0:00:00
 [ 27%]  Time step      746 of 2796 @ t_step =      745 Time Avg = 1.071023E-04 Time/step= 1.030000E-04 ETA (HH:MM:SS) = 0:00:00
 [ 27%]  Time step      747 of 2796 @ t_step =      746 Time Avg = 1.070968E-04 Time/step= 1.030000E-04 ETA (HH:MM:SS) = 0:00:00
 [ 27%]  Time step      748 of 2796 @ t_step =      747 Time Avg = 1.070913E-04 Time/step= 1.030000E-04 ETA (HH:MM:SS) = 0:00:00
 [ 27%]  Time step      749 of 2796 @ t_step =      748 Time Avg = 1.070858E-04 Time/step= 1.030000E-04 ETA (HH:MM:SS) = 0:00:00
 [ 27%]  Time step      750 of 2796 @ t_step =      749 Time Avg = 1.070803E-04 Time/step= 1.030000E-04 ETA (HH:MM:SS) = 0:00:00
 [ 27%]  Time step      751 of 2796 @ t_step =      750 Time Avg = 1.070909E-04 Time/step= 1.150000E-04 ETA (HH:MM:SS) = 0:00:00
 [ 27%]  Time step      752 of 2796 @ t_step =      751 Time Avg = 1.070868E-04 Time/step= 1.040000E-04 ETA (HH:MM:SS) = 0:00:00
 [ 27%]  Time step      753 of 2796 @ t_step =      752 Time Avg = 1.070813E-04 Time/step= 1.030000E-04 ETA (HH:MM:SS) = 0:00:00
 [ 27%]  Time step      754 of 2796 @ t_step =      753 Time Avg = 1.070759E-04 Time/step= 1.030000E-04 ETA (HH:MM:SS) = 0:00:00
 [ 27%]  Time step      755 of 2796 @ t_step =      754 Time Avg = 1.070705E-04 Time/step= 1.030000E-04 ETA (HH:MM:SS) = 0:00:00
 [ 28%]  Time step      756 of 2796 @ t_step =      755 Time Avg = 1.070664E-04 Time/step= 1.040000E-04 ETA (HH:MM:SS) = 0:00:00
 [ 28%]  Time step      757 of 2796 @ t_step =      756 Time Avg = 1.070610E-04 Time/step= 1.030000E-04 ETA (HH:MM:SS) = 0:00:00
 [ 28%]  Time step      758 of 2796 @ t_step =      757 Time Avg = 1.070570E-04 Time/step= 1.040000E-04 ETA (HH:MM:SS) = 0:00:00
 [ 28%]  Time step      759 of 2796 @ t_step =      758 Time Avg = 1.070516E-04 Time/step= 1.030000E-04 ETA (HH:MM:SS) = 0:00:00
 [ 28%]  Time step      760 of 2796 @ t_step =      759 Time Avg = 1.070594E-04 Time/step= 1.130000E-04 ETA (HH:MM:SS) = 0:00:00
 [ 28%]  Time step      761 of 2796 @ t_step =      760 Time Avg = 1.070541E-04 Time/step= 1.030000E-04 ETA (HH:MM:SS) = 0:00:00
 [ 28%]  Time step      762 of 2796 @ t_step =      761 Time Avg = 1.070501E-04 Time/step= 1.040000E-04 ETA (HH:MM:SS) = 0:00:00
 [ 28%]  Time step      763 of 2796 @ t_step =      762 Time Avg = 1.070447E-04 Time/step= 1.030000E-04 ETA (HH:MM:SS) = 0:00:00
 [ 28%]  Time step      764 of 2796 @ t_step =      763 Time Avg = 1.070394E-04 Time/step= 1.030000E-04 ETA (HH:MM:SS) = 0:00:00
 [ 28%]  Time step      765 of 2796 @ t_step =      764 Time Avg = 1.070341E-04 Time/step= 1.030000E-04 ETA (HH:MM:SS) = 0:00:00
 [ 28%]  Time step      766 of 2796 @ t_step =      765 Time Avg = 1.070288E-04 Time/step= 1.030000E-04 ETA (HH:MM:SS) = 0:00:00
 [ 28%]  Time step      767 of 2796 @ t_step =      766 Time Avg = 1.070236E-04 Time/step= 1.030000E-04 ETA (HH:MM:SS) = 0:00:00
 [ 28%]  Time step      768 of 2796 @ t_step =      767 Time Avg = 1.070196E-04 Time/step= 1.040000E-04 ETA (HH:MM:SS) = 0:00:00
 [ 28%]  Time step      769 of 2796 @ t_step =      768 Time Avg = 1.070405E-04 Time/step= 1.230000E-04 ETA (HH:MM:SS) = 0:00:00
 [ 28%]  Time step      770 of 2796 @ t_step =      769 Time Avg = 1.070404E-04 Time/step= 1.070000E-04 ETA (HH:MM:SS) = 0:00:00
 [ 28%]  Time step      771 of 2796 @ t_step =      770 Time Avg = 1.070391E-04 Time/step= 1.060000E-04 ETA (HH:MM:SS) = 0:00:00
 [ 28%]  Time step      772 of 2796 @ t_step =      771 Time Avg = 1.070494E-04 Time/step= 1.150000E-04 ETA (HH:MM:SS) = 0:00:00
 [ 28%]  Time step      773 of 2796 @ t_step =      772 Time Avg = 1.070455E-04 Time/step= 1.040000E-04 ETA (HH:MM:SS) = 0:00:00
 [ 28%]  Time step      774 of 2796 @ t_step =      773 Time Avg = 1.070415E-04 Time/step= 1.040000E-04 ETA (HH:MM:SS) = 0:00:00
 [ 28%]  Time step      775 of 2796 @ t_step =      774 Time Avg = 1.070363E-04 Time/step= 1.030000E-04 ETA (HH:MM:SS) = 0:00:00
 [ 28%]  Time step      776 of 2796 @ t_step =      775 Time Avg = 1.070310E-04 Time/step= 1.030000E-04 ETA (HH:MM:SS) = 0:00:00
 [ 28%]  Time step      777 of 2796 @ t_step =      776 Time Avg = 1.070258E-04 Time/step= 1.030000E-04 ETA (HH:MM:SS) = 0:00:00
 [ 28%]  Time step      778 of 2796 @ t_step =      777 Time Avg = 1.070787E-04 Time/step= 1.480000E-04 ETA (HH:MM:SS) = 0:00:00
 [ 28%]  Time step      779 of 2796 @ t_step =      778 Time Avg = 1.070747E-04 Time/step= 1.040000E-04 ETA (HH:MM:SS) = 0:00:00
 [ 28%]  Time step      780 of 2796 @ t_step =      779 Time Avg = 1.070708E-04 Time/step= 1.040000E-04 ETA (HH:MM:SS) = 0:00:00
 [ 28%]  Time step      781 of 2796 @ t_step =      780 Time Avg = 1.070656E-04 Time/step= 1.030000E-04 ETA (HH:MM:SS) = 0:00:00
 [ 28%]  Time step      782 of 2796 @ t_step =      781 Time Avg = 1.070616E-04 Time/step= 1.040000E-04 ETA (HH:MM:SS) = 0:00:00
 [ 28%]  Time step      783 of 2796 @ t_step =      782 Time Avg = 1.070564E-04 Time/step= 1.030000E-04 ETA (HH:MM:SS) = 0:00:00
 [ 29%]  Time step      784 of 2796 @ t_step =      783 Time Avg = 1.070512E-04 Time/step= 1.030000E-04 ETA (HH:MM:SS) = 0:00:00
 [ 29%]  Time step      785 of 2796 @ t_step =      784 Time Avg = 1.070627E-04 Time/step= 1.160000E-04 ETA (HH:MM:SS) = 0:00:00
 [ 29%]  Time step      786 of 2796 @ t_step =      785 Time Avg = 1.070843E-04 Time/step= 1.240000E-04 ETA (HH:MM:SS) = 0:00:00
 [ 29%]  Time step      787 of 2796 @ t_step =      786 Time Avg = 1.070842E-04 Time/step= 1.070000E-04 ETA (HH:MM:SS) = 0:00:00
 [ 29%]  Time step      788 of 2796 @ t_step =      787 Time Avg = 1.071108E-04 Time/step= 1.280000E-04 ETA (HH:MM:SS) = 0:00:00
 [ 29%]  Time step      789 of 2796 @ t_step =      788 Time Avg = 1.071094E-04 Time/step= 1.060000E-04 ETA (HH:MM:SS) = 0:00:00
 [ 29%]  Time step      790 of 2796 @ t_step =      789 Time Avg = 1.071233E-04 Time/step= 1.180000E-04 ETA (HH:MM:SS) = 0:00:00
 [ 29%]  Time step      791 of 2796 @ t_step =      790 Time Avg = 1.071180E-04 Time/step= 1.030000E-04 ETA (HH:MM:SS) = 0:00:00
 [ 29%]  Time step      792 of 2796 @ t_step =      791 Time Avg = 1.071141E-04 Time/step= 1.040000E-04 ETA (HH:MM:SS) = 0:00:00
 [ 29%]  Time step      793 of 2796 @ t_step =      792 Time Avg = 1.071101E-04 Time/step= 1.040000E-04 ETA (HH:MM:SS) = 0:00:00
 [ 29%]  Time step      794 of 2796 @ t_step =      793 Time Avg = 1.071062E-04 Time/step= 1.040000E-04 ETA (HH:MM:SS) = 0:00:00
 [ 29%]  Time step      795 of 2796 @ t_step =      794 Time Avg = 1.071237E-04 Time/step= 1.210000E-04 ETA (HH:MM:SS) = 0:00:00
 [ 29%]  Time step      796 of 2796 @ t_step =      795 Time Avg = 1.071198E-04 Time/step= 1.040000E-04 ETA (HH:MM:SS) = 0:00:00
 [ 29%]  Time step      797 of 2796 @ t_step =      796 Time Avg = 1.071159E-04 Time/step= 1.040000E-04 ETA (HH:MM:SS) = 0:00:00
 [ 29%]  Time step      798 of 2796 @ t_step =      797 Time Avg = 1.071119E-04 Time/step= 1.040000E-04 ETA (HH:MM:SS) = 0:00:00
 [ 29%]  Time step      799 of 2796 @ t_step =      798 Time Avg = 1.071055E-04 Time/step= 1.020000E-04 ETA (HH:MM:SS) = 0:00:00
 [ 29%]  Time step      800 of 2796 @ t_step =      799 Time Avg = 1.071004E-04 Time/step= 1.030000E-04 ETA (HH:MM:SS) = 0:00:00
 [ 29%]  Time step      801 of 2796 @ t_step =      800 Time Avg = 1.070952E-04 Time/step= 1.030000E-04 ETA (HH:MM:SS) = 0:00:00
 [ 29%]  Time step      802 of 2796 @ t_step =      801 Time Avg = 1.070901E-04 Time/step= 1.030000E-04 ETA (HH:MM:SS) = 0:00:00
 [ 29%]  Time step      803 of 2796 @ t_step =      802 Time Avg = 1.070850E-04 Time/step= 1.030000E-04 ETA (HH:MM:SS) = 0:00:00
 [ 29%]  Time step      804 of 2796 @ t_step =      803 Time Avg = 1.071074E-04 Time/step= 1.250000E-04 ETA (HH:MM:SS) = 0:00:00
 [ 29%]  Time step      805 of 2796 @ t_step =      804 Time Avg = 1.071072E-04 Time/step= 1.070000E-04 ETA (HH:MM:SS) = 0:00:00
 [ 29%]  Time step      806 of 2796 @ t_step =      805 Time Avg = 1.071208E-04 Time/step= 1.180000E-04 ETA (HH:MM:SS) = 0:00:00
 [ 29%]  Time step      807 of 2796 @ t_step =      806 Time Avg = 1.071157E-04 Time/step= 1.030000E-04 ETA (HH:MM:SS) = 0:00:00
 [ 29%]  Time step      808 of 2796 @ t_step =      807 Time Avg = 1.071106E-04 Time/step= 1.030000E-04 ETA (HH:MM:SS) = 0:00:00
 [ 29%]  Time step      809 of 2796 @ t_step =      808 Time Avg = 1.071055E-04 Time/step= 1.030000E-04 ETA (HH:MM:SS) = 0:00:00
 [ 29%]  Time step      810 of 2796 @ t_step =      809 Time Avg = 1.071004E-04 Time/step= 1.030000E-04 ETA (HH:MM:SS) = 0:00:00
 [ 29%]  Time step      811 of 2796 @ t_step =      810 Time Avg = 1.070953E-04 Time/step= 1.030000E-04 ETA (HH:MM:SS) = 0:00:00
 [ 30%]  Time step      812 of 2796 @ t_step =      811 Time Avg = 1.071088E-04 Time/step= 1.180000E-04 ETA (HH:MM:SS) = 0:00:00
 [ 30%]  Time step      813 of 2796 @ t_step =      812 Time Avg = 1.071173E-04 Time/step= 1.140000E-04 ETA (HH:MM:SS) = 0:00:00
 [ 30%]  Time step      814 of 2796 @ t_step =      813 Time Avg = 1.071122E-04 Time/step= 1.030000E-04 ETA (HH:MM:SS) = 0:00:00
 [ 30%]  Time step      815 of 2796 @ t_step =      814 Time Avg = 1.071071E-04 Time/step= 1.030000E-04 ETA (HH:MM:SS) = 0:00:00
 [ 30%]  Time step      816 of 2796 @ t_step =      815 Time Avg = 1.071021E-04 Time/step= 1.030000E-04 ETA (HH:MM:SS) = 0:00:00
 [ 30%]  Time step      817 of 2796 @ t_step =      816 Time Avg = 1.070971E-04 Time/step= 1.030000E-04 ETA (HH:MM:SS) = 0:00:00
 [ 30%]  Time step      818 of 2796 @ t_step =      817 Time Avg = 1.070933E-04 Time/step= 1.040000E-04 ETA (HH:MM:SS) = 0:00:00
 [ 30%]  Time step      819 of 2796 @ t_step =      818 Time Avg = 1.070882E-04 Time/step= 1.030000E-04 ETA (HH:MM:SS) = 0:00:00
 [ 30%]  Time step      820 of 2796 @ t_step =      819 Time Avg = 1.070832E-04 Time/step= 1.030000E-04 ETA (HH:MM:SS) = 0:00:00
 [ 30%]  Time step      821 of 2796 @ t_step =      820 Time Avg = 1.071002E-04 Time/step= 1.210000E-04 ETA (HH:MM:SS) = 0:00:00
 [ 30%]  Time step      822 of 2796 @ t_step =      821 Time Avg = 1.070965E-04 Time/step= 1.040000E-04 ETA (HH:MM:SS) = 0:00:00
 [ 30%]  Time step      823 of 2796 @ t_step =      822 Time Avg = 1.070927E-04 Time/step= 1.040000E-04 ETA (HH:MM:SS) = 0:00:00
 [ 30%]  Time step      824 of 2796 @ t_step =      823 Time Avg = 1.070889E-04 Time/step= 1.040000E-04 ETA (HH:MM:SS) = 0:00:00
 [ 30%]  Time step      825 of 2796 @ t_step =      824 Time Avg = 1.070839E-04 Time/step= 1.030000E-04 ETA (HH:MM:SS) = 0:00:00
 [ 30%]  Time step      826 of 2796 @ t_step =      825 Time Avg = 1.070802E-04 Time/step= 1.040000E-04 ETA (HH:MM:SS) = 0:00:00
 [ 30%]  Time step      827 of 2796 @ t_step =      826 Time Avg = 1.070752E-04 Time/step= 1.030000E-04 ETA (HH:MM:SS) = 0:00:00
 [ 30%]  Time step      828 of 2796 @ t_step =      827 Time Avg = 1.070703E-04 Time/step= 1.030000E-04 ETA (HH:MM:SS) = 0:00:00
 [ 30%]  Time step      829 of 2796 @ t_step =      828 Time Avg = 1.070654E-04 Time/step= 1.030000E-04 ETA (HH:MM:SS) = 0:00:00
 [ 30%]  Time step      830 of 2796 @ t_step =      829 Time Avg = 1.070786E-04 Time/step= 1.180000E-04 ETA (HH:MM:SS) = 0:00:00
 [ 30%]  Time step      831 of 2796 @ t_step =      830 Time Avg = 1.070737E-04 Time/step= 1.030000E-04 ETA (HH:MM:SS) = 0:00:00
 [ 30%]  Time step      832 of 2796 @ t_step =      831 Time Avg = 1.070688E-04 Time/step= 1.030000E-04 ETA (HH:MM:SS) = 0:00:00
 [ 30%]  Time step      833 of 2796 @ t_step =      832 Time Avg = 1.070639E-04 Time/step= 1.030000E-04 ETA (HH:MM:SS) = 0:00:00
 [ 30%]  Time step      834 of 2796 @ t_step =      833 Time Avg = 1.070590E-04 Time/step= 1.030000E-04 ETA (HH:MM:SS) = 0:00:00
 [ 30%]  Time step      835 of 2796 @ t_step =      834 Time Avg = 1.070541E-04 Time/step= 1.030000E-04 ETA (HH:MM:SS) = 0:00:00
 [ 30%]  Time step      836 of 2796 @ t_step =      835 Time Avg = 1.070492E-04 Time/step= 1.030000E-04 ETA (HH:MM:SS) = 0:00:00
 [ 30%]  Time step      837 of 2796 @ t_step =      836 Time Avg = 1.070444E-04 Time/step= 1.030000E-04 ETA (HH:MM:SS) = 0:00:00
 [ 30%]  Time step      838 of 2796 @ t_step =      837 Time Avg = 1.070395E-04 Time/step= 1.030000E-04 ETA (HH:MM:SS) = 0:00:00
 [ 30%]  Time step      839 of 2796 @ t_step =      838 Time Avg = 1.070634E-04 Time/step= 1.270000E-04 ETA (HH:MM:SS) = 0:00:00
 [ 31%]  Time step      840 of 2796 @ t_step =      839 Time Avg = 1.070633E-04 Time/step= 1.070000E-04 ETA (HH:MM:SS) = 0:00:00
 [ 31%]  Time step      841 of 2796 @ t_step =      840 Time Avg = 1.070632E-04 Time/step= 1.070000E-04 ETA (HH:MM:SS) = 0:00:00
 [ 31%]  Time step      842 of 2796 @ t_step =      841 Time Avg = 1.070727E-04 Time/step= 1.150000E-04 ETA (HH:MM:SS) = 0:00:00
 [ 31%]  Time step      843 of 2796 @ t_step =      842 Time Avg = 1.070679E-04 Time/step= 1.030000E-04 ETA (HH:MM:SS) = 0:00:00
 [ 31%]  Time step      844 of 2796 @ t_step =      843 Time Avg = 1.070642E-04 Time/step= 1.040000E-04 ETA (HH:MM:SS) = 0:00:00
 [ 31%]  Time step      845 of 2796 @ t_step =      844 Time Avg = 1.070606E-04 Time/step= 1.040000E-04 ETA (HH:MM:SS) = 0:00:00
 [ 31%]  Time step      846 of 2796 @ t_step =      845 Time Avg = 1.070558E-04 Time/step= 1.030000E-04 ETA (HH:MM:SS) = 0:00:00
 [ 31%]  Time step      847 of 2796 @ t_step =      846 Time Avg = 1.070509E-04 Time/step= 1.030000E-04 ETA (HH:MM:SS) = 0:00:00
 [ 31%]  Time step      848 of 2796 @ t_step =      847 Time Avg = 1.070805E-04 Time/step= 1.320000E-04 ETA (HH:MM:SS) = 0:00:00
 [ 31%]  Time step      849 of 2796 @ t_step =      848 Time Avg = 1.070757E-04 Time/step= 1.030000E-04 ETA (HH:MM:SS) = 0:00:00
 [ 31%]  Time step      850 of 2796 @ t_step =      849 Time Avg = 1.070720E-04 Time/step= 1.040000E-04 ETA (HH:MM:SS) = 0:00:00
 [ 31%]  Time step      851 of 2796 @ t_step =      850 Time Avg = 1.070672E-04 Time/step= 1.030000E-04 ETA (HH:MM:SS) = 0:00:00
 [ 31%]  Time step      852 of 2796 @ t_step =      851 Time Avg = 1.070636E-04 Time/step= 1.040000E-04 ETA (HH:MM:SS) = 0:00:00
 [ 31%]  Time step      853 of 2796 @ t_step =      852 Time Avg = 1.070588E-04 Time/step= 1.030000E-04 ETA (HH:MM:SS) = 0:00:00
 [ 31%]  Time step      854 of 2796 @ t_step =      853 Time Avg = 1.070541E-04 Time/step= 1.030000E-04 ETA (HH:MM:SS) = 0:00:00
 [ 31%]  Time step      855 of 2796 @ t_step =      854 Time Avg = 1.070493E-04 Time/step= 1.030000E-04 ETA (HH:MM:SS) = 0:00:00
 [ 31%]  Time step      856 of 2796 @ t_step =      855 Time Avg = 1.070539E-04 Time/step= 1.110000E-04 ETA (HH:MM:SS) = 0:00:00
 [ 31%]  Time step      857 of 2796 @ t_step =      856 Time Avg = 1.070527E-04 Time/step= 1.060000E-04 ETA (HH:MM:SS) = 0:00:00
 [ 31%]  Time step      858 of 2796 @ t_step =      857 Time Avg = 1.070491E-04 Time/step= 1.040000E-04 ETA (HH:MM:SS) = 0:00:00
 [ 31%]  Time step      859 of 2796 @ t_step =      858 Time Avg = 1.070444E-04 Time/step= 1.030000E-04 ETA (HH:MM:SS) = 0:00:00
 [ 31%]  Time step      860 of 2796 @ t_step =      859 Time Avg = 1.070397E-04 Time/step= 1.030000E-04 ETA (HH:MM:SS) = 0:00:00
 [ 31%]  Time step      861 of 2796 @ t_step =      860 Time Avg = 1.070350E-04 Time/step= 1.030000E-04 ETA (HH:MM:SS) = 0:00:00
 [ 31%]  Time step      862 of 2796 @ t_step =      861 Time Avg = 1.070303E-04 Time/step= 1.030000E-04 ETA (HH:MM:SS) = 0:00:00
 [ 31%]  Time step      863 of 2796 @ t_step =      862 Time Avg = 1.070256E-04 Time/step= 1.030000E-04 ETA (HH:MM:SS) = 0:00:00
 [ 31%]  Time step      864 of 2796 @ t_step =      863 Time Avg = 1.070221E-04 Time/step= 1.040000E-04 ETA (HH:MM:SS) = 0:00:00
 [ 31%]  Time step      865 of 2796 @ t_step =      864 Time Avg = 1.070325E-04 Time/step= 1.160000E-04 ETA (HH:MM:SS) = 0:00:00
 [ 31%]  Time step      866 of 2796 @ t_step =      865 Time Avg = 1.070290E-04 Time/step= 1.040000E-04 ETA (HH:MM:SS) = 0:00:00
 [ 31%]  Time step      867 of 2796 @ t_step =      866 Time Avg = 1.070243E-04 Time/step= 1.030000E-04 ETA (HH:MM:SS) = 0:00:00
 [ 32%]  Time step      868 of 2796 @ t_step =      867 Time Avg = 1.070197E-04 Time/step= 1.030000E-04 ETA (HH:MM:SS) = 0:00:00
 [ 32%]  Time step      869 of 2796 @ t_step =      868 Time Avg = 1.070150E-04 Time/step= 1.030000E-04 ETA (HH:MM:SS) = 0:00:00
 [ 32%]  Time step      870 of 2796 @ t_step =      869 Time Avg = 1.070104E-04 Time/step= 1.030000E-04 ETA (HH:MM:SS) = 0:00:00
 [ 32%]  Time step      871 of 2796 @ t_step =      870 Time Avg = 1.070058E-04 Time/step= 1.030000E-04 ETA (HH:MM:SS) = 0:00:00
 [ 32%]  Time step      872 of 2796 @ t_step =      871 Time Avg = 1.070023E-04 Time/step= 1.040000E-04 ETA (HH:MM:SS) = 0:00:00
 [ 32%]  Time step      873 of 2796 @ t_step =      872 Time Avg = 1.069977E-04 Time/step= 1.030000E-04 ETA (HH:MM:SS) = 0:00:00
 [ 32%]  Time step      874 of 2796 @ t_step =      873 Time Avg = 1.070287E-04 Time/step= 1.340000E-04 ETA (HH:MM:SS) = 0:00:00
 [ 32%]  Time step      875 of 2796 @ t_step =      874 Time Avg = 1.070287E-04 Time/step= 1.070000E-04 ETA (HH:MM:SS) = 0:00:00
 [ 32%]  Time step      876 of 2796 @ t_step =      875 Time Avg = 1.070286E-04 Time/step= 1.070000E-04 ETA (HH:MM:SS) = 0:00:00
 [ 32%]  Time step      877 of 2796 @ t_step =      876 Time Avg = 1.070389E-04 Time/step= 1.160000E-04 ETA (HH:MM:SS) = 0:00:00
 [ 32%]  Time step      878 of 2796 @ t_step =      877 Time Avg = 1.070343E-04 Time/step= 1.030000E-04 ETA (HH:MM:SS) = 0:00:00
 [ 32%]  Time step      879 of 2796 @ t_step =      878 Time Avg = 1.070297E-04 Time/step= 1.030000E-04 ETA (HH:MM:SS) = 0:00:00
 [ 32%]  Time step      880 of 2796 @ t_step =      879 Time Avg = 1.070251E-04 Time/step= 1.030000E-04 ETA (HH:MM:SS) = 0:00:00
 [ 32%]  Time step      881 of 2796 @ t_step =      880 Time Avg = 1.070205E-04 Time/step= 1.030000E-04 ETA (HH:MM:SS) = 0:00:00
 [ 32%]  Time step      882 of 2796 @ t_step =      881 Time Avg = 1.070159E-04 Time/step= 1.030000E-04 ETA (HH:MM:SS) = 0:00:00
 [ 32%]  Time step      883 of 2796 @ t_step =      882 Time Avg = 1.070420E-04 Time/step= 1.300000E-04 ETA (HH:MM:SS) = 0:00:00
 [ 32%]  Time step      884 of 2796 @ t_step =      883 Time Avg = 1.070375E-04 Time/step= 1.030000E-04 ETA (HH:MM:SS) = 0:00:00
 [ 32%]  Time step      885 of 2796 @ t_step =      884 Time Avg = 1.070329E-04 Time/step= 1.030000E-04 ETA (HH:MM:SS) = 0:00:00
 [ 32%]  Time step      886 of 2796 @ t_step =      885 Time Avg = 1.070283E-04 Time/step= 1.030000E-04 ETA (HH:MM:SS) = 0:00:00
 [ 32%]  Time step      887 of 2796 @ t_step =      886 Time Avg = 1.070226E-04 Time/step= 1.020000E-04 ETA (HH:MM:SS) = 0:00:00
 [ 32%]  Time step      888 of 2796 @ t_step =      887 Time Avg = 1.070181E-04 Time/step= 1.030000E-04 ETA (HH:MM:SS) = 0:00:00
 [ 32%]  Time step      889 of 2796 @ t_step =      888 Time Avg = 1.070135E-04 Time/step= 1.030000E-04 ETA (HH:MM:SS) = 0:00:00
 [ 32%]  Time step      890 of 2796 @ t_step =      889 Time Avg = 1.070090E-04 Time/step= 1.030000E-04 ETA (HH:MM:SS) = 0:00:00
 [ 32%]  Time step      891 of 2796 @ t_step =      890 Time Avg = 1.070045E-04 Time/step= 1.030000E-04 ETA (HH:MM:SS) = 0:00:00
 [ 32%]  Time step      892 of 2796 @ t_step =      891 Time Avg = 1.070191E-04 Time/step= 1.200000E-04 ETA (HH:MM:SS) = 0:00:00
 [ 32%]  Time step      893 of 2796 @ t_step =      892 Time Avg = 1.070146E-04 Time/step= 1.030000E-04 ETA (HH:MM:SS) = 0:00:00
 [ 32%]  Time step      894 of 2796 @ t_step =      893 Time Avg = 1.070101E-04 Time/step= 1.030000E-04 ETA (HH:MM:SS) = 0:00:00
 [ 32%]  Time step      895 of 2796 @ t_step =      894 Time Avg = 1.070056E-04 Time/step= 1.030000E-04 ETA (HH:MM:SS) = 0:00:00
 [ 33%]  Time step      896 of 2796 @ t_step =      895 Time Avg = 1.070011E-04 Time/step= 1.030000E-04 ETA (HH:MM:SS) = 0:00:00
 [ 33%]  Time step      897 of 2796 @ t_step =      896 Time Avg = 1.069966E-04 Time/step= 1.030000E-04 ETA (HH:MM:SS) = 0:00:00
 [ 33%]  Time step      898 of 2796 @ t_step =      897 Time Avg = 1.069922E-04 Time/step= 1.030000E-04 ETA (HH:MM:SS) = 0:00:00
 [ 33%]  Time step      899 of 2796 @ t_step =      898 Time Avg = 1.069877E-04 Time/step= 1.030000E-04 ETA (HH:MM:SS) = 0:00:00
 [ 33%]  Time step      900 of 2796 @ t_step =      899 Time Avg = 1.069833E-04 Time/step= 1.030000E-04 ETA (HH:MM:SS) = 0:00:00
 [ 33%]  Time step      901 of 2796 @ t_step =      900 Time Avg = 1.069933E-04 Time/step= 1.160000E-04 ETA (HH:MM:SS) = 0:00:00
 [ 33%]  Time step      902 of 2796 @ t_step =      901 Time Avg = 1.069900E-04 Time/step= 1.040000E-04 ETA (HH:MM:SS) = 0:00:00
 [ 33%]  Time step      903 of 2796 @ t_step =      902 Time Avg = 1.069856E-04 Time/step= 1.030000E-04 ETA (HH:MM:SS) = 0:00:00
 [ 33%]  Time step      904 of 2796 @ t_step =      903 Time Avg = 1.069822E-04 Time/step= 1.040000E-04 ETA (HH:MM:SS) = 0:00:00
 [ 33%]  Time step      905 of 2796 @ t_step =      904 Time Avg = 1.069778E-04 Time/step= 1.030000E-04 ETA (HH:MM:SS) = 0:00:00
 [ 33%]  Time step      906 of 2796 @ t_step =      905 Time Avg = 1.069734E-04 Time/step= 1.030000E-04 ETA (HH:MM:SS) = 0:00:00
 [ 33%]  Time step      907 of 2796 @ t_step =      906 Time Avg = 1.069690E-04 Time/step= 1.030000E-04 ETA (HH:MM:SS) = 0:00:00
 [ 33%]  Time step      908 of 2796 @ t_step =      907 Time Avg = 1.069646E-04 Time/step= 1.030000E-04 ETA (HH:MM:SS) = 0:00:00
 [ 33%]  Time step      909 of 2796 @ t_step =      908 Time Avg = 1.069603E-04 Time/step= 1.030000E-04 ETA (HH:MM:SS) = 0:00:00
 [ 33%]  Time step      910 of 2796 @ t_step =      909 Time Avg = 1.069813E-04 Time/step= 1.260000E-04 ETA (HH:MM:SS) = 0:00:00
 [ 33%]  Time step      911 of 2796 @ t_step =      910 Time Avg = 1.069813E-04 Time/step= 1.070000E-04 ETA (HH:MM:SS) = 0:00:00
 [ 33%]  Time step      912 of 2796 @ t_step =      911 Time Avg = 1.069813E-04 Time/step= 1.070000E-04 ETA (HH:MM:SS) = 0:00:00
 [ 33%]  Time step      913 of 2796 @ t_step =      912 Time Avg = 1.069780E-04 Time/step= 1.040000E-04 ETA (HH:MM:SS) = 0:00:00
 [ 33%]  Time step      914 of 2796 @ t_step =      913 Time Avg = 1.069748E-04 Time/step= 1.040000E-04 ETA (HH:MM:SS) = 0:00:00
 [ 33%]  Time step      915 of 2796 @ t_step =      914 Time Avg = 1.069715E-04 Time/step= 1.040000E-04 ETA (HH:MM:SS) = 0:00:00
 [ 33%]  Time step      916 of 2796 @ t_step =      915 Time Avg = 1.069671E-04 Time/step= 1.030000E-04 ETA (HH:MM:SS) = 0:00:00
 [ 33%]  Time step      917 of 2796 @ t_step =      916 Time Avg = 1.069628E-04 Time/step= 1.030000E-04 ETA (HH:MM:SS) = 0:00:00
 [ 33%]  Time step      918 of 2796 @ t_step =      917 Time Avg = 1.069738E-04 Time/step= 1.170000E-04 ETA (HH:MM:SS) = 0:00:00
 [ 33%]  Time step      919 of 2796 @ t_step =      918 Time Avg = 1.070142E-04 Time/step= 1.440000E-04 ETA (HH:MM:SS) = 0:00:00
 [ 33%]  Time step      920 of 2796 @ t_step =      919 Time Avg = 1.070098E-04 Time/step= 1.030000E-04 ETA (HH:MM:SS) = 0:00:00
 [ 33%]  Time step      921 of 2796 @ t_step =      920 Time Avg = 1.070054E-04 Time/step= 1.030000E-04 ETA (HH:MM:SS) = 0:00:00
 [ 33%]  Time step      922 of 2796 @ t_step =      921 Time Avg = 1.070011E-04 Time/step= 1.030000E-04 ETA (HH:MM:SS) = 0:00:00
 [ 33%]  Time step      923 of 2796 @ t_step =      922 Time Avg = 1.069967E-04 Time/step= 1.030000E-04 ETA (HH:MM:SS) = 0:00:00
 [ 34%]  Time step      924 of 2796 @ t_step =      923 Time Avg = 1.069924E-04 Time/step= 1.030000E-04 ETA (HH:MM:SS) = 0:00:00
 [ 34%]  Time step      925 of 2796 @ t_step =      924 Time Avg = 1.069881E-04 Time/step= 1.030000E-04 ETA (HH:MM:SS) = 0:00:00
 [ 34%]  Time step      926 of 2796 @ t_step =      925 Time Avg = 1.069837E-04 Time/step= 1.030000E-04 ETA (HH:MM:SS) = 0:00:00
 [ 34%]  Time step      927 of 2796 @ t_step =      926 Time Avg = 1.069989E-04 Time/step= 1.210000E-04 ETA (HH:MM:SS) = 0:00:00
 [ 34%]  Time step      928 of 2796 @ t_step =      927 Time Avg = 1.069946E-04 Time/step= 1.030000E-04 ETA (HH:MM:SS) = 0:00:00
 [ 34%]  Time step      929 of 2796 @ t_step =      928 Time Avg = 1.070054E-04 Time/step= 1.170000E-04 ETA (HH:MM:SS) = 0:00:00
 [ 34%]  Time step      930 of 2796 @ t_step =      929 Time Avg = 1.070054E-04 Time/step= 1.070000E-04 ETA (HH:MM:SS) = 0:00:00
 [ 34%]  Time step      931 of 2796 @ t_step =      930 Time Avg = 1.070291E-04 Time/step= 1.290000E-04 ETA (HH:MM:SS) = 0:00:00
 [ 34%]  Time step      932 of 2796 @ t_step =      931 Time Avg = 1.070280E-04 Time/step= 1.060000E-04 ETA (HH:MM:SS) = 0:00:00
 [ 34%]  Time step      933 of 2796 @ t_step =      932 Time Avg = 1.070280E-04 Time/step= 1.070000E-04 ETA (HH:MM:SS) = 0:00:00
 [ 34%]  Time step      934 of 2796 @ t_step =      933 Time Avg = 1.070365E-04 Time/step= 1.150000E-04 ETA (HH:MM:SS) = 0:00:00
 [ 34%]  Time step      935 of 2796 @ t_step =      934 Time Avg = 1.070451E-04 Time/step= 1.150000E-04 ETA (HH:MM:SS) = 0:00:00
 [ 34%]  Time step      936 of 2796 @ t_step =      935 Time Avg = 1.070418E-04 Time/step= 1.040000E-04 ETA (HH:MM:SS) = 0:00:00
 [ 34%]  Time step      937 of 2796 @ t_step =      936 Time Avg = 1.070375E-04 Time/step= 1.030000E-04 ETA (HH:MM:SS) = 0:00:00
 [ 34%]  Time step      938 of 2796 @ t_step =      937 Time Avg = 1.070332E-04 Time/step= 1.030000E-04 ETA (HH:MM:SS) = 0:00:00
 [ 34%]  Time step      939 of 2796 @ t_step =      938 Time Avg = 1.070288E-04 Time/step= 1.030000E-04 ETA (HH:MM:SS) = 0:00:00
 [ 34%]  Time step      940 of 2796 @ t_step =      939 Time Avg = 1.070245E-04 Time/step= 1.030000E-04 ETA (HH:MM:SS) = 0:00:00
 [ 34%]  Time step      941 of 2796 @ t_step =      940 Time Avg = 1.070203E-04 Time/step= 1.030000E-04 ETA (HH:MM:SS) = 0:00:00
 [ 34%]  Time step      942 of 2796 @ t_step =      941 Time Avg = 1.070160E-04 Time/step= 1.030000E-04 ETA (HH:MM:SS) = 0:00:00
 [ 34%]  Time step      943 of 2796 @ t_step =      942 Time Avg = 1.070117E-04 Time/step= 1.030000E-04 ETA (HH:MM:SS) = 0:00:00
 [ 34%]  Time step      944 of 2796 @ t_step =      943 Time Avg = 1.070255E-04 Time/step= 1.200000E-04 ETA (HH:MM:SS) = 0:00:00
 [ 34%]  Time step      945 of 2796 @ t_step =      944 Time Avg = 1.070244E-04 Time/step= 1.060000E-04 ETA (HH:MM:SS) = 0:00:00
 [ 34%]  Time step      946 of 2796 @ t_step =      945 Time Avg = 1.070244E-04 Time/step= 1.070000E-04 ETA (HH:MM:SS) = 0:00:00
 [ 34%]  Time step      947 of 2796 @ t_step =      946 Time Avg = 1.070339E-04 Time/step= 1.160000E-04 ETA (HH:MM:SS) = 0:00:00
 [ 34%]  Time step      948 of 2796 @ t_step =      947 Time Avg = 1.070296E-04 Time/step= 1.030000E-04 ETA (HH:MM:SS) = 0:00:00
 [ 34%]  Time step      949 of 2796 @ t_step =      948 Time Avg = 1.070243E-04 Time/step= 1.020000E-04 ETA (HH:MM:SS) = 0:00:00
 [ 34%]  Time step      950 of 2796 @ t_step =      949 Time Avg = 1.070211E-04 Time/step= 1.040000E-04 ETA (HH:MM:SS) = 0:00:00
 [ 34%]  Time step      951 of 2796 @ t_step =      950 Time Avg = 1.070169E-04 Time/step= 1.030000E-04 ETA (HH:MM:SS) = 0:00:00
 [ 35%]  Time step      952 of 2796 @ t_step =      951 Time Avg = 1.070126E-04 Time/step= 1.030000E-04 ETA (HH:MM:SS) = 0:00:00
 [ 35%]  Time step      953 of 2796 @ t_step =      952 Time Avg = 1.070347E-04 Time/step= 1.280000E-04 ETA (HH:MM:SS) = 0:00:00
 [ 35%]  Time step      954 of 2796 @ t_step =      953 Time Avg = 1.070315E-04 Time/step= 1.040000E-04 ETA (HH:MM:SS) = 0:00:00
 [ 35%]  Time step      955 of 2796 @ t_step =      954 Time Avg = 1.070273E-04 Time/step= 1.030000E-04 ETA (HH:MM:SS) = 0:00:00
 [ 35%]  Time step      956 of 2796 @ t_step =      955 Time Avg = 1.070231E-04 Time/step= 1.030000E-04 ETA (HH:MM:SS) = 0:00:00
 [ 35%]  Time step      957 of 2796 @ t_step =      956 Time Avg = 1.070189E-04 Time/step= 1.030000E-04 ETA (HH:MM:SS) = 0:00:00
 [ 35%]  Time step      958 of 2796 @ t_step =      957 Time Avg = 1.070147E-04 Time/step= 1.030000E-04 ETA (HH:MM:SS) = 0:00:00
 [ 35%]  Time step      959 of 2796 @ t_step =      958 Time Avg = 1.070105E-04 Time/step= 1.030000E-04 ETA (HH:MM:SS) = 0:00:00
 [ 35%]  Time step      960 of 2796 @ t_step =      959 Time Avg = 1.070063E-04 Time/step= 1.030000E-04 ETA (HH:MM:SS) = 0:00:00
 [ 35%]  Time step      961 of 2796 @ t_step =      960 Time Avg = 1.070021E-04 Time/step= 1.030000E-04 ETA (HH:MM:SS) = 0:00:00
 [ 35%]  Time step      962 of 2796 @ t_step =      961 Time Avg = 1.070136E-04 Time/step= 1.180000E-04 ETA (HH:MM:SS) = 0:00:00
 [ 35%]  Time step      963 of 2796 @ t_step =      962 Time Avg = 1.070094E-04 Time/step= 1.030000E-04 ETA (HH:MM:SS) = 0:00:00
 [ 35%]  Time step      964 of 2796 @ t_step =      963 Time Avg = 1.070062E-04 Time/step= 1.040000E-04 ETA (HH:MM:SS) = 0:00:00
 [ 35%]  Time step      965 of 2796 @ t_step =      964 Time Avg = 1.070021E-04 Time/step= 1.030000E-04 ETA (HH:MM:SS) = 0:00:00
 [ 35%]  Time step      966 of 2796 @ t_step =      965 Time Avg = 1.069990E-04 Time/step= 1.040000E-04 ETA (HH:MM:SS) = 0:00:00
 [ 35%]  Time step      967 of 2796 @ t_step =      966 Time Avg = 1.069948E-04 Time/step= 1.030000E-04 ETA (HH:MM:SS) = 0:00:00
 [ 35%]  Time step      968 of 2796 @ t_step =      967 Time Avg = 1.069907E-04 Time/step= 1.030000E-04 ETA (HH:MM:SS) = 0:00:00
 [ 35%]  Time step      969 of 2796 @ t_step =      968 Time Avg = 1.069865E-04 Time/step= 1.030000E-04 ETA (HH:MM:SS) = 0:00:00
 [ 35%]  Time step      970 of 2796 @ t_step =      969 Time Avg = 1.069969E-04 Time/step= 1.170000E-04 ETA (HH:MM:SS) = 0:00:00
 [ 35%]  Time step      971 of 2796 @ t_step =      970 Time Avg = 1.070093E-04 Time/step= 1.190000E-04 ETA (HH:MM:SS) = 0:00:00
 [ 35%]  Time step      972 of 2796 @ t_step =      971 Time Avg = 1.070206E-04 Time/step= 1.180000E-04 ETA (HH:MM:SS) = 0:00:00
 [ 35%]  Time step      973 of 2796 @ t_step =      972 Time Avg = 1.070206E-04 Time/step= 1.070000E-04 ETA (HH:MM:SS) = 0:00:00
 [ 35%]  Time step      974 of 2796 @ t_step =      973 Time Avg = 1.070206E-04 Time/step= 1.070000E-04 ETA (HH:MM:SS) = 0:00:00
 [ 35%]  Time step      975 of 2796 @ t_step =      974 Time Avg = 1.070288E-04 Time/step= 1.150000E-04 ETA (HH:MM:SS) = 0:00:00
 [ 35%]  Time step      976 of 2796 @ t_step =      975 Time Avg = 1.070247E-04 Time/step= 1.030000E-04 ETA (HH:MM:SS) = 0:00:00
 [ 35%]  Time step      977 of 2796 @ t_step =      976 Time Avg = 1.070205E-04 Time/step= 1.030000E-04 ETA (HH:MM:SS) = 0:00:00
 [ 35%]  Time step      978 of 2796 @ t_step =      977 Time Avg = 1.070174E-04 Time/step= 1.040000E-04 ETA (HH:MM:SS) = 0:00:00
 [ 35%]  Time step      979 of 2796 @ t_step =      978 Time Avg = 1.070369E-04 Time/step= 1.260000E-04 ETA (HH:MM:SS) = 0:00:00
 [ 36%]  Time step      980 of 2796 @ t_step =      979 Time Avg = 1.070379E-04 Time/step= 1.080000E-04 ETA (HH:MM:SS) = 0:00:00
 [ 36%]  Time step      981 of 2796 @ t_step =      980 Time Avg = 1.070368E-04 Time/step= 1.060000E-04 ETA (HH:MM:SS) = 0:00:00
 [ 36%]  Time step      982 of 2796 @ t_step =      981 Time Avg = 1.070460E-04 Time/step= 1.160000E-04 ETA (HH:MM:SS) = 0:00:00
 [ 36%]  Time step      983 of 2796 @ t_step =      982 Time Avg = 1.070418E-04 Time/step= 1.030000E-04 ETA (HH:MM:SS) = 0:00:00
 [ 36%]  Time step      984 of 2796 @ t_step =      983 Time Avg = 1.070387E-04 Time/step= 1.040000E-04 ETA (HH:MM:SS) = 0:00:00
 [ 36%]  Time step      985 of 2796 @ t_step =      984 Time Avg = 1.070346E-04 Time/step= 1.030000E-04 ETA (HH:MM:SS) = 0:00:00
 [ 36%]  Time step      986 of 2796 @ t_step =      985 Time Avg = 1.070305E-04 Time/step= 1.030000E-04 ETA (HH:MM:SS) = 0:00:00
 [ 36%]  Time step      987 of 2796 @ t_step =      986 Time Avg = 1.070264E-04 Time/step= 1.030000E-04 ETA (HH:MM:SS) = 0:00:00
 [ 36%]  Time step      988 of 2796 @ t_step =      987 Time Avg = 1.070497E-04 Time/step= 1.300000E-04 ETA (HH:MM:SS) = 0:00:00
 [ 36%]  Time step      989 of 2796 @ t_step =      988 Time Avg = 1.070456E-04 Time/step= 1.030000E-04 ETA (HH:MM:SS) = 0:00:00
 [ 36%]  Time step      990 of 2796 @ t_step =      989 Time Avg = 1.070415E-04 Time/step= 1.030000E-04 ETA (HH:MM:SS) = 0:00:00
 [ 36%]  Time step      991 of 2796 @ t_step =      990 Time Avg = 1.070374E-04 Time/step= 1.030000E-04 ETA (HH:MM:SS) = 0:00:00
 [ 36%]  Time step      992 of 2796 @ t_step =      991 Time Avg = 1.070334E-04 Time/step= 1.030000E-04 ETA (HH:MM:SS) = 0:00:00
 [ 36%]  Time step      993 of 2796 @ t_step =      992 Time Avg = 1.070293E-04 Time/step= 1.030000E-04 ETA (HH:MM:SS) = 0:00:00
 [ 36%]  Time step      994 of 2796 @ t_step =      993 Time Avg = 1.070262E-04 Time/step= 1.040000E-04 ETA (HH:MM:SS) = 0:00:00
 [ 36%]  Time step      995 of 2796 @ t_step =      994 Time Avg = 1.070222E-04 Time/step= 1.030000E-04 ETA (HH:MM:SS) = 0:00:00
 [ 36%]  Time step      996 of 2796 @ t_step =      995 Time Avg = 1.070181E-04 Time/step= 1.030000E-04 ETA (HH:MM:SS) = 0:00:00
 [ 36%]  Time step      997 of 2796 @ t_step =      996 Time Avg = 1.070272E-04 Time/step= 1.160000E-04 ETA (HH:MM:SS) = 0:00:00
 [ 36%]  Time step      998 of 2796 @ t_step =      997 Time Avg = 1.070241E-04 Time/step= 1.040000E-04 ETA (HH:MM:SS) = 0:00:00
 [ 36%]  Time step      999 of 2796 @ t_step =      998 Time Avg = 1.070201E-04 Time/step= 1.030000E-04 ETA (HH:MM:SS) = 0:00:00
 [ 36%]  Time step     1000 of 2796 @ t_step =      999 Time Avg = 1.070160E-04 Time/step= 1.030000E-04 ETA (HH:MM:SS) = 0:00:00
 [ 36%]  Time step     1001 of 2796 @ t_step =     1000 Time Avg = 1.070120E-04 Time/step= 1.030000E-04 ETA (HH:MM:SS) = 0:00:00
 [ 36%]  Time step     1002 of 2796 @ t_step =     1001 Time Avg = 1.070090E-04 Time/step= 1.040000E-04 ETA (HH:MM:SS) = 0:00:00
 [ 36%]  Time step     1003 of 2796 @ t_step =     1002 Time Avg = 1.070050E-04 Time/step= 1.030000E-04 ETA (HH:MM:SS) = 0:00:00
 [ 36%]  Time step     1004 of 2796 @ t_step =     1003 Time Avg = 1.070010E-04 Time/step= 1.030000E-04 ETA (HH:MM:SS) = 0:00:00
 [ 36%]  Time step     1005 of 2796 @ t_step =     1004 Time Avg = 1.069970E-04 Time/step= 1.030000E-04 ETA (HH:MM:SS) = 0:00:00
 [ 36%]  Time step     1006 of 2796 @ t_step =     1005 Time Avg = 1.070050E-04 Time/step= 1.150000E-04 ETA (HH:MM:SS) = 0:00:00
 [ 36%]  Time step     1007 of 2796 @ t_step =     1006 Time Avg = 1.070010E-04 Time/step= 1.030000E-04 ETA (HH:MM:SS) = 0:00:00
 [ 37%]  Time step     1008 of 2796 @ t_step =     1007 Time Avg = 1.069980E-04 Time/step= 1.040000E-04 ETA (HH:MM:SS) = 0:00:00
 [ 37%]  Time step     1009 of 2796 @ t_step =     1008 Time Avg = 1.069940E-04 Time/step= 1.030000E-04 ETA (HH:MM:SS) = 0:00:00
 [ 37%]  Time step     1010 of 2796 @ t_step =     1009 Time Avg = 1.069901E-04 Time/step= 1.030000E-04 ETA (HH:MM:SS) = 0:00:00
 [ 37%]  Time step     1011 of 2796 @ t_step =     1010 Time Avg = 1.069851E-04 Time/step= 1.020000E-04 ETA (HH:MM:SS) = 0:00:00
 [ 37%]  Time step     1012 of 2796 @ t_step =     1011 Time Avg = 1.069812E-04 Time/step= 1.030000E-04 ETA (HH:MM:SS) = 0:00:00
 [ 37%]  Time step     1013 of 2796 @ t_step =     1012 Time Avg = 1.069772E-04 Time/step= 1.030000E-04 ETA (HH:MM:SS) = 0:00:00
 [ 37%]  Time step     1014 of 2796 @ t_step =     1013 Time Avg = 1.069733E-04 Time/step= 1.030000E-04 ETA (HH:MM:SS) = 0:00:00
 [ 37%]  Time step     1015 of 2796 @ t_step =     1014 Time Avg = 1.069960E-04 Time/step= 1.300000E-04 ETA (HH:MM:SS) = 0:00:00
 [ 37%]  Time step     1016 of 2796 @ t_step =     1015 Time Avg = 1.069961E-04 Time/step= 1.070000E-04 ETA (HH:MM:SS) = 0:00:00
 [ 37%]  Time step     1017 of 2796 @ t_step =     1016 Time Avg = 1.070059E-04 Time/step= 1.170000E-04 ETA (HH:MM:SS) = 0:00:00
 [ 37%]  Time step     1018 of 2796 @ t_step =     1017 Time Avg = 1.070030E-04 Time/step= 1.040000E-04 ETA (HH:MM:SS) = 0:00:00
 [ 37%]  Time step     1019 of 2796 @ t_step =     1018 Time Avg = 1.069990E-04 Time/step= 1.030000E-04 ETA (HH:MM:SS) = 0:00:00
 [ 37%]  Time step     1020 of 2796 @ t_step =     1019 Time Avg = 1.070098E-04 Time/step= 1.180000E-04 ETA (HH:MM:SS) = 0:00:00
 [ 37%]  Time step     1021 of 2796 @ t_step =     1020 Time Avg = 1.070098E-04 Time/step= 1.070000E-04 ETA (HH:MM:SS) = 0:00:00
 [ 37%]  Time step     1022 of 2796 @ t_step =     1021 Time Avg = 1.070098E-04 Time/step= 1.070000E-04 ETA (HH:MM:SS) = 0:00:00
 [ 37%]  Time step     1023 of 2796 @ t_step =     1022 Time Avg = 1.070500E-04 Time/step= 1.480000E-04 ETA (HH:MM:SS) = 0:00:00
 [ 37%]  Time step     1024 of 2796 @ t_step =     1023 Time Avg = 1.070470E-04 Time/step= 1.040000E-04 ETA (HH:MM:SS) = 0:00:00
 [ 37%]  Time step     1025 of 2796 @ t_step =     1024 Time Avg = 1.070431E-04 Time/step= 1.030000E-04 ETA (HH:MM:SS) = 0:00:00
 [ 37%]  Time step     1026 of 2796 @ t_step =     1025 Time Avg = 1.070391E-04 Time/step= 1.030000E-04 ETA (HH:MM:SS) = 0:00:00
 [ 37%]  Time step     1027 of 2796 @ t_step =     1026 Time Avg = 1.070342E-04 Time/step= 1.020000E-04 ETA (HH:MM:SS) = 0:00:00
 [ 37%]  Time step     1028 of 2796 @ t_step =     1027 Time Avg = 1.070302E-04 Time/step= 1.030000E-04 ETA (HH:MM:SS) = 0:00:00
 [ 37%]  Time step     1029 of 2796 @ t_step =     1028 Time Avg = 1.070263E-04 Time/step= 1.030000E-04 ETA (HH:MM:SS) = 0:00:00
 [ 37%]  Time step     1030 of 2796 @ t_step =     1029 Time Avg = 1.070234E-04 Time/step= 1.040000E-04 ETA (HH:MM:SS) = 0:00:00
 [ 37%]  Time step     1031 of 2796 @ t_step =     1030 Time Avg = 1.070195E-04 Time/step= 1.030000E-04 ETA (HH:MM:SS) = 0:00:00
 [ 37%]  Time step     1032 of 2796 @ t_step =     1031 Time Avg = 1.070292E-04 Time/step= 1.170000E-04 ETA (HH:MM:SS) = 0:00:00
 [ 37%]  Time step     1033 of 2796 @ t_step =     1032 Time Avg = 1.070252E-04 Time/step= 1.030000E-04 ETA (HH:MM:SS) = 0:00:00
 [ 37%]  Time step     1034 of 2796 @ t_step =     1033 Time Avg = 1.070213E-04 Time/step= 1.030000E-04 ETA (HH:MM:SS) = 0:00:00
 [ 37%]  Time step     1035 of 2796 @ t_step =     1034 Time Avg = 1.070174E-04 Time/step= 1.030000E-04 ETA (HH:MM:SS) = 0:00:00
 [ 38%]  Time step     1036 of 2796 @ t_step =     1035 Time Avg = 1.070136E-04 Time/step= 1.030000E-04 ETA (HH:MM:SS) = 0:00:00
 [ 38%]  Time step     1037 of 2796 @ t_step =     1036 Time Avg = 1.070097E-04 Time/step= 1.030000E-04 ETA (HH:MM:SS) = 0:00:00
 [ 38%]  Time step     1038 of 2796 @ t_step =     1037 Time Avg = 1.070058E-04 Time/step= 1.030000E-04 ETA (HH:MM:SS) = 0:00:00
 [ 38%]  Time step     1039 of 2796 @ t_step =     1038 Time Avg = 1.070019E-04 Time/step= 1.030000E-04 ETA (HH:MM:SS) = 0:00:00
 [ 38%]  Time step     1040 of 2796 @ t_step =     1039 Time Avg = 1.069990E-04 Time/step= 1.040000E-04 ETA (HH:MM:SS) = 0:00:00
 [ 38%]  Time step     1041 of 2796 @ t_step =     1040 Time Avg = 1.070067E-04 Time/step= 1.150000E-04 ETA (HH:MM:SS) = 0:00:00
 [ 38%]  Time step     1042 of 2796 @ t_step =     1041 Time Avg = 1.070029E-04 Time/step= 1.030000E-04 ETA (HH:MM:SS) = 0:00:00
 [ 38%]  Time step     1043 of 2796 @ t_step =     1042 Time Avg = 1.069990E-04 Time/step= 1.030000E-04 ETA (HH:MM:SS) = 0:00:00
 [ 38%]  Time step     1044 of 2796 @ t_step =     1043 Time Avg = 1.069952E-04 Time/step= 1.030000E-04 ETA (HH:MM:SS) = 0:00:00
 [ 38%]  Time step     1045 of 2796 @ t_step =     1044 Time Avg = 1.069914E-04 Time/step= 1.030000E-04 ETA (HH:MM:SS) = 0:00:00
 [ 38%]  Time step     1046 of 2796 @ t_step =     1045 Time Avg = 1.069875E-04 Time/step= 1.030000E-04 ETA (HH:MM:SS) = 0:00:00
 [ 38%]  Time step     1047 of 2796 @ t_step =     1046 Time Avg = 1.069837E-04 Time/step= 1.030000E-04 ETA (HH:MM:SS) = 0:00:00
 [ 38%]  Time step     1048 of 2796 @ t_step =     1047 Time Avg = 1.069799E-04 Time/step= 1.030000E-04 ETA (HH:MM:SS) = 0:00:00
 [ 38%]  Time step     1049 of 2796 @ t_step =     1048 Time Avg = 1.069761E-04 Time/step= 1.030000E-04 ETA (HH:MM:SS) = 0:00:00
 [ 38%]  Time step     1050 of 2796 @ t_step =     1049 Time Avg = 1.069914E-04 Time/step= 1.230000E-04 ETA (HH:MM:SS) = 0:00:00
 [ 38%]  Time step     1051 of 2796 @ t_step =     1050 Time Avg = 1.069905E-04 Time/step= 1.060000E-04 ETA (HH:MM:SS) = 0:00:00
 [ 38%]  Time step     1052 of 2796 @ t_step =     1051 Time Avg = 1.069895E-04 Time/step= 1.060000E-04 ETA (HH:MM:SS) = 0:00:00
 [ 38%]  Time step     1053 of 2796 @ t_step =     1052 Time Avg = 1.069857E-04 Time/step= 1.030000E-04 ETA (HH:MM:SS) = 0:00:00
 [ 38%]  Time step     1054 of 2796 @ t_step =     1053 Time Avg = 1.069829E-04 Time/step= 1.040000E-04 ETA (HH:MM:SS) = 0:00:00
 [ 38%]  Time step     1055 of 2796 @ t_step =     1054 Time Avg = 1.069791E-04 Time/step= 1.030000E-04 ETA (HH:MM:SS) = 0:00:00
 [ 38%]  Time step     1056 of 2796 @ t_step =     1055 Time Avg = 1.069753E-04 Time/step= 1.030000E-04 ETA (HH:MM:SS) = 0:00:00
 [ 38%]  Time step     1057 of 2796 @ t_step =     1056 Time Avg = 1.069715E-04 Time/step= 1.030000E-04 ETA (HH:MM:SS) = 0:00:00
 [ 38%]  Time step     1058 of 2796 @ t_step =     1057 Time Avg = 1.069763E-04 Time/step= 1.120000E-04 ETA (HH:MM:SS) = 0:00:00
 [ 38%]  Time step     1059 of 2796 @ t_step =     1058 Time Avg = 1.069848E-04 Time/step= 1.160000E-04 ETA (HH:MM:SS) = 0:00:00
 [ 38%]  Time step     1060 of 2796 @ t_step =     1059 Time Avg = 1.069811E-04 Time/step= 1.030000E-04 ETA (HH:MM:SS) = 0:00:00
 [ 38%]  Time step     1061 of 2796 @ t_step =     1060 Time Avg = 1.069773E-04 Time/step= 1.030000E-04 ETA (HH:MM:SS) = 0:00:00
 [ 38%]  Time step     1062 of 2796 @ t_step =     1061 Time Avg = 1.069736E-04 Time/step= 1.030000E-04 ETA (HH:MM:SS) = 0:00:00
 [ 38%]  Time step     1063 of 2796 @ t_step =     1062 Time Avg = 1.069698E-04 Time/step= 1.030000E-04 ETA (HH:MM:SS) = 0:00:00
 [ 39%]  Time step     1064 of 2796 @ t_step =     1063 Time Avg = 1.069661E-04 Time/step= 1.030000E-04 ETA (HH:MM:SS) = 0:00:00
 [ 39%]  Time step     1065 of 2796 @ t_step =     1064 Time Avg = 1.069623E-04 Time/step= 1.030000E-04 ETA (HH:MM:SS) = 0:00:00
 [ 39%]  Time step     1066 of 2796 @ t_step =     1065 Time Avg = 1.069586E-04 Time/step= 1.030000E-04 ETA (HH:MM:SS) = 0:00:00
 [ 39%]  Time step     1067 of 2796 @ t_step =     1066 Time Avg = 1.069671E-04 Time/step= 1.160000E-04 ETA (HH:MM:SS) = 0:00:00
 [ 39%]  Time step     1068 of 2796 @ t_step =     1067 Time Avg = 1.069643E-04 Time/step= 1.040000E-04 ETA (HH:MM:SS) = 0:00:00
 [ 39%]  Time step     1069 of 2796 @ t_step =     1068 Time Avg = 1.069606E-04 Time/step= 1.030000E-04 ETA (HH:MM:SS) = 0:00:00
 [ 39%]  Time step     1070 of 2796 @ t_step =     1069 Time Avg = 1.069569E-04 Time/step= 1.030000E-04 ETA (HH:MM:SS) = 0:00:00
 [ 39%]  Time step     1071 of 2796 @ t_step =     1070 Time Avg = 1.069532E-04 Time/step= 1.030000E-04 ETA (HH:MM:SS) = 0:00:00
 [ 39%]  Time step     1072 of 2796 @ t_step =     1071 Time Avg = 1.069495E-04 Time/step= 1.030000E-04 ETA (HH:MM:SS) = 0:00:00
 [ 39%]  Time step     1073 of 2796 @ t_step =     1072 Time Avg = 1.069458E-04 Time/step= 1.030000E-04 ETA (HH:MM:SS) = 0:00:00
 [ 39%]  Time step     1074 of 2796 @ t_step =     1073 Time Avg = 1.069421E-04 Time/step= 1.030000E-04 ETA (HH:MM:SS) = 0:00:00
 [ 39%]  Time step     1075 of 2796 @ t_step =     1074 Time Avg = 1.069384E-04 Time/step= 1.030000E-04 ETA (HH:MM:SS) = 0:00:00
 [ 39%]  Time step     1076 of 2796 @ t_step =     1075 Time Avg = 1.069450E-04 Time/step= 1.140000E-04 ETA (HH:MM:SS) = 0:00:00
 [ 39%]  Time step     1077 of 2796 @ t_step =     1076 Time Avg = 1.069413E-04 Time/step= 1.030000E-04 ETA (HH:MM:SS) = 0:00:00
 [ 39%]  Time step     1078 of 2796 @ t_step =     1077 Time Avg = 1.069377E-04 Time/step= 1.030000E-04 ETA (HH:MM:SS) = 0:00:00
 [ 39%]  Time step     1079 of 2796 @ t_step =     1078 Time Avg = 1.069340E-04 Time/step= 1.030000E-04 ETA (HH:MM:SS) = 0:00:00
 [ 39%]  Time step     1080 of 2796 @ t_step =     1079 Time Avg = 1.069304E-04 Time/step= 1.030000E-04 ETA (HH:MM:SS) = 0:00:00
 [ 39%]  Time step     1081 of 2796 @ t_step =     1080 Time Avg = 1.069267E-04 Time/step= 1.030000E-04 ETA (HH:MM:SS) = 0:00:00
 [ 39%]  Time step     1082 of 2796 @ t_step =     1081 Time Avg = 1.069240E-04 Time/step= 1.040000E-04 ETA (HH:MM:SS) = 0:00:00
 [ 39%]  Time step     1083 of 2796 @ t_step =     1082 Time Avg = 1.069204E-04 Time/step= 1.030000E-04 ETA (HH:MM:SS) = 0:00:00
 [ 39%]  Time step     1084 of 2796 @ t_step =     1083 Time Avg = 1.069167E-04 Time/step= 1.030000E-04 ETA (HH:MM:SS) = 0:00:00
 [ 39%]  Time step     1085 of 2796 @ t_step =     1084 Time Avg = 1.069288E-04 Time/step= 1.200000E-04 ETA (HH:MM:SS) = 0:00:00
 [ 39%]  Time step     1086 of 2796 @ t_step =     1085 Time Avg = 1.069289E-04 Time/step= 1.070000E-04 ETA (HH:MM:SS) = 0:00:00
 [ 39%]  Time step     1087 of 2796 @ t_step =     1086 Time Avg = 1.069290E-04 Time/step= 1.070000E-04 ETA (HH:MM:SS) = 0:00:00
 [ 39%]  Time step     1088 of 2796 @ t_step =     1087 Time Avg = 1.069373E-04 Time/step= 1.160000E-04 ETA (HH:MM:SS) = 0:00:00
 [ 39%]  Time step     1089 of 2796 @ t_step =     1088 Time Avg = 1.069337E-04 Time/step= 1.030000E-04 ETA (HH:MM:SS) = 0:00:00
 [ 39%]  Time step     1090 of 2796 @ t_step =     1089 Time Avg = 1.069301E-04 Time/step= 1.030000E-04 ETA (HH:MM:SS) = 0:00:00
 [ 39%]  Time step     1091 of 2796 @ t_step =     1090 Time Avg = 1.069265E-04 Time/step= 1.030000E-04 ETA (HH:MM:SS) = 0:00:00
 [ 40%]  Time step     1092 of 2796 @ t_step =     1091 Time Avg = 1.069229E-04 Time/step= 1.030000E-04 ETA (HH:MM:SS) = 0:00:00
 [ 40%]  Time step     1093 of 2796 @ t_step =     1092 Time Avg = 1.069193E-04 Time/step= 1.030000E-04 ETA (HH:MM:SS) = 0:00:00
 [ 40%]  Time step     1094 of 2796 @ t_step =     1093 Time Avg = 1.069377E-04 Time/step= 1.270000E-04 ETA (HH:MM:SS) = 0:00:00
 [ 40%]  Time step     1095 of 2796 @ t_step =     1094 Time Avg = 1.069350E-04 Time/step= 1.040000E-04 ETA (HH:MM:SS) = 0:00:00
 [ 40%]  Time step     1096 of 2796 @ t_step =     1095 Time Avg = 1.069323E-04 Time/step= 1.040000E-04 ETA (HH:MM:SS) = 0:00:00
 [ 40%]  Time step     1097 of 2796 @ t_step =     1096 Time Avg = 1.069287E-04 Time/step= 1.030000E-04 ETA (HH:MM:SS) = 0:00:00
 [ 40%]  Time step     1098 of 2796 @ t_step =     1097 Time Avg = 1.069260E-04 Time/step= 1.040000E-04 ETA (HH:MM:SS) = 0:00:00
 [ 40%]  Time step     1099 of 2796 @ t_step =     1098 Time Avg = 1.069224E-04 Time/step= 1.030000E-04 ETA (HH:MM:SS) = 0:00:00
 [ 40%]  Time step     1100 of 2796 @ t_step =     1099 Time Avg = 1.069189E-04 Time/step= 1.030000E-04 ETA (HH:MM:SS) = 0:00:00
 [ 40%]  Time step     1101 of 2796 @ t_step =     1100 Time Avg = 1.069153E-04 Time/step= 1.030000E-04 ETA (HH:MM:SS) = 0:00:00
 [ 40%]  Time step     1102 of 2796 @ t_step =     1101 Time Avg = 1.069117E-04 Time/step= 1.030000E-04 ETA (HH:MM:SS) = 0:00:00
 [ 40%]  Time step     1103 of 2796 @ t_step =     1102 Time Avg = 1.069236E-04 Time/step= 1.200000E-04 ETA (HH:MM:SS) = 0:00:00
 [ 40%]  Time step     1104 of 2796 @ t_step =     1103 Time Avg = 1.069201E-04 Time/step= 1.030000E-04 ETA (HH:MM:SS) = 0:00:00
 [ 40%]  Time step     1105 of 2796 @ t_step =     1104 Time Avg = 1.069165E-04 Time/step= 1.030000E-04 ETA (HH:MM:SS) = 0:00:00
 [ 40%]  Time step     1106 of 2796 @ t_step =     1105 Time Avg = 1.069130E-04 Time/step= 1.030000E-04 ETA (HH:MM:SS) = 0:00:00
 [ 40%]  Time step     1107 of 2796 @ t_step =     1106 Time Avg = 1.069094E-04 Time/step= 1.030000E-04 ETA (HH:MM:SS) = 0:00:00
 [ 40%]  Time step     1108 of 2796 @ t_step =     1107 Time Avg = 1.069059E-04 Time/step= 1.030000E-04 ETA (HH:MM:SS) = 0:00:00
 [ 40%]  Time step     1109 of 2796 @ t_step =     1108 Time Avg = 1.069024E-04 Time/step= 1.030000E-04 ETA (HH:MM:SS) = 0:00:00
 [ 40%]  Time step     1110 of 2796 @ t_step =     1109 Time Avg = 1.068997E-04 Time/step= 1.040000E-04 ETA (HH:MM:SS) = 0:00:00
 [ 40%]  Time step     1111 of 2796 @ t_step =     1110 Time Avg = 1.068962E-04 Time/step= 1.030000E-04 ETA (HH:MM:SS) = 0:00:00
 [ 40%]  Time step     1112 of 2796 @ t_step =     1111 Time Avg = 1.069035E-04 Time/step= 1.150000E-04 ETA (HH:MM:SS) = 0:00:00
 [ 40%]  Time step     1113 of 2796 @ t_step =     1112 Time Avg = 1.069009E-04 Time/step= 1.040000E-04 ETA (HH:MM:SS) = 0:00:00
 [ 40%]  Time step     1114 of 2796 @ t_step =     1113 Time Avg = 1.068974E-04 Time/step= 1.030000E-04 ETA (HH:MM:SS) = 0:00:00
 [ 40%]  Time step     1115 of 2796 @ t_step =     1114 Time Avg = 1.068939E-04 Time/step= 1.030000E-04 ETA (HH:MM:SS) = 0:00:00
 [ 40%]  Time step     1116 of 2796 @ t_step =     1115 Time Avg = 1.068904E-04 Time/step= 1.030000E-04 ETA (HH:MM:SS) = 0:00:00
 [ 40%]  Time step     1117 of 2796 @ t_step =     1116 Time Avg = 1.068869E-04 Time/step= 1.030000E-04 ETA (HH:MM:SS) = 0:00:00
 [ 40%]  Time step     1118 of 2796 @ t_step =     1117 Time Avg = 1.068843E-04 Time/step= 1.040000E-04 ETA (HH:MM:SS) = 0:00:00
 [ 40%]  Time step     1119 of 2796 @ t_step =     1118 Time Avg = 1.068808E-04 Time/step= 1.030000E-04 ETA (HH:MM:SS) = 0:00:00
 [ 41%]  Time step     1120 of 2796 @ t_step =     1119 Time Avg = 1.068774E-04 Time/step= 1.030000E-04 ETA (HH:MM:SS) = 0:00:00
 [ 41%]  Time step     1121 of 2796 @ t_step =     1120 Time Avg = 1.068927E-04 Time/step= 1.240000E-04 ETA (HH:MM:SS) = 0:00:00
 [ 41%]  Time step     1122 of 2796 @ t_step =     1121 Time Avg = 1.068937E-04 Time/step= 1.080000E-04 ETA (HH:MM:SS) = 0:00:00
 [ 41%]  Time step     1123 of 2796 @ t_step =     1122 Time Avg = 1.068929E-04 Time/step= 1.060000E-04 ETA (HH:MM:SS) = 0:00:00
 [ 41%]  Time step     1124 of 2796 @ t_step =     1123 Time Avg = 1.068894E-04 Time/step= 1.030000E-04 ETA (HH:MM:SS) = 0:00:00
 [ 41%]  Time step     1125 of 2796 @ t_step =     1124 Time Avg = 1.068859E-04 Time/step= 1.030000E-04 ETA (HH:MM:SS) = 0:00:00
 [ 41%]  Time step     1126 of 2796 @ t_step =     1125 Time Avg = 1.068825E-04 Time/step= 1.030000E-04 ETA (HH:MM:SS) = 0:00:00
 [ 41%]  Time step     1127 of 2796 @ t_step =     1126 Time Avg = 1.068781E-04 Time/step= 1.020000E-04 ETA (HH:MM:SS) = 0:00:00
 [ 41%]  Time step     1128 of 2796 @ t_step =     1127 Time Avg = 1.068756E-04 Time/step= 1.040000E-04 ETA (HH:MM:SS) = 0:00:00
 [ 41%]  Time step     1129 of 2796 @ t_step =     1128 Time Avg = 1.068819E-04 Time/step= 1.140000E-04 ETA (HH:MM:SS) = 0:00:00
 [ 41%]  Time step     1130 of 2796 @ t_step =     1129 Time Avg = 1.068891E-04 Time/step= 1.150000E-04 ETA (HH:MM:SS) = 0:00:00
 [ 41%]  Time step     1131 of 2796 @ t_step =     1130 Time Avg = 1.068865E-04 Time/step= 1.040000E-04 ETA (HH:MM:SS) = 0:00:00
 [ 41%]  Time step     1132 of 2796 @ t_step =     1131 Time Avg = 1.068840E-04 Time/step= 1.040000E-04 ETA (HH:MM:SS) = 0:00:00
 [ 41%]  Time step     1133 of 2796 @ t_step =     1132 Time Avg = 1.068805E-04 Time/step= 1.030000E-04 ETA (HH:MM:SS) = 0:00:00
 [ 41%]  Time step     1134 of 2796 @ t_step =     1133 Time Avg = 1.068780E-04 Time/step= 1.040000E-04 ETA (HH:MM:SS) = 0:00:00
 [ 41%]  Time step     1135 of 2796 @ t_step =     1134 Time Avg = 1.068746E-04 Time/step= 1.030000E-04 ETA (HH:MM:SS) = 0:00:00
 [ 41%]  Time step     1136 of 2796 @ t_step =     1135 Time Avg = 1.068720E-04 Time/step= 1.040000E-04 ETA (HH:MM:SS) = 0:00:00
 [ 41%]  Time step     1137 of 2796 @ t_step =     1136 Time Avg = 1.068695E-04 Time/step= 1.040000E-04 ETA (HH:MM:SS) = 0:00:00
 [ 41%]  Time step     1138 of 2796 @ t_step =     1137 Time Avg = 1.068767E-04 Time/step= 1.150000E-04 ETA (HH:MM:SS) = 0:00:00
 [ 41%]  Time step     1139 of 2796 @ t_step =     1138 Time Avg = 1.068741E-04 Time/step= 1.040000E-04 ETA (HH:MM:SS) = 0:00:00
 [ 41%]  Time step     1140 of 2796 @ t_step =     1139 Time Avg = 1.068716E-04 Time/step= 1.040000E-04 ETA (HH:MM:SS) = 0:00:00
 [ 41%]  Time step     1141 of 2796 @ t_step =     1140 Time Avg = 1.068682E-04 Time/step= 1.030000E-04 ETA (HH:MM:SS) = 0:00:00
 [ 41%]  Time step     1142 of 2796 @ t_step =     1141 Time Avg = 1.068648E-04 Time/step= 1.030000E-04 ETA (HH:MM:SS) = 0:00:00
 [ 41%]  Time step     1143 of 2796 @ t_step =     1142 Time Avg = 1.068623E-04 Time/step= 1.040000E-04 ETA (HH:MM:SS) = 0:00:00
 [ 41%]  Time step     1144 of 2796 @ t_step =     1143 Time Avg = 1.068589E-04 Time/step= 1.030000E-04 ETA (HH:MM:SS) = 0:00:00
 [ 41%]  Time step     1145 of 2796 @ t_step =     1144 Time Avg = 1.068555E-04 Time/step= 1.030000E-04 ETA (HH:MM:SS) = 0:00:00
 [ 41%]  Time step     1146 of 2796 @ t_step =     1145 Time Avg = 1.068521E-04 Time/step= 1.030000E-04 ETA (HH:MM:SS) = 0:00:00
 [ 41%]  Time step     1147 of 2796 @ t_step =     1146 Time Avg = 1.068584E-04 Time/step= 1.140000E-04 ETA (HH:MM:SS) = 0:00:00
 [ 42%]  Time step     1148 of 2796 @ t_step =     1147 Time Avg = 1.068559E-04 Time/step= 1.040000E-04 ETA (HH:MM:SS) = 0:00:00
 [ 42%]  Time step     1149 of 2796 @ t_step =     1148 Time Avg = 1.068525E-04 Time/step= 1.030000E-04 ETA (HH:MM:SS) = 0:00:00
 [ 42%]  Time step     1150 of 2796 @ t_step =     1149 Time Avg = 1.068492E-04 Time/step= 1.030000E-04 ETA (HH:MM:SS) = 0:00:00
 [ 42%]  Time step     1151 of 2796 @ t_step =     1150 Time Avg = 1.068458E-04 Time/step= 1.030000E-04 ETA (HH:MM:SS) = 0:00:00
 [ 42%]  Time step     1152 of 2796 @ t_step =     1151 Time Avg = 1.068425E-04 Time/step= 1.030000E-04 ETA (HH:MM:SS) = 0:00:00
 [ 42%]  Time step     1153 of 2796 @ t_step =     1152 Time Avg = 1.068391E-04 Time/step= 1.030000E-04 ETA (HH:MM:SS) = 0:00:00
 [ 42%]  Time step     1154 of 2796 @ t_step =     1153 Time Avg = 1.068358E-04 Time/step= 1.030000E-04 ETA (HH:MM:SS) = 0:00:00
 [ 42%]  Time step     1155 of 2796 @ t_step =     1154 Time Avg = 1.068325E-04 Time/step= 1.030000E-04 ETA (HH:MM:SS) = 0:00:00
 [ 42%]  Time step     1156 of 2796 @ t_step =     1155 Time Avg = 1.068508E-04 Time/step= 1.280000E-04 ETA (HH:MM:SS) = 0:00:00
 [ 42%]  Time step     1157 of 2796 @ t_step =     1156 Time Avg = 1.068510E-04 Time/step= 1.070000E-04 ETA (HH:MM:SS) = 0:00:00
 [ 42%]  Time step     1158 of 2796 @ t_step =     1157 Time Avg = 1.068511E-04 Time/step= 1.070000E-04 ETA (HH:MM:SS) = 0:00:00
 [ 42%]  Time step     1159 of 2796 @ t_step =     1158 Time Avg = 1.068581E-04 Time/step= 1.150000E-04 ETA (HH:MM:SS) = 0:00:00
 [ 42%]  Time step     1160 of 2796 @ t_step =     1159 Time Avg = 1.068548E-04 Time/step= 1.030000E-04 ETA (HH:MM:SS) = 0:00:00
 [ 42%]  Time step     1161 of 2796 @ t_step =     1160 Time Avg = 1.068515E-04 Time/step= 1.030000E-04 ETA (HH:MM:SS) = 0:00:00
 [ 42%]  Time step     1162 of 2796 @ t_step =     1161 Time Avg = 1.068481E-04 Time/step= 1.030000E-04 ETA (HH:MM:SS) = 0:00:00
 [ 42%]  Time step     1163 of 2796 @ t_step =     1162 Time Avg = 1.068569E-04 Time/step= 1.170000E-04 ETA (HH:MM:SS) = 0:00:00
 [ 42%]  Time step     1164 of 2796 @ t_step =     1163 Time Avg = 1.068570E-04 Time/step= 1.070000E-04 ETA (HH:MM:SS) = 0:00:00
 [ 42%]  Time step     1165 of 2796 @ t_step =     1164 Time Avg = 1.068787E-04 Time/step= 1.320000E-04 ETA (HH:MM:SS) = 0:00:00
 [ 42%]  Time step     1166 of 2796 @ t_step =     1165 Time Avg = 1.068865E-04 Time/step= 1.160000E-04 ETA (HH:MM:SS) = 0:00:00
 [ 42%]  Time step     1167 of 2796 @ t_step =     1166 Time Avg = 1.068832E-04 Time/step= 1.030000E-04 ETA (HH:MM:SS) = 0:00:00
 [ 42%]  Time step     1168 of 2796 @ t_step =     1167 Time Avg = 1.068798E-04 Time/step= 1.030000E-04 ETA (HH:MM:SS) = 0:00:00
 [ 42%]  Time step     1169 of 2796 @ t_step =     1168 Time Avg = 1.068765E-04 Time/step= 1.030000E-04 ETA (HH:MM:SS) = 0:00:00
 [ 42%]  Time step     1170 of 2796 @ t_step =     1169 Time Avg = 1.068732E-04 Time/step= 1.030000E-04 ETA (HH:MM:SS) = 0:00:00
 [ 42%]  Time step     1171 of 2796 @ t_step =     1170 Time Avg = 1.068699E-04 Time/step= 1.030000E-04 ETA (HH:MM:SS) = 0:00:00
 [ 42%]  Time step     1172 of 2796 @ t_step =     1171 Time Avg = 1.068674E-04 Time/step= 1.040000E-04 ETA (HH:MM:SS) = 0:00:00
 [ 42%]  Time step     1173 of 2796 @ t_step =     1172 Time Avg = 1.068752E-04 Time/step= 1.160000E-04 ETA (HH:MM:SS) = 0:00:00
 [ 42%]  Time step     1174 of 2796 @ t_step =     1173 Time Avg = 1.068736E-04 Time/step= 1.050000E-04 ETA (HH:MM:SS) = 0:00:00
 [ 42%]  Time step     1175 of 2796 @ t_step =     1174 Time Avg = 1.068703E-04 Time/step= 1.030000E-04 ETA (HH:MM:SS) = 0:00:00
 [ 43%]  Time step     1176 of 2796 @ t_step =     1175 Time Avg = 1.068670E-04 Time/step= 1.030000E-04 ETA (HH:MM:SS) = 0:00:00
 [ 43%]  Time step     1177 of 2796 @ t_step =     1176 Time Avg = 1.068637E-04 Time/step= 1.030000E-04 ETA (HH:MM:SS) = 0:00:00
 [ 43%]  Time step     1178 of 2796 @ t_step =     1177 Time Avg = 1.068604E-04 Time/step= 1.030000E-04 ETA (HH:MM:SS) = 0:00:00
 [ 43%]  Time step     1179 of 2796 @ t_step =     1178 Time Avg = 1.068571E-04 Time/step= 1.030000E-04 ETA (HH:MM:SS) = 0:00:00
 [ 43%]  Time step     1180 of 2796 @ t_step =     1179 Time Avg = 1.068539E-04 Time/step= 1.030000E-04 ETA (HH:MM:SS) = 0:00:00
 [ 43%]  Time step     1181 of 2796 @ t_step =     1180 Time Avg = 1.068506E-04 Time/step= 1.030000E-04 ETA (HH:MM:SS) = 0:00:00
 [ 43%]  Time step     1182 of 2796 @ t_step =     1181 Time Avg = 1.068575E-04 Time/step= 1.150000E-04 ETA (HH:MM:SS) = 0:00:00
 [ 43%]  Time step     1183 of 2796 @ t_step =     1182 Time Avg = 1.068551E-04 Time/step= 1.040000E-04 ETA (HH:MM:SS) = 0:00:00
 [ 43%]  Time step     1184 of 2796 @ t_step =     1183 Time Avg = 1.068518E-04 Time/step= 1.030000E-04 ETA (HH:MM:SS) = 0:00:00
 [ 43%]  Time step     1185 of 2796 @ t_step =     1184 Time Avg = 1.068486E-04 Time/step= 1.030000E-04 ETA (HH:MM:SS) = 0:00:00
 [ 43%]  Time step     1186 of 2796 @ t_step =     1185 Time Avg = 1.068453E-04 Time/step= 1.030000E-04 ETA (HH:MM:SS) = 0:00:00
 [ 43%]  Time step     1187 of 2796 @ t_step =     1186 Time Avg = 1.068421E-04 Time/step= 1.030000E-04 ETA (HH:MM:SS) = 0:00:00
 [ 43%]  Time step     1188 of 2796 @ t_step =     1187 Time Avg = 1.068388E-04 Time/step= 1.030000E-04 ETA (HH:MM:SS) = 0:00:00
 [ 43%]  Time step     1189 of 2796 @ t_step =     1188 Time Avg = 1.068356E-04 Time/step= 1.030000E-04 ETA (HH:MM:SS) = 0:00:00
 [ 43%]  Time step     1190 of 2796 @ t_step =     1189 Time Avg = 1.068324E-04 Time/step= 1.030000E-04 ETA (HH:MM:SS) = 0:00:00
 [ 43%]  Time step     1191 of 2796 @ t_step =     1190 Time Avg = 1.068434E-04 Time/step= 1.200000E-04 ETA (HH:MM:SS) = 0:00:00
 [ 43%]  Time step     1192 of 2796 @ t_step =     1191 Time Avg = 1.068436E-04 Time/step= 1.070000E-04 ETA (HH:MM:SS) = 0:00:00
 [ 43%]  Time step     1193 of 2796 @ t_step =     1192 Time Avg = 1.068437E-04 Time/step= 1.070000E-04 ETA (HH:MM:SS) = 0:00:00
 [ 43%]  Time step     1194 of 2796 @ t_step =     1193 Time Avg = 1.068522E-04 Time/step= 1.170000E-04 ETA (HH:MM:SS) = 0:00:00
 [ 43%]  Time step     1195 of 2796 @ t_step =     1194 Time Avg = 1.068490E-04 Time/step= 1.030000E-04 ETA (HH:MM:SS) = 0:00:00
 [ 43%]  Time step     1196 of 2796 @ t_step =     1195 Time Avg = 1.068458E-04 Time/step= 1.030000E-04 ETA (HH:MM:SS) = 0:00:00
 [ 43%]  Time step     1197 of 2796 @ t_step =     1196 Time Avg = 1.068425E-04 Time/step= 1.030000E-04 ETA (HH:MM:SS) = 0:00:00
 [ 43%]  Time step     1198 of 2796 @ t_step =     1197 Time Avg = 1.068402E-04 Time/step= 1.040000E-04 ETA (HH:MM:SS) = 0:00:00
 [ 43%]  Time step     1199 of 2796 @ t_step =     1198 Time Avg = 1.068370E-04 Time/step= 1.030000E-04 ETA (HH:MM:SS) = 0:00:00
 [ 43%]  Time step     1200 of 2796 @ t_step =     1199 Time Avg = 1.068555E-04 Time/step= 1.290000E-04 ETA (HH:MM:SS) = 0:00:00
 [ 43%]  Time step     1201 of 2796 @ t_step =     1200 Time Avg = 1.068531E-04 Time/step= 1.040000E-04 ETA (HH:MM:SS) = 0:00:00
 [ 43%]  Time step     1202 of 2796 @ t_step =     1201 Time Avg = 1.068507E-04 Time/step= 1.040000E-04 ETA (HH:MM:SS) = 0:00:00
 [ 43%]  Time step     1203 of 2796 @ t_step =     1202 Time Avg = 1.068475E-04 Time/step= 1.030000E-04 ETA (HH:MM:SS) = 0:00:00
 [ 44%]  Time step     1204 of 2796 @ t_step =     1203 Time Avg = 1.068443E-04 Time/step= 1.030000E-04 ETA (HH:MM:SS) = 0:00:00
 [ 44%]  Time step     1205 of 2796 @ t_step =     1204 Time Avg = 1.068411E-04 Time/step= 1.030000E-04 ETA (HH:MM:SS) = 0:00:00
 [ 44%]  Time step     1206 of 2796 @ t_step =     1205 Time Avg = 1.068379E-04 Time/step= 1.030000E-04 ETA (HH:MM:SS) = 0:00:00
 [ 44%]  Time step     1207 of 2796 @ t_step =     1206 Time Avg = 1.068339E-04 Time/step= 1.020000E-04 ETA (HH:MM:SS) = 0:00:00
 [ 44%]  Time step     1208 of 2796 @ t_step =     1207 Time Avg = 1.068307E-04 Time/step= 1.030000E-04 ETA (HH:MM:SS) = 0:00:00
 [ 44%]  Time step     1209 of 2796 @ t_step =     1208 Time Avg = 1.068391E-04 Time/step= 1.170000E-04 ETA (HH:MM:SS) = 0:00:00
 [ 44%]  Time step     1210 of 2796 @ t_step =     1209 Time Avg = 1.068360E-04 Time/step= 1.030000E-04 ETA (HH:MM:SS) = 0:00:00
 [ 44%]  Time step     1211 of 2796 @ t_step =     1210 Time Avg = 1.068328E-04 Time/step= 1.030000E-04 ETA (HH:MM:SS) = 0:00:00
 [ 44%]  Time step     1212 of 2796 @ t_step =     1211 Time Avg = 1.068296E-04 Time/step= 1.030000E-04 ETA (HH:MM:SS) = 0:00:00
 [ 44%]  Time step     1213 of 2796 @ t_step =     1212 Time Avg = 1.068264E-04 Time/step= 1.030000E-04 ETA (HH:MM:SS) = 0:00:00
 [ 44%]  Time step     1214 of 2796 @ t_step =     1213 Time Avg = 1.068233E-04 Time/step= 1.030000E-04 ETA (HH:MM:SS) = 0:00:00
 [ 44%]  Time step     1215 of 2796 @ t_step =     1214 Time Avg = 1.068201E-04 Time/step= 1.030000E-04 ETA (HH:MM:SS) = 0:00:00
 [ 44%]  Time step     1216 of 2796 @ t_step =     1215 Time Avg = 1.068170E-04 Time/step= 1.030000E-04 ETA (HH:MM:SS) = 0:00:00
 [ 44%]  Time step     1217 of 2796 @ t_step =     1216 Time Avg = 1.068138E-04 Time/step= 1.030000E-04 ETA (HH:MM:SS) = 0:00:00
 [ 44%]  Time step     1218 of 2796 @ t_step =     1217 Time Avg = 1.068222E-04 Time/step= 1.170000E-04 ETA (HH:MM:SS) = 0:00:00
 [ 44%]  Time step     1219 of 2796 @ t_step =     1218 Time Avg = 1.068191E-04 Time/step= 1.030000E-04 ETA (HH:MM:SS) = 0:00:00
 [ 44%]  Time step     1220 of 2796 @ t_step =     1219 Time Avg = 1.068168E-04 Time/step= 1.040000E-04 ETA (HH:MM:SS) = 0:00:00
 [ 44%]  Time step     1221 of 2796 @ t_step =     1220 Time Avg = 1.068136E-04 Time/step= 1.030000E-04 ETA (HH:MM:SS) = 0:00:00
 [ 44%]  Time step     1222 of 2796 @ t_step =     1221 Time Avg = 1.068113E-04 Time/step= 1.040000E-04 ETA (HH:MM:SS) = 0:00:00
 [ 44%]  Time step     1223 of 2796 @ t_step =     1222 Time Avg = 1.068090E-04 Time/step= 1.040000E-04 ETA (HH:MM:SS) = 0:00:00
 [ 44%]  Time step     1224 of 2796 @ t_step =     1223 Time Avg = 1.068059E-04 Time/step= 1.030000E-04 ETA (HH:MM:SS) = 0:00:00
 [ 44%]  Time step     1225 of 2796 @ t_step =     1224 Time Avg = 1.068028E-04 Time/step= 1.030000E-04 ETA (HH:MM:SS) = 0:00:00
 [ 44%]  Time step     1226 of 2796 @ t_step =     1225 Time Avg = 1.067997E-04 Time/step= 1.030000E-04 ETA (HH:MM:SS) = 0:00:00
 [ 44%]  Time step     1227 of 2796 @ t_step =     1226 Time Avg = 1.068113E-04 Time/step= 1.210000E-04 ETA (HH:MM:SS) = 0:00:00
 [ 44%]  Time step     1228 of 2796 @ t_step =     1227 Time Avg = 1.068114E-04 Time/step= 1.070000E-04 ETA (HH:MM:SS) = 0:00:00
 [ 44%]  Time step     1229 of 2796 @ t_step =     1228 Time Avg = 1.068116E-04 Time/step= 1.070000E-04 ETA (HH:MM:SS) = 0:00:00
 [ 44%]  Time step     1230 of 2796 @ t_step =     1229 Time Avg = 1.068174E-04 Time/step= 1.140000E-04 ETA (HH:MM:SS) = 0:00:00
 [ 44%]  Time step     1231 of 2796 @ t_step =     1230 Time Avg = 1.068143E-04 Time/step= 1.030000E-04 ETA (HH:MM:SS) = 0:00:00
 [ 45%]  Time step     1232 of 2796 @ t_step =     1231 Time Avg = 1.068112E-04 Time/step= 1.030000E-04 ETA (HH:MM:SS) = 0:00:00
 [ 45%]  Time step     1233 of 2796 @ t_step =     1232 Time Avg = 1.068081E-04 Time/step= 1.030000E-04 ETA (HH:MM:SS) = 0:00:00
 [ 45%]  Time step     1234 of 2796 @ t_step =     1233 Time Avg = 1.068050E-04 Time/step= 1.030000E-04 ETA (HH:MM:SS) = 0:00:00
 [ 45%]  Time step     1235 of 2796 @ t_step =     1234 Time Avg = 1.068019E-04 Time/step= 1.030000E-04 ETA (HH:MM:SS) = 0:00:00
 [ 45%]  Time step     1236 of 2796 @ t_step =     1235 Time Avg = 1.068183E-04 Time/step= 1.270000E-04 ETA (HH:MM:SS) = 0:00:00
 [ 45%]  Time step     1237 of 2796 @ t_step =     1236 Time Avg = 1.068160E-04 Time/step= 1.040000E-04 ETA (HH:MM:SS) = 0:00:00
 [ 45%]  Time step     1238 of 2796 @ t_step =     1237 Time Avg = 1.068130E-04 Time/step= 1.030000E-04 ETA (HH:MM:SS) = 0:00:00
 [ 45%]  Time step     1239 of 2796 @ t_step =     1238 Time Avg = 1.068099E-04 Time/step= 1.030000E-04 ETA (HH:MM:SS) = 0:00:00
 [ 45%]  Time step     1240 of 2796 @ t_step =     1239 Time Avg = 1.068076E-04 Time/step= 1.040000E-04 ETA (HH:MM:SS) = 0:00:00
 [ 45%]  Time step     1241 of 2796 @ t_step =     1240 Time Avg = 1.068045E-04 Time/step= 1.030000E-04 ETA (HH:MM:SS) = 0:00:00
 [ 45%]  Time step     1242 of 2796 @ t_step =     1241 Time Avg = 1.068015E-04 Time/step= 1.030000E-04 ETA (HH:MM:SS) = 0:00:00
 [ 45%]  Time step     1243 of 2796 @ t_step =     1242 Time Avg = 1.067984E-04 Time/step= 1.030000E-04 ETA (HH:MM:SS) = 0:00:00
 [ 45%]  Time step     1244 of 2796 @ t_step =     1243 Time Avg = 1.068034E-04 Time/step= 1.130000E-04 ETA (HH:MM:SS) = 0:00:00
 [ 45%]  Time step     1245 of 2796 @ t_step =     1244 Time Avg = 1.068011E-04 Time/step= 1.040000E-04 ETA (HH:MM:SS) = 0:00:00
 [ 45%]  Time step     1246 of 2796 @ t_step =     1245 Time Avg = 1.067989E-04 Time/step= 1.040000E-04 ETA (HH:MM:SS) = 0:00:00
 [ 45%]  Time step     1247 of 2796 @ t_step =     1246 Time Avg = 1.067958E-04 Time/step= 1.030000E-04 ETA (HH:MM:SS) = 0:00:00
 [ 45%]  Time step     1248 of 2796 @ t_step =     1247 Time Avg = 1.067936E-04 Time/step= 1.040000E-04 ETA (HH:MM:SS) = 0:00:00
 [ 45%]  Time step     1249 of 2796 @ t_step =     1248 Time Avg = 1.067905E-04 Time/step= 1.030000E-04 ETA (HH:MM:SS) = 0:00:00
 [ 45%]  Time step     1250 of 2796 @ t_step =     1249 Time Avg = 1.067875E-04 Time/step= 1.030000E-04 ETA (HH:MM:SS) = 0:00:00
 [ 45%]  Time step     1251 of 2796 @ t_step =     1250 Time Avg = 1.067837E-04 Time/step= 1.020000E-04 ETA (HH:MM:SS) = 0:00:00
 [ 45%]  Time step     1252 of 2796 @ t_step =     1251 Time Avg = 1.067806E-04 Time/step= 1.030000E-04 ETA (HH:MM:SS) = 0:00:00
 [ 45%]  Time step     1253 of 2796 @ t_step =     1252 Time Avg = 1.067872E-04 Time/step= 1.150000E-04 ETA (HH:MM:SS) = 0:00:00
 [ 45%]  Time step     1254 of 2796 @ t_step =     1253 Time Avg = 1.067850E-04 Time/step= 1.040000E-04 ETA (HH:MM:SS) = 0:00:00
 [ 45%]  Time step     1255 of 2796 @ t_step =     1254 Time Avg = 1.067819E-04 Time/step= 1.030000E-04 ETA (HH:MM:SS) = 0:00:00
 [ 45%]  Time step     1256 of 2796 @ t_step =     1255 Time Avg = 1.067909E-04 Time/step= 1.180000E-04 ETA (HH:MM:SS) = 0:00:00
 [ 45%]  Time step     1257 of 2796 @ t_step =     1256 Time Avg = 1.067903E-04 Time/step= 1.060000E-04 ETA (HH:MM:SS) = 0:00:00
 [ 45%]  Time step     1258 of 2796 @ t_step =     1257 Time Avg = 1.068088E-04 Time/step= 1.300000E-04 ETA (HH:MM:SS) = 0:00:00
 [ 45%]  Time step     1259 of 2796 @ t_step =     1258 Time Avg = 1.068081E-04 Time/step= 1.060000E-04 ETA (HH:MM:SS) = 0:00:00
 [ 46%]  Time step     1260 of 2796 @ t_step =     1259 Time Avg = 1.068083E-04 Time/step= 1.070000E-04 ETA (HH:MM:SS) = 0:00:00
 [ 46%]  Time step     1261 of 2796 @ t_step =     1260 Time Avg = 1.068140E-04 Time/step= 1.140000E-04 ETA (HH:MM:SS) = 0:00:00
 [ 46%]  Time step     1262 of 2796 @ t_step =     1261 Time Avg = 1.068284E-04 Time/step= 1.250000E-04 ETA (HH:MM:SS) = 0:00:00
 [ 46%]  Time step     1263 of 2796 @ t_step =     1262 Time Avg = 1.068286E-04 Time/step= 1.070000E-04 ETA (HH:MM:SS) = 0:00:00
 [ 46%]  Time step     1264 of 2796 @ t_step =     1263 Time Avg = 1.068287E-04 Time/step= 1.070000E-04 ETA (HH:MM:SS) = 0:00:00
 [ 46%]  Time step     1265 of 2796 @ t_step =     1264 Time Avg = 1.068344E-04 Time/step= 1.140000E-04 ETA (HH:MM:SS) = 0:00:00
 [ 46%]  Time step     1266 of 2796 @ t_step =     1265 Time Avg = 1.068314E-04 Time/step= 1.030000E-04 ETA (HH:MM:SS) = 0:00:00
 [ 46%]  Time step     1267 of 2796 @ t_step =     1266 Time Avg = 1.068283E-04 Time/step= 1.030000E-04 ETA (HH:MM:SS) = 0:00:00
 [ 46%]  Time step     1268 of 2796 @ t_step =     1267 Time Avg = 1.068253E-04 Time/step= 1.030000E-04 ETA (HH:MM:SS) = 0:00:00
 [ 46%]  Time step     1269 of 2796 @ t_step =     1268 Time Avg = 1.068223E-04 Time/step= 1.030000E-04 ETA (HH:MM:SS) = 0:00:00
 [ 46%]  Time step     1270 of 2796 @ t_step =     1269 Time Avg = 1.068248E-04 Time/step= 1.100000E-04 ETA (HH:MM:SS) = 0:00:00
 [ 46%]  Time step     1271 of 2796 @ t_step =     1270 Time Avg = 1.068336E-04 Time/step= 1.180000E-04 ETA (HH:MM:SS) = 0:00:00
 [ 46%]  Time step     1272 of 2796 @ t_step =     1271 Time Avg = 1.068314E-04 Time/step= 1.040000E-04 ETA (HH:MM:SS) = 0:00:00
 [ 46%]  Time step     1273 of 2796 @ t_step =     1272 Time Avg = 1.068283E-04 Time/step= 1.030000E-04 ETA (HH:MM:SS) = 0:00:00
 [ 46%]  Time step     1274 of 2796 @ t_step =     1273 Time Avg = 1.068253E-04 Time/step= 1.030000E-04 ETA (HH:MM:SS) = 0:00:00
 [ 46%]  Time step     1275 of 2796 @ t_step =     1274 Time Avg = 1.068223E-04 Time/step= 1.030000E-04 ETA (HH:MM:SS) = 0:00:00
 [ 46%]  Time step     1276 of 2796 @ t_step =     1275 Time Avg = 1.068201E-04 Time/step= 1.040000E-04 ETA (HH:MM:SS) = 0:00:00
 [ 46%]  Time step     1277 of 2796 @ t_step =     1276 Time Avg = 1.068171E-04 Time/step= 1.030000E-04 ETA (HH:MM:SS) = 0:00:00
 [ 46%]  Time step     1278 of 2796 @ t_step =     1277 Time Avg = 1.068141E-04 Time/step= 1.030000E-04 ETA (HH:MM:SS) = 0:00:00
 [ 46%]  Time step     1279 of 2796 @ t_step =     1278 Time Avg = 1.068197E-04 Time/step= 1.140000E-04 ETA (HH:MM:SS) = 0:00:00
 [ 46%]  Time step     1280 of 2796 @ t_step =     1279 Time Avg = 1.068175E-04 Time/step= 1.040000E-04 ETA (HH:MM:SS) = 0:00:00
 [ 46%]  Time step     1281 of 2796 @ t_step =     1280 Time Avg = 1.068146E-04 Time/step= 1.030000E-04 ETA (HH:MM:SS) = 0:00:00
 [ 46%]  Time step     1282 of 2796 @ t_step =     1281 Time Avg = 1.068124E-04 Time/step= 1.040000E-04 ETA (HH:MM:SS) = 0:00:00
 [ 46%]  Time step     1283 of 2796 @ t_step =     1282 Time Avg = 1.068086E-04 Time/step= 1.020000E-04 ETA (HH:MM:SS) = 0:00:00
 [ 46%]  Time step     1284 of 2796 @ t_step =     1283 Time Avg = 1.068064E-04 Time/step= 1.040000E-04 ETA (HH:MM:SS) = 0:00:00
 [ 46%]  Time step     1285 of 2796 @ t_step =     1284 Time Avg = 1.068034E-04 Time/step= 1.030000E-04 ETA (HH:MM:SS) = 0:00:00
 [ 46%]  Time step     1286 of 2796 @ t_step =     1285 Time Avg = 1.068005E-04 Time/step= 1.030000E-04 ETA (HH:MM:SS) = 0:00:00
 [ 46%]  Time step     1287 of 2796 @ t_step =     1286 Time Avg = 1.067975E-04 Time/step= 1.030000E-04 ETA (HH:MM:SS) = 0:00:00
 [ 47%]  Time step     1288 of 2796 @ t_step =     1287 Time Avg = 1.068023E-04 Time/step= 1.130000E-04 ETA (HH:MM:SS) = 0:00:00
 [ 47%]  Time step     1289 of 2796 @ t_step =     1288 Time Avg = 1.068002E-04 Time/step= 1.040000E-04 ETA (HH:MM:SS) = 0:00:00
 [ 47%]  Time step     1290 of 2796 @ t_step =     1289 Time Avg = 1.067972E-04 Time/step= 1.030000E-04 ETA (HH:MM:SS) = 0:00:00
 [ 47%]  Time step     1291 of 2796 @ t_step =     1290 Time Avg = 1.067943E-04 Time/step= 1.030000E-04 ETA (HH:MM:SS) = 0:00:00
 [ 47%]  Time step     1292 of 2796 @ t_step =     1291 Time Avg = 1.067913E-04 Time/step= 1.030000E-04 ETA (HH:MM:SS) = 0:00:00
 [ 47%]  Time step     1293 of 2796 @ t_step =     1292 Time Avg = 1.067884E-04 Time/step= 1.030000E-04 ETA (HH:MM:SS) = 0:00:00
 [ 47%]  Time step     1294 of 2796 @ t_step =     1293 Time Avg = 1.067854E-04 Time/step= 1.030000E-04 ETA (HH:MM:SS) = 0:00:00
 [ 47%]  Time step     1295 of 2796 @ t_step =     1294 Time Avg = 1.067825E-04 Time/step= 1.030000E-04 ETA (HH:MM:SS) = 0:00:00
 [ 47%]  Time step     1296 of 2796 @ t_step =     1295 Time Avg = 1.067796E-04 Time/step= 1.030000E-04 ETA (HH:MM:SS) = 0:00:00
 [ 47%]  Time step     1297 of 2796 @ t_step =     1296 Time Avg = 1.067913E-04 Time/step= 1.220000E-04 ETA (HH:MM:SS) = 0:00:00
 [ 47%]  Time step     1298 of 2796 @ t_step =     1297 Time Avg = 1.067915E-04 Time/step= 1.070000E-04 ETA (HH:MM:SS) = 0:00:00
 [ 47%]  Time step     1299 of 2796 @ t_step =     1298 Time Avg = 1.067917E-04 Time/step= 1.070000E-04 ETA (HH:MM:SS) = 0:00:00
 [ 47%]  Time step     1300 of 2796 @ t_step =     1299 Time Avg = 1.067980E-04 Time/step= 1.150000E-04 ETA (HH:MM:SS) = 0:00:00
 [ 47%]  Time step     1301 of 2796 @ t_step =     1300 Time Avg = 1.067951E-04 Time/step= 1.030000E-04 ETA (HH:MM:SS) = 0:00:00
 [ 47%]  Time step     1302 of 2796 @ t_step =     1301 Time Avg = 1.067929E-04 Time/step= 1.040000E-04 ETA (HH:MM:SS) = 0:00:00
 [ 47%]  Time step     1303 of 2796 @ t_step =     1302 Time Avg = 1.067900E-04 Time/step= 1.030000E-04 ETA (HH:MM:SS) = 0:00:00
 [ 47%]  Time step     1304 of 2796 @ t_step =     1303 Time Avg = 1.067871E-04 Time/step= 1.030000E-04 ETA (HH:MM:SS) = 0:00:00
 [ 47%]  Time step     1305 of 2796 @ t_step =     1304 Time Avg = 1.067842E-04 Time/step= 1.030000E-04 ETA (HH:MM:SS) = 0:00:00
 [ 47%]  Time step     1306 of 2796 @ t_step =     1305 Time Avg = 1.068005E-04 Time/step= 1.280000E-04 ETA (HH:MM:SS) = 0:00:00
 [ 47%]  Time step     1307 of 2796 @ t_step =     1306 Time Avg = 1.067975E-04 Time/step= 1.030000E-04 ETA (HH:MM:SS) = 0:00:00
 [ 47%]  Time step     1308 of 2796 @ t_step =     1307 Time Avg = 1.067946E-04 Time/step= 1.030000E-04 ETA (HH:MM:SS) = 0:00:00
 [ 47%]  Time step     1309 of 2796 @ t_step =     1308 Time Avg = 1.067917E-04 Time/step= 1.030000E-04 ETA (HH:MM:SS) = 0:00:00
 [ 47%]  Time step     1310 of 2796 @ t_step =     1309 Time Avg = 1.067888E-04 Time/step= 1.030000E-04 ETA (HH:MM:SS) = 0:00:00
 [ 47%]  Time step     1311 of 2796 @ t_step =     1310 Time Avg = 1.067859E-04 Time/step= 1.030000E-04 ETA (HH:MM:SS) = 0:00:00
 [ 47%]  Time step     1312 of 2796 @ t_step =     1311 Time Avg = 1.067838E-04 Time/step= 1.040000E-04 ETA (HH:MM:SS) = 0:00:00
 [ 47%]  Time step     1313 of 2796 @ t_step =     1312 Time Avg = 1.067809E-04 Time/step= 1.030000E-04 ETA (HH:MM:SS) = 0:00:00
 [ 47%]  Time step     1314 of 2796 @ t_step =     1313 Time Avg = 1.067780E-04 Time/step= 1.030000E-04 ETA (HH:MM:SS) = 0:00:00
 [ 47%]  Time step     1315 of 2796 @ t_step =     1314 Time Avg = 1.067858E-04 Time/step= 1.170000E-04 ETA (HH:MM:SS) = 0:00:00
 [ 48%]  Time step     1316 of 2796 @ t_step =     1315 Time Avg = 1.067837E-04 Time/step= 1.040000E-04 ETA (HH:MM:SS) = 0:00:00
 [ 48%]  Time step     1317 of 2796 @ t_step =     1316 Time Avg = 1.067816E-04 Time/step= 1.040000E-04 ETA (HH:MM:SS) = 0:00:00
 [ 48%]  Time step     1318 of 2796 @ t_step =     1317 Time Avg = 1.067795E-04 Time/step= 1.040000E-04 ETA (HH:MM:SS) = 0:00:00
 [ 48%]  Time step     1319 of 2796 @ t_step =     1318 Time Avg = 1.067766E-04 Time/step= 1.030000E-04 ETA (HH:MM:SS) = 0:00:00
 [ 48%]  Time step     1320 of 2796 @ t_step =     1319 Time Avg = 1.067745E-04 Time/step= 1.040000E-04 ETA (HH:MM:SS) = 0:00:00
 [ 48%]  Time step     1321 of 2796 @ t_step =     1320 Time Avg = 1.067716E-04 Time/step= 1.030000E-04 ETA (HH:MM:SS) = 0:00:00
 [ 48%]  Time step     1322 of 2796 @ t_step =     1321 Time Avg = 1.067688E-04 Time/step= 1.030000E-04 ETA (HH:MM:SS) = 0:00:00
 [ 48%]  Time step     1323 of 2796 @ t_step =     1322 Time Avg = 1.067659E-04 Time/step= 1.030000E-04 ETA (HH:MM:SS) = 0:00:00
 [ 48%]  Time step     1324 of 2796 @ t_step =     1323 Time Avg = 1.067729E-04 Time/step= 1.160000E-04 ETA (HH:MM:SS) = 0:00:00
 [ 48%]  Time step     1325 of 2796 @ t_step =     1324 Time Avg = 1.067708E-04 Time/step= 1.040000E-04 ETA (HH:MM:SS) = 0:00:00
 [ 48%]  Time step     1326 of 2796 @ t_step =     1325 Time Avg = 1.067680E-04 Time/step= 1.030000E-04 ETA (HH:MM:SS) = 0:00:00
 [ 48%]  Time step     1327 of 2796 @ t_step =     1326 Time Avg = 1.067651E-04 Time/step= 1.030000E-04 ETA (HH:MM:SS) = 0:00:00
 [ 48%]  Time step     1328 of 2796 @ t_step =     1327 Time Avg = 1.067623E-04 Time/step= 1.030000E-04 ETA (HH:MM:SS) = 0:00:00
 [ 48%]  Time step     1329 of 2796 @ t_step =     1328 Time Avg = 1.067594E-04 Time/step= 1.030000E-04 ETA (HH:MM:SS) = 0:00:00
 [ 48%]  Time step     1330 of 2796 @ t_step =     1329 Time Avg = 1.067573E-04 Time/step= 1.040000E-04 ETA (HH:MM:SS) = 0:00:00
 [ 48%]  Time step     1331 of 2796 @ t_step =     1330 Time Avg = 1.067545E-04 Time/step= 1.030000E-04 ETA (HH:MM:SS) = 0:00:00
 [ 48%]  Time step     1332 of 2796 @ t_step =     1331 Time Avg = 1.067517E-04 Time/step= 1.030000E-04 ETA (HH:MM:SS) = 0:00:00
 [ 48%]  Time step     1333 of 2796 @ t_step =     1332 Time Avg = 1.067632E-04 Time/step= 1.220000E-04 ETA (HH:MM:SS) = 0:00:00
 [ 48%]  Time step     1334 of 2796 @ t_step =     1333 Time Avg = 1.067633E-04 Time/step= 1.070000E-04 ETA (HH:MM:SS) = 0:00:00
 [ 48%]  Time step     1335 of 2796 @ t_step =     1334 Time Avg = 1.067635E-04 Time/step= 1.070000E-04 ETA (HH:MM:SS) = 0:00:00
 [ 48%]  Time step     1336 of 2796 @ t_step =     1335 Time Avg = 1.067689E-04 Time/step= 1.140000E-04 ETA (HH:MM:SS) = 0:00:00
 [ 48%]  Time step     1337 of 2796 @ t_step =     1336 Time Avg = 1.067661E-04 Time/step= 1.030000E-04 ETA (HH:MM:SS) = 0:00:00
 [ 48%]  Time step     1338 of 2796 @ t_step =     1337 Time Avg = 1.067640E-04 Time/step= 1.040000E-04 ETA (HH:MM:SS) = 0:00:00
 [ 48%]  Time step     1339 of 2796 @ t_step =     1338 Time Avg = 1.067612E-04 Time/step= 1.030000E-04 ETA (HH:MM:SS) = 0:00:00
 [ 48%]  Time step     1340 of 2796 @ t_step =     1339 Time Avg = 1.067584E-04 Time/step= 1.030000E-04 ETA (HH:MM:SS) = 0:00:00
 [ 48%]  Time step     1341 of 2796 @ t_step =     1340 Time Avg = 1.067593E-04 Time/step= 1.080000E-04 ETA (HH:MM:SS) = 0:00:00
 [ 48%]  Time step     1342 of 2796 @ t_step =     1341 Time Avg = 1.067677E-04 Time/step= 1.180000E-04 ETA (HH:MM:SS) = 0:00:00
 [ 48%]  Time step     1343 of 2796 @ t_step =     1342 Time Avg = 1.067657E-04 Time/step= 1.040000E-04 ETA (HH:MM:SS) = 0:00:00
 [ 49%]  Time step     1344 of 2796 @ t_step =     1343 Time Avg = 1.067629E-04 Time/step= 1.030000E-04 ETA (HH:MM:SS) = 0:00:00
 [ 49%]  Time step     1345 of 2796 @ t_step =     1344 Time Avg = 1.067601E-04 Time/step= 1.030000E-04 ETA (HH:MM:SS) = 0:00:00
 [ 49%]  Time step     1346 of 2796 @ t_step =     1345 Time Avg = 1.067573E-04 Time/step= 1.030000E-04 ETA (HH:MM:SS) = 0:00:00
 [ 49%]  Time step     1347 of 2796 @ t_step =     1346 Time Avg = 1.067545E-04 Time/step= 1.030000E-04 ETA (HH:MM:SS) = 0:00:00
 [ 49%]  Time step     1348 of 2796 @ t_step =     1347 Time Avg = 1.067517E-04 Time/step= 1.030000E-04 ETA (HH:MM:SS) = 0:00:00
 [ 49%]  Time step     1349 of 2796 @ t_step =     1348 Time Avg = 1.067489E-04 Time/step= 1.030000E-04 ETA (HH:MM:SS) = 0:00:00
 [ 49%]  Time step     1350 of 2796 @ t_step =     1349 Time Avg = 1.067595E-04 Time/step= 1.210000E-04 ETA (HH:MM:SS) = 0:00:00
 [ 49%]  Time step     1351 of 2796 @ t_step =     1350 Time Avg = 1.067574E-04 Time/step= 1.040000E-04 ETA (HH:MM:SS) = 0:00:00
 [ 49%]  Time step     1352 of 2796 @ t_step =     1351 Time Avg = 1.067546E-04 Time/step= 1.030000E-04 ETA (HH:MM:SS) = 0:00:00
 [ 49%]  Time step     1353 of 2796 @ t_step =     1352 Time Avg = 1.067519E-04 Time/step= 1.030000E-04 ETA (HH:MM:SS) = 0:00:00
 [ 49%]  Time step     1354 of 2796 @ t_step =     1353 Time Avg = 1.067491E-04 Time/step= 1.030000E-04 ETA (HH:MM:SS) = 0:00:00
 [ 49%]  Time step     1355 of 2796 @ t_step =     1354 Time Avg = 1.067463E-04 Time/step= 1.030000E-04 ETA (HH:MM:SS) = 0:00:00
 [ 49%]  Time step     1356 of 2796 @ t_step =     1355 Time Avg = 1.067435E-04 Time/step= 1.030000E-04 ETA (HH:MM:SS) = 0:00:00
 [ 49%]  Time step     1357 of 2796 @ t_step =     1356 Time Avg = 1.067408E-04 Time/step= 1.030000E-04 ETA (HH:MM:SS) = 0:00:00
 [ 49%]  Time step     1358 of 2796 @ t_step =     1357 Time Avg = 1.067387E-04 Time/step= 1.040000E-04 ETA (HH:MM:SS) = 0:00:00
 [ 49%]  Time step     1359 of 2796 @ t_step =     1358 Time Avg = 1.067434E-04 Time/step= 1.130000E-04 ETA (HH:MM:SS) = 0:00:00
 [ 49%]  Time step     1360 of 2796 @ t_step =     1359 Time Avg = 1.067413E-04 Time/step= 1.040000E-04 ETA (HH:MM:SS) = 0:00:00
 [ 49%]  Time step     1361 of 2796 @ t_step =     1360 Time Avg = 1.067386E-04 Time/step= 1.030000E-04 ETA (HH:MM:SS) = 0:00:00
 [ 49%]  Time step     1362 of 2796 @ t_step =     1361 Time Avg = 1.067358E-04 Time/step= 1.030000E-04 ETA (HH:MM:SS) = 0:00:00
 [ 49%]  Time step     1363 of 2796 @ t_step =     1362 Time Avg = 1.067331E-04 Time/step= 1.030000E-04 ETA (HH:MM:SS) = 0:00:00
 [ 49%]  Time step     1364 of 2796 @ t_step =     1363 Time Avg = 1.067303E-04 Time/step= 1.030000E-04 ETA (HH:MM:SS) = 0:00:00
 [ 49%]  Time step     1365 of 2796 @ t_step =     1364 Time Avg = 1.067276E-04 Time/step= 1.030000E-04 ETA (HH:MM:SS) = 0:00:00
 [ 49%]  Time step     1366 of 2796 @ t_step =     1365 Time Avg = 1.067344E-04 Time/step= 1.160000E-04 ETA (HH:MM:SS) = 0:00:00
 [ 49%]  Time step     1367 of 2796 @ t_step =     1366 Time Avg = 1.067346E-04 Time/step= 1.070000E-04 ETA (HH:MM:SS) = 0:00:00
 [ 49%]  Time step     1368 of 2796 @ t_step =     1367 Time Avg = 1.067487E-04 Time/step= 1.260000E-04 ETA (HH:MM:SS) = 0:00:00
 [ 49%]  Time step     1369 of 2796 @ t_step =     1368 Time Avg = 1.067577E-04 Time/step= 1.190000E-04 ETA (HH:MM:SS) = 0:00:00
 [ 49%]  Time step     1370 of 2796 @ t_step =     1369 Time Avg = 1.067688E-04 Time/step= 1.220000E-04 ETA (HH:MM:SS) = 0:00:00
 [ 49%]  Time step     1371 of 2796 @ t_step =     1370 Time Avg = 1.067763E-04 Time/step= 1.170000E-04 ETA (HH:MM:SS) = 0:00:00
 [ 50%]  Time step     1372 of 2796 @ t_step =     1371 Time Avg = 1.067757E-04 Time/step= 1.060000E-04 ETA (HH:MM:SS) = 0:00:00
 [ 50%]  Time step     1373 of 2796 @ t_step =     1372 Time Avg = 1.067759E-04 Time/step= 1.070000E-04 ETA (HH:MM:SS) = 0:00:00
 [ 50%]  Time step     1374 of 2796 @ t_step =     1373 Time Avg = 1.067761E-04 Time/step= 1.070000E-04 ETA (HH:MM:SS) = 0:00:00
 [ 50%]  Time step     1375 of 2796 @ t_step =     1374 Time Avg = 1.067762E-04 Time/step= 1.070000E-04 ETA (HH:MM:SS) = 0:00:00
 [ 50%]  Time step     1376 of 2796 @ t_step =     1375 Time Avg = 1.067873E-04 Time/step= 1.220000E-04 ETA (HH:MM:SS) = 0:00:00
 [ 50%]  Time step     1377 of 2796 @ t_step =     1376 Time Avg = 1.068020E-04 Time/step= 1.270000E-04 ETA (HH:MM:SS) = 0:00:00
 [ 50%]  Time step     1378 of 2796 @ t_step =     1377 Time Avg = 1.068095E-04 Time/step= 1.170000E-04 ETA (HH:MM:SS) = 0:00:00
 [ 50%]  Time step     1379 of 2796 @ t_step =     1378 Time Avg = 1.068067E-04 Time/step= 1.030000E-04 ETA (HH:MM:SS) = 0:00:00
 [ 50%]  Time step     1380 of 2796 @ t_step =     1379 Time Avg = 1.068039E-04 Time/step= 1.030000E-04 ETA (HH:MM:SS) = 0:00:00
 [ 50%]  Time step     1381 of 2796 @ t_step =     1380 Time Avg = 1.068012E-04 Time/step= 1.030000E-04 ETA (HH:MM:SS) = 0:00:00
 [ 50%]  Time step     1382 of 2796 @ t_step =     1381 Time Avg = 1.068086E-04 Time/step= 1.170000E-04 ETA (HH:MM:SS) = 0:00:00
 [ 50%]  Time step     1383 of 2796 @ t_step =     1382 Time Avg = 1.068080E-04 Time/step= 1.060000E-04 ETA (HH:MM:SS) = 0:00:00
 [ 50%]  Time step     1384 of 2796 @ t_step =     1383 Time Avg = 1.068168E-04 Time/step= 1.190000E-04 ETA (HH:MM:SS) = 0:00:00
 [ 50%]  Time step     1385 of 2796 @ t_step =     1384 Time Avg = 1.068343E-04 Time/step= 1.310000E-04 ETA (HH:MM:SS) = 0:00:00
 [ 50%]  Time step     1386 of 2796 @ t_step =     1385 Time Avg = 1.068438E-04 Time/step= 1.200000E-04 ETA (HH:MM:SS) = 0:00:00
 [ 50%]  Time step     1387 of 2796 @ t_step =     1386 Time Avg = 1.068461E-04 Time/step= 1.100000E-04 ETA (HH:MM:SS) = 0:00:00
 [ 50%]  Time step     1388 of 2796 @ t_step =     1387 Time Avg = 1.068570E-04 Time/step= 1.220000E-04 ETA (HH:MM:SS) = 0:00:00
 [ 50%]  Time step     1389 of 2796 @ t_step =     1388 Time Avg = 1.068680E-04 Time/step= 1.220000E-04 ETA (HH:MM:SS) = 0:00:00
 [ 50%]  Time step     1390 of 2796 @ t_step =     1389 Time Avg = 1.068702E-04 Time/step= 1.100000E-04 ETA (HH:MM:SS) = 0:00:00
 [ 50%]  Time step     1391 of 2796 @ t_step =     1390 Time Avg = 1.068790E-04 Time/step= 1.190000E-04 ETA (HH:MM:SS) = 0:00:00
 [ 50%]  Time step     1392 of 2796 @ t_step =     1391 Time Avg = 1.068841E-04 Time/step= 1.140000E-04 ETA (HH:MM:SS) = 0:00:00
 [ 50%]  Time step     1393 of 2796 @ t_step =     1392 Time Avg = 1.068892E-04 Time/step= 1.140000E-04 ETA (HH:MM:SS) = 0:00:00
 [ 50%]  Time step     1394 of 2796 @ t_step =     1393 Time Avg = 1.068893E-04 Time/step= 1.070000E-04 ETA (HH:MM:SS) = 0:00:00
 [ 50%]  Time step     1395 of 2796 @ t_step =     1394 Time Avg = 1.068886E-04 Time/step= 1.060000E-04 ETA (HH:MM:SS) = 0:00:00
 [ 50%]  Time step     1396 of 2796 @ t_step =     1395 Time Avg = 1.068887E-04 Time/step= 1.070000E-04 ETA (HH:MM:SS) = 0:00:00
 [ 50%]  Time step     1397 of 2796 @ t_step =     1396 Time Avg = 1.068888E-04 Time/step= 1.070000E-04 ETA (HH:MM:SS) = 0:00:00
 [ 50%]  Time step     1398 of 2796 @ t_step =     1397 Time Avg = 1.068889E-04 Time/step= 1.070000E-04 ETA (HH:MM:SS) = 0:00:00
 [ 50%]  Time step     1399 of 2796 @ t_step =     1398 Time Avg = 1.068890E-04 Time/step= 1.070000E-04 ETA (HH:MM:SS) = 0:00:00
 [ 51%]  Time step     1400 of 2796 @ t_step =     1399 Time Avg = 1.068883E-04 Time/step= 1.060000E-04 ETA (HH:MM:SS) = 0:00:00
 [ 51%]  Time step     1401 of 2796 @ t_step =     1400 Time Avg = 1.069084E-04 Time/step= 1.350000E-04 ETA (HH:MM:SS) = 0:00:00
 [ 51%]  Time step     1402 of 2796 @ t_step =     1401 Time Avg = 1.069114E-04 Time/step= 1.110000E-04 ETA (HH:MM:SS) = 0:00:00
 [ 51%]  Time step     1403 of 2796 @ t_step =     1402 Time Avg = 1.069207E-04 Time/step= 1.200000E-04 ETA (HH:MM:SS) = 0:00:00
 [ 51%]  Time step     1404 of 2796 @ t_step =     1403 Time Avg = 1.069258E-04 Time/step= 1.140000E-04 ETA (HH:MM:SS) = 0:00:00
 [ 51%]  Time step     1405 of 2796 @ t_step =     1404 Time Avg = 1.069230E-04 Time/step= 1.030000E-04 ETA (HH:MM:SS) = 0:00:00
 [ 51%]  Time step     1406 of 2796 @ t_step =     1405 Time Avg = 1.069209E-04 Time/step= 1.040000E-04 ETA (HH:MM:SS) = 0:00:00
 [ 51%]  Time step     1407 of 2796 @ t_step =     1406 Time Avg = 1.069181E-04 Time/step= 1.030000E-04 ETA (HH:MM:SS) = 0:00:00
 [ 51%]  Time step     1408 of 2796 @ t_step =     1407 Time Avg = 1.069153E-04 Time/step= 1.030000E-04 ETA (HH:MM:SS) = 0:00:00
 [ 51%]  Time step     1409 of 2796 @ t_step =     1408 Time Avg = 1.069125E-04 Time/step= 1.030000E-04 ETA (HH:MM:SS) = 0:00:00
 [ 51%]  Time step     1410 of 2796 @ t_step =     1409 Time Avg = 1.069403E-04 Time/step= 1.460000E-04 ETA (HH:MM:SS) = 0:00:00
 [ 51%]  Time step     1411 of 2796 @ t_step =     1410 Time Avg = 1.069403E-04 Time/step= 1.070000E-04 ETA (HH:MM:SS) = 0:00:00
 [ 51%]  Time step     1412 of 2796 @ t_step =     1411 Time Avg = 1.069468E-04 Time/step= 1.160000E-04 ETA (HH:MM:SS) = 0:00:00
 [ 51%]  Time step     1413 of 2796 @ t_step =     1412 Time Avg = 1.069440E-04 Time/step= 1.030000E-04 ETA (HH:MM:SS) = 0:00:00
 [ 51%]  Time step     1414 of 2796 @ t_step =     1413 Time Avg = 1.069412E-04 Time/step= 1.030000E-04 ETA (HH:MM:SS) = 0:00:00
 [ 51%]  Time step     1415 of 2796 @ t_step =     1414 Time Avg = 1.069384E-04 Time/step= 1.030000E-04 ETA (HH:MM:SS) = 0:00:00
 [ 51%]  Time step     1416 of 2796 @ t_step =     1415 Time Avg = 1.069356E-04 Time/step= 1.030000E-04 ETA (HH:MM:SS) = 0:00:00
 [ 51%]  Time step     1417 of 2796 @ t_step =     1416 Time Avg = 1.069328E-04 Time/step= 1.030000E-04 ETA (HH:MM:SS) = 0:00:00
 [ 51%]  Time step     1418 of 2796 @ t_step =     1417 Time Avg = 1.069505E-04 Time/step= 1.320000E-04 ETA (HH:MM:SS) = 0:00:00
 [ 51%]  Time step     1419 of 2796 @ t_step =     1418 Time Avg = 1.069506E-04 Time/step= 1.070000E-04 ETA (HH:MM:SS) = 0:00:00
 [ 51%]  Time step     1420 of 2796 @ t_step =     1419 Time Avg = 1.069506E-04 Time/step= 1.070000E-04 ETA (HH:MM:SS) = 0:00:00
 [ 51%]  Time step     1421 of 2796 @ t_step =     1420 Time Avg = 1.069478E-04 Time/step= 1.030000E-04 ETA (HH:MM:SS) = 0:00:00
 [ 51%]  Time step     1422 of 2796 @ t_step =     1421 Time Avg = 1.069457E-04 Time/step= 1.040000E-04 ETA (HH:MM:SS) = 0:00:00
 [ 51%]  Time step     1423 of 2796 @ t_step =     1422 Time Avg = 1.069430E-04 Time/step= 1.030000E-04 ETA (HH:MM:SS) = 0:00:00
 [ 51%]  Time step     1424 of 2796 @ t_step =     1423 Time Avg = 1.069409E-04 Time/step= 1.040000E-04 ETA (HH:MM:SS) = 0:00:00
 [ 51%]  Time step     1425 of 2796 @ t_step =     1424 Time Avg = 1.069388E-04 Time/step= 1.040000E-04 ETA (HH:MM:SS) = 0:00:00
 [ 51%]  Time step     1426 of 2796 @ t_step =     1425 Time Avg = 1.069368E-04 Time/step= 1.040000E-04 ETA (HH:MM:SS) = 0:00:00
 [ 52%]  Time step     1427 of 2796 @ t_step =     1426 Time Avg = 1.069522E-04 Time/step= 1.290000E-04 ETA (HH:MM:SS) = 0:00:00
 [ 52%]  Time step     1428 of 2796 @ t_step =     1427 Time Avg = 1.069523E-04 Time/step= 1.070000E-04 ETA (HH:MM:SS) = 0:00:00
 [ 52%]  Time step     1429 of 2796 @ t_step =     1428 Time Avg = 1.069586E-04 Time/step= 1.160000E-04 ETA (HH:MM:SS) = 0:00:00
 [ 52%]  Time step     1430 of 2796 @ t_step =     1429 Time Avg = 1.069566E-04 Time/step= 1.040000E-04 ETA (HH:MM:SS) = 0:00:00
 [ 52%]  Time step     1431 of 2796 @ t_step =     1430 Time Avg = 1.069531E-04 Time/step= 1.020000E-04 ETA (HH:MM:SS) = 0:00:00
 [ 52%]  Time step     1432 of 2796 @ t_step =     1431 Time Avg = 1.069503E-04 Time/step= 1.030000E-04 ETA (HH:MM:SS) = 0:00:00
 [ 52%]  Time step     1433 of 2796 @ t_step =     1432 Time Avg = 1.069476E-04 Time/step= 1.030000E-04 ETA (HH:MM:SS) = 0:00:00
 [ 52%]  Time step     1434 of 2796 @ t_step =     1433 Time Avg = 1.069448E-04 Time/step= 1.030000E-04 ETA (HH:MM:SS) = 0:00:00
 [ 52%]  Time step     1435 of 2796 @ t_step =     1434 Time Avg = 1.069539E-04 Time/step= 1.200000E-04 ETA (HH:MM:SS) = 0:00:00
 [ 52%]  Time step     1436 of 2796 @ t_step =     1435 Time Avg = 1.069567E-04 Time/step= 1.110000E-04 ETA (HH:MM:SS) = 0:00:00
 [ 52%]  Time step     1437 of 2796 @ t_step =     1436 Time Avg = 1.069589E-04 Time/step= 1.100000E-04 ETA (HH:MM:SS) = 0:00:00
 [ 52%]  Time step     1438 of 2796 @ t_step =     1437 Time Avg = 1.069735E-04 Time/step= 1.280000E-04 ETA (HH:MM:SS) = 0:00:00
 [ 52%]  Time step     1439 of 2796 @ t_step =     1438 Time Avg = 1.069708E-04 Time/step= 1.030000E-04 ETA (HH:MM:SS) = 0:00:00
 [ 52%]  Time step     1440 of 2796 @ t_step =     1439 Time Avg = 1.069680E-04 Time/step= 1.030000E-04 ETA (HH:MM:SS) = 0:00:00
 [ 52%]  Time step     1441 of 2796 @ t_step =     1440 Time Avg = 1.069652E-04 Time/step= 1.030000E-04 ETA (HH:MM:SS) = 0:00:00
 [ 52%]  Time step     1442 of 2796 @ t_step =     1441 Time Avg = 1.069625E-04 Time/step= 1.030000E-04 ETA (HH:MM:SS) = 0:00:00
 [ 52%]  Time step     1443 of 2796 @ t_step =     1442 Time Avg = 1.069597E-04 Time/step= 1.030000E-04 ETA (HH:MM:SS) = 0:00:00
 [ 52%]  Time step     1444 of 2796 @ t_step =     1443 Time Avg = 1.069847E-04 Time/step= 1.430000E-04 ETA (HH:MM:SS) = 0:00:00
 [ 52%]  Time step     1445 of 2796 @ t_step =     1444 Time Avg = 1.069847E-04 Time/step= 1.070000E-04 ETA (HH:MM:SS) = 0:00:00
 [ 52%]  Time step     1446 of 2796 @ t_step =     1445 Time Avg = 1.069917E-04 Time/step= 1.170000E-04 ETA (HH:MM:SS) = 0:00:00
 [ 52%]  Time step     1447 of 2796 @ t_step =     1446 Time Avg = 1.069889E-04 Time/step= 1.030000E-04 ETA (HH:MM:SS) = 0:00:00
 [ 52%]  Time step     1448 of 2796 @ t_step =     1447 Time Avg = 1.069862E-04 Time/step= 1.030000E-04 ETA (HH:MM:SS) = 0:00:00
 [ 52%]  Time step     1449 of 2796 @ t_step =     1448 Time Avg = 1.069834E-04 Time/step= 1.030000E-04 ETA (HH:MM:SS) = 0:00:00
 [ 52%]  Time step     1450 of 2796 @ t_step =     1449 Time Avg = 1.069806E-04 Time/step= 1.030000E-04 ETA (HH:MM:SS) = 0:00:00
 [ 52%]  Time step     1451 of 2796 @ t_step =     1450 Time Avg = 1.069779E-04 Time/step= 1.030000E-04 ETA (HH:MM:SS) = 0:00:00
 [ 52%]  Time step     1452 of 2796 @ t_step =     1451 Time Avg = 1.069752E-04 Time/step= 1.030000E-04 ETA (HH:MM:SS) = 0:00:00
 [ 52%]  Time step     1453 of 2796 @ t_step =     1452 Time Avg = 1.069890E-04 Time/step= 1.270000E-04 ETA (HH:MM:SS) = 0:00:00
 [ 52%]  Time step     1454 of 2796 @ t_step =     1453 Time Avg = 1.069890E-04 Time/step= 1.070000E-04 ETA (HH:MM:SS) = 0:00:00
 [ 53%]  Time step     1455 of 2796 @ t_step =     1454 Time Avg = 1.069952E-04 Time/step= 1.160000E-04 ETA (HH:MM:SS) = 0:00:00
 [ 53%]  Time step     1456 of 2796 @ t_step =     1455 Time Avg = 1.069931E-04 Time/step= 1.040000E-04 ETA (HH:MM:SS) = 0:00:00
 [ 53%]  Time step     1457 of 2796 @ t_step =     1456 Time Avg = 1.069904E-04 Time/step= 1.030000E-04 ETA (HH:MM:SS) = 0:00:00
 [ 53%]  Time step     1458 of 2796 @ t_step =     1457 Time Avg = 1.069883E-04 Time/step= 1.040000E-04 ETA (HH:MM:SS) = 0:00:00
 [ 53%]  Time step     1459 of 2796 @ t_step =     1458 Time Avg = 1.069856E-04 Time/step= 1.030000E-04 ETA (HH:MM:SS) = 0:00:00
 [ 53%]  Time step     1460 of 2796 @ t_step =     1459 Time Avg = 1.069835E-04 Time/step= 1.040000E-04 ETA (HH:MM:SS) = 0:00:00
 [ 53%]  Time step     1461 of 2796 @ t_step =     1460 Time Avg = 1.069979E-04 Time/step= 1.280000E-04 ETA (HH:MM:SS) = 0:00:00
 [ 53%]  Time step     1462 of 2796 @ t_step =     1461 Time Avg = 1.069979E-04 Time/step= 1.070000E-04 ETA (HH:MM:SS) = 0:00:00
 [ 53%]  Time step     1463 of 2796 @ t_step =     1462 Time Avg = 1.069973E-04 Time/step= 1.060000E-04 ETA (HH:MM:SS) = 0:00:00
 [ 53%]  Time step     1464 of 2796 @ t_step =     1463 Time Avg = 1.070021E-04 Time/step= 1.140000E-04 ETA (HH:MM:SS) = 0:00:00
 [ 53%]  Time step     1465 of 2796 @ t_step =     1464 Time Avg = 1.069993E-04 Time/step= 1.030000E-04 ETA (HH:MM:SS) = 0:00:00
 [ 53%]  Time step     1466 of 2796 @ t_step =     1465 Time Avg = 1.069966E-04 Time/step= 1.030000E-04 ETA (HH:MM:SS) = 0:00:00
 [ 53%]  Time step     1467 of 2796 @ t_step =     1466 Time Avg = 1.069939E-04 Time/step= 1.030000E-04 ETA (HH:MM:SS) = 0:00:00
 [ 53%]  Time step     1468 of 2796 @ t_step =     1467 Time Avg = 1.069911E-04 Time/step= 1.030000E-04 ETA (HH:MM:SS) = 0:00:00
 [ 53%]  Time step     1469 of 2796 @ t_step =     1468 Time Avg = 1.069884E-04 Time/step= 1.030000E-04 ETA (HH:MM:SS) = 0:00:00
 [ 53%]  Time step     1470 of 2796 @ t_step =     1469 Time Avg = 1.069993E-04 Time/step= 1.230000E-04 ETA (HH:MM:SS) = 0:00:00
 [ 53%]  Time step     1471 of 2796 @ t_step =     1470 Time Avg = 1.070014E-04 Time/step= 1.100000E-04 ETA (HH:MM:SS) = 0:00:00
 [ 53%]  Time step     1472 of 2796 @ t_step =     1471 Time Avg = 1.070109E-04 Time/step= 1.210000E-04 ETA (HH:MM:SS) = 0:00:00
 [ 53%]  Time step     1473 of 2796 @ t_step =     1472 Time Avg = 1.070156E-04 Time/step= 1.140000E-04 ETA (HH:MM:SS) = 0:00:00
 [ 53%]  Time step     1474 of 2796 @ t_step =     1473 Time Avg = 1.070129E-04 Time/step= 1.030000E-04 ETA (HH:MM:SS) = 0:00:00
 [ 53%]  Time step     1475 of 2796 @ t_step =     1474 Time Avg = 1.070102E-04 Time/step= 1.030000E-04 ETA (HH:MM:SS) = 0:00:00
 [ 53%]  Time step     1476 of 2796 @ t_step =     1475 Time Avg = 1.070075E-04 Time/step= 1.030000E-04 ETA (HH:MM:SS) = 0:00:00
 [ 53%]  Time step     1477 of 2796 @ t_step =     1476 Time Avg = 1.070047E-04 Time/step= 1.030000E-04 ETA (HH:MM:SS) = 0:00:00
 [ 53%]  Time step     1478 of 2796 @ t_step =     1477 Time Avg = 1.070197E-04 Time/step= 1.290000E-04 ETA (HH:MM:SS) = 0:00:00
 [ 53%]  Time step     1479 of 2796 @ t_step =     1478 Time Avg = 1.070305E-04 Time/step= 1.230000E-04 ETA (HH:MM:SS) = 0:00:00
 [ 53%]  Time step     1480 of 2796 @ t_step =     1479 Time Avg = 1.070311E-04 Time/step= 1.080000E-04 ETA (HH:MM:SS) = 0:00:00
 [ 53%]  Time step     1481 of 2796 @ t_step =     1480 Time Avg = 1.070359E-04 Time/step= 1.140000E-04 ETA (HH:MM:SS) = 0:00:00
 [ 53%]  Time step     1482 of 2796 @ t_step =     1481 Time Avg = 1.070331E-04 Time/step= 1.030000E-04 ETA (HH:MM:SS) = 0:00:00
 [ 54%]  Time step     1483 of 2796 @ t_step =     1482 Time Avg = 1.070304E-04 Time/step= 1.030000E-04 ETA (HH:MM:SS) = 0:00:00
 [ 54%]  Time step     1484 of 2796 @ t_step =     1483 Time Avg = 1.070277E-04 Time/step= 1.030000E-04 ETA (HH:MM:SS) = 0:00:00
 [ 54%]  Time step     1485 of 2796 @ t_step =     1484 Time Avg = 1.070250E-04 Time/step= 1.030000E-04 ETA (HH:MM:SS) = 0:00:00
 [ 54%]  Time step     1486 of 2796 @ t_step =     1485 Time Avg = 1.070223E-04 Time/step= 1.030000E-04 ETA (HH:MM:SS) = 0:00:00
 [ 54%]  Time step     1487 of 2796 @ t_step =     1486 Time Avg = 1.070377E-04 Time/step= 1.300000E-04 ETA (HH:MM:SS) = 0:00:00
 [ 54%]  Time step     1488 of 2796 @ t_step =     1487 Time Avg = 1.070377E-04 Time/step= 1.070000E-04 ETA (HH:MM:SS) = 0:00:00
 [ 54%]  Time step     1489 of 2796 @ t_step =     1488 Time Avg = 1.070451E-04 Time/step= 1.180000E-04 ETA (HH:MM:SS) = 0:00:00
 [ 54%]  Time step     1490 of 2796 @ t_step =     1489 Time Avg = 1.070424E-04 Time/step= 1.030000E-04 ETA (HH:MM:SS) = 0:00:00
 [ 54%]  Time step     1491 of 2796 @ t_step =     1490 Time Avg = 1.070397E-04 Time/step= 1.030000E-04 ETA (HH:MM:SS) = 0:00:00
 [ 54%]  Time step     1492 of 2796 @ t_step =     1491 Time Avg = 1.070369E-04 Time/step= 1.030000E-04 ETA (HH:MM:SS) = 0:00:00
 [ 54%]  Time step     1493 of 2796 @ t_step =     1492 Time Avg = 1.070342E-04 Time/step= 1.030000E-04 ETA (HH:MM:SS) = 0:00:00
 [ 54%]  Time step     1494 of 2796 @ t_step =     1493 Time Avg = 1.070315E-04 Time/step= 1.030000E-04 ETA (HH:MM:SS) = 0:00:00
 [ 54%]  Time step     1495 of 2796 @ t_step =     1494 Time Avg = 1.070288E-04 Time/step= 1.030000E-04 ETA (HH:MM:SS) = 0:00:00
 [ 54%]  Time step     1496 of 2796 @ t_step =     1495 Time Avg = 1.070435E-04 Time/step= 1.290000E-04 ETA (HH:MM:SS) = 0:00:00
 [ 54%]  Time step     1497 of 2796 @ t_step =     1496 Time Avg = 1.070435E-04 Time/step= 1.070000E-04 ETA (HH:MM:SS) = 0:00:00
 [ 54%]  Time step     1498 of 2796 @ t_step =     1497 Time Avg = 1.070495E-04 Time/step= 1.160000E-04 ETA (HH:MM:SS) = 0:00:00
 [ 54%]  Time step     1499 of 2796 @ t_step =     1498 Time Avg = 1.070468E-04 Time/step= 1.030000E-04 ETA (HH:MM:SS) = 0:00:00
 [ 54%]  Time step     1500 of 2796 @ t_step =     1499 Time Avg = 1.070441E-04 Time/step= 1.030000E-04 ETA (HH:MM:SS) = 0:00:00
 [ 54%]  Time step     1501 of 2796 @ t_step =     1500 Time Avg = 1.070414E-04 Time/step= 1.030000E-04 ETA (HH:MM:SS) = 0:00:00
 [ 54%]  Time step     1502 of 2796 @ t_step =     1501 Time Avg = 1.070387E-04 Time/step= 1.030000E-04 ETA (HH:MM:SS) = 0:00:00
 [ 54%]  Time step     1503 of 2796 @ t_step =     1502 Time Avg = 1.070360E-04 Time/step= 1.030000E-04 ETA (HH:MM:SS) = 0:00:00
 [ 54%]  Time step     1504 of 2796 @ t_step =     1503 Time Avg = 1.070466E-04 Time/step= 1.230000E-04 ETA (HH:MM:SS) = 0:00:00
 [ 54%]  Time step     1505 of 2796 @ t_step =     1504 Time Avg = 1.070493E-04 Time/step= 1.110000E-04 ETA (HH:MM:SS) = 0:00:00
 [ 54%]  Time step     1506 of 2796 @ t_step =     1505 Time Avg = 1.070519E-04 Time/step= 1.110000E-04 ETA (HH:MM:SS) = 0:00:00
 [ 54%]  Time step     1507 of 2796 @ t_step =     1506 Time Avg = 1.070645E-04 Time/step= 1.260000E-04 ETA (HH:MM:SS) = 0:00:00
 [ 54%]  Time step     1508 of 2796 @ t_step =     1507 Time Avg = 1.070618E-04 Time/step= 1.030000E-04 ETA (HH:MM:SS) = 0:00:00
 [ 54%]  Time step     1509 of 2796 @ t_step =     1508 Time Avg = 1.070591E-04 Time/step= 1.030000E-04 ETA (HH:MM:SS) = 0:00:00
 [ 54%]  Time step     1510 of 2796 @ t_step =     1509 Time Avg = 1.070564E-04 Time/step= 1.030000E-04 ETA (HH:MM:SS) = 0:00:00
 [ 55%]  Time step     1511 of 2796 @ t_step =     1510 Time Avg = 1.070537E-04 Time/step= 1.030000E-04 ETA (HH:MM:SS) = 0:00:00
 [ 55%]  Time step     1512 of 2796 @ t_step =     1511 Time Avg = 1.070510E-04 Time/step= 1.030000E-04 ETA (HH:MM:SS) = 0:00:00
 [ 55%]  Time step     1513 of 2796 @ t_step =     1512 Time Avg = 1.070742E-04 Time/step= 1.420000E-04 ETA (HH:MM:SS) = 0:00:00
 [ 55%]  Time step     1514 of 2796 @ t_step =     1513 Time Avg = 1.070741E-04 Time/step= 1.070000E-04 ETA (HH:MM:SS) = 0:00:00
 [ 55%]  Time step     1515 of 2796 @ t_step =     1514 Time Avg = 1.070800E-04 Time/step= 1.160000E-04 ETA (HH:MM:SS) = 0:00:00
 [ 55%]  Time step     1516 of 2796 @ t_step =     1515 Time Avg = 1.070773E-04 Time/step= 1.030000E-04 ETA (HH:MM:SS) = 0:00:00
 [ 55%]  Time step     1517 of 2796 @ t_step =     1516 Time Avg = 1.070753E-04 Time/step= 1.040000E-04 ETA (HH:MM:SS) = 0:00:00
 [ 55%]  Time step     1518 of 2796 @ t_step =     1517 Time Avg = 1.070726E-04 Time/step= 1.030000E-04 ETA (HH:MM:SS) = 0:00:00
 [ 55%]  Time step     1519 of 2796 @ t_step =     1518 Time Avg = 1.070699E-04 Time/step= 1.030000E-04 ETA (HH:MM:SS) = 0:00:00
 [ 55%]  Time step     1520 of 2796 @ t_step =     1519 Time Avg = 1.070672E-04 Time/step= 1.030000E-04 ETA (HH:MM:SS) = 0:00:00
 [ 55%]  Time step     1521 of 2796 @ t_step =     1520 Time Avg = 1.070777E-04 Time/step= 1.230000E-04 ETA (HH:MM:SS) = 0:00:00
 [ 55%]  Time step     1522 of 2796 @ t_step =     1521 Time Avg = 1.070797E-04 Time/step= 1.100000E-04 ETA (HH:MM:SS) = 0:00:00
 [ 55%]  Time step     1523 of 2796 @ t_step =     1522 Time Avg = 1.070796E-04 Time/step= 1.070000E-04 ETA (HH:MM:SS) = 0:00:00
 [ 55%]  Time step     1524 of 2796 @ t_step =     1523 Time Avg = 1.070848E-04 Time/step= 1.150000E-04 ETA (HH:MM:SS) = 0:00:00
 [ 55%]  Time step     1525 of 2796 @ t_step =     1524 Time Avg = 1.070821E-04 Time/step= 1.030000E-04 ETA (HH:MM:SS) = 0:00:00
 [ 55%]  Time step     1526 of 2796 @ t_step =     1525 Time Avg = 1.070794E-04 Time/step= 1.030000E-04 ETA (HH:MM:SS) = 0:00:00
 [ 55%]  Time step     1527 of 2796 @ t_step =     1526 Time Avg = 1.070768E-04 Time/step= 1.030000E-04 ETA (HH:MM:SS) = 0:00:00
 [ 55%]  Time step     1528 of 2796 @ t_step =     1527 Time Avg = 1.070748E-04 Time/step= 1.040000E-04 ETA (HH:MM:SS) = 0:00:00
 [ 55%]  Time step     1529 of 2796 @ t_step =     1528 Time Avg = 1.070721E-04 Time/step= 1.030000E-04 ETA (HH:MM:SS) = 0:00:00
 [ 55%]  Time step     1530 of 2796 @ t_step =     1529 Time Avg = 1.070858E-04 Time/step= 1.280000E-04 ETA (HH:MM:SS) = 0:00:00
 [ 55%]  Time step     1531 of 2796 @ t_step =     1530 Time Avg = 1.070857E-04 Time/step= 1.070000E-04 ETA (HH:MM:SS) = 0:00:00
 [ 55%]  Time step     1532 of 2796 @ t_step =     1531 Time Avg = 1.070857E-04 Time/step= 1.070000E-04 ETA (HH:MM:SS) = 0:00:00
 [ 55%]  Time step     1533 of 2796 @ t_step =     1532 Time Avg = 1.070830E-04 Time/step= 1.030000E-04 ETA (HH:MM:SS) = 0:00:00
 [ 55%]  Time step     1534 of 2796 @ t_step =     1533 Time Avg = 1.070803E-04 Time/step= 1.030000E-04 ETA (HH:MM:SS) = 0:00:00
 [ 55%]  Time step     1535 of 2796 @ t_step =     1534 Time Avg = 1.070770E-04 Time/step= 1.020000E-04 ETA (HH:MM:SS) = 0:00:00
 [ 55%]  Time step     1536 of 2796 @ t_step =     1535 Time Avg = 1.070744E-04 Time/step= 1.030000E-04 ETA (HH:MM:SS) = 0:00:00
 [ 55%]  Time step     1537 of 2796 @ t_step =     1536 Time Avg = 1.070717E-04 Time/step= 1.030000E-04 ETA (HH:MM:SS) = 0:00:00
 [ 55%]  Time step     1538 of 2796 @ t_step =     1537 Time Avg = 1.070691E-04 Time/step= 1.030000E-04 ETA (HH:MM:SS) = 0:00:00
 [ 56%]  Time step     1539 of 2796 @ t_step =     1538 Time Avg = 1.070807E-04 Time/step= 1.250000E-04 ETA (HH:MM:SS) = 0:00:00
 [ 56%]  Time step     1540 of 2796 @ t_step =     1539 Time Avg = 1.070833E-04 Time/step= 1.110000E-04 ETA (HH:MM:SS) = 0:00:00
 [ 56%]  Time step     1541 of 2796 @ t_step =     1540 Time Avg = 1.070988E-04 Time/step= 1.310000E-04 ETA (HH:MM:SS) = 0:00:00
 [ 56%]  Time step     1542 of 2796 @ t_step =     1541 Time Avg = 1.070962E-04 Time/step= 1.030000E-04 ETA (HH:MM:SS) = 0:00:00
 [ 56%]  Time step     1543 of 2796 @ t_step =     1542 Time Avg = 1.070935E-04 Time/step= 1.030000E-04 ETA (HH:MM:SS) = 0:00:00
 [ 56%]  Time step     1544 of 2796 @ t_step =     1543 Time Avg = 1.070909E-04 Time/step= 1.030000E-04 ETA (HH:MM:SS) = 0:00:00
 [ 56%]  Time step     1545 of 2796 @ t_step =     1544 Time Avg = 1.070882E-04 Time/step= 1.030000E-04 ETA (HH:MM:SS) = 0:00:00
 [ 56%]  Time step     1546 of 2796 @ t_step =     1545 Time Avg = 1.070855E-04 Time/step= 1.030000E-04 ETA (HH:MM:SS) = 0:00:00
 [ 56%]  Time step     1547 of 2796 @ t_step =     1546 Time Avg = 1.070978E-04 Time/step= 1.260000E-04 ETA (HH:MM:SS) = 0:00:00
 [ 56%]  Time step     1548 of 2796 @ t_step =     1547 Time Avg = 1.071223E-04 Time/step= 1.450000E-04 ETA (HH:MM:SS) = 0:00:00
 [ 56%]  Time step     1549 of 2796 @ t_step =     1548 Time Avg = 1.071365E-04 Time/step= 1.290000E-04 ETA (HH:MM:SS) = 0:00:00
 [ 56%]  Time step     1550 of 2796 @ t_step =     1549 Time Avg = 1.071364E-04 Time/step= 1.070000E-04 ETA (HH:MM:SS) = 0:00:00
 [ 56%]  Time step     1551 of 2796 @ t_step =     1550 Time Avg = 1.071357E-04 Time/step= 1.060000E-04 ETA (HH:MM:SS) = 0:00:00
 [ 56%]  Time step     1552 of 2796 @ t_step =     1551 Time Avg = 1.071504E-04 Time/step= 1.300000E-04 ETA (HH:MM:SS) = 0:00:00
 [ 56%]  Time step     1553 of 2796 @ t_step =     1552 Time Avg = 1.071497E-04 Time/step= 1.060000E-04 ETA (HH:MM:SS) = 0:00:00
 [ 56%]  Time step     1554 of 2796 @ t_step =     1553 Time Avg = 1.071580E-04 Time/step= 1.200000E-04 ETA (HH:MM:SS) = 0:00:00
 [ 56%]  Time step     1555 of 2796 @ t_step =     1554 Time Avg = 1.071727E-04 Time/step= 1.300000E-04 ETA (HH:MM:SS) = 0:00:00
 [ 56%]  Time step     1556 of 2796 @ t_step =     1555 Time Avg = 1.071751E-04 Time/step= 1.110000E-04 ETA (HH:MM:SS) = 0:00:00
 [ 56%]  Time step     1557 of 2796 @ t_step =     1556 Time Avg = 1.071898E-04 Time/step= 1.300000E-04 ETA (HH:MM:SS) = 0:00:00
 [ 56%]  Time step     1558 of 2796 @ t_step =     1557 Time Avg = 1.071871E-04 Time/step= 1.030000E-04 ETA (HH:MM:SS) = 0:00:00
 [ 56%]  Time step     1559 of 2796 @ t_step =     1558 Time Avg = 1.071844E-04 Time/step= 1.030000E-04 ETA (HH:MM:SS) = 0:00:00
 [ 56%]  Time step     1560 of 2796 @ t_step =     1559 Time Avg = 1.071818E-04 Time/step= 1.030000E-04 ETA (HH:MM:SS) = 0:00:00
 [ 56%]  Time step     1561 of 2796 @ t_step =     1560 Time Avg = 1.071791E-04 Time/step= 1.030000E-04 ETA (HH:MM:SS) = 0:00:00
 [ 56%]  Time step     1562 of 2796 @ t_step =     1561 Time Avg = 1.071764E-04 Time/step= 1.030000E-04 ETA (HH:MM:SS) = 0:00:00
 [ 56%]  Time step     1563 of 2796 @ t_step =     1562 Time Avg = 1.071737E-04 Time/step= 1.030000E-04 ETA (HH:MM:SS) = 0:00:00
 [ 56%]  Time step     1564 of 2796 @ t_step =     1563 Time Avg = 1.071883E-04 Time/step= 1.300000E-04 ETA (HH:MM:SS) = 0:00:00
 [ 56%]  Time step     1565 of 2796 @ t_step =     1564 Time Avg = 1.071882E-04 Time/step= 1.070000E-04 ETA (HH:MM:SS) = 0:00:00
 [ 56%]  Time step     1566 of 2796 @ t_step =     1565 Time Avg = 1.071939E-04 Time/step= 1.160000E-04 ETA (HH:MM:SS) = 0:00:00
 [ 57%]  Time step     1567 of 2796 @ t_step =     1566 Time Avg = 1.071912E-04 Time/step= 1.030000E-04 ETA (HH:MM:SS) = 0:00:00
 [ 57%]  Time step     1568 of 2796 @ t_step =     1567 Time Avg = 1.071885E-04 Time/step= 1.030000E-04 ETA (HH:MM:SS) = 0:00:00
 [ 57%]  Time step     1569 of 2796 @ t_step =     1568 Time Avg = 1.071858E-04 Time/step= 1.030000E-04 ETA (HH:MM:SS) = 0:00:00
 [ 57%]  Time step     1570 of 2796 @ t_step =     1569 Time Avg = 1.071832E-04 Time/step= 1.030000E-04 ETA (HH:MM:SS) = 0:00:00
 [ 57%]  Time step     1571 of 2796 @ t_step =     1570 Time Avg = 1.071805E-04 Time/step= 1.030000E-04 ETA (HH:MM:SS) = 0:00:00
 [ 57%]  Time step     1572 of 2796 @ t_step =     1571 Time Avg = 1.071906E-04 Time/step= 1.230000E-04 ETA (HH:MM:SS) = 0:00:00
 [ 57%]  Time step     1573 of 2796 @ t_step =     1572 Time Avg = 1.071930E-04 Time/step= 1.110000E-04 ETA (HH:MM:SS) = 0:00:00
 [ 57%]  Time step     1574 of 2796 @ t_step =     1573 Time Avg = 1.071954E-04 Time/step= 1.110000E-04 ETA (HH:MM:SS) = 0:00:00
 [ 57%]  Time step     1575 of 2796 @ t_step =     1574 Time Avg = 1.072074E-04 Time/step= 1.260000E-04 ETA (HH:MM:SS) = 0:00:00
 [ 57%]  Time step     1576 of 2796 @ t_step =     1575 Time Avg = 1.072047E-04 Time/step= 1.030000E-04 ETA (HH:MM:SS) = 0:00:00
 [ 57%]  Time step     1577 of 2796 @ t_step =     1576 Time Avg = 1.072020E-04 Time/step= 1.030000E-04 ETA (HH:MM:SS) = 0:00:00
 [ 57%]  Time step     1578 of 2796 @ t_step =     1577 Time Avg = 1.071994E-04 Time/step= 1.030000E-04 ETA (HH:MM:SS) = 0:00:00
 [ 57%]  Time step     1579 of 2796 @ t_step =     1578 Time Avg = 1.071967E-04 Time/step= 1.030000E-04 ETA (HH:MM:SS) = 0:00:00
 [ 57%]  Time step     1580 of 2796 @ t_step =     1579 Time Avg = 1.071940E-04 Time/step= 1.030000E-04 ETA (HH:MM:SS) = 0:00:00
 [ 57%]  Time step     1581 of 2796 @ t_step =     1580 Time Avg = 1.072161E-04 Time/step= 1.420000E-04 ETA (HH:MM:SS) = 0:00:00
 [ 57%]  Time step     1582 of 2796 @ t_step =     1581 Time Avg = 1.072160E-04 Time/step= 1.070000E-04 ETA (HH:MM:SS) = 0:00:00
 [ 57%]  Time step     1583 of 2796 @ t_step =     1582 Time Avg = 1.072222E-04 Time/step= 1.170000E-04 ETA (HH:MM:SS) = 0:00:00
 [ 57%]  Time step     1584 of 2796 @ t_step =     1583 Time Avg = 1.072195E-04 Time/step= 1.030000E-04 ETA (HH:MM:SS) = 0:00:00
 [ 57%]  Time step     1585 of 2796 @ t_step =     1584 Time Avg = 1.072168E-04 Time/step= 1.030000E-04 ETA (HH:MM:SS) = 0:00:00
 [ 57%]  Time step     1586 of 2796 @ t_step =     1585 Time Avg = 1.072142E-04 Time/step= 1.030000E-04 ETA (HH:MM:SS) = 0:00:00
 [ 57%]  Time step     1587 of 2796 @ t_step =     1586 Time Avg = 1.072115E-04 Time/step= 1.030000E-04 ETA (HH:MM:SS) = 0:00:00
 [ 57%]  Time step     1588 of 2796 @ t_step =     1587 Time Avg = 1.072088E-04 Time/step= 1.030000E-04 ETA (HH:MM:SS) = 0:00:00
 [ 57%]  Time step     1589 of 2796 @ t_step =     1588 Time Avg = 1.072201E-04 Time/step= 1.250000E-04 ETA (HH:MM:SS) = 0:00:00
 [ 57%]  Time step     1590 of 2796 @ t_step =     1589 Time Avg = 1.072205E-04 Time/step= 1.080000E-04 ETA (HH:MM:SS) = 0:00:00
 [ 57%]  Time step     1591 of 2796 @ t_step =     1590 Time Avg = 1.072198E-04 Time/step= 1.060000E-04 ETA (HH:MM:SS) = 0:00:00
 [ 57%]  Time step     1592 of 2796 @ t_step =     1591 Time Avg = 1.072247E-04 Time/step= 1.150000E-04 ETA (HH:MM:SS) = 0:00:00
 [ 57%]  Time step     1593 of 2796 @ t_step =     1592 Time Avg = 1.072220E-04 Time/step= 1.030000E-04 ETA (HH:MM:SS) = 0:00:00
 [ 57%]  Time step     1594 of 2796 @ t_step =     1593 Time Avg = 1.072194E-04 Time/step= 1.030000E-04 ETA (HH:MM:SS) = 0:00:00
 [ 58%]  Time step     1595 of 2796 @ t_step =     1594 Time Avg = 1.072161E-04 Time/step= 1.020000E-04 ETA (HH:MM:SS) = 0:00:00
 [ 58%]  Time step     1596 of 2796 @ t_step =     1595 Time Avg = 1.072134E-04 Time/step= 1.030000E-04 ETA (HH:MM:SS) = 0:00:00
 [ 58%]  Time step     1597 of 2796 @ t_step =     1596 Time Avg = 1.072108E-04 Time/step= 1.030000E-04 ETA (HH:MM:SS) = 0:00:00
 [ 58%]  Time step     1598 of 2796 @ t_step =     1597 Time Avg = 1.072232E-04 Time/step= 1.270000E-04 ETA (HH:MM:SS) = 0:00:00
 [ 58%]  Time step     1599 of 2796 @ t_step =     1598 Time Avg = 1.072224E-04 Time/step= 1.060000E-04 ETA (HH:MM:SS) = 0:00:00
 [ 58%]  Time step     1600 of 2796 @ t_step =     1599 Time Avg = 1.072223E-04 Time/step= 1.070000E-04 ETA (HH:MM:SS) = 0:00:00
 [ 58%]  Time step     1601 of 2796 @ t_step =     1600 Time Avg = 1.072265E-04 Time/step= 1.140000E-04 ETA (HH:MM:SS) = 0:00:00
 [ 58%]  Time step     1602 of 2796 @ t_step =     1601 Time Avg = 1.072239E-04 Time/step= 1.030000E-04 ETA (HH:MM:SS) = 0:00:00
 [ 58%]  Time step     1603 of 2796 @ t_step =     1602 Time Avg = 1.072213E-04 Time/step= 1.030000E-04 ETA (HH:MM:SS) = 0:00:00
 [ 58%]  Time step     1604 of 2796 @ t_step =     1603 Time Avg = 1.072186E-04 Time/step= 1.030000E-04 ETA (HH:MM:SS) = 0:00:00
 [ 58%]  Time step     1605 of 2796 @ t_step =     1604 Time Avg = 1.072160E-04 Time/step= 1.030000E-04 ETA (HH:MM:SS) = 0:00:00
 [ 58%]  Time step     1606 of 2796 @ t_step =     1605 Time Avg = 1.072133E-04 Time/step= 1.030000E-04 ETA (HH:MM:SS) = 0:00:00
 [ 58%]  Time step     1607 of 2796 @ t_step =     1606 Time Avg = 1.072313E-04 Time/step= 1.360000E-04 ETA (HH:MM:SS) = 0:00:00
 [ 58%]  Time step     1608 of 2796 @ t_step =     1607 Time Avg = 1.072336E-04 Time/step= 1.110000E-04 ETA (HH:MM:SS) = 0:00:00
 [ 58%]  Time step     1609 of 2796 @ t_step =     1608 Time Avg = 1.072472E-04 Time/step= 1.290000E-04 ETA (HH:MM:SS) = 0:00:00
 [ 58%]  Time step     1610 of 2796 @ t_step =     1609 Time Avg = 1.072452E-04 Time/step= 1.040000E-04 ETA (HH:MM:SS) = 0:00:00
 [ 58%]  Time step     1611 of 2796 @ t_step =     1610 Time Avg = 1.072425E-04 Time/step= 1.030000E-04 ETA (HH:MM:SS) = 0:00:00
 [ 58%]  Time step     1612 of 2796 @ t_step =     1611 Time Avg = 1.072399E-04 Time/step= 1.030000E-04 ETA (HH:MM:SS) = 0:00:00
 [ 58%]  Time step     1613 of 2796 @ t_step =     1612 Time Avg = 1.072373E-04 Time/step= 1.030000E-04 ETA (HH:MM:SS) = 0:00:00
 [ 58%]  Time step     1614 of 2796 @ t_step =     1613 Time Avg = 1.072346E-04 Time/step= 1.030000E-04 ETA (HH:MM:SS) = 0:00:00
 [ 58%]  Time step     1615 of 2796 @ t_step =     1614 Time Avg = 1.072543E-04 Time/step= 1.390000E-04 ETA (HH:MM:SS) = 0:00:00
 [ 58%]  Time step     1616 of 2796 @ t_step =     1615 Time Avg = 1.072548E-04 Time/step= 1.080000E-04 ETA (HH:MM:SS) = 0:00:00
 [ 58%]  Time step     1617 of 2796 @ t_step =     1616 Time Avg = 1.072546E-04 Time/step= 1.070000E-04 ETA (HH:MM:SS) = 0:00:00
 [ 58%]  Time step     1618 of 2796 @ t_step =     1617 Time Avg = 1.072594E-04 Time/step= 1.150000E-04 ETA (HH:MM:SS) = 0:00:00
 [ 58%]  Time step     1619 of 2796 @ t_step =     1618 Time Avg = 1.072568E-04 Time/step= 1.030000E-04 ETA (HH:MM:SS) = 0:00:00
 [ 58%]  Time step     1620 of 2796 @ t_step =     1619 Time Avg = 1.072542E-04 Time/step= 1.030000E-04 ETA (HH:MM:SS) = 0:00:00
 [ 58%]  Time step     1621 of 2796 @ t_step =     1620 Time Avg = 1.072515E-04 Time/step= 1.030000E-04 ETA (HH:MM:SS) = 0:00:00
 [ 58%]  Time step     1622 of 2796 @ t_step =     1621 Time Avg = 1.072489E-04 Time/step= 1.030000E-04 ETA (HH:MM:SS) = 0:00:00
 [ 59%]  Time step     1623 of 2796 @ t_step =     1622 Time Avg = 1.072463E-04 Time/step= 1.030000E-04 ETA (HH:MM:SS) = 0:00:00
 [ 59%]  Time step     1624 of 2796 @ t_step =     1623 Time Avg = 1.072517E-04 Time/step= 1.160000E-04 ETA (HH:MM:SS) = 0:00:00
 [ 59%]  Time step     1625 of 2796 @ t_step =     1624 Time Avg = 1.072497E-04 Time/step= 1.040000E-04 ETA (HH:MM:SS) = 0:00:00
 [ 59%]  Time step     1626 of 2796 @ t_step =     1625 Time Avg = 1.072471E-04 Time/step= 1.030000E-04 ETA (HH:MM:SS) = 0:00:00
 [ 59%]  Time step     1627 of 2796 @ t_step =     1626 Time Avg = 1.072445E-04 Time/step= 1.030000E-04 ETA (HH:MM:SS) = 0:00:00
 [ 59%]  Time step     1628 of 2796 @ t_step =     1627 Time Avg = 1.072418E-04 Time/step= 1.030000E-04 ETA (HH:MM:SS) = 0:00:00
 [ 59%]  Time step     1629 of 2796 @ t_step =     1628 Time Avg = 1.072392E-04 Time/step= 1.030000E-04 ETA (HH:MM:SS) = 0:00:00
 [ 59%]  Time step     1630 of 2796 @ t_step =     1629 Time Avg = 1.072366E-04 Time/step= 1.030000E-04 ETA (HH:MM:SS) = 0:00:00
 [ 59%]  Time step     1631 of 2796 @ t_step =     1630 Time Avg = 1.072340E-04 Time/step= 1.030000E-04 ETA (HH:MM:SS) = 0:00:00
 [ 59%]  Time step     1632 of 2796 @ t_step =     1631 Time Avg = 1.072314E-04 Time/step= 1.030000E-04 ETA (HH:MM:SS) = 0:00:00
 [ 59%]  Time step     1633 of 2796 @ t_step =     1632 Time Avg = 1.072356E-04 Time/step= 1.140000E-04 ETA (HH:MM:SS) = 0:00:00
 [ 59%]  Time step     1634 of 2796 @ t_step =     1633 Time Avg = 1.072330E-04 Time/step= 1.030000E-04 ETA (HH:MM:SS) = 0:00:00
 [ 59%]  Time step     1635 of 2796 @ t_step =     1634 Time Avg = 1.072304E-04 Time/step= 1.030000E-04 ETA (HH:MM:SS) = 0:00:00
 [ 59%]  Time step     1636 of 2796 @ t_step =     1635 Time Avg = 1.072278E-04 Time/step= 1.030000E-04 ETA (HH:MM:SS) = 0:00:00
 [ 59%]  Time step     1637 of 2796 @ t_step =     1636 Time Avg = 1.072252E-04 Time/step= 1.030000E-04 ETA (HH:MM:SS) = 0:00:00
 [ 59%]  Time step     1638 of 2796 @ t_step =     1637 Time Avg = 1.072226E-04 Time/step= 1.030000E-04 ETA (HH:MM:SS) = 0:00:00
 [ 59%]  Time step     1639 of 2796 @ t_step =     1638 Time Avg = 1.072200E-04 Time/step= 1.030000E-04 ETA (HH:MM:SS) = 0:00:00
 [ 59%]  Time step     1640 of 2796 @ t_step =     1639 Time Avg = 1.072181E-04 Time/step= 1.040000E-04 ETA (HH:MM:SS) = 0:00:00
 [ 59%]  Time step     1641 of 2796 @ t_step =     1640 Time Avg = 1.072155E-04 Time/step= 1.030000E-04 ETA (HH:MM:SS) = 0:00:00
 [ 59%]  Time step     1642 of 2796 @ t_step =     1641 Time Avg = 1.072318E-04 Time/step= 1.340000E-04 ETA (HH:MM:SS) = 0:00:00
 [ 59%]  Time step     1643 of 2796 @ t_step =     1642 Time Avg = 1.072317E-04 Time/step= 1.070000E-04 ETA (HH:MM:SS) = 0:00:00
 [ 59%]  Time step     1644 of 2796 @ t_step =     1643 Time Avg = 1.072377E-04 Time/step= 1.170000E-04 ETA (HH:MM:SS) = 0:00:00
 [ 59%]  Time step     1645 of 2796 @ t_step =     1644 Time Avg = 1.072351E-04 Time/step= 1.030000E-04 ETA (HH:MM:SS) = 0:00:00
 [ 59%]  Time step     1646 of 2796 @ t_step =     1645 Time Avg = 1.072331E-04 Time/step= 1.040000E-04 ETA (HH:MM:SS) = 0:00:00
 [ 59%]  Time step     1647 of 2796 @ t_step =     1646 Time Avg = 1.072305E-04 Time/step= 1.030000E-04 ETA (HH:MM:SS) = 0:00:00
 [ 59%]  Time step     1648 of 2796 @ t_step =     1647 Time Avg = 1.072280E-04 Time/step= 1.030000E-04 ETA (HH:MM:SS) = 0:00:00
 [ 59%]  Time step     1649 of 2796 @ t_step =     1648 Time Avg = 1.072254E-04 Time/step= 1.030000E-04 ETA (HH:MM:SS) = 0:00:00
 [ 59%]  Time step     1650 of 2796 @ t_step =     1649 Time Avg = 1.072325E-04 Time/step= 1.190000E-04 ETA (HH:MM:SS) = 0:00:00
 [ 60%]  Time step     1651 of 2796 @ t_step =     1650 Time Avg = 1.072336E-04 Time/step= 1.090000E-04 ETA (HH:MM:SS) = 0:00:00
 [ 60%]  Time step     1652 of 2796 @ t_step =     1651 Time Avg = 1.072317E-04 Time/step= 1.040000E-04 ETA (HH:MM:SS) = 0:00:00
 [ 60%]  Time step     1653 of 2796 @ t_step =     1652 Time Avg = 1.072291E-04 Time/step= 1.030000E-04 ETA (HH:MM:SS) = 0:00:00
 [ 60%]  Time step     1654 of 2796 @ t_step =     1653 Time Avg = 1.072265E-04 Time/step= 1.030000E-04 ETA (HH:MM:SS) = 0:00:00
 [ 60%]  Time step     1655 of 2796 @ t_step =     1654 Time Avg = 1.072240E-04 Time/step= 1.030000E-04 ETA (HH:MM:SS) = 0:00:00
 [ 60%]  Time step     1656 of 2796 @ t_step =     1655 Time Avg = 1.072220E-04 Time/step= 1.040000E-04 ETA (HH:MM:SS) = 0:00:00
 [ 60%]  Time step     1657 of 2796 @ t_step =     1656 Time Avg = 1.072195E-04 Time/step= 1.030000E-04 ETA (HH:MM:SS) = 0:00:00
 [ 60%]  Time step     1658 of 2796 @ t_step =     1657 Time Avg = 1.072169E-04 Time/step= 1.030000E-04 ETA (HH:MM:SS) = 0:00:00
 [ 60%]  Time step     1659 of 2796 @ t_step =     1658 Time Avg = 1.072234E-04 Time/step= 1.180000E-04 ETA (HH:MM:SS) = 0:00:00
 [ 60%]  Time step     1660 of 2796 @ t_step =     1659 Time Avg = 1.072215E-04 Time/step= 1.040000E-04 ETA (HH:MM:SS) = 0:00:00
 [ 60%]  Time step     1661 of 2796 @ t_step =     1660 Time Avg = 1.072189E-04 Time/step= 1.030000E-04 ETA (HH:MM:SS) = 0:00:00
 [ 60%]  Time step     1662 of 2796 @ t_step =     1661 Time Avg = 1.072164E-04 Time/step= 1.030000E-04 ETA (HH:MM:SS) = 0:00:00
 [ 60%]  Time step     1663 of 2796 @ t_step =     1662 Time Avg = 1.072139E-04 Time/step= 1.030000E-04 ETA (HH:MM:SS) = 0:00:00
 [ 60%]  Time step     1664 of 2796 @ t_step =     1663 Time Avg = 1.072113E-04 Time/step= 1.030000E-04 ETA (HH:MM:SS) = 0:00:00
 [ 60%]  Time step     1665 of 2796 @ t_step =     1664 Time Avg = 1.072088E-04 Time/step= 1.030000E-04 ETA (HH:MM:SS) = 0:00:00
 [ 60%]  Time step     1666 of 2796 @ t_step =     1665 Time Avg = 1.072063E-04 Time/step= 1.030000E-04 ETA (HH:MM:SS) = 0:00:00
 [ 60%]  Time step     1667 of 2796 @ t_step =     1666 Time Avg = 1.072037E-04 Time/step= 1.030000E-04 ETA (HH:MM:SS) = 0:00:00
 [ 60%]  Time step     1668 of 2796 @ t_step =     1667 Time Avg = 1.072084E-04 Time/step= 1.150000E-04 ETA (HH:MM:SS) = 0:00:00
 [ 60%]  Time step     1669 of 2796 @ t_step =     1668 Time Avg = 1.072059E-04 Time/step= 1.030000E-04 ETA (HH:MM:SS) = 0:00:00
 [ 60%]  Time step     1670 of 2796 @ t_step =     1669 Time Avg = 1.072034E-04 Time/step= 1.030000E-04 ETA (HH:MM:SS) = 0:00:00
 [ 60%]  Time step     1671 of 2796 @ t_step =     1670 Time Avg = 1.072008E-04 Time/step= 1.030000E-04 ETA (HH:MM:SS) = 0:00:00
 [ 60%]  Time step     1672 of 2796 @ t_step =     1671 Time Avg = 1.071983E-04 Time/step= 1.030000E-04 ETA (HH:MM:SS) = 0:00:00
 [ 60%]  Time step     1673 of 2796 @ t_step =     1672 Time Avg = 1.071958E-04 Time/step= 1.030000E-04 ETA (HH:MM:SS) = 0:00:00
 [ 60%]  Time step     1674 of 2796 @ t_step =     1673 Time Avg = 1.071933E-04 Time/step= 1.030000E-04 ETA (HH:MM:SS) = 0:00:00
 [ 60%]  Time step     1675 of 2796 @ t_step =     1674 Time Avg = 1.071908E-04 Time/step= 1.030000E-04 ETA (HH:MM:SS) = 0:00:00
 [ 60%]  Time step     1676 of 2796 @ t_step =     1675 Time Avg = 1.071883E-04 Time/step= 1.030000E-04 ETA (HH:MM:SS) = 0:00:00
 [ 60%]  Time step     1677 of 2796 @ t_step =     1676 Time Avg = 1.072007E-04 Time/step= 1.280000E-04 ETA (HH:MM:SS) = 0:00:00
 [ 60%]  Time step     1678 of 2796 @ t_step =     1677 Time Avg = 1.072006E-04 Time/step= 1.070000E-04 ETA (HH:MM:SS) = 0:00:00
 [ 61%]  Time step     1679 of 2796 @ t_step =     1678 Time Avg = 1.072005E-04 Time/step= 1.070000E-04 ETA (HH:MM:SS) = 0:00:00
 [ 61%]  Time step     1680 of 2796 @ t_step =     1679 Time Avg = 1.072051E-04 Time/step= 1.150000E-04 ETA (HH:MM:SS) = 0:00:00
 [ 61%]  Time step     1681 of 2796 @ t_step =     1680 Time Avg = 1.072026E-04 Time/step= 1.030000E-04 ETA (HH:MM:SS) = 0:00:00
 [ 61%]  Time step     1682 of 2796 @ t_step =     1681 Time Avg = 1.072001E-04 Time/step= 1.030000E-04 ETA (HH:MM:SS) = 0:00:00
 [ 61%]  Time step     1683 of 2796 @ t_step =     1682 Time Avg = 1.071976E-04 Time/step= 1.030000E-04 ETA (HH:MM:SS) = 0:00:00
 [ 61%]  Time step     1684 of 2796 @ t_step =     1683 Time Avg = 1.071951E-04 Time/step= 1.030000E-04 ETA (HH:MM:SS) = 0:00:00
 [ 61%]  Time step     1685 of 2796 @ t_step =     1684 Time Avg = 1.071926E-04 Time/step= 1.030000E-04 ETA (HH:MM:SS) = 0:00:00
 [ 61%]  Time step     1686 of 2796 @ t_step =     1685 Time Avg = 1.072050E-04 Time/step= 1.280000E-04 ETA (HH:MM:SS) = 0:00:00
 [ 61%]  Time step     1687 of 2796 @ t_step =     1686 Time Avg = 1.072031E-04 Time/step= 1.040000E-04 ETA (HH:MM:SS) = 0:00:00
 [ 61%]  Time step     1688 of 2796 @ t_step =     1687 Time Avg = 1.072006E-04 Time/step= 1.030000E-04 ETA (HH:MM:SS) = 0:00:00
 [ 61%]  Time step     1689 of 2796 @ t_step =     1688 Time Avg = 1.071981E-04 Time/step= 1.030000E-04 ETA (HH:MM:SS) = 0:00:00
 [ 61%]  Time step     1690 of 2796 @ t_step =     1689 Time Avg = 1.071956E-04 Time/step= 1.030000E-04 ETA (HH:MM:SS) = 0:00:00
 [ 61%]  Time step     1691 of 2796 @ t_step =     1690 Time Avg = 1.071931E-04 Time/step= 1.030000E-04 ETA (HH:MM:SS) = 0:00:00
 [ 61%]  Time step     1692 of 2796 @ t_step =     1691 Time Avg = 1.071906E-04 Time/step= 1.030000E-04 ETA (HH:MM:SS) = 0:00:00
 [ 61%]  Time step     1693 of 2796 @ t_step =     1692 Time Avg = 1.071882E-04 Time/step= 1.030000E-04 ETA (HH:MM:SS) = 0:00:00
 [ 61%]  Time step     1694 of 2796 @ t_step =     1693 Time Avg = 1.071857E-04 Time/step= 1.030000E-04 ETA (HH:MM:SS) = 0:00:00
 [ 61%]  Time step     1695 of 2796 @ t_step =     1694 Time Avg = 1.071909E-04 Time/step= 1.160000E-04 ETA (HH:MM:SS) = 0:00:00
 [ 61%]  Time step     1696 of 2796 @ t_step =     1695 Time Avg = 1.071884E-04 Time/step= 1.030000E-04 ETA (HH:MM:SS) = 0:00:00
 [ 61%]  Time step     1697 of 2796 @ t_step =     1696 Time Avg = 1.071860E-04 Time/step= 1.030000E-04 ETA (HH:MM:SS) = 0:00:00
 [ 61%]  Time step     1698 of 2796 @ t_step =     1697 Time Avg = 1.071835E-04 Time/step= 1.030000E-04 ETA (HH:MM:SS) = 0:00:00
 [ 61%]  Time step     1699 of 2796 @ t_step =     1698 Time Avg = 1.071810E-04 Time/step= 1.030000E-04 ETA (HH:MM:SS) = 0:00:00
 [ 61%]  Time step     1700 of 2796 @ t_step =     1699 Time Avg = 1.071786E-04 Time/step= 1.030000E-04 ETA (HH:MM:SS) = 0:00:00
 [ 61%]  Time step     1701 of 2796 @ t_step =     1700 Time Avg = 1.071761E-04 Time/step= 1.030000E-04 ETA (HH:MM:SS) = 0:00:00
 [ 61%]  Time step     1702 of 2796 @ t_step =     1701 Time Avg = 1.071736E-04 Time/step= 1.030000E-04 ETA (HH:MM:SS) = 0:00:00
 [ 61%]  Time step     1703 of 2796 @ t_step =     1702 Time Avg = 1.071712E-04 Time/step= 1.030000E-04 ETA (HH:MM:SS) = 0:00:00
 [ 61%]  Time step     1704 of 2796 @ t_step =     1703 Time Avg = 1.071734E-04 Time/step= 1.110000E-04 ETA (HH:MM:SS) = 0:00:00
 [ 61%]  Time step     1705 of 2796 @ t_step =     1704 Time Avg = 1.071710E-04 Time/step= 1.030000E-04 ETA (HH:MM:SS) = 0:00:00
 [ 61%]  Time step     1706 of 2796 @ t_step =     1705 Time Avg = 1.071691E-04 Time/step= 1.040000E-04 ETA (HH:MM:SS) = 0:00:00
 [ 62%]  Time step     1707 of 2796 @ t_step =     1706 Time Avg = 1.071667E-04 Time/step= 1.030000E-04 ETA (HH:MM:SS) = 0:00:00
 [ 62%]  Time step     1708 of 2796 @ t_step =     1707 Time Avg = 1.071648E-04 Time/step= 1.040000E-04 ETA (HH:MM:SS) = 0:00:00
 [ 62%]  Time step     1709 of 2796 @ t_step =     1708 Time Avg = 1.071624E-04 Time/step= 1.030000E-04 ETA (HH:MM:SS) = 0:00:00
 [ 62%]  Time step     1710 of 2796 @ t_step =     1709 Time Avg = 1.071605E-04 Time/step= 1.040000E-04 ETA (HH:MM:SS) = 0:00:00
 [ 62%]  Time step     1711 of 2796 @ t_step =     1710 Time Avg = 1.071581E-04 Time/step= 1.030000E-04 ETA (HH:MM:SS) = 0:00:00
 [ 62%]  Time step     1712 of 2796 @ t_step =     1711 Time Avg = 1.071656E-04 Time/step= 1.200000E-04 ETA (HH:MM:SS) = 0:00:00
 [ 62%]  Time step     1713 of 2796 @ t_step =     1712 Time Avg = 1.071667E-04 Time/step= 1.090000E-04 ETA (HH:MM:SS) = 0:00:00
 [ 62%]  Time step     1714 of 2796 @ t_step =     1713 Time Avg = 1.071666E-04 Time/step= 1.070000E-04 ETA (HH:MM:SS) = 0:00:00
 [ 62%]  Time step     1715 of 2796 @ t_step =     1714 Time Avg = 1.071717E-04 Time/step= 1.160000E-04 ETA (HH:MM:SS) = 0:00:00
 [ 62%]  Time step     1716 of 2796 @ t_step =     1715 Time Avg = 1.071693E-04 Time/step= 1.030000E-04 ETA (HH:MM:SS) = 0:00:00
 [ 62%]  Time step     1717 of 2796 @ t_step =     1716 Time Avg = 1.071669E-04 Time/step= 1.030000E-04 ETA (HH:MM:SS) = 0:00:00
 [ 62%]  Time step     1718 of 2796 @ t_step =     1717 Time Avg = 1.071644E-04 Time/step= 1.030000E-04 ETA (HH:MM:SS) = 0:00:00
 [ 62%]  Time step     1719 of 2796 @ t_step =     1718 Time Avg = 1.071620E-04 Time/step= 1.030000E-04 ETA (HH:MM:SS) = 0:00:00
 [ 62%]  Time step     1720 of 2796 @ t_step =     1719 Time Avg = 1.071602E-04 Time/step= 1.040000E-04 ETA (HH:MM:SS) = 0:00:00
 [ 62%]  Time step     1721 of 2796 @ t_step =     1720 Time Avg = 1.071717E-04 Time/step= 1.270000E-04 ETA (HH:MM:SS) = 0:00:00
 [ 62%]  Time step     1722 of 2796 @ t_step =     1721 Time Avg = 1.071716E-04 Time/step= 1.070000E-04 ETA (HH:MM:SS) = 0:00:00
 [ 62%]  Time step     1723 of 2796 @ t_step =     1722 Time Avg = 1.071692E-04 Time/step= 1.030000E-04 ETA (HH:MM:SS) = 0:00:00
 [ 62%]  Time step     1724 of 2796 @ t_step =     1723 Time Avg = 1.071668E-04 Time/step= 1.030000E-04 ETA (HH:MM:SS) = 0:00:00
 [ 62%]  Time step     1725 of 2796 @ t_step =     1724 Time Avg = 1.071643E-04 Time/step= 1.030000E-04 ETA (HH:MM:SS) = 0:00:00
 [ 62%]  Time step     1726 of 2796 @ t_step =     1725 Time Avg = 1.071625E-04 Time/step= 1.040000E-04 ETA (HH:MM:SS) = 0:00:00
 [ 62%]  Time step     1727 of 2796 @ t_step =     1726 Time Avg = 1.071607E-04 Time/step= 1.040000E-04 ETA (HH:MM:SS) = 0:00:00
 [ 62%]  Time step     1728 of 2796 @ t_step =     1727 Time Avg = 1.071588E-04 Time/step= 1.040000E-04 ETA (HH:MM:SS) = 0:00:00
 [ 62%]  Time step     1729 of 2796 @ t_step =     1728 Time Avg = 1.071570E-04 Time/step= 1.040000E-04 ETA (HH:MM:SS) = 0:00:00
 [ 62%]  Time step     1730 of 2796 @ t_step =     1729 Time Avg = 1.071633E-04 Time/step= 1.180000E-04 ETA (HH:MM:SS) = 0:00:00
 [ 62%]  Time step     1731 of 2796 @ t_step =     1730 Time Avg = 1.071609E-04 Time/step= 1.030000E-04 ETA (HH:MM:SS) = 0:00:00
 [ 62%]  Time step     1732 of 2796 @ t_step =     1731 Time Avg = 1.071591E-04 Time/step= 1.040000E-04 ETA (HH:MM:SS) = 0:00:00
 [ 62%]  Time step     1733 of 2796 @ t_step =     1732 Time Avg = 1.071566E-04 Time/step= 1.030000E-04 ETA (HH:MM:SS) = 0:00:00
 [ 62%]  Time step     1734 of 2796 @ t_step =     1733 Time Avg = 1.071542E-04 Time/step= 1.030000E-04 ETA (HH:MM:SS) = 0:00:00
 [ 63%]  Time step     1735 of 2796 @ t_step =     1734 Time Avg = 1.071518E-04 Time/step= 1.030000E-04 ETA (HH:MM:SS) = 0:00:00
 [ 63%]  Time step     1736 of 2796 @ t_step =     1735 Time Avg = 1.071495E-04 Time/step= 1.030000E-04 ETA (HH:MM:SS) = 0:00:00
 [ 63%]  Time step     1737 of 2796 @ t_step =     1736 Time Avg = 1.071471E-04 Time/step= 1.030000E-04 ETA (HH:MM:SS) = 0:00:00
 [ 63%]  Time step     1738 of 2796 @ t_step =     1737 Time Avg = 1.071447E-04 Time/step= 1.030000E-04 ETA (HH:MM:SS) = 0:00:00
 [ 63%]  Time step     1739 of 2796 @ t_step =     1738 Time Avg = 1.071492E-04 Time/step= 1.150000E-04 ETA (HH:MM:SS) = 0:00:00
 [ 63%]  Time step     1740 of 2796 @ t_step =     1739 Time Avg = 1.071474E-04 Time/step= 1.040000E-04 ETA (HH:MM:SS) = 0:00:00
 [ 63%]  Time step     1741 of 2796 @ t_step =     1740 Time Avg = 1.071450E-04 Time/step= 1.030000E-04 ETA (HH:MM:SS) = 0:00:00
 [ 63%]  Time step     1742 of 2796 @ t_step =     1741 Time Avg = 1.071426E-04 Time/step= 1.030000E-04 ETA (HH:MM:SS) = 0:00:00
 [ 63%]  Time step     1743 of 2796 @ t_step =     1742 Time Avg = 1.071402E-04 Time/step= 1.030000E-04 ETA (HH:MM:SS) = 0:00:00
 [ 63%]  Time step     1744 of 2796 @ t_step =     1743 Time Avg = 1.071384E-04 Time/step= 1.040000E-04 ETA (HH:MM:SS) = 0:00:00
 [ 63%]  Time step     1745 of 2796 @ t_step =     1744 Time Avg = 1.071361E-04 Time/step= 1.030000E-04 ETA (HH:MM:SS) = 0:00:00
 [ 63%]  Time step     1746 of 2796 @ t_step =     1745 Time Avg = 1.071343E-04 Time/step= 1.040000E-04 ETA (HH:MM:SS) = 0:00:00
 [ 63%]  Time step     1747 of 2796 @ t_step =     1746 Time Avg = 1.071319E-04 Time/step= 1.030000E-04 ETA (HH:MM:SS) = 0:00:00
 [ 63%]  Time step     1748 of 2796 @ t_step =     1747 Time Avg = 1.071438E-04 Time/step= 1.280000E-04 ETA (HH:MM:SS) = 0:00:00
 [ 63%]  Time step     1749 of 2796 @ t_step =     1748 Time Avg = 1.071438E-04 Time/step= 1.070000E-04 ETA (HH:MM:SS) = 0:00:00
 [ 63%]  Time step     1750 of 2796 @ t_step =     1749 Time Avg = 1.071437E-04 Time/step= 1.070000E-04 ETA (HH:MM:SS) = 0:00:00
 [ 63%]  Time step     1751 of 2796 @ t_step =     1750 Time Avg = 1.071476E-04 Time/step= 1.140000E-04 ETA (HH:MM:SS) = 0:00:00
 [ 63%]  Time step     1752 of 2796 @ t_step =     1751 Time Avg = 1.071452E-04 Time/step= 1.030000E-04 ETA (HH:MM:SS) = 0:00:00
 [ 63%]  Time step     1753 of 2796 @ t_step =     1752 Time Avg = 1.071434E-04 Time/step= 1.040000E-04 ETA (HH:MM:SS) = 0:00:00
 [ 63%]  Time step     1754 of 2796 @ t_step =     1753 Time Avg = 1.071416E-04 Time/step= 1.040000E-04 ETA (HH:MM:SS) = 0:00:00
 [ 63%]  Time step     1755 of 2796 @ t_step =     1754 Time Avg = 1.071393E-04 Time/step= 1.030000E-04 ETA (HH:MM:SS) = 0:00:00
 [ 63%]  Time step     1756 of 2796 @ t_step =     1755 Time Avg = 1.071375E-04 Time/step= 1.040000E-04 ETA (HH:MM:SS) = 0:00:00
 [ 63%]  Time step     1757 of 2796 @ t_step =     1756 Time Avg = 1.071477E-04 Time/step= 1.250000E-04 ETA (HH:MM:SS) = 0:00:00
 [ 63%]  Time step     1758 of 2796 @ t_step =     1757 Time Avg = 1.071459E-04 Time/step= 1.040000E-04 ETA (HH:MM:SS) = 0:00:00
 [ 63%]  Time step     1759 of 2796 @ t_step =     1758 Time Avg = 1.071435E-04 Time/step= 1.030000E-04 ETA (HH:MM:SS) = 0:00:00
 [ 63%]  Time step     1760 of 2796 @ t_step =     1759 Time Avg = 1.071411E-04 Time/step= 1.030000E-04 ETA (HH:MM:SS) = 0:00:00
 [ 63%]  Time step     1761 of 2796 @ t_step =     1760 Time Avg = 1.071382E-04 Time/step= 1.020000E-04 ETA (HH:MM:SS) = 0:00:00
 [ 63%]  Time step     1762 of 2796 @ t_step =     1761 Time Avg = 1.071359E-04 Time/step= 1.030000E-04 ETA (HH:MM:SS) = 0:00:00
 [ 64%]  Time step     1763 of 2796 @ t_step =     1762 Time Avg = 1.071335E-04 Time/step= 1.030000E-04 ETA (HH:MM:SS) = 0:00:00
 [ 64%]  Time step     1764 of 2796 @ t_step =     1763 Time Avg = 1.071312E-04 Time/step= 1.030000E-04 ETA (HH:MM:SS) = 0:00:00
 [ 64%]  Time step     1765 of 2796 @ t_step =     1764 Time Avg = 1.071362E-04 Time/step= 1.160000E-04 ETA (HH:MM:SS) = 0:00:00
 [ 64%]  Time step     1766 of 2796 @ t_step =     1765 Time Avg = 1.071344E-04 Time/step= 1.040000E-04 ETA (HH:MM:SS) = 0:00:00
 [ 64%]  Time step     1767 of 2796 @ t_step =     1766 Time Avg = 1.071321E-04 Time/step= 1.030000E-04 ETA (HH:MM:SS) = 0:00:00
 [ 64%]  Time step     1768 of 2796 @ t_step =     1767 Time Avg = 1.071297E-04 Time/step= 1.030000E-04 ETA (HH:MM:SS) = 0:00:00
 [ 64%]  Time step     1769 of 2796 @ t_step =     1768 Time Avg = 1.071274E-04 Time/step= 1.030000E-04 ETA (HH:MM:SS) = 0:00:00
 [ 64%]  Time step     1770 of 2796 @ t_step =     1769 Time Avg = 1.071251E-04 Time/step= 1.030000E-04 ETA (HH:MM:SS) = 0:00:00
 [ 64%]  Time step     1771 of 2796 @ t_step =     1770 Time Avg = 1.071227E-04 Time/step= 1.030000E-04 ETA (HH:MM:SS) = 0:00:00
 [ 64%]  Time step     1772 of 2796 @ t_step =     1771 Time Avg = 1.071204E-04 Time/step= 1.030000E-04 ETA (HH:MM:SS) = 0:00:00
 [ 64%]  Time step     1773 of 2796 @ t_step =     1772 Time Avg = 1.071186E-04 Time/step= 1.040000E-04 ETA (HH:MM:SS) = 0:00:00
 [ 64%]  Time step     1774 of 2796 @ t_step =     1773 Time Avg = 1.071225E-04 Time/step= 1.140000E-04 ETA (HH:MM:SS) = 0:00:00
 [ 64%]  Time step     1775 of 2796 @ t_step =     1774 Time Avg = 1.071208E-04 Time/step= 1.040000E-04 ETA (HH:MM:SS) = 0:00:00
 [ 64%]  Time step     1776 of 2796 @ t_step =     1775 Time Avg = 1.071184E-04 Time/step= 1.030000E-04 ETA (HH:MM:SS) = 0:00:00
 [ 64%]  Time step     1777 of 2796 @ t_step =     1776 Time Avg = 1.071161E-04 Time/step= 1.030000E-04 ETA (HH:MM:SS) = 0:00:00
 [ 64%]  Time step     1778 of 2796 @ t_step =     1777 Time Avg = 1.071138E-04 Time/step= 1.030000E-04 ETA (HH:MM:SS) = 0:00:00
 [ 64%]  Time step     1779 of 2796 @ t_step =     1778 Time Avg = 1.071115E-04 Time/step= 1.030000E-04 ETA (HH:MM:SS) = 0:00:00
 [ 64%]  Time step     1780 of 2796 @ t_step =     1779 Time Avg = 1.071092E-04 Time/step= 1.030000E-04 ETA (HH:MM:SS) = 0:00:00
 [ 64%]  Time step     1781 of 2796 @ t_step =     1780 Time Avg = 1.071069E-04 Time/step= 1.030000E-04 ETA (HH:MM:SS) = 0:00:00
 [ 64%]  Time step     1782 of 2796 @ t_step =     1781 Time Avg = 1.071046E-04 Time/step= 1.030000E-04 ETA (HH:MM:SS) = 0:00:00
 [ 64%]  Time step     1783 of 2796 @ t_step =     1782 Time Avg = 1.071152E-04 Time/step= 1.260000E-04 ETA (HH:MM:SS) = 0:00:00
 [ 64%]  Time step     1784 of 2796 @ t_step =     1783 Time Avg = 1.071151E-04 Time/step= 1.070000E-04 ETA (HH:MM:SS) = 0:00:00
 [ 64%]  Time step     1785 of 2796 @ t_step =     1784 Time Avg = 1.071150E-04 Time/step= 1.070000E-04 ETA (HH:MM:SS) = 0:00:00
 [ 64%]  Time step     1786 of 2796 @ t_step =     1785 Time Avg = 1.071200E-04 Time/step= 1.160000E-04 ETA (HH:MM:SS) = 0:00:00
 [ 64%]  Time step     1787 of 2796 @ t_step =     1786 Time Avg = 1.071172E-04 Time/step= 1.020000E-04 ETA (HH:MM:SS) = 0:00:00
 [ 64%]  Time step     1788 of 2796 @ t_step =     1787 Time Avg = 1.071148E-04 Time/step= 1.030000E-04 ETA (HH:MM:SS) = 0:00:00
 [ 64%]  Time step     1789 of 2796 @ t_step =     1788 Time Avg = 1.071125E-04 Time/step= 1.030000E-04 ETA (HH:MM:SS) = 0:00:00
 [ 64%]  Time step     1790 of 2796 @ t_step =     1789 Time Avg = 1.071102E-04 Time/step= 1.030000E-04 ETA (HH:MM:SS) = 0:00:00
 [ 65%]  Time step     1791 of 2796 @ t_step =     1790 Time Avg = 1.071079E-04 Time/step= 1.030000E-04 ETA (HH:MM:SS) = 0:00:00
 [ 65%]  Time step     1792 of 2796 @ t_step =     1791 Time Avg = 1.071353E-04 Time/step= 1.560000E-04 ETA (HH:MM:SS) = 0:00:00
 [ 65%]  Time step     1793 of 2796 @ t_step =     1792 Time Avg = 1.071374E-04 Time/step= 1.110000E-04 ETA (HH:MM:SS) = 0:00:00
 [ 65%]  Time step     1794 of 2796 @ t_step =     1793 Time Avg = 1.071502E-04 Time/step= 1.300000E-04 ETA (HH:MM:SS) = 0:00:00
 [ 65%]  Time step     1795 of 2796 @ t_step =     1794 Time Avg = 1.071479E-04 Time/step= 1.030000E-04 ETA (HH:MM:SS) = 0:00:00
 [ 65%]  Time step     1796 of 2796 @ t_step =     1795 Time Avg = 1.071461E-04 Time/step= 1.040000E-04 ETA (HH:MM:SS) = 0:00:00
 [ 65%]  Time step     1797 of 2796 @ t_step =     1796 Time Avg = 1.071438E-04 Time/step= 1.030000E-04 ETA (HH:MM:SS) = 0:00:00
 [ 65%]  Time step     1798 of 2796 @ t_step =     1797 Time Avg = 1.071415E-04 Time/step= 1.030000E-04 ETA (HH:MM:SS) = 0:00:00
 [ 65%]  Time step     1799 of 2796 @ t_step =     1798 Time Avg = 1.071392E-04 Time/step= 1.030000E-04 ETA (HH:MM:SS) = 0:00:00
 [ 65%]  Time step     1800 of 2796 @ t_step =     1799 Time Avg = 1.071436E-04 Time/step= 1.150000E-04 ETA (HH:MM:SS) = 0:00:00
 [ 65%]  Time step     1801 of 2796 @ t_step =     1800 Time Avg = 1.071418E-04 Time/step= 1.040000E-04 ETA (HH:MM:SS) = 0:00:00
 [ 65%]  Time step     1802 of 2796 @ t_step =     1801 Time Avg = 1.071401E-04 Time/step= 1.040000E-04 ETA (HH:MM:SS) = 0:00:00
 [ 65%]  Time step     1803 of 2796 @ t_step =     1802 Time Avg = 1.071372E-04 Time/step= 1.020000E-04 ETA (HH:MM:SS) = 0:00:00
 [ 65%]  Time step     1804 of 2796 @ t_step =     1803 Time Avg = 1.071349E-04 Time/step= 1.030000E-04 ETA (HH:MM:SS) = 0:00:00
 [ 65%]  Time step     1805 of 2796 @ t_step =     1804 Time Avg = 1.071326E-04 Time/step= 1.030000E-04 ETA (HH:MM:SS) = 0:00:00
 [ 65%]  Time step     1806 of 2796 @ t_step =     1805 Time Avg = 1.071303E-04 Time/step= 1.030000E-04 ETA (HH:MM:SS) = 0:00:00
 [ 65%]  Time step     1807 of 2796 @ t_step =     1806 Time Avg = 1.071275E-04 Time/step= 1.020000E-04 ETA (HH:MM:SS) = 0:00:00
 [ 65%]  Time step     1808 of 2796 @ t_step =     1807 Time Avg = 1.071252E-04 Time/step= 1.030000E-04 ETA (HH:MM:SS) = 0:00:00
 [ 65%]  Time step     1809 of 2796 @ t_step =     1808 Time Avg = 1.071290E-04 Time/step= 1.140000E-04 ETA (HH:MM:SS) = 0:00:00
 [ 65%]  Time step     1810 of 2796 @ t_step =     1809 Time Avg = 1.071273E-04 Time/step= 1.040000E-04 ETA (HH:MM:SS) = 0:00:00
 [ 65%]  Time step     1811 of 2796 @ t_step =     1810 Time Avg = 1.071250E-04 Time/step= 1.030000E-04 ETA (HH:MM:SS) = 0:00:00
 [ 65%]  Time step     1812 of 2796 @ t_step =     1811 Time Avg = 1.071227E-04 Time/step= 1.030000E-04 ETA (HH:MM:SS) = 0:00:00
 [ 65%]  Time step     1813 of 2796 @ t_step =     1812 Time Avg = 1.071204E-04 Time/step= 1.030000E-04 ETA (HH:MM:SS) = 0:00:00
 [ 65%]  Time step     1814 of 2796 @ t_step =     1813 Time Avg = 1.071187E-04 Time/step= 1.040000E-04 ETA (HH:MM:SS) = 0:00:00
 [ 65%]  Time step     1815 of 2796 @ t_step =     1814 Time Avg = 1.071164E-04 Time/step= 1.030000E-04 ETA (HH:MM:SS) = 0:00:00
 [ 65%]  Time step     1816 of 2796 @ t_step =     1815 Time Avg = 1.071142E-04 Time/step= 1.030000E-04 ETA (HH:MM:SS) = 0:00:00
 [ 65%]  Time step     1817 of 2796 @ t_step =     1816 Time Avg = 1.071119E-04 Time/step= 1.030000E-04 ETA (HH:MM:SS) = 0:00:00
 [ 65%]  Time step     1818 of 2796 @ t_step =     1817 Time Avg = 1.071218E-04 Time/step= 1.250000E-04 ETA (HH:MM:SS) = 0:00:00
 [ 66%]  Time step     1819 of 2796 @ t_step =     1818 Time Avg = 1.071217E-04 Time/step= 1.070000E-04 ETA (HH:MM:SS) = 0:00:00
 [ 66%]  Time step     1820 of 2796 @ t_step =     1819 Time Avg = 1.071211E-04 Time/step= 1.060000E-04 ETA (HH:MM:SS) = 0:00:00
 [ 66%]  Time step     1821 of 2796 @ t_step =     1820 Time Avg = 1.071260E-04 Time/step= 1.160000E-04 ETA (HH:MM:SS) = 0:00:00
 [ 66%]  Time step     1822 of 2796 @ t_step =     1821 Time Avg = 1.071237E-04 Time/step= 1.030000E-04 ETA (HH:MM:SS) = 0:00:00
 [ 66%]  Time step     1823 of 2796 @ t_step =     1822 Time Avg = 1.071214E-04 Time/step= 1.030000E-04 ETA (HH:MM:SS) = 0:00:00
 [ 66%]  Time step     1824 of 2796 @ t_step =     1823 Time Avg = 1.071192E-04 Time/step= 1.030000E-04 ETA (HH:MM:SS) = 0:00:00
 [ 66%]  Time step     1825 of 2796 @ t_step =     1824 Time Avg = 1.071246E-04 Time/step= 1.170000E-04 ETA (HH:MM:SS) = 0:00:00
 [ 66%]  Time step     1826 of 2796 @ t_step =     1825 Time Avg = 1.071240E-04 Time/step= 1.060000E-04 ETA (HH:MM:SS) = 0:00:00
 [ 66%]  Time step     1827 of 2796 @ t_step =     1826 Time Avg = 1.071382E-04 Time/step= 1.330000E-04 ETA (HH:MM:SS) = 0:00:00
 [ 66%]  Time step     1828 of 2796 @ t_step =     1827 Time Avg = 1.071381E-04 Time/step= 1.070000E-04 ETA (HH:MM:SS) = 0:00:00
 [ 66%]  Time step     1829 of 2796 @ t_step =     1828 Time Avg = 1.071380E-04 Time/step= 1.070000E-04 ETA (HH:MM:SS) = 0:00:00
 [ 66%]  Time step     1830 of 2796 @ t_step =     1829 Time Avg = 1.071379E-04 Time/step= 1.070000E-04 ETA (HH:MM:SS) = 0:00:00
 [ 66%]  Time step     1831 of 2796 @ t_step =     1830 Time Avg = 1.071379E-04 Time/step= 1.070000E-04 ETA (HH:MM:SS) = 0:00:00
 [ 66%]  Time step     1832 of 2796 @ t_step =     1831 Time Avg = 1.071378E-04 Time/step= 1.070000E-04 ETA (HH:MM:SS) = 0:00:00
 [ 66%]  Time step     1833 of 2796 @ t_step =     1832 Time Avg = 1.071377E-04 Time/step= 1.070000E-04 ETA (HH:MM:SS) = 0:00:00
 [ 66%]  Time step     1834 of 2796 @ t_step =     1833 Time Avg = 1.071371E-04 Time/step= 1.060000E-04 ETA (HH:MM:SS) = 0:00:00
 [ 66%]  Time step     1835 of 2796 @ t_step =     1834 Time Avg = 1.071425E-04 Time/step= 1.170000E-04 ETA (HH:MM:SS) = 0:00:00
 [ 66%]  Time step     1836 of 2796 @ t_step =     1835 Time Avg = 1.071429E-04 Time/step= 1.080000E-04 ETA (HH:MM:SS) = 0:00:00
 [ 66%]  Time step     1837 of 2796 @ t_step =     1836 Time Avg = 1.071429E-04 Time/step= 1.070000E-04 ETA (HH:MM:SS) = 0:00:00
 [ 66%]  Time step     1838 of 2796 @ t_step =     1837 Time Avg = 1.071428E-04 Time/step= 1.070000E-04 ETA (HH:MM:SS) = 0:00:00
 [ 66%]  Time step     1839 of 2796 @ t_step =     1838 Time Avg = 1.071422E-04 Time/step= 1.060000E-04 ETA (HH:MM:SS) = 0:00:00
 [ 66%]  Time step     1840 of 2796 @ t_step =     1839 Time Avg = 1.071421E-04 Time/step= 1.070000E-04 ETA (HH:MM:SS) = 0:00:00
 [ 66%]  Time step     1841 of 2796 @ t_step =     1840 Time Avg = 1.071415E-04 Time/step= 1.060000E-04 ETA (HH:MM:SS) = 0:00:00
 [ 66%]  Time step     1842 of 2796 @ t_step =     1841 Time Avg = 1.071414E-04 Time/step= 1.070000E-04 ETA (HH:MM:SS) = 0:00:00
 [ 66%]  Time step     1843 of 2796 @ t_step =     1842 Time Avg = 1.071408E-04 Time/step= 1.060000E-04 ETA (HH:MM:SS) = 0:00:00
 [ 66%]  Time step     1844 of 2796 @ t_step =     1843 Time Avg = 1.071477E-04 Time/step= 1.200000E-04 ETA (HH:MM:SS) = 0:00:00
 [ 66%]  Time step     1845 of 2796 @ t_step =     1844 Time Avg = 1.071477E-04 Time/step= 1.070000E-04 ETA (HH:MM:SS) = 0:00:00
 [ 66%]  Time step     1846 of 2796 @ t_step =     1845 Time Avg = 1.071530E-04 Time/step= 1.170000E-04 ETA (HH:MM:SS) = 0:00:00
 [ 67%]  Time step     1847 of 2796 @ t_step =     1846 Time Avg = 1.071502E-04 Time/step= 1.020000E-04 ETA (HH:MM:SS) = 0:00:00
 [ 67%]  Time step     1848 of 2796 @ t_step =     1847 Time Avg = 1.071485E-04 Time/step= 1.040000E-04 ETA (HH:MM:SS) = 0:00:00
 [ 67%]  Time step     1849 of 2796 @ t_step =     1848 Time Avg = 1.071463E-04 Time/step= 1.030000E-04 ETA (HH:MM:SS) = 0:00:00
 [ 67%]  Time step     1850 of 2796 @ t_step =     1849 Time Avg = 1.071440E-04 Time/step= 1.030000E-04 ETA (HH:MM:SS) = 0:00:00
 [ 67%]  Time step     1851 of 2796 @ t_step =     1850 Time Avg = 1.071418E-04 Time/step= 1.030000E-04 ETA (HH:MM:SS) = 0:00:00
 [ 67%]  Time step     1852 of 2796 @ t_step =     1851 Time Avg = 1.071401E-04 Time/step= 1.040000E-04 ETA (HH:MM:SS) = 0:00:00
 [ 67%]  Time step     1853 of 2796 @ t_step =     1852 Time Avg = 1.071530E-04 Time/step= 1.310000E-04 ETA (HH:MM:SS) = 0:00:00
 [ 67%]  Time step     1854 of 2796 @ t_step =     1853 Time Avg = 1.071551E-04 Time/step= 1.110000E-04 ETA (HH:MM:SS) = 0:00:00
 [ 67%]  Time step     1855 of 2796 @ t_step =     1854 Time Avg = 1.071674E-04 Time/step= 1.300000E-04 ETA (HH:MM:SS) = 0:00:00
 [ 67%]  Time step     1856 of 2796 @ t_step =     1855 Time Avg = 1.071657E-04 Time/step= 1.040000E-04 ETA (HH:MM:SS) = 0:00:00
 [ 67%]  Time step     1857 of 2796 @ t_step =     1856 Time Avg = 1.071634E-04 Time/step= 1.030000E-04 ETA (HH:MM:SS) = 0:00:00
 [ 67%]  Time step     1858 of 2796 @ t_step =     1857 Time Avg = 1.071617E-04 Time/step= 1.040000E-04 ETA (HH:MM:SS) = 0:00:00
 [ 67%]  Time step     1859 of 2796 @ t_step =     1858 Time Avg = 1.071595E-04 Time/step= 1.030000E-04 ETA (HH:MM:SS) = 0:00:00
 [ 67%]  Time step     1860 of 2796 @ t_step =     1859 Time Avg = 1.071572E-04 Time/step= 1.030000E-04 ETA (HH:MM:SS) = 0:00:00
 [ 67%]  Time step     1861 of 2796 @ t_step =     1860 Time Avg = 1.071701E-04 Time/step= 1.310000E-04 ETA (HH:MM:SS) = 0:00:00
 [ 67%]  Time step     1862 of 2796 @ t_step =     1861 Time Avg = 1.071721E-04 Time/step= 1.110000E-04 ETA (HH:MM:SS) = 0:00:00
 [ 67%]  Time step     1863 of 2796 @ t_step =     1862 Time Avg = 1.071720E-04 Time/step= 1.070000E-04 ETA (HH:MM:SS) = 0:00:00
 [ 67%]  Time step     1864 of 2796 @ t_step =     1863 Time Avg = 1.071762E-04 Time/step= 1.150000E-04 ETA (HH:MM:SS) = 0:00:00
 [ 67%]  Time step     1865 of 2796 @ t_step =     1864 Time Avg = 1.071740E-04 Time/step= 1.030000E-04 ETA (HH:MM:SS) = 0:00:00
 [ 67%]  Time step     1866 of 2796 @ t_step =     1865 Time Avg = 1.071723E-04 Time/step= 1.040000E-04 ETA (HH:MM:SS) = 0:00:00
 [ 67%]  Time step     1867 of 2796 @ t_step =     1866 Time Avg = 1.071701E-04 Time/step= 1.030000E-04 ETA (HH:MM:SS) = 0:00:00
 [ 67%]  Time step     1868 of 2796 @ t_step =     1867 Time Avg = 1.071678E-04 Time/step= 1.030000E-04 ETA (HH:MM:SS) = 0:00:00
 [ 67%]  Time step     1869 of 2796 @ t_step =     1868 Time Avg = 1.071656E-04 Time/step= 1.030000E-04 ETA (HH:MM:SS) = 0:00:00
 [ 67%]  Time step     1870 of 2796 @ t_step =     1869 Time Avg = 1.071848E-04 Time/step= 1.430000E-04 ETA (HH:MM:SS) = 0:00:00
 [ 67%]  Time step     1871 of 2796 @ t_step =     1870 Time Avg = 1.071868E-04 Time/step= 1.110000E-04 ETA (HH:MM:SS) = 0:00:00
 [ 67%]  Time step     1872 of 2796 @ t_step =     1871 Time Avg = 1.072060E-04 Time/step= 1.430000E-04 ETA (HH:MM:SS) = 0:00:00
 [ 67%]  Time step     1873 of 2796 @ t_step =     1872 Time Avg = 1.072059E-04 Time/step= 1.070000E-04 ETA (HH:MM:SS) = 0:00:00
 [ 67%]  Time step     1874 of 2796 @ t_step =     1873 Time Avg = 1.072058E-04 Time/step= 1.070000E-04 ETA (HH:MM:SS) = 0:00:00
 [ 68%]  Time step     1875 of 2796 @ t_step =     1874 Time Avg = 1.072094E-04 Time/step= 1.140000E-04 ETA (HH:MM:SS) = 0:00:00
 [ 68%]  Time step     1876 of 2796 @ t_step =     1875 Time Avg = 1.072072E-04 Time/step= 1.030000E-04 ETA (HH:MM:SS) = 0:00:00
 [ 68%]  Time step     1877 of 2796 @ t_step =     1876 Time Avg = 1.072049E-04 Time/step= 1.030000E-04 ETA (HH:MM:SS) = 0:00:00
 [ 68%]  Time step     1878 of 2796 @ t_step =     1877 Time Avg = 1.072176E-04 Time/step= 1.310000E-04 ETA (HH:MM:SS) = 0:00:00
 [ 68%]  Time step     1879 of 2796 @ t_step =     1878 Time Avg = 1.072196E-04 Time/step= 1.110000E-04 ETA (HH:MM:SS) = 0:00:00
 [ 68%]  Time step     1880 of 2796 @ t_step =     1879 Time Avg = 1.072328E-04 Time/step= 1.320000E-04 ETA (HH:MM:SS) = 0:00:00
 [ 68%]  Time step     1881 of 2796 @ t_step =     1880 Time Avg = 1.072306E-04 Time/step= 1.030000E-04 ETA (HH:MM:SS) = 0:00:00
 [ 68%]  Time step     1882 of 2796 @ t_step =     1881 Time Avg = 1.072283E-04 Time/step= 1.030000E-04 ETA (HH:MM:SS) = 0:00:00
 [ 68%]  Time step     1883 of 2796 @ t_step =     1882 Time Avg = 1.072261E-04 Time/step= 1.030000E-04 ETA (HH:MM:SS) = 0:00:00
 [ 68%]  Time step     1884 of 2796 @ t_step =     1883 Time Avg = 1.072243E-04 Time/step= 1.040000E-04 ETA (HH:MM:SS) = 0:00:00
 [ 68%]  Time step     1885 of 2796 @ t_step =     1884 Time Avg = 1.072221E-04 Time/step= 1.030000E-04 ETA (HH:MM:SS) = 0:00:00
 [ 68%]  Time step     1886 of 2796 @ t_step =     1885 Time Avg = 1.072294E-04 Time/step= 1.210000E-04 ETA (HH:MM:SS) = 0:00:00
 [ 68%]  Time step     1887 of 2796 @ t_step =     1886 Time Avg = 1.072325E-04 Time/step= 1.130000E-04 ETA (HH:MM:SS) = 0:00:00
 [ 68%]  Time step     1888 of 2796 @ t_step =     1887 Time Avg = 1.072345E-04 Time/step= 1.110000E-04 ETA (HH:MM:SS) = 0:00:00
 [ 68%]  Time step     1889 of 2796 @ t_step =     1888 Time Avg = 1.072450E-04 Time/step= 1.270000E-04 ETA (HH:MM:SS) = 0:00:00
 [ 68%]  Time step     1890 of 2796 @ t_step =     1889 Time Avg = 1.072427E-04 Time/step= 1.030000E-04 ETA (HH:MM:SS) = 0:00:00
 [ 68%]  Time step     1891 of 2796 @ t_step =     1890 Time Avg = 1.072405E-04 Time/step= 1.030000E-04 ETA (HH:MM:SS) = 0:00:00
 [ 68%]  Time step     1892 of 2796 @ t_step =     1891 Time Avg = 1.072382E-04 Time/step= 1.030000E-04 ETA (HH:MM:SS) = 0:00:00
 [ 68%]  Time step     1893 of 2796 @ t_step =     1892 Time Avg = 1.072365E-04 Time/step= 1.040000E-04 ETA (HH:MM:SS) = 0:00:00
 [ 68%]  Time step     1894 of 2796 @ t_step =     1893 Time Avg = 1.072348E-04 Time/step= 1.040000E-04 ETA (HH:MM:SS) = 0:00:00
 [ 68%]  Time step     1895 of 2796 @ t_step =     1894 Time Avg = 1.072521E-04 Time/step= 1.400000E-04 ETA (HH:MM:SS) = 0:00:00
 [ 68%]  Time step     1896 of 2796 @ t_step =     1895 Time Avg = 1.072520E-04 Time/step= 1.070000E-04 ETA (HH:MM:SS) = 0:00:00
 [ 68%]  Time step     1897 of 2796 @ t_step =     1896 Time Avg = 1.072571E-04 Time/step= 1.170000E-04 ETA (HH:MM:SS) = 0:00:00
 [ 68%]  Time step     1898 of 2796 @ t_step =     1897 Time Avg = 1.072549E-04 Time/step= 1.030000E-04 ETA (HH:MM:SS) = 0:00:00
 [ 68%]  Time step     1899 of 2796 @ t_step =     1898 Time Avg = 1.072526E-04 Time/step= 1.030000E-04 ETA (HH:MM:SS) = 0:00:00
 [ 68%]  Time step     1900 of 2796 @ t_step =     1899 Time Avg = 1.072504E-04 Time/step= 1.030000E-04 ETA (HH:MM:SS) = 0:00:00
 [ 68%]  Time step     1901 of 2796 @ t_step =     1900 Time Avg = 1.072487E-04 Time/step= 1.040000E-04 ETA (HH:MM:SS) = 0:00:00
 [ 68%]  Time step     1902 of 2796 @ t_step =     1901 Time Avg = 1.072464E-04 Time/step= 1.030000E-04 ETA (HH:MM:SS) = 0:00:00
 [ 69%]  Time step     1903 of 2796 @ t_step =     1902 Time Avg = 1.072442E-04 Time/step= 1.030000E-04 ETA (HH:MM:SS) = 0:00:00
 [ 69%]  Time step     1904 of 2796 @ t_step =     1903 Time Avg = 1.072478E-04 Time/step= 1.140000E-04 ETA (HH:MM:SS) = 0:00:00
 [ 69%]  Time step     1905 of 2796 @ t_step =     1904 Time Avg = 1.072471E-04 Time/step= 1.060000E-04 ETA (HH:MM:SS) = 0:00:00
 [ 69%]  Time step     1906 of 2796 @ t_step =     1905 Time Avg = 1.072512E-04 Time/step= 1.150000E-04 ETA (HH:MM:SS) = 0:00:00
 [ 69%]  Time step     1907 of 2796 @ t_step =     1906 Time Avg = 1.072489E-04 Time/step= 1.030000E-04 ETA (HH:MM:SS) = 0:00:00
 [ 69%]  Time step     1908 of 2796 @ t_step =     1907 Time Avg = 1.072472E-04 Time/step= 1.040000E-04 ETA (HH:MM:SS) = 0:00:00
 [ 69%]  Time step     1909 of 2796 @ t_step =     1908 Time Avg = 1.072450E-04 Time/step= 1.030000E-04 ETA (HH:MM:SS) = 0:00:00
 [ 69%]  Time step     1910 of 2796 @ t_step =     1909 Time Avg = 1.072433E-04 Time/step= 1.040000E-04 ETA (HH:MM:SS) = 0:00:00
 [ 69%]  Time step     1911 of 2796 @ t_step =     1910 Time Avg = 1.072411E-04 Time/step= 1.030000E-04 ETA (HH:MM:SS) = 0:00:00
 [ 69%]  Time step     1912 of 2796 @ t_step =     1911 Time Avg = 1.072514E-04 Time/step= 1.270000E-04 ETA (HH:MM:SS) = 0:00:00
 [ 69%]  Time step     1913 of 2796 @ t_step =     1912 Time Avg = 1.072513E-04 Time/step= 1.070000E-04 ETA (HH:MM:SS) = 0:00:00
 [ 69%]  Time step     1914 of 2796 @ t_step =     1913 Time Avg = 1.072512E-04 Time/step= 1.070000E-04 ETA (HH:MM:SS) = 0:00:00
 [ 69%]  Time step     1915 of 2796 @ t_step =     1914 Time Avg = 1.072542E-04 Time/step= 1.130000E-04 ETA (HH:MM:SS) = 0:00:00
 [ 69%]  Time step     1916 of 2796 @ t_step =     1915 Time Avg = 1.072520E-04 Time/step= 1.030000E-04 ETA (HH:MM:SS) = 0:00:00
 [ 69%]  Time step     1917 of 2796 @ t_step =     1916 Time Avg = 1.072497E-04 Time/step= 1.030000E-04 ETA (HH:MM:SS) = 0:00:00
 [ 69%]  Time step     1918 of 2796 @ t_step =     1917 Time Avg = 1.072475E-04 Time/step= 1.030000E-04 ETA (HH:MM:SS) = 0:00:00
 [ 69%]  Time step     1919 of 2796 @ t_step =     1918 Time Avg = 1.072453E-04 Time/step= 1.030000E-04 ETA (HH:MM:SS) = 0:00:00
 [ 69%]  Time step     1920 of 2796 @ t_step =     1919 Time Avg = 1.072436E-04 Time/step= 1.040000E-04 ETA (HH:MM:SS) = 0:00:00
 [ 69%]  Time step     1921 of 2796 @ t_step =     1920 Time Avg = 1.072550E-04 Time/step= 1.290000E-04 ETA (HH:MM:SS) = 0:00:00
 [ 69%]  Time step     1922 of 2796 @ t_step =     1921 Time Avg = 1.072569E-04 Time/step= 1.110000E-04 ETA (HH:MM:SS) = 0:00:00
 [ 69%]  Time step     1923 of 2796 @ t_step =     1922 Time Avg = 1.072635E-04 Time/step= 1.200000E-04 ETA (HH:MM:SS) = 0:00:00
 [ 69%]  Time step     1924 of 2796 @ t_step =     1923 Time Avg = 1.072613E-04 Time/step= 1.030000E-04 ETA (HH:MM:SS) = 0:00:00
 [ 69%]  Time step     1925 of 2796 @ t_step =     1924 Time Avg = 1.072591E-04 Time/step= 1.030000E-04 ETA (HH:MM:SS) = 0:00:00
 [ 69%]  Time step     1926 of 2796 @ t_step =     1925 Time Avg = 1.072569E-04 Time/step= 1.030000E-04 ETA (HH:MM:SS) = 0:00:00
 [ 69%]  Time step     1927 of 2796 @ t_step =     1926 Time Avg = 1.072547E-04 Time/step= 1.030000E-04 ETA (HH:MM:SS) = 0:00:00
 [ 69%]  Time step     1928 of 2796 @ t_step =     1927 Time Avg = 1.072525E-04 Time/step= 1.030000E-04 ETA (HH:MM:SS) = 0:00:00
 [ 69%]  Time step     1929 of 2796 @ t_step =     1928 Time Avg = 1.072622E-04 Time/step= 1.260000E-04 ETA (HH:MM:SS) = 0:00:00
 [ 69%]  Time step     1930 of 2796 @ t_step =     1929 Time Avg = 1.072698E-04 Time/step= 1.220000E-04 ETA (HH:MM:SS) = 0:00:00
 [ 70%]  Time step     1931 of 2796 @ t_step =     1930 Time Avg = 1.072718E-04 Time/step= 1.110000E-04 ETA (HH:MM:SS) = 0:00:00
 [ 70%]  Time step     1932 of 2796 @ t_step =     1931 Time Avg = 1.072820E-04 Time/step= 1.270000E-04 ETA (HH:MM:SS) = 0:00:00
 [ 70%]  Time step     1933 of 2796 @ t_step =     1932 Time Avg = 1.072803E-04 Time/step= 1.040000E-04 ETA (HH:MM:SS) = 0:00:00
 [ 70%]  Time step     1934 of 2796 @ t_step =     1933 Time Avg = 1.072781E-04 Time/step= 1.030000E-04 ETA (HH:MM:SS) = 0:00:00
 [ 70%]  Time step     1935 of 2796 @ t_step =     1934 Time Avg = 1.072759E-04 Time/step= 1.030000E-04 ETA (HH:MM:SS) = 0:00:00
 [ 70%]  Time step     1936 of 2796 @ t_step =     1935 Time Avg = 1.072737E-04 Time/step= 1.030000E-04 ETA (HH:MM:SS) = 0:00:00
 [ 70%]  Time step     1937 of 2796 @ t_step =     1936 Time Avg = 1.072715E-04 Time/step= 1.030000E-04 ETA (HH:MM:SS) = 0:00:00
 [ 70%]  Time step     1938 of 2796 @ t_step =     1937 Time Avg = 1.072842E-04 Time/step= 1.320000E-04 ETA (HH:MM:SS) = 0:00:00
 [ 70%]  Time step     1939 of 2796 @ t_step =     1938 Time Avg = 1.072841E-04 Time/step= 1.070000E-04 ETA (HH:MM:SS) = 0:00:00
 [ 70%]  Time step     1940 of 2796 @ t_step =     1939 Time Avg = 1.072891E-04 Time/step= 1.170000E-04 ETA (HH:MM:SS) = 0:00:00
 [ 70%]  Time step     1941 of 2796 @ t_step =     1940 Time Avg = 1.072869E-04 Time/step= 1.030000E-04 ETA (HH:MM:SS) = 0:00:00
 [ 70%]  Time step     1942 of 2796 @ t_step =     1941 Time Avg = 1.072847E-04 Time/step= 1.030000E-04 ETA (HH:MM:SS) = 0:00:00
 [ 70%]  Time step     1943 of 2796 @ t_step =     1942 Time Avg = 1.072825E-04 Time/step= 1.030000E-04 ETA (HH:MM:SS) = 0:00:00
 [ 70%]  Time step     1944 of 2796 @ t_step =     1943 Time Avg = 1.072803E-04 Time/step= 1.030000E-04 ETA (HH:MM:SS) = 0:00:00
 [ 70%]  Time step     1945 of 2796 @ t_step =     1944 Time Avg = 1.072781E-04 Time/step= 1.030000E-04 ETA (HH:MM:SS) = 0:00:00
 [ 70%]  Time step     1946 of 2796 @ t_step =     1945 Time Avg = 1.072872E-04 Time/step= 1.250000E-04 ETA (HH:MM:SS) = 0:00:00
 [ 70%]  Time step     1947 of 2796 @ t_step =     1946 Time Avg = 1.072876E-04 Time/step= 1.080000E-04 ETA (HH:MM:SS) = 0:00:00
 [ 70%]  Time step     1948 of 2796 @ t_step =     1947 Time Avg = 1.072874E-04 Time/step= 1.070000E-04 ETA (HH:MM:SS) = 0:00:00
 [ 70%]  Time step     1949 of 2796 @ t_step =     1948 Time Avg = 1.072914E-04 Time/step= 1.150000E-04 ETA (HH:MM:SS) = 0:00:00
 [ 70%]  Time step     1950 of 2796 @ t_step =     1949 Time Avg = 1.072892E-04 Time/step= 1.030000E-04 ETA (HH:MM:SS) = 0:00:00
 [ 70%]  Time step     1951 of 2796 @ t_step =     1950 Time Avg = 1.072870E-04 Time/step= 1.030000E-04 ETA (HH:MM:SS) = 0:00:00
 [ 70%]  Time step     1952 of 2796 @ t_step =     1951 Time Avg = 1.072848E-04 Time/step= 1.030000E-04 ETA (HH:MM:SS) = 0:00:00
 [ 70%]  Time step     1953 of 2796 @ t_step =     1952 Time Avg = 1.072826E-04 Time/step= 1.030000E-04 ETA (HH:MM:SS) = 0:00:00
 [ 70%]  Time step     1954 of 2796 @ t_step =     1953 Time Avg = 1.072804E-04 Time/step= 1.030000E-04 ETA (HH:MM:SS) = 0:00:00
 [ 70%]  Time step     1955 of 2796 @ t_step =     1954 Time Avg = 1.072905E-04 Time/step= 1.270000E-04 ETA (HH:MM:SS) = 0:00:00
 [ 70%]  Time step     1956 of 2796 @ t_step =     1955 Time Avg = 1.072924E-04 Time/step= 1.110000E-04 ETA (HH:MM:SS) = 0:00:00
 [ 70%]  Time step     1957 of 2796 @ t_step =     1956 Time Avg = 1.072943E-04 Time/step= 1.110000E-04 ETA (HH:MM:SS) = 0:00:00
 [ 70%]  Time step     1958 of 2796 @ t_step =     1957 Time Avg = 1.073033E-04 Time/step= 1.250000E-04 ETA (HH:MM:SS) = 0:00:00
 [ 71%]  Time step     1959 of 2796 @ t_step =     1958 Time Avg = 1.073011E-04 Time/step= 1.030000E-04 ETA (HH:MM:SS) = 0:00:00
 [ 71%]  Time step     1960 of 2796 @ t_step =     1959 Time Avg = 1.072989E-04 Time/step= 1.030000E-04 ETA (HH:MM:SS) = 0:00:00
 [ 71%]  Time step     1961 of 2796 @ t_step =     1960 Time Avg = 1.072967E-04 Time/step= 1.030000E-04 ETA (HH:MM:SS) = 0:00:00
 [ 71%]  Time step     1962 of 2796 @ t_step =     1961 Time Avg = 1.072945E-04 Time/step= 1.030000E-04 ETA (HH:MM:SS) = 0:00:00
 [ 71%]  Time step     1963 of 2796 @ t_step =     1962 Time Avg = 1.072923E-04 Time/step= 1.030000E-04 ETA (HH:MM:SS) = 0:00:00
 [ 71%]  Time step     1964 of 2796 @ t_step =     1963 Time Avg = 1.073162E-04 Time/step= 1.540000E-04 ETA (HH:MM:SS) = 0:00:00
 [ 71%]  Time step     1965 of 2796 @ t_step =     1964 Time Avg = 1.073160E-04 Time/step= 1.070000E-04 ETA (HH:MM:SS) = 0:00:00
 [ 71%]  Time step     1966 of 2796 @ t_step =     1965 Time Avg = 1.073204E-04 Time/step= 1.160000E-04 ETA (HH:MM:SS) = 0:00:00
 [ 71%]  Time step     1967 of 2796 @ t_step =     1966 Time Avg = 1.073177E-04 Time/step= 1.020000E-04 ETA (HH:MM:SS) = 0:00:00
 [ 71%]  Time step     1968 of 2796 @ t_step =     1967 Time Avg = 1.073160E-04 Time/step= 1.040000E-04 ETA (HH:MM:SS) = 0:00:00
 [ 71%]  Time step     1969 of 2796 @ t_step =     1968 Time Avg = 1.073138E-04 Time/step= 1.030000E-04 ETA (HH:MM:SS) = 0:00:00
 [ 71%]  Time step     1970 of 2796 @ t_step =     1969 Time Avg = 1.073122E-04 Time/step= 1.040000E-04 ETA (HH:MM:SS) = 0:00:00
 [ 71%]  Time step     1971 of 2796 @ t_step =     1970 Time Avg = 1.073105E-04 Time/step= 1.040000E-04 ETA (HH:MM:SS) = 0:00:00
 [ 71%]  Time step     1972 of 2796 @ t_step =     1971 Time Avg = 1.073164E-04 Time/step= 1.190000E-04 ETA (HH:MM:SS) = 0:00:00
 [ 71%]  Time step     1973 of 2796 @ t_step =     1972 Time Avg = 1.073142E-04 Time/step= 1.030000E-04 ETA (HH:MM:SS) = 0:00:00
 [ 71%]  Time step     1974 of 2796 @ t_step =     1973 Time Avg = 1.073125E-04 Time/step= 1.040000E-04 ETA (HH:MM:SS) = 0:00:00
 [ 71%]  Time step     1975 of 2796 @ t_step =     1974 Time Avg = 1.073103E-04 Time/step= 1.030000E-04 ETA (HH:MM:SS) = 0:00:00
 [ 71%]  Time step     1976 of 2796 @ t_step =     1975 Time Avg = 1.073082E-04 Time/step= 1.030000E-04 ETA (HH:MM:SS) = 0:00:00
 [ 71%]  Time step     1977 of 2796 @ t_step =     1976 Time Avg = 1.073060E-04 Time/step= 1.030000E-04 ETA (HH:MM:SS) = 0:00:00
 [ 71%]  Time step     1978 of 2796 @ t_step =     1977 Time Avg = 1.073043E-04 Time/step= 1.040000E-04 ETA (HH:MM:SS) = 0:00:00
 [ 71%]  Time step     1979 of 2796 @ t_step =     1978 Time Avg = 1.073021E-04 Time/step= 1.030000E-04 ETA (HH:MM:SS) = 0:00:00
 [ 71%]  Time step     1980 of 2796 @ t_step =     1979 Time Avg = 1.072999E-04 Time/step= 1.030000E-04 ETA (HH:MM:SS) = 0:00:00
 [ 71%]  Time step     1981 of 2796 @ t_step =     1980 Time Avg = 1.073043E-04 Time/step= 1.160000E-04 ETA (HH:MM:SS) = 0:00:00
 [ 71%]  Time step     1982 of 2796 @ t_step =     1981 Time Avg = 1.073027E-04 Time/step= 1.040000E-04 ETA (HH:MM:SS) = 0:00:00
 [ 71%]  Time step     1983 of 2796 @ t_step =     1982 Time Avg = 1.073010E-04 Time/step= 1.040000E-04 ETA (HH:MM:SS) = 0:00:00
 [ 71%]  Time step     1984 of 2796 @ t_step =     1983 Time Avg = 1.072988E-04 Time/step= 1.030000E-04 ETA (HH:MM:SS) = 0:00:00
 [ 71%]  Time step     1985 of 2796 @ t_step =     1984 Time Avg = 1.072967E-04 Time/step= 1.030000E-04 ETA (HH:MM:SS) = 0:00:00
 [ 71%]  Time step     1986 of 2796 @ t_step =     1985 Time Avg = 1.072945E-04 Time/step= 1.030000E-04 ETA (HH:MM:SS) = 0:00:00
 [ 72%]  Time step     1987 of 2796 @ t_step =     1986 Time Avg = 1.072923E-04 Time/step= 1.030000E-04 ETA (HH:MM:SS) = 0:00:00
 [ 72%]  Time step     1988 of 2796 @ t_step =     1987 Time Avg = 1.072902E-04 Time/step= 1.030000E-04 ETA (HH:MM:SS) = 0:00:00
 [ 72%]  Time step     1989 of 2796 @ t_step =     1988 Time Avg = 1.072880E-04 Time/step= 1.030000E-04 ETA (HH:MM:SS) = 0:00:00
 [ 72%]  Time step     1990 of 2796 @ t_step =     1989 Time Avg = 1.072994E-04 Time/step= 1.300000E-04 ETA (HH:MM:SS) = 0:00:00
 [ 72%]  Time step     1991 of 2796 @ t_step =     1990 Time Avg = 1.072988E-04 Time/step= 1.060000E-04 ETA (HH:MM:SS) = 0:00:00
 [ 72%]  Time step     1992 of 2796 @ t_step =     1991 Time Avg = 1.072986E-04 Time/step= 1.070000E-04 ETA (HH:MM:SS) = 0:00:00
 [ 72%]  Time step     1993 of 2796 @ t_step =     1992 Time Avg = 1.073025E-04 Time/step= 1.150000E-04 ETA (HH:MM:SS) = 0:00:00
 [ 72%]  Time step     1994 of 2796 @ t_step =     1993 Time Avg = 1.073004E-04 Time/step= 1.030000E-04 ETA (HH:MM:SS) = 0:00:00
 [ 72%]  Time step     1995 of 2796 @ t_step =     1994 Time Avg = 1.072982E-04 Time/step= 1.030000E-04 ETA (HH:MM:SS) = 0:00:00
 [ 72%]  Time step     1996 of 2796 @ t_step =     1995 Time Avg = 1.072960E-04 Time/step= 1.030000E-04 ETA (HH:MM:SS) = 0:00:00
 [ 72%]  Time step     1997 of 2796 @ t_step =     1996 Time Avg = 1.072939E-04 Time/step= 1.030000E-04 ETA (HH:MM:SS) = 0:00:00
 [ 72%]  Time step     1998 of 2796 @ t_step =     1997 Time Avg = 1.072917E-04 Time/step= 1.030000E-04 ETA (HH:MM:SS) = 0:00:00
 [ 72%]  Time step     1999 of 2796 @ t_step =     1998 Time Avg = 1.073026E-04 Time/step= 1.290000E-04 ETA (HH:MM:SS) = 0:00:00
 [ 72%]  Time step     2000 of 2796 @ t_step =     1999 Time Avg = 1.073010E-04 Time/step= 1.040000E-04 ETA (HH:MM:SS) = 0:00:00
 [ 72%]  Time step     2001 of 2796 @ t_step =     2000 Time Avg = 1.072988E-04 Time/step= 1.030000E-04 ETA (HH:MM:SS) = 0:00:00
 [ 72%]  Time step     2002 of 2796 @ t_step =     2001 Time Avg = 1.072971E-04 Time/step= 1.040000E-04 ETA (HH:MM:SS) = 0:00:00
 [ 72%]  Time step     2003 of 2796 @ t_step =     2002 Time Avg = 1.072950E-04 Time/step= 1.030000E-04 ETA (HH:MM:SS) = 0:00:00
 [ 72%]  Time step     2004 of 2796 @ t_step =     2003 Time Avg = 1.072934E-04 Time/step= 1.040000E-04 ETA (HH:MM:SS) = 0:00:00
 [ 72%]  Time step     2005 of 2796 @ t_step =     2004 Time Avg = 1.072912E-04 Time/step= 1.030000E-04 ETA (HH:MM:SS) = 0:00:00
 [ 72%]  Time step     2006 of 2796 @ t_step =     2005 Time Avg = 1.072896E-04 Time/step= 1.040000E-04 ETA (HH:MM:SS) = 0:00:00
 [ 72%]  Time step     2007 of 2796 @ t_step =     2006 Time Avg = 1.072914E-04 Time/step= 1.110000E-04 ETA (HH:MM:SS) = 0:00:00
 [ 72%]  Time step     2008 of 2796 @ t_step =     2007 Time Avg = 1.072913E-04 Time/step= 1.070000E-04 ETA (HH:MM:SS) = 0:00:00
 [ 72%]  Time step     2009 of 2796 @ t_step =     2008 Time Avg = 1.072891E-04 Time/step= 1.030000E-04 ETA (HH:MM:SS) = 0:00:00
 [ 72%]  Time step     2010 of 2796 @ t_step =     2009 Time Avg = 1.072870E-04 Time/step= 1.030000E-04 ETA (HH:MM:SS) = 0:00:00
 [ 72%]  Time step     2011 of 2796 @ t_step =     2010 Time Avg = 1.072849E-04 Time/step= 1.030000E-04 ETA (HH:MM:SS) = 0:00:00
 [ 72%]  Time step     2012 of 2796 @ t_step =     2011 Time Avg = 1.072827E-04 Time/step= 1.030000E-04 ETA (HH:MM:SS) = 0:00:00
 [ 72%]  Time step     2013 of 2796 @ t_step =     2012 Time Avg = 1.072806E-04 Time/step= 1.030000E-04 ETA (HH:MM:SS) = 0:00:00
 [ 72%]  Time step     2014 of 2796 @ t_step =     2013 Time Avg = 1.072790E-04 Time/step= 1.040000E-04 ETA (HH:MM:SS) = 0:00:00
 [ 73%]  Time step     2015 of 2796 @ t_step =     2014 Time Avg = 1.072768E-04 Time/step= 1.030000E-04 ETA (HH:MM:SS) = 0:00:00
 [ 73%]  Time step     2016 of 2796 @ t_step =     2015 Time Avg = 1.072797E-04 Time/step= 1.130000E-04 ETA (HH:MM:SS) = 0:00:00
 [ 73%]  Time step     2017 of 2796 @ t_step =     2016 Time Avg = 1.072786E-04 Time/step= 1.050000E-04 ETA (HH:MM:SS) = 0:00:00
 [ 73%]  Time step     2018 of 2796 @ t_step =     2017 Time Avg = 1.072769E-04 Time/step= 1.040000E-04 ETA (HH:MM:SS) = 0:00:00
 [ 73%]  Time step     2019 of 2796 @ t_step =     2018 Time Avg = 1.072748E-04 Time/step= 1.030000E-04 ETA (HH:MM:SS) = 0:00:00
 [ 73%]  Time step     2020 of 2796 @ t_step =     2019 Time Avg = 1.072732E-04 Time/step= 1.040000E-04 ETA (HH:MM:SS) = 0:00:00
 [ 73%]  Time step     2021 of 2796 @ t_step =     2020 Time Avg = 1.072711E-04 Time/step= 1.030000E-04 ETA (HH:MM:SS) = 0:00:00
 [ 73%]  Time step     2022 of 2796 @ t_step =     2021 Time Avg = 1.072689E-04 Time/step= 1.030000E-04 ETA (HH:MM:SS) = 0:00:00
 [ 73%]  Time step     2023 of 2796 @ t_step =     2022 Time Avg = 1.072668E-04 Time/step= 1.030000E-04 ETA (HH:MM:SS) = 0:00:00
 [ 73%]  Time step     2024 of 2796 @ t_step =     2023 Time Avg = 1.072647E-04 Time/step= 1.030000E-04 ETA (HH:MM:SS) = 0:00:00
 [ 73%]  Time step     2025 of 2796 @ t_step =     2024 Time Avg = 1.072750E-04 Time/step= 1.280000E-04 ETA (HH:MM:SS) = 0:00:00
 [ 73%]  Time step     2026 of 2796 @ t_step =     2025 Time Avg = 1.072753E-04 Time/step= 1.080000E-04 ETA (HH:MM:SS) = 0:00:00
 [ 73%]  Time step     2027 of 2796 @ t_step =     2026 Time Avg = 1.072752E-04 Time/step= 1.070000E-04 ETA (HH:MM:SS) = 0:00:00
 [ 73%]  Time step     2028 of 2796 @ t_step =     2027 Time Avg = 1.072795E-04 Time/step= 1.160000E-04 ETA (HH:MM:SS) = 0:00:00
 [ 73%]  Time step     2029 of 2796 @ t_step =     2028 Time Avg = 1.072774E-04 Time/step= 1.030000E-04 ETA (HH:MM:SS) = 0:00:00
 [ 73%]  Time step     2030 of 2796 @ t_step =     2029 Time Avg = 1.072817E-04 Time/step= 1.160000E-04 ETA (HH:MM:SS) = 0:00:00
 [ 73%]  Time step     2031 of 2796 @ t_step =     2030 Time Avg = 1.072816E-04 Time/step= 1.070000E-04 ETA (HH:MM:SS) = 0:00:00
 [ 73%]  Time step     2032 of 2796 @ t_step =     2031 Time Avg = 1.072814E-04 Time/step= 1.070000E-04 ETA (HH:MM:SS) = 0:00:00
 [ 73%]  Time step     2033 of 2796 @ t_step =     2032 Time Avg = 1.072921E-04 Time/step= 1.290000E-04 ETA (HH:MM:SS) = 0:00:00
 [ 73%]  Time step     2034 of 2796 @ t_step =     2033 Time Avg = 1.073067E-04 Time/step= 1.370000E-04 ETA (HH:MM:SS) = 0:00:00
 [ 73%]  Time step     2035 of 2796 @ t_step =     2034 Time Avg = 1.073066E-04 Time/step= 1.070000E-04 ETA (HH:MM:SS) = 0:00:00
 [ 73%]  Time step     2036 of 2796 @ t_step =     2035 Time Avg = 1.073064E-04 Time/step= 1.070000E-04 ETA (HH:MM:SS) = 0:00:00
 [ 73%]  Time step     2037 of 2796 @ t_step =     2036 Time Avg = 1.073063E-04 Time/step= 1.070000E-04 ETA (HH:MM:SS) = 0:00:00
 [ 73%]  Time step     2038 of 2796 @ t_step =     2037 Time Avg = 1.073057E-04 Time/step= 1.060000E-04 ETA (HH:MM:SS) = 0:00:00
 [ 73%]  Time step     2039 of 2796 @ t_step =     2038 Time Avg = 1.073055E-04 Time/step= 1.070000E-04 ETA (HH:MM:SS) = 0:00:00
 [ 73%]  Time step     2040 of 2796 @ t_step =     2039 Time Avg = 1.073054E-04 Time/step= 1.070000E-04 ETA (HH:MM:SS) = 0:00:00
 [ 73%]  Time step     2041 of 2796 @ t_step =     2040 Time Avg = 1.073047E-04 Time/step= 1.060000E-04 ETA (HH:MM:SS) = 0:00:00
 [ 73%]  Time step     2042 of 2796 @ t_step =     2041 Time Avg = 1.073124E-04 Time/step= 1.230000E-04 ETA (HH:MM:SS) = 0:00:00
 [ 74%]  Time step     2043 of 2796 @ t_step =     2042 Time Avg = 1.073123E-04 Time/step= 1.070000E-04 ETA (HH:MM:SS) = 0:00:00
 [ 74%]  Time step     2044 of 2796 @ t_step =     2043 Time Avg = 1.073121E-04 Time/step= 1.070000E-04 ETA (HH:MM:SS) = 0:00:00
 [ 74%]  Time step     2045 of 2796 @ t_step =     2044 Time Avg = 1.073115E-04 Time/step= 1.060000E-04 ETA (HH:MM:SS) = 0:00:00
 [ 74%]  Time step     2046 of 2796 @ t_step =     2045 Time Avg = 1.073113E-04 Time/step= 1.070000E-04 ETA (HH:MM:SS) = 0:00:00
 [ 74%]  Time step     2047 of 2796 @ t_step =     2046 Time Avg = 1.073107E-04 Time/step= 1.060000E-04 ETA (HH:MM:SS) = 0:00:00
 [ 74%]  Time step     2048 of 2796 @ t_step =     2047 Time Avg = 1.073105E-04 Time/step= 1.070000E-04 ETA (HH:MM:SS) = 0:00:00
 [ 74%]  Time step     2049 of 2796 @ t_step =     2048 Time Avg = 1.073099E-04 Time/step= 1.060000E-04 ETA (HH:MM:SS) = 0:00:00
 [ 74%]  Time step     2050 of 2796 @ t_step =     2049 Time Avg = 1.073097E-04 Time/step= 1.070000E-04 ETA (HH:MM:SS) = 0:00:00
 [ 74%]  Time step     2051 of 2796 @ t_step =     2050 Time Avg = 1.073154E-04 Time/step= 1.190000E-04 ETA (HH:MM:SS) = 0:00:00
 [ 74%]  Time step     2052 of 2796 @ t_step =     2051 Time Avg = 1.073153E-04 Time/step= 1.070000E-04 ETA (HH:MM:SS) = 0:00:00
 [ 74%]  Time step     2053 of 2796 @ t_step =     2052 Time Avg = 1.073151E-04 Time/step= 1.070000E-04 ETA (HH:MM:SS) = 0:00:00
 [ 74%]  Time step     2054 of 2796 @ t_step =     2053 Time Avg = 1.073145E-04 Time/step= 1.060000E-04 ETA (HH:MM:SS) = 0:00:00
 [ 74%]  Time step     2055 of 2796 @ t_step =     2054 Time Avg = 1.073138E-04 Time/step= 1.060000E-04 ETA (HH:MM:SS) = 0:00:00
 [ 74%]  Time step     2056 of 2796 @ t_step =     2055 Time Avg = 1.073137E-04 Time/step= 1.070000E-04 ETA (HH:MM:SS) = 0:00:00
 [ 74%]  Time step     2057 of 2796 @ t_step =     2056 Time Avg = 1.073130E-04 Time/step= 1.060000E-04 ETA (HH:MM:SS) = 0:00:00
 [ 74%]  Time step     2058 of 2796 @ t_step =     2057 Time Avg = 1.073129E-04 Time/step= 1.070000E-04 ETA (HH:MM:SS) = 0:00:00
 [ 74%]  Time step     2059 of 2796 @ t_step =     2058 Time Avg = 1.073220E-04 Time/step= 1.260000E-04 ETA (HH:MM:SS) = 0:00:00
 [ 74%]  Time step     2060 of 2796 @ t_step =     2059 Time Avg = 1.073247E-04 Time/step= 1.130000E-04 ETA (HH:MM:SS) = 0:00:00
 [ 74%]  Time step     2061 of 2796 @ t_step =     2060 Time Avg = 1.073260E-04 Time/step= 1.100000E-04 ETA (HH:MM:SS) = 0:00:00
 [ 74%]  Time step     2062 of 2796 @ t_step =     2061 Time Avg = 1.073322E-04 Time/step= 1.200000E-04 ETA (HH:MM:SS) = 0:00:00
 [ 74%]  Time step     2063 of 2796 @ t_step =     2062 Time Avg = 1.073320E-04 Time/step= 1.070000E-04 ETA (HH:MM:SS) = 0:00:00
 [ 74%]  Time step     2064 of 2796 @ t_step =     2063 Time Avg = 1.073319E-04 Time/step= 1.070000E-04 ETA (HH:MM:SS) = 0:00:00
 [ 74%]  Time step     2065 of 2796 @ t_step =     2064 Time Avg = 1.073317E-04 Time/step= 1.070000E-04 ETA (HH:MM:SS) = 0:00:00
 [ 74%]  Time step     2066 of 2796 @ t_step =     2065 Time Avg = 1.073316E-04 Time/step= 1.070000E-04 ETA (HH:MM:SS) = 0:00:00
 [ 74%]  Time step     2067 of 2796 @ t_step =     2066 Time Avg = 1.073314E-04 Time/step= 1.070000E-04 ETA (HH:MM:SS) = 0:00:00
 [ 74%]  Time step     2068 of 2796 @ t_step =     2067 Time Avg = 1.073433E-04 Time/step= 1.320000E-04 ETA (HH:MM:SS) = 0:00:00
 [ 74%]  Time step     2069 of 2796 @ t_step =     2068 Time Avg = 1.073432E-04 Time/step= 1.070000E-04 ETA (HH:MM:SS) = 0:00:00
 [ 74%]  Time step     2070 of 2796 @ t_step =     2069 Time Avg = 1.073474E-04 Time/step= 1.160000E-04 ETA (HH:MM:SS) = 0:00:00
 [ 75%]  Time step     2071 of 2796 @ t_step =     2070 Time Avg = 1.073453E-04 Time/step= 1.030000E-04 ETA (HH:MM:SS) = 0:00:00
 [ 75%]  Time step     2072 of 2796 @ t_step =     2071 Time Avg = 1.073432E-04 Time/step= 1.030000E-04 ETA (HH:MM:SS) = 0:00:00
 [ 75%]  Time step     2073 of 2796 @ t_step =     2072 Time Avg = 1.073415E-04 Time/step= 1.040000E-04 ETA (HH:MM:SS) = 0:00:00
 [ 75%]  Time step     2074 of 2796 @ t_step =     2073 Time Avg = 1.073399E-04 Time/step= 1.040000E-04 ETA (HH:MM:SS) = 0:00:00
 [ 75%]  Time step     2075 of 2796 @ t_step =     2074 Time Avg = 1.073378E-04 Time/step= 1.030000E-04 ETA (HH:MM:SS) = 0:00:00
 [ 75%]  Time step     2076 of 2796 @ t_step =     2075 Time Avg = 1.073386E-04 Time/step= 1.090000E-04 ETA (HH:MM:SS) = 0:00:00
 [ 75%]  Time step     2077 of 2796 @ t_step =     2076 Time Avg = 1.073380E-04 Time/step= 1.060000E-04 ETA (HH:MM:SS) = 0:00:00
 [ 75%]  Time step     2078 of 2796 @ t_step =     2077 Time Avg = 1.073364E-04 Time/step= 1.040000E-04 ETA (HH:MM:SS) = 0:00:00
 [ 75%]  Time step     2079 of 2796 @ t_step =     2078 Time Avg = 1.073343E-04 Time/step= 1.030000E-04 ETA (HH:MM:SS) = 0:00:00
 [ 75%]  Time step     2080 of 2796 @ t_step =     2079 Time Avg = 1.073322E-04 Time/step= 1.030000E-04 ETA (HH:MM:SS) = 0:00:00
 [ 75%]  Time step     2081 of 2796 @ t_step =     2080 Time Avg = 1.073301E-04 Time/step= 1.030000E-04 ETA (HH:MM:SS) = 0:00:00
 [ 75%]  Time step     2082 of 2796 @ t_step =     2081 Time Avg = 1.073280E-04 Time/step= 1.030000E-04 ETA (HH:MM:SS) = 0:00:00
 [ 75%]  Time step     2083 of 2796 @ t_step =     2082 Time Avg = 1.073260E-04 Time/step= 1.030000E-04 ETA (HH:MM:SS) = 0:00:00
 [ 75%]  Time step     2084 of 2796 @ t_step =     2083 Time Avg = 1.073239E-04 Time/step= 1.030000E-04 ETA (HH:MM:SS) = 0:00:00
 [ 75%]  Time step     2085 of 2796 @ t_step =     2084 Time Avg = 1.073261E-04 Time/step= 1.120000E-04 ETA (HH:MM:SS) = 0:00:00
 [ 75%]  Time step     2086 of 2796 @ t_step =     2085 Time Avg = 1.073250E-04 Time/step= 1.050000E-04 ETA (HH:MM:SS) = 0:00:00
 [ 75%]  Time step     2087 of 2796 @ t_step =     2086 Time Avg = 1.073229E-04 Time/step= 1.030000E-04 ETA (HH:MM:SS) = 0:00:00
 [ 75%]  Time step     2088 of 2796 @ t_step =     2087 Time Avg = 1.073209E-04 Time/step= 1.030000E-04 ETA (HH:MM:SS) = 0:00:00
 [ 75%]  Time step     2089 of 2796 @ t_step =     2088 Time Avg = 1.073188E-04 Time/step= 1.030000E-04 ETA (HH:MM:SS) = 0:00:00
 [ 75%]  Time step     2090 of 2796 @ t_step =     2089 Time Avg = 1.073172E-04 Time/step= 1.040000E-04 ETA (HH:MM:SS) = 0:00:00
 [ 75%]  Time step     2091 of 2796 @ t_step =     2090 Time Avg = 1.073151E-04 Time/step= 1.030000E-04 ETA (HH:MM:SS) = 0:00:00
 [ 75%]  Time step     2092 of 2796 @ t_step =     2091 Time Avg = 1.073131E-04 Time/step= 1.030000E-04 ETA (HH:MM:SS) = 0:00:00
 [ 75%]  Time step     2093 of 2796 @ t_step =     2092 Time Avg = 1.073110E-04 Time/step= 1.030000E-04 ETA (HH:MM:SS) = 0:00:00
 [ 75%]  Time step     2094 of 2796 @ t_step =     2093 Time Avg = 1.073195E-04 Time/step= 1.250000E-04 ETA (HH:MM:SS) = 0:00:00
 [ 75%]  Time step     2095 of 2796 @ t_step =     2094 Time Avg = 1.073193E-04 Time/step= 1.070000E-04 ETA (HH:MM:SS) = 0:00:00
 [ 75%]  Time step     2096 of 2796 @ t_step =     2095 Time Avg = 1.073192E-04 Time/step= 1.070000E-04 ETA (HH:MM:SS) = 0:00:00
 [ 75%]  Time step     2097 of 2796 @ t_step =     2096 Time Avg = 1.073238E-04 Time/step= 1.170000E-04 ETA (HH:MM:SS) = 0:00:00
 [ 75%]  Time step     2098 of 2796 @ t_step =     2097 Time Avg = 1.073217E-04 Time/step= 1.030000E-04 ETA (HH:MM:SS) = 0:00:00
 [ 76%]  Time step     2099 of 2796 @ t_step =     2098 Time Avg = 1.073197E-04 Time/step= 1.030000E-04 ETA (HH:MM:SS) = 0:00:00
 [ 76%]  Time step     2100 of 2796 @ t_step =     2099 Time Avg = 1.073176E-04 Time/step= 1.030000E-04 ETA (HH:MM:SS) = 0:00:00
 [ 76%]  Time step     2101 of 2796 @ t_step =     2100 Time Avg = 1.073155E-04 Time/step= 1.030000E-04 ETA (HH:MM:SS) = 0:00:00
 [ 76%]  Time step     2102 of 2796 @ t_step =     2101 Time Avg = 1.073135E-04 Time/step= 1.030000E-04 ETA (HH:MM:SS) = 0:00:00
 [ 76%]  Time step     2103 of 2796 @ t_step =     2102 Time Avg = 1.073243E-04 Time/step= 1.300000E-04 ETA (HH:MM:SS) = 0:00:00
 [ 76%]  Time step     2104 of 2796 @ t_step =     2103 Time Avg = 1.073227E-04 Time/step= 1.040000E-04 ETA (HH:MM:SS) = 0:00:00
 [ 76%]  Time step     2105 of 2796 @ t_step =     2104 Time Avg = 1.073206E-04 Time/step= 1.030000E-04 ETA (HH:MM:SS) = 0:00:00
 [ 76%]  Time step     2106 of 2796 @ t_step =     2105 Time Avg = 1.073186E-04 Time/step= 1.030000E-04 ETA (HH:MM:SS) = 0:00:00
 [ 76%]  Time step     2107 of 2796 @ t_step =     2106 Time Avg = 1.073165E-04 Time/step= 1.030000E-04 ETA (HH:MM:SS) = 0:00:00
 [ 76%]  Time step     2108 of 2796 @ t_step =     2107 Time Avg = 1.073145E-04 Time/step= 1.030000E-04 ETA (HH:MM:SS) = 0:00:00
 [ 76%]  Time step     2109 of 2796 @ t_step =     2108 Time Avg = 1.073124E-04 Time/step= 1.030000E-04 ETA (HH:MM:SS) = 0:00:00
 [ 76%]  Time step     2110 of 2796 @ t_step =     2109 Time Avg = 1.073109E-04 Time/step= 1.040000E-04 ETA (HH:MM:SS) = 0:00:00
 [ 76%]  Time step     2111 of 2796 @ t_step =     2110 Time Avg = 1.073088E-04 Time/step= 1.030000E-04 ETA (HH:MM:SS) = 0:00:00
 [ 76%]  Time step     2112 of 2796 @ t_step =     2111 Time Avg = 1.073134E-04 Time/step= 1.170000E-04 ETA (HH:MM:SS) = 0:00:00
 [ 76%]  Time step     2113 of 2796 @ t_step =     2112 Time Avg = 1.073114E-04 Time/step= 1.030000E-04 ETA (HH:MM:SS) = 0:00:00
 [ 76%]  Time step     2114 of 2796 @ t_step =     2113 Time Avg = 1.073098E-04 Time/step= 1.040000E-04 ETA (HH:MM:SS) = 0:00:00
 [ 76%]  Time step     2115 of 2796 @ t_step =     2114 Time Avg = 1.073078E-04 Time/step= 1.030000E-04 ETA (HH:MM:SS) = 0:00:00
 [ 76%]  Time step     2116 of 2796 @ t_step =     2115 Time Avg = 1.073057E-04 Time/step= 1.030000E-04 ETA (HH:MM:SS) = 0:00:00
 [ 76%]  Time step     2117 of 2796 @ t_step =     2116 Time Avg = 1.073037E-04 Time/step= 1.030000E-04 ETA (HH:MM:SS) = 0:00:00
 [ 76%]  Time step     2118 of 2796 @ t_step =     2117 Time Avg = 1.073017E-04 Time/step= 1.030000E-04 ETA (HH:MM:SS) = 0:00:00
 [ 76%]  Time step     2119 of 2796 @ t_step =     2118 Time Avg = 1.072996E-04 Time/step= 1.030000E-04 ETA (HH:MM:SS) = 0:00:00
 [ 76%]  Time step     2120 of 2796 @ t_step =     2119 Time Avg = 1.072976E-04 Time/step= 1.030000E-04 ETA (HH:MM:SS) = 0:00:00
 [ 76%]  Time step     2121 of 2796 @ t_step =     2120 Time Avg = 1.073022E-04 Time/step= 1.170000E-04 ETA (HH:MM:SS) = 0:00:00
 [ 76%]  Time step     2122 of 2796 @ t_step =     2121 Time Avg = 1.073006E-04 Time/step= 1.040000E-04 ETA (HH:MM:SS) = 0:00:00
 [ 76%]  Time step     2123 of 2796 @ t_step =     2122 Time Avg = 1.072986E-04 Time/step= 1.030000E-04 ETA (HH:MM:SS) = 0:00:00
 [ 76%]  Time step     2124 of 2796 @ t_step =     2123 Time Avg = 1.072966E-04 Time/step= 1.030000E-04 ETA (HH:MM:SS) = 0:00:00
 [ 76%]  Time step     2125 of 2796 @ t_step =     2124 Time Avg = 1.072945E-04 Time/step= 1.030000E-04 ETA (HH:MM:SS) = 0:00:00
 [ 77%]  Time step     2126 of 2796 @ t_step =     2125 Time Avg = 1.072925E-04 Time/step= 1.030000E-04 ETA (HH:MM:SS) = 0:00:00
 [ 77%]  Time step     2127 of 2796 @ t_step =     2126 Time Avg = 1.072905E-04 Time/step= 1.030000E-04 ETA (HH:MM:SS) = 0:00:00
 [ 77%]  Time step     2128 of 2796 @ t_step =     2127 Time Avg = 1.072885E-04 Time/step= 1.030000E-04 ETA (HH:MM:SS) = 0:00:00
 [ 77%]  Time step     2129 of 2796 @ t_step =     2128 Time Avg = 1.072865E-04 Time/step= 1.030000E-04 ETA (HH:MM:SS) = 0:00:00
 [ 77%]  Time step     2130 of 2796 @ t_step =     2129 Time Avg = 1.072957E-04 Time/step= 1.270000E-04 ETA (HH:MM:SS) = 0:00:00
 [ 77%]  Time step     2131 of 2796 @ t_step =     2130 Time Avg = 1.072956E-04 Time/step= 1.070000E-04 ETA (HH:MM:SS) = 0:00:00
 [ 77%]  Time step     2132 of 2796 @ t_step =     2131 Time Avg = 1.072954E-04 Time/step= 1.070000E-04 ETA (HH:MM:SS) = 0:00:00
 [ 77%]  Time step     2133 of 2796 @ t_step =     2132 Time Avg = 1.072986E-04 Time/step= 1.140000E-04 ETA (HH:MM:SS) = 0:00:00
 [ 77%]  Time step     2134 of 2796 @ t_step =     2133 Time Avg = 1.072966E-04 Time/step= 1.030000E-04 ETA (HH:MM:SS) = 0:00:00
 [ 77%]  Time step     2135 of 2796 @ t_step =     2134 Time Avg = 1.072946E-04 Time/step= 1.030000E-04 ETA (HH:MM:SS) = 0:00:00
 [ 77%]  Time step     2136 of 2796 @ t_step =     2135 Time Avg = 1.072925E-04 Time/step= 1.030000E-04 ETA (HH:MM:SS) = 0:00:00
 [ 77%]  Time step     2137 of 2796 @ t_step =     2136 Time Avg = 1.072905E-04 Time/step= 1.030000E-04 ETA (HH:MM:SS) = 0:00:00
 [ 77%]  Time step     2138 of 2796 @ t_step =     2137 Time Avg = 1.072913E-04 Time/step= 1.090000E-04 ETA (HH:MM:SS) = 0:00:00
 [ 77%]  Time step     2139 of 2796 @ t_step =     2138 Time Avg = 1.072959E-04 Time/step= 1.170000E-04 ETA (HH:MM:SS) = 0:00:00
 [ 77%]  Time step     2140 of 2796 @ t_step =     2139 Time Avg = 1.072943E-04 Time/step= 1.040000E-04 ETA (HH:MM:SS) = 0:00:00
 [ 77%]  Time step     2141 of 2796 @ t_step =     2140 Time Avg = 1.072928E-04 Time/step= 1.040000E-04 ETA (HH:MM:SS) = 0:00:00
 [ 77%]  Time step     2142 of 2796 @ t_step =     2141 Time Avg = 1.072913E-04 Time/step= 1.040000E-04 ETA (HH:MM:SS) = 0:00:00
 [ 77%]  Time step     2143 of 2796 @ t_step =     2142 Time Avg = 1.072893E-04 Time/step= 1.030000E-04 ETA (HH:MM:SS) = 0:00:00
 [ 77%]  Time step     2144 of 2796 @ t_step =     2143 Time Avg = 1.072872E-04 Time/step= 1.030000E-04 ETA (HH:MM:SS) = 0:00:00
 [ 77%]  Time step     2145 of 2796 @ t_step =     2144 Time Avg = 1.072852E-04 Time/step= 1.030000E-04 ETA (HH:MM:SS) = 0:00:00
 [ 77%]  Time step     2146 of 2796 @ t_step =     2145 Time Avg = 1.072832E-04 Time/step= 1.030000E-04 ETA (HH:MM:SS) = 0:00:00
 [ 77%]  Time step     2147 of 2796 @ t_step =     2146 Time Avg = 1.072864E-04 Time/step= 1.140000E-04 ETA (HH:MM:SS) = 0:00:00
 [ 77%]  Time step     2148 of 2796 @ t_step =     2147 Time Avg = 1.072848E-04 Time/step= 1.040000E-04 ETA (HH:MM:SS) = 0:00:00
 [ 77%]  Time step     2149 of 2796 @ t_step =     2148 Time Avg = 1.072829E-04 Time/step= 1.030000E-04 ETA (HH:MM:SS) = 0:00:00
 [ 77%]  Time step     2150 of 2796 @ t_step =     2149 Time Avg = 1.072809E-04 Time/step= 1.030000E-04 ETA (HH:MM:SS) = 0:00:00
 [ 77%]  Time step     2151 of 2796 @ t_step =     2150 Time Avg = 1.072789E-04 Time/step= 1.030000E-04 ETA (HH:MM:SS) = 0:00:00
 [ 77%]  Time step     2152 of 2796 @ t_step =     2151 Time Avg = 1.072773E-04 Time/step= 1.040000E-04 ETA (HH:MM:SS) = 0:00:00
 [ 77%]  Time step     2153 of 2796 @ t_step =     2152 Time Avg = 1.072753E-04 Time/step= 1.030000E-04 ETA (HH:MM:SS) = 0:00:00
 [ 78%]  Time step     2154 of 2796 @ t_step =     2153 Time Avg = 1.072734E-04 Time/step= 1.030000E-04 ETA (HH:MM:SS) = 0:00:00
 [ 78%]  Time step     2155 of 2796 @ t_step =     2154 Time Avg = 1.072714E-04 Time/step= 1.030000E-04 ETA (HH:MM:SS) = 0:00:00
 [ 78%]  Time step     2156 of 2796 @ t_step =     2155 Time Avg = 1.072745E-04 Time/step= 1.140000E-04 ETA (HH:MM:SS) = 0:00:00
 [ 78%]  Time step     2157 of 2796 @ t_step =     2156 Time Avg = 1.072725E-04 Time/step= 1.030000E-04 ETA (HH:MM:SS) = 0:00:00
 [ 78%]  Time step     2158 of 2796 @ t_step =     2157 Time Avg = 1.072705E-04 Time/step= 1.030000E-04 ETA (HH:MM:SS) = 0:00:00
 [ 78%]  Time step     2159 of 2796 @ t_step =     2158 Time Avg = 1.072686E-04 Time/step= 1.030000E-04 ETA (HH:MM:SS) = 0:00:00
 [ 78%]  Time step     2160 of 2796 @ t_step =     2159 Time Avg = 1.072666E-04 Time/step= 1.030000E-04 ETA (HH:MM:SS) = 0:00:00
 [ 78%]  Time step     2161 of 2796 @ t_step =     2160 Time Avg = 1.072646E-04 Time/step= 1.030000E-04 ETA (HH:MM:SS) = 0:00:00
 [ 78%]  Time step     2162 of 2796 @ t_step =     2161 Time Avg = 1.072626E-04 Time/step= 1.030000E-04 ETA (HH:MM:SS) = 0:00:00
 [ 78%]  Time step     2163 of 2796 @ t_step =     2162 Time Avg = 1.072606E-04 Time/step= 1.030000E-04 ETA (HH:MM:SS) = 0:00:00
 [ 78%]  Time step     2164 of 2796 @ t_step =     2163 Time Avg = 1.072587E-04 Time/step= 1.030000E-04 ETA (HH:MM:SS) = 0:00:00
 [ 78%]  Time step     2165 of 2796 @ t_step =     2164 Time Avg = 1.072669E-04 Time/step= 1.250000E-04 ETA (HH:MM:SS) = 0:00:00
 [ 78%]  Time step     2166 of 2796 @ t_step =     2165 Time Avg = 1.072672E-04 Time/step= 1.080000E-04 ETA (HH:MM:SS) = 0:00:00
 [ 78%]  Time step     2167 of 2796 @ t_step =     2166 Time Avg = 1.072666E-04 Time/step= 1.060000E-04 ETA (HH:MM:SS) = 0:00:00
 [ 78%]  Time step     2168 of 2796 @ t_step =     2167 Time Avg = 1.072707E-04 Time/step= 1.160000E-04 ETA (HH:MM:SS) = 0:00:00
 [ 78%]  Time step     2169 of 2796 @ t_step =     2168 Time Avg = 1.072687E-04 Time/step= 1.030000E-04 ETA (HH:MM:SS) = 0:00:00
 [ 78%]  Time step     2170 of 2796 @ t_step =     2169 Time Avg = 1.072667E-04 Time/step= 1.030000E-04 ETA (HH:MM:SS) = 0:00:00
 [ 78%]  Time step     2171 of 2796 @ t_step =     2170 Time Avg = 1.072648E-04 Time/step= 1.030000E-04 ETA (HH:MM:SS) = 0:00:00
 [ 78%]  Time step     2172 of 2796 @ t_step =     2171 Time Avg = 1.072628E-04 Time/step= 1.030000E-04 ETA (HH:MM:SS) = 0:00:00
 [ 78%]  Time step     2173 of 2796 @ t_step =     2172 Time Avg = 1.072608E-04 Time/step= 1.030000E-04 ETA (HH:MM:SS) = 0:00:00
 [ 78%]  Time step     2174 of 2796 @ t_step =     2173 Time Avg = 1.072736E-04 Time/step= 1.350000E-04 ETA (HH:MM:SS) = 0:00:00
 [ 78%]  Time step     2175 of 2796 @ t_step =     2174 Time Avg = 1.072799E-04 Time/step= 1.210000E-04 ETA (HH:MM:SS) = 0:00:00
 [ 78%]  Time step     2176 of 2796 @ t_step =     2175 Time Avg = 1.072784E-04 Time/step= 1.040000E-04 ETA (HH:MM:SS) = 0:00:00
 [ 78%]  Time step     2177 of 2796 @ t_step =     2176 Time Avg = 1.072764E-04 Time/step= 1.030000E-04 ETA (HH:MM:SS) = 0:00:00
 [ 78%]  Time step     2178 of 2796 @ t_step =     2177 Time Avg = 1.072745E-04 Time/step= 1.030000E-04 ETA (HH:MM:SS) = 0:00:00
 [ 78%]  Time step     2179 of 2796 @ t_step =     2178 Time Avg = 1.072725E-04 Time/step= 1.030000E-04 ETA (HH:MM:SS) = 0:00:00
 [ 78%]  Time step     2180 of 2796 @ t_step =     2179 Time Avg = 1.072706E-04 Time/step= 1.030000E-04 ETA (HH:MM:SS) = 0:00:00
 [ 78%]  Time step     2181 of 2796 @ t_step =     2180 Time Avg = 1.072686E-04 Time/step= 1.030000E-04 ETA (HH:MM:SS) = 0:00:00
 [ 79%]  Time step     2182 of 2796 @ t_step =     2181 Time Avg = 1.072666E-04 Time/step= 1.030000E-04 ETA (HH:MM:SS) = 0:00:00
 [ 79%]  Time step     2183 of 2796 @ t_step =     2182 Time Avg = 1.072683E-04 Time/step= 1.110000E-04 ETA (HH:MM:SS) = 0:00:00
 [ 79%]  Time step     2184 of 2796 @ t_step =     2183 Time Avg = 1.072669E-04 Time/step= 1.040000E-04 ETA (HH:MM:SS) = 0:00:00
 [ 79%]  Time step     2185 of 2796 @ t_step =     2184 Time Avg = 1.072649E-04 Time/step= 1.030000E-04 ETA (HH:MM:SS) = 0:00:00
 [ 79%]  Time step     2186 of 2796 @ t_step =     2185 Time Avg = 1.072629E-04 Time/step= 1.030000E-04 ETA (HH:MM:SS) = 0:00:00
 [ 79%]  Time step     2187 of 2796 @ t_step =     2186 Time Avg = 1.072610E-04 Time/step= 1.030000E-04 ETA (HH:MM:SS) = 0:00:00
 [ 79%]  Time step     2188 of 2796 @ t_step =     2187 Time Avg = 1.072590E-04 Time/step= 1.030000E-04 ETA (HH:MM:SS) = 0:00:00
 [ 79%]  Time step     2189 of 2796 @ t_step =     2188 Time Avg = 1.072571E-04 Time/step= 1.030000E-04 ETA (HH:MM:SS) = 0:00:00
 [ 79%]  Time step     2190 of 2796 @ t_step =     2189 Time Avg = 1.072551E-04 Time/step= 1.030000E-04 ETA (HH:MM:SS) = 0:00:00
 [ 79%]  Time step     2191 of 2796 @ t_step =     2190 Time Avg = 1.072569E-04 Time/step= 1.110000E-04 ETA (HH:MM:SS) = 0:00:00
 [ 79%]  Time step     2192 of 2796 @ t_step =     2191 Time Avg = 1.072558E-04 Time/step= 1.050000E-04 ETA (HH:MM:SS) = 0:00:00
 [ 79%]  Time step     2193 of 2796 @ t_step =     2192 Time Avg = 1.072539E-04 Time/step= 1.030000E-04 ETA (HH:MM:SS) = 0:00:00
 [ 79%]  Time step     2194 of 2796 @ t_step =     2193 Time Avg = 1.072519E-04 Time/step= 1.030000E-04 ETA (HH:MM:SS) = 0:00:00
 [ 79%]  Time step     2195 of 2796 @ t_step =     2194 Time Avg = 1.072500E-04 Time/step= 1.030000E-04 ETA (HH:MM:SS) = 0:00:00
 [ 79%]  Time step     2196 of 2796 @ t_step =     2195 Time Avg = 1.072481E-04 Time/step= 1.030000E-04 ETA (HH:MM:SS) = 0:00:00
 [ 79%]  Time step     2197 of 2796 @ t_step =     2196 Time Avg = 1.072461E-04 Time/step= 1.030000E-04 ETA (HH:MM:SS) = 0:00:00
 [ 79%]  Time step     2198 of 2796 @ t_step =     2197 Time Avg = 1.072442E-04 Time/step= 1.030000E-04 ETA (HH:MM:SS) = 0:00:00
 [ 79%]  Time step     2199 of 2796 @ t_step =     2198 Time Avg = 1.072423E-04 Time/step= 1.030000E-04 ETA (HH:MM:SS) = 0:00:00
 [ 79%]  Time step     2200 of 2796 @ t_step =     2199 Time Avg = 1.072517E-04 Time/step= 1.280000E-04 ETA (HH:MM:SS) = 0:00:00
 [ 79%]  Time step     2201 of 2796 @ t_step =     2200 Time Avg = 1.072520E-04 Time/step= 1.080000E-04 ETA (HH:MM:SS) = 0:00:00
 [ 79%]  Time step     2202 of 2796 @ t_step =     2201 Time Avg = 1.072519E-04 Time/step= 1.070000E-04 ETA (HH:MM:SS) = 0:00:00
 [ 79%]  Time step     2203 of 2796 @ t_step =     2202 Time Avg = 1.072559E-04 Time/step= 1.160000E-04 ETA (HH:MM:SS) = 0:00:00
 [ 79%]  Time step     2204 of 2796 @ t_step =     2203 Time Avg = 1.072544E-04 Time/step= 1.040000E-04 ETA (HH:MM:SS) = 0:00:00
 [ 79%]  Time step     2205 of 2796 @ t_step =     2204 Time Avg = 1.072525E-04 Time/step= 1.030000E-04 ETA (HH:MM:SS) = 0:00:00
 [ 79%]  Time step     2206 of 2796 @ t_step =     2205 Time Avg = 1.072506E-04 Time/step= 1.030000E-04 ETA (HH:MM:SS) = 0:00:00
 [ 79%]  Time step     2207 of 2796 @ t_step =     2206 Time Avg = 1.072486E-04 Time/step= 1.030000E-04 ETA (HH:MM:SS) = 0:00:00
 [ 79%]  Time step     2208 of 2796 @ t_step =     2207 Time Avg = 1.072472E-04 Time/step= 1.040000E-04 ETA (HH:MM:SS) = 0:00:00
 [ 79%]  Time step     2209 of 2796 @ t_step =     2208 Time Avg = 1.072566E-04 Time/step= 1.280000E-04 ETA (HH:MM:SS) = 0:00:00
 [ 80%]  Time step     2210 of 2796 @ t_step =     2209 Time Avg = 1.072551E-04 Time/step= 1.040000E-04 ETA (HH:MM:SS) = 0:00:00
 [ 80%]  Time step     2211 of 2796 @ t_step =     2210 Time Avg = 1.072532E-04 Time/step= 1.030000E-04 ETA (HH:MM:SS) = 0:00:00
 [ 80%]  Time step     2212 of 2796 @ t_step =     2211 Time Avg = 1.072512E-04 Time/step= 1.030000E-04 ETA (HH:MM:SS) = 0:00:00
 [ 80%]  Time step     2213 of 2796 @ t_step =     2212 Time Avg = 1.072493E-04 Time/step= 1.030000E-04 ETA (HH:MM:SS) = 0:00:00
 [ 80%]  Time step     2214 of 2796 @ t_step =     2213 Time Avg = 1.072474E-04 Time/step= 1.030000E-04 ETA (HH:MM:SS) = 0:00:00
 [ 80%]  Time step     2215 of 2796 @ t_step =     2214 Time Avg = 1.072455E-04 Time/step= 1.030000E-04 ETA (HH:MM:SS) = 0:00:00
 [ 80%]  Time step     2216 of 2796 @ t_step =     2215 Time Avg = 1.072436E-04 Time/step= 1.030000E-04 ETA (HH:MM:SS) = 0:00:00
 [ 80%]  Time step     2217 of 2796 @ t_step =     2216 Time Avg = 1.072416E-04 Time/step= 1.030000E-04 ETA (HH:MM:SS) = 0:00:00
 [ 80%]  Time step     2218 of 2796 @ t_step =     2217 Time Avg = 1.072456E-04 Time/step= 1.160000E-04 ETA (HH:MM:SS) = 0:00:00
 [ 80%]  Time step     2219 of 2796 @ t_step =     2218 Time Avg = 1.072491E-04 Time/step= 1.150000E-04 ETA (HH:MM:SS) = 0:00:00
 [ 80%]  Time step     2220 of 2796 @ t_step =     2219 Time Avg = 1.072490E-04 Time/step= 1.070000E-04 ETA (HH:MM:SS) = 0:00:00
 [ 80%]  Time step     2221 of 2796 @ t_step =     2220 Time Avg = 1.072489E-04 Time/step= 1.070000E-04 ETA (HH:MM:SS) = 0:00:00
 [ 80%]  Time step     2222 of 2796 @ t_step =     2221 Time Avg = 1.072587E-04 Time/step= 1.290000E-04 ETA (HH:MM:SS) = 0:00:00
 [ 80%]  Time step     2223 of 2796 @ t_step =     2222 Time Avg = 1.072586E-04 Time/step= 1.070000E-04 ETA (HH:MM:SS) = 0:00:00
 [ 80%]  Time step     2224 of 2796 @ t_step =     2223 Time Avg = 1.072584E-04 Time/step= 1.070000E-04 ETA (HH:MM:SS) = 0:00:00
 [ 80%]  Time step     2225 of 2796 @ t_step =     2224 Time Avg = 1.072570E-04 Time/step= 1.040000E-04 ETA (HH:MM:SS) = 0:00:00
 [ 80%]  Time step     2226 of 2796 @ t_step =     2225 Time Avg = 1.072605E-04 Time/step= 1.150000E-04 ETA (HH:MM:SS) = 0:00:00
 [ 80%]  Time step     2227 of 2796 @ t_step =     2226 Time Avg = 1.072585E-04 Time/step= 1.030000E-04 ETA (HH:MM:SS) = 0:00:00
 [ 80%]  Time step     2228 of 2796 @ t_step =     2227 Time Avg = 1.072571E-04 Time/step= 1.040000E-04 ETA (HH:MM:SS) = 0:00:00
 [ 80%]  Time step     2229 of 2796 @ t_step =     2228 Time Avg = 1.072556E-04 Time/step= 1.040000E-04 ETA (HH:MM:SS) = 0:00:00
 [ 80%]  Time step     2230 of 2796 @ t_step =     2229 Time Avg = 1.072537E-04 Time/step= 1.030000E-04 ETA (HH:MM:SS) = 0:00:00
 [ 80%]  Time step     2231 of 2796 @ t_step =     2230 Time Avg = 1.072518E-04 Time/step= 1.030000E-04 ETA (HH:MM:SS) = 0:00:00
 [ 80%]  Time step     2232 of 2796 @ t_step =     2231 Time Avg = 1.072499E-04 Time/step= 1.030000E-04 ETA (HH:MM:SS) = 0:00:00
 [ 80%]  Time step     2233 of 2796 @ t_step =     2232 Time Avg = 1.072480E-04 Time/step= 1.030000E-04 ETA (HH:MM:SS) = 0:00:00
 [ 80%]  Time step     2234 of 2796 @ t_step =     2233 Time Avg = 1.072465E-04 Time/step= 1.040000E-04 ETA (HH:MM:SS) = 0:00:00
 [ 80%]  Time step     2235 of 2796 @ t_step =     2234 Time Avg = 1.072545E-04 Time/step= 1.250000E-04 ETA (HH:MM:SS) = 0:00:00
 [ 80%]  Time step     2236 of 2796 @ t_step =     2235 Time Avg = 1.072544E-04 Time/step= 1.070000E-04 ETA (HH:MM:SS) = 0:00:00
 [ 80%]  Time step     2237 of 2796 @ t_step =     2236 Time Avg = 1.072543E-04 Time/step= 1.070000E-04 ETA (HH:MM:SS) = 0:00:00
 [ 81%]  Time step     2238 of 2796 @ t_step =     2237 Time Avg = 1.072577E-04 Time/step= 1.150000E-04 ETA (HH:MM:SS) = 0:00:00
 [ 81%]  Time step     2239 of 2796 @ t_step =     2238 Time Avg = 1.072558E-04 Time/step= 1.030000E-04 ETA (HH:MM:SS) = 0:00:00
 [ 81%]  Time step     2240 of 2796 @ t_step =     2239 Time Avg = 1.072539E-04 Time/step= 1.030000E-04 ETA (HH:MM:SS) = 0:00:00
 [ 81%]  Time step     2241 of 2796 @ t_step =     2240 Time Avg = 1.072520E-04 Time/step= 1.030000E-04 ETA (HH:MM:SS) = 0:00:00
 [ 81%]  Time step     2242 of 2796 @ t_step =     2241 Time Avg = 1.072501E-04 Time/step= 1.030000E-04 ETA (HH:MM:SS) = 0:00:00
 [ 81%]  Time step     2243 of 2796 @ t_step =     2242 Time Avg = 1.072482E-04 Time/step= 1.030000E-04 ETA (HH:MM:SS) = 0:00:00
 [ 81%]  Time step     2244 of 2796 @ t_step =     2243 Time Avg = 1.072579E-04 Time/step= 1.290000E-04 ETA (HH:MM:SS) = 0:00:00
 [ 81%]  Time step     2245 of 2796 @ t_step =     2244 Time Avg = 1.072565E-04 Time/step= 1.040000E-04 ETA (HH:MM:SS) = 0:00:00
 [ 81%]  Time step     2246 of 2796 @ t_step =     2245 Time Avg = 1.072546E-04 Time/step= 1.030000E-04 ETA (HH:MM:SS) = 0:00:00
 [ 81%]  Time step     2247 of 2796 @ t_step =     2246 Time Avg = 1.072527E-04 Time/step= 1.030000E-04 ETA (HH:MM:SS) = 0:00:00
 [ 81%]  Time step     2248 of 2796 @ t_step =     2247 Time Avg = 1.072508E-04 Time/step= 1.030000E-04 ETA (HH:MM:SS) = 0:00:00
 [ 81%]  Time step     2249 of 2796 @ t_step =     2248 Time Avg = 1.072489E-04 Time/step= 1.030000E-04 ETA (HH:MM:SS) = 0:00:00
 [ 81%]  Time step     2250 of 2796 @ t_step =     2249 Time Avg = 1.072470E-04 Time/step= 1.030000E-04 ETA (HH:MM:SS) = 0:00:00
 [ 81%]  Time step     2251 of 2796 @ t_step =     2250 Time Avg = 1.072451E-04 Time/step= 1.030000E-04 ETA (HH:MM:SS) = 0:00:00
 [ 81%]  Time step     2252 of 2796 @ t_step =     2251 Time Avg = 1.072432E-04 Time/step= 1.030000E-04 ETA (HH:MM:SS) = 0:00:00
 [ 81%]  Time step     2253 of 2796 @ t_step =     2252 Time Avg = 1.072476E-04 Time/step= 1.170000E-04 ETA (HH:MM:SS) = 0:00:00
 [ 81%]  Time step     2254 of 2796 @ t_step =     2253 Time Avg = 1.072461E-04 Time/step= 1.040000E-04 ETA (HH:MM:SS) = 0:00:00
 [ 81%]  Time step     2255 of 2796 @ t_step =     2254 Time Avg = 1.072442E-04 Time/step= 1.030000E-04 ETA (HH:MM:SS) = 0:00:00
 [ 81%]  Time step     2256 of 2796 @ t_step =     2255 Time Avg = 1.072423E-04 Time/step= 1.030000E-04 ETA (HH:MM:SS) = 0:00:00
 [ 81%]  Time step     2257 of 2796 @ t_step =     2256 Time Avg = 1.072405E-04 Time/step= 1.030000E-04 ETA (HH:MM:SS) = 0:00:00
 [ 81%]  Time step     2258 of 2796 @ t_step =     2257 Time Avg = 1.072386E-04 Time/step= 1.030000E-04 ETA (HH:MM:SS) = 0:00:00
 [ 81%]  Time step     2259 of 2796 @ t_step =     2258 Time Avg = 1.072367E-04 Time/step= 1.030000E-04 ETA (HH:MM:SS) = 0:00:00
 [ 81%]  Time step     2260 of 2796 @ t_step =     2259 Time Avg = 1.072353E-04 Time/step= 1.040000E-04 ETA (HH:MM:SS) = 0:00:00
 [ 81%]  Time step     2261 of 2796 @ t_step =     2260 Time Avg = 1.072334E-04 Time/step= 1.030000E-04 ETA (HH:MM:SS) = 0:00:00
 [ 81%]  Time step     2262 of 2796 @ t_step =     2261 Time Avg = 1.072359E-04 Time/step= 1.130000E-04 ETA (HH:MM:SS) = 0:00:00
 [ 81%]  Time step     2263 of 2796 @ t_step =     2262 Time Avg = 1.072341E-04 Time/step= 1.030000E-04 ETA (HH:MM:SS) = 0:00:00
 [ 81%]  Time step     2264 of 2796 @ t_step =     2263 Time Avg = 1.072322E-04 Time/step= 1.030000E-04 ETA (HH:MM:SS) = 0:00:00
 [ 81%]  Time step     2265 of 2796 @ t_step =     2264 Time Avg = 1.072303E-04 Time/step= 1.030000E-04 ETA (HH:MM:SS) = 0:00:00
 [ 82%]  Time step     2266 of 2796 @ t_step =     2265 Time Avg = 1.072285E-04 Time/step= 1.030000E-04 ETA (HH:MM:SS) = 0:00:00
 [ 82%]  Time step     2267 of 2796 @ t_step =     2266 Time Avg = 1.072266E-04 Time/step= 1.030000E-04 ETA (HH:MM:SS) = 0:00:00
 [ 82%]  Time step     2268 of 2796 @ t_step =     2267 Time Avg = 1.072247E-04 Time/step= 1.030000E-04 ETA (HH:MM:SS) = 0:00:00
 [ 82%]  Time step     2269 of 2796 @ t_step =     2268 Time Avg = 1.072229E-04 Time/step= 1.030000E-04 ETA (HH:MM:SS) = 0:00:00
 [ 82%]  Time step     2270 of 2796 @ t_step =     2269 Time Avg = 1.072210E-04 Time/step= 1.030000E-04 ETA (HH:MM:SS) = 0:00:00
 [ 82%]  Time step     2271 of 2796 @ t_step =     2270 Time Avg = 1.072324E-04 Time/step= 1.330000E-04 ETA (HH:MM:SS) = 0:00:00
 [ 82%]  Time step     2272 of 2796 @ t_step =     2271 Time Avg = 1.072323E-04 Time/step= 1.070000E-04 ETA (HH:MM:SS) = 0:00:00
 [ 82%]  Time step     2273 of 2796 @ t_step =     2272 Time Avg = 1.072370E-04 Time/step= 1.180000E-04 ETA (HH:MM:SS) = 0:00:00
 [ 82%]  Time step     2274 of 2796 @ t_step =     2273 Time Avg = 1.072351E-04 Time/step= 1.030000E-04 ETA (HH:MM:SS) = 0:00:00
 [ 82%]  Time step     2275 of 2796 @ t_step =     2274 Time Avg = 1.072333E-04 Time/step= 1.030000E-04 ETA (HH:MM:SS) = 0:00:00
 [ 82%]  Time step     2276 of 2796 @ t_step =     2275 Time Avg = 1.072314E-04 Time/step= 1.030000E-04 ETA (HH:MM:SS) = 0:00:00
 [ 82%]  Time step     2277 of 2796 @ t_step =     2276 Time Avg = 1.072300E-04 Time/step= 1.040000E-04 ETA (HH:MM:SS) = 0:00:00
 [ 82%]  Time step     2278 of 2796 @ t_step =     2277 Time Avg = 1.072286E-04 Time/step= 1.040000E-04 ETA (HH:MM:SS) = 0:00:00
 [ 82%]  Time step     2279 of 2796 @ t_step =     2278 Time Avg = 1.072337E-04 Time/step= 1.190000E-04 ETA (HH:MM:SS) = 0:00:00
 [ 82%]  Time step     2280 of 2796 @ t_step =     2279 Time Avg = 1.072358E-04 Time/step= 1.120000E-04 ETA (HH:MM:SS) = 0:00:00
 [ 82%]  Time step     2281 of 2796 @ t_step =     2280 Time Avg = 1.072340E-04 Time/step= 1.030000E-04 ETA (HH:MM:SS) = 0:00:00
 [ 82%]  Time step     2282 of 2796 @ t_step =     2281 Time Avg = 1.072326E-04 Time/step= 1.040000E-04 ETA (HH:MM:SS) = 0:00:00
 [ 82%]  Time step     2283 of 2796 @ t_step =     2282 Time Avg = 1.072307E-04 Time/step= 1.030000E-04 ETA (HH:MM:SS) = 0:00:00
 [ 82%]  Time step     2284 of 2796 @ t_step =     2283 Time Avg = 1.072293E-04 Time/step= 1.040000E-04 ETA (HH:MM:SS) = 0:00:00
 [ 82%]  Time step     2285 of 2796 @ t_step =     2284 Time Avg = 1.072274E-04 Time/step= 1.030000E-04 ETA (HH:MM:SS) = 0:00:00
 [ 82%]  Time step     2286 of 2796 @ t_step =     2285 Time Avg = 1.072256E-04 Time/step= 1.030000E-04 ETA (HH:MM:SS) = 0:00:00
 [ 82%]  Time step     2287 of 2796 @ t_step =     2286 Time Avg = 1.072237E-04 Time/step= 1.030000E-04 ETA (HH:MM:SS) = 0:00:00
 [ 82%]  Time step     2288 of 2796 @ t_step =     2287 Time Avg = 1.072289E-04 Time/step= 1.190000E-04 ETA (HH:MM:SS) = 0:00:00
 [ 82%]  Time step     2289 of 2796 @ t_step =     2288 Time Avg = 1.072270E-04 Time/step= 1.030000E-04 ETA (HH:MM:SS) = 0:00:00
 [ 82%]  Time step     2290 of 2796 @ t_step =     2289 Time Avg = 1.072252E-04 Time/step= 1.030000E-04 ETA (HH:MM:SS) = 0:00:00
 [ 82%]  Time step     2291 of 2796 @ t_step =     2290 Time Avg = 1.072233E-04 Time/step= 1.030000E-04 ETA (HH:MM:SS) = 0:00:00
 [ 82%]  Time step     2292 of 2796 @ t_step =     2291 Time Avg = 1.072215E-04 Time/step= 1.030000E-04 ETA (HH:MM:SS) = 0:00:00
 [ 82%]  Time step     2293 of 2796 @ t_step =     2292 Time Avg = 1.072197E-04 Time/step= 1.030000E-04 ETA (HH:MM:SS) = 0:00:00
 [ 83%]  Time step     2294 of 2796 @ t_step =     2293 Time Avg = 1.072178E-04 Time/step= 1.030000E-04 ETA (HH:MM:SS) = 0:00:00
 [ 83%]  Time step     2295 of 2796 @ t_step =     2294 Time Avg = 1.072160E-04 Time/step= 1.030000E-04 ETA (HH:MM:SS) = 0:00:00
 [ 83%]  Time step     2296 of 2796 @ t_step =     2295 Time Avg = 1.072141E-04 Time/step= 1.030000E-04 ETA (HH:MM:SS) = 0:00:00
 [ 83%]  Time step     2297 of 2796 @ t_step =     2296 Time Avg = 1.072175E-04 Time/step= 1.150000E-04 ETA (HH:MM:SS) = 0:00:00
 [ 83%]  Time step     2298 of 2796 @ t_step =     2297 Time Avg = 1.072161E-04 Time/step= 1.040000E-04 ETA (HH:MM:SS) = 0:00:00
 [ 83%]  Time step     2299 of 2796 @ t_step =     2298 Time Avg = 1.072143E-04 Time/step= 1.030000E-04 ETA (HH:MM:SS) = 0:00:00
 [ 83%]  Time step     2300 of 2796 @ t_step =     2299 Time Avg = 1.072129E-04 Time/step= 1.040000E-04 ETA (HH:MM:SS) = 0:00:00
 [ 83%]  Time step     2301 of 2796 @ t_step =     2300 Time Avg = 1.072111E-04 Time/step= 1.030000E-04 ETA (HH:MM:SS) = 0:00:00
 [ 83%]  Time step     2302 of 2796 @ t_step =     2301 Time Avg = 1.072097E-04 Time/step= 1.040000E-04 ETA (HH:MM:SS) = 0:00:00
 [ 83%]  Time step     2303 of 2796 @ t_step =     2302 Time Avg = 1.072078E-04 Time/step= 1.030000E-04 ETA (HH:MM:SS) = 0:00:00
 [ 83%]  Time step     2304 of 2796 @ t_step =     2303 Time Avg = 1.072064E-04 Time/step= 1.040000E-04 ETA (HH:MM:SS) = 0:00:00
 [ 83%]  Time step     2305 of 2796 @ t_step =     2304 Time Avg = 1.072046E-04 Time/step= 1.030000E-04 ETA (HH:MM:SS) = 0:00:00
 [ 83%]  Time step     2306 of 2796 @ t_step =     2305 Time Avg = 1.072132E-04 Time/step= 1.270000E-04 ETA (HH:MM:SS) = 0:00:00
 [ 83%]  Time step     2307 of 2796 @ t_step =     2306 Time Avg = 1.072131E-04 Time/step= 1.070000E-04 ETA (HH:MM:SS) = 0:00:00
 [ 83%]  Time step     2308 of 2796 @ t_step =     2307 Time Avg = 1.072130E-04 Time/step= 1.070000E-04 ETA (HH:MM:SS) = 0:00:00
 [ 83%]  Time step     2309 of 2796 @ t_step =     2308 Time Avg = 1.072164E-04 Time/step= 1.150000E-04 ETA (HH:MM:SS) = 0:00:00
 [ 83%]  Time step     2310 of 2796 @ t_step =     2309 Time Avg = 1.072150E-04 Time/step= 1.040000E-04 ETA (HH:MM:SS) = 0:00:00
 [ 83%]  Time step     2311 of 2796 @ t_step =     2310 Time Avg = 1.072132E-04 Time/step= 1.030000E-04 ETA (HH:MM:SS) = 0:00:00
 [ 83%]  Time step     2312 of 2796 @ t_step =     2311 Time Avg = 1.072113E-04 Time/step= 1.030000E-04 ETA (HH:MM:SS) = 0:00:00
 [ 83%]  Time step     2313 of 2796 @ t_step =     2312 Time Avg = 1.072095E-04 Time/step= 1.030000E-04 ETA (HH:MM:SS) = 0:00:00
 [ 83%]  Time step     2314 of 2796 @ t_step =     2313 Time Avg = 1.072077E-04 Time/step= 1.030000E-04 ETA (HH:MM:SS) = 0:00:00
 [ 83%]  Time step     2315 of 2796 @ t_step =     2314 Time Avg = 1.072197E-04 Time/step= 1.350000E-04 ETA (HH:MM:SS) = 0:00:00
 [ 83%]  Time step     2316 of 2796 @ t_step =     2315 Time Avg = 1.072183E-04 Time/step= 1.040000E-04 ETA (HH:MM:SS) = 0:00:00
 [ 83%]  Time step     2317 of 2796 @ t_step =     2316 Time Avg = 1.072169E-04 Time/step= 1.040000E-04 ETA (HH:MM:SS) = 0:00:00
 [ 83%]  Time step     2318 of 2796 @ t_step =     2317 Time Avg = 1.072156E-04 Time/step= 1.040000E-04 ETA (HH:MM:SS) = 0:00:00
 [ 83%]  Time step     2319 of 2796 @ t_step =     2318 Time Avg = 1.072137E-04 Time/step= 1.030000E-04 ETA (HH:MM:SS) = 0:00:00
 [ 83%]  Time step     2320 of 2796 @ t_step =     2319 Time Avg = 1.072123E-04 Time/step= 1.040000E-04 ETA (HH:MM:SS) = 0:00:00
 [ 83%]  Time step     2321 of 2796 @ t_step =     2320 Time Avg = 1.072105E-04 Time/step= 1.030000E-04 ETA (HH:MM:SS) = 0:00:00
 [ 84%]  Time step     2322 of 2796 @ t_step =     2321 Time Avg = 1.072091E-04 Time/step= 1.040000E-04 ETA (HH:MM:SS) = 0:00:00
 [ 84%]  Time step     2323 of 2796 @ t_step =     2322 Time Avg = 1.072108E-04 Time/step= 1.110000E-04 ETA (HH:MM:SS) = 0:00:00
 [ 84%]  Time step     2324 of 2796 @ t_step =     2323 Time Avg = 1.072107E-04 Time/step= 1.070000E-04 ETA (HH:MM:SS) = 0:00:00
 [ 84%]  Time step     2325 of 2796 @ t_step =     2324 Time Avg = 1.072089E-04 Time/step= 1.030000E-04 ETA (HH:MM:SS) = 0:00:00
 [ 84%]  Time step     2326 of 2796 @ t_step =     2325 Time Avg = 1.072071E-04 Time/step= 1.030000E-04 ETA (HH:MM:SS) = 0:00:00
 [ 84%]  Time step     2327 of 2796 @ t_step =     2326 Time Avg = 1.072052E-04 Time/step= 1.030000E-04 ETA (HH:MM:SS) = 0:00:00
 [ 84%]  Time step     2328 of 2796 @ t_step =     2327 Time Avg = 1.072034E-04 Time/step= 1.030000E-04 ETA (HH:MM:SS) = 0:00:00
 [ 84%]  Time step     2329 of 2796 @ t_step =     2328 Time Avg = 1.072016E-04 Time/step= 1.030000E-04 ETA (HH:MM:SS) = 0:00:00
 [ 84%]  Time step     2330 of 2796 @ t_step =     2329 Time Avg = 1.072003E-04 Time/step= 1.040000E-04 ETA (HH:MM:SS) = 0:00:00
 [ 84%]  Time step     2331 of 2796 @ t_step =     2330 Time Avg = 1.071985E-04 Time/step= 1.030000E-04 ETA (HH:MM:SS) = 0:00:00
 [ 84%]  Time step     2332 of 2796 @ t_step =     2331 Time Avg = 1.072005E-04 Time/step= 1.120000E-04 ETA (HH:MM:SS) = 0:00:00
 [ 84%]  Time step     2333 of 2796 @ t_step =     2332 Time Avg = 1.071996E-04 Time/step= 1.050000E-04 ETA (HH:MM:SS) = 0:00:00
 [ 84%]  Time step     2334 of 2796 @ t_step =     2333 Time Avg = 1.071982E-04 Time/step= 1.040000E-04 ETA (HH:MM:SS) = 0:00:00
 [ 84%]  Time step     2335 of 2796 @ t_step =     2334 Time Avg = 1.071964E-04 Time/step= 1.030000E-04 ETA (HH:MM:SS) = 0:00:00
 [ 84%]  Time step     2336 of 2796 @ t_step =     2335 Time Avg = 1.071946E-04 Time/step= 1.030000E-04 ETA (HH:MM:SS) = 0:00:00
 [ 84%]  Time step     2337 of 2796 @ t_step =     2336 Time Avg = 1.071928E-04 Time/step= 1.030000E-04 ETA (HH:MM:SS) = 0:00:00
 [ 84%]  Time step     2338 of 2796 @ t_step =     2337 Time Avg = 1.071914E-04 Time/step= 1.040000E-04 ETA (HH:MM:SS) = 0:00:00
 [ 84%]  Time step     2339 of 2796 @ t_step =     2338 Time Avg = 1.071896E-04 Time/step= 1.030000E-04 ETA (HH:MM:SS) = 0:00:00
 [ 84%]  Time step     2340 of 2796 @ t_step =     2339 Time Avg = 1.071878E-04 Time/step= 1.030000E-04 ETA (HH:MM:SS) = 0:00:00
 [ 84%]  Time step     2341 of 2796 @ t_step =     2340 Time Avg = 1.071955E-04 Time/step= 1.250000E-04 ETA (HH:MM:SS) = 0:00:00
 [ 84%]  Time step     2342 of 2796 @ t_step =     2341 Time Avg = 1.071958E-04 Time/step= 1.080000E-04 ETA (HH:MM:SS) = 0:00:00
 [ 84%]  Time step     2343 of 2796 @ t_step =     2342 Time Avg = 1.071957E-04 Time/step= 1.070000E-04 ETA (HH:MM:SS) = 0:00:00
 [ 84%]  Time step     2344 of 2796 @ t_step =     2343 Time Avg = 1.071995E-04 Time/step= 1.160000E-04 ETA (HH:MM:SS) = 0:00:00
 [ 84%]  Time step     2345 of 2796 @ t_step =     2344 Time Avg = 1.071977E-04 Time/step= 1.030000E-04 ETA (HH:MM:SS) = 0:00:00
 [ 84%]  Time step     2346 of 2796 @ t_step =     2345 Time Avg = 1.071963E-04 Time/step= 1.040000E-04 ETA (HH:MM:SS) = 0:00:00
 [ 84%]  Time step     2347 of 2796 @ t_step =     2346 Time Avg = 1.071945E-04 Time/step= 1.030000E-04 ETA (HH:MM:SS) = 0:00:00
 [ 84%]  Time step     2348 of 2796 @ t_step =     2347 Time Avg = 1.071928E-04 Time/step= 1.030000E-04 ETA (HH:MM:SS) = 0:00:00
 [ 84%]  Time step     2349 of 2796 @ t_step =     2348 Time Avg = 1.071910E-04 Time/step= 1.030000E-04 ETA (HH:MM:SS) = 0:00:00
 [ 85%]  Time step     2350 of 2796 @ t_step =     2349 Time Avg = 1.071998E-04 Time/step= 1.280000E-04 ETA (HH:MM:SS) = 0:00:00
 [ 85%]  Time step     2351 of 2796 @ t_step =     2350 Time Avg = 1.071985E-04 Time/step= 1.040000E-04 ETA (HH:MM:SS) = 0:00:00
 [ 85%]  Time step     2352 of 2796 @ t_step =     2351 Time Avg = 1.071971E-04 Time/step= 1.040000E-04 ETA (HH:MM:SS) = 0:00:00
 [ 85%]  Time step     2353 of 2796 @ t_step =     2352 Time Avg = 1.071953E-04 Time/step= 1.030000E-04 ETA (HH:MM:SS) = 0:00:00
 [ 85%]  Time step     2354 of 2796 @ t_step =     2353 Time Avg = 1.071935E-04 Time/step= 1.030000E-04 ETA (HH:MM:SS) = 0:00:00
 [ 85%]  Time step     2355 of 2796 @ t_step =     2354 Time Avg = 1.071918E-04 Time/step= 1.030000E-04 ETA (HH:MM:SS) = 0:00:00
 [ 85%]  Time step     2356 of 2796 @ t_step =     2355 Time Avg = 1.071900E-04 Time/step= 1.030000E-04 ETA (HH:MM:SS) = 0:00:00
 [ 85%]  Time step     2357 of 2796 @ t_step =     2356 Time Avg = 1.071882E-04 Time/step= 1.030000E-04 ETA (HH:MM:SS) = 0:00:00
 [ 85%]  Time step     2358 of 2796 @ t_step =     2357 Time Avg = 1.071864E-04 Time/step= 1.030000E-04 ETA (HH:MM:SS) = 0:00:00
 [ 85%]  Time step     2359 of 2796 @ t_step =     2358 Time Avg = 1.071902E-04 Time/step= 1.160000E-04 ETA (HH:MM:SS) = 0:00:00
 [ 85%]  Time step     2360 of 2796 @ t_step =     2359 Time Avg = 1.071888E-04 Time/step= 1.040000E-04 ETA (HH:MM:SS) = 0:00:00
 [ 85%]  Time step     2361 of 2796 @ t_step =     2360 Time Avg = 1.071874E-04 Time/step= 1.040000E-04 ETA (HH:MM:SS) = 0:00:00
 [ 85%]  Time step     2362 of 2796 @ t_step =     2361 Time Avg = 1.071857E-04 Time/step= 1.030000E-04 ETA (HH:MM:SS) = 0:00:00
 [ 85%]  Time step     2363 of 2796 @ t_step =     2362 Time Avg = 1.071839E-04 Time/step= 1.030000E-04 ETA (HH:MM:SS) = 0:00:00
 [ 85%]  Time step     2364 of 2796 @ t_step =     2363 Time Avg = 1.071825E-04 Time/step= 1.040000E-04 ETA (HH:MM:SS) = 0:00:00
 [ 85%]  Time step     2365 of 2796 @ t_step =     2364 Time Avg = 1.071808E-04 Time/step= 1.030000E-04 ETA (HH:MM:SS) = 0:00:00
 [ 85%]  Time step     2366 of 2796 @ t_step =     2365 Time Avg = 1.071794E-04 Time/step= 1.040000E-04 ETA (HH:MM:SS) = 0:00:00
 [ 85%]  Time step     2367 of 2796 @ t_step =     2366 Time Avg = 1.071777E-04 Time/step= 1.030000E-04 ETA (HH:MM:SS) = 0:00:00
 [ 85%]  Time step     2368 of 2796 @ t_step =     2367 Time Avg = 1.071822E-04 Time/step= 1.180000E-04 ETA (HH:MM:SS) = 0:00:00
 [ 85%]  Time step     2369 of 2796 @ t_step =     2368 Time Avg = 1.071809E-04 Time/step= 1.040000E-04 ETA (HH:MM:SS) = 0:00:00
 [ 85%]  Time step     2370 of 2796 @ t_step =     2369 Time Avg = 1.071791E-04 Time/step= 1.030000E-04 ETA (HH:MM:SS) = 0:00:00
 [ 85%]  Time step     2371 of 2796 @ t_step =     2370 Time Avg = 1.071774E-04 Time/step= 1.030000E-04 ETA (HH:MM:SS) = 0:00:00
 [ 85%]  Time step     2372 of 2796 @ t_step =     2371 Time Avg = 1.071760E-04 Time/step= 1.040000E-04 ETA (HH:MM:SS) = 0:00:00
 [ 85%]  Time step     2373 of 2796 @ t_step =     2372 Time Avg = 1.071747E-04 Time/step= 1.040000E-04 ETA (HH:MM:SS) = 0:00:00
 [ 85%]  Time step     2374 of 2796 @ t_step =     2373 Time Avg = 1.071733E-04 Time/step= 1.040000E-04 ETA (HH:MM:SS) = 0:00:00
 [ 85%]  Time step     2375 of 2796 @ t_step =     2374 Time Avg = 1.071712E-04 Time/step= 1.020000E-04 ETA (HH:MM:SS) = 0:00:00
 [ 85%]  Time step     2376 of 2796 @ t_step =     2375 Time Avg = 1.071694E-04 Time/step= 1.030000E-04 ETA (HH:MM:SS) = 0:00:00
 [ 85%]  Time step     2377 of 2796 @ t_step =     2376 Time Avg = 1.071782E-04 Time/step= 1.280000E-04 ETA (HH:MM:SS) = 0:00:00
 [ 86%]  Time step     2378 of 2796 @ t_step =     2377 Time Avg = 1.071781E-04 Time/step= 1.070000E-04 ETA (HH:MM:SS) = 0:00:00
 [ 86%]  Time step     2379 of 2796 @ t_step =     2378 Time Avg = 1.071780E-04 Time/step= 1.070000E-04 ETA (HH:MM:SS) = 0:00:00
 [ 86%]  Time step     2380 of 2796 @ t_step =     2379 Time Avg = 1.071809E-04 Time/step= 1.140000E-04 ETA (HH:MM:SS) = 0:00:00
 [ 86%]  Time step     2381 of 2796 @ t_step =     2380 Time Avg = 1.071791E-04 Time/step= 1.030000E-04 ETA (HH:MM:SS) = 0:00:00
 [ 86%]  Time step     2382 of 2796 @ t_step =     2381 Time Avg = 1.071774E-04 Time/step= 1.030000E-04 ETA (HH:MM:SS) = 0:00:00
 [ 86%]  Time step     2383 of 2796 @ t_step =     2382 Time Avg = 1.071756E-04 Time/step= 1.030000E-04 ETA (HH:MM:SS) = 0:00:00
 [ 86%]  Time step     2384 of 2796 @ t_step =     2383 Time Avg = 1.071739E-04 Time/step= 1.030000E-04 ETA (HH:MM:SS) = 0:00:00
 [ 86%]  Time step     2385 of 2796 @ t_step =     2384 Time Avg = 1.071751E-04 Time/step= 1.100000E-04 ETA (HH:MM:SS) = 0:00:00
 [ 86%]  Time step     2386 of 2796 @ t_step =     2385 Time Avg = 1.071796E-04 Time/step= 1.180000E-04 ETA (HH:MM:SS) = 0:00:00
 [ 86%]  Time step     2387 of 2796 @ t_step =     2386 Time Avg = 1.071779E-04 Time/step= 1.030000E-04 ETA (HH:MM:SS) = 0:00:00
 [ 86%]  Time step     2388 of 2796 @ t_step =     2387 Time Avg = 1.071761E-04 Time/step= 1.030000E-04 ETA (HH:MM:SS) = 0:00:00
 [ 86%]  Time step     2389 of 2796 @ t_step =     2388 Time Avg = 1.071744E-04 Time/step= 1.030000E-04 ETA (HH:MM:SS) = 0:00:00
 [ 86%]  Time step     2390 of 2796 @ t_step =     2389 Time Avg = 1.071726E-04 Time/step= 1.030000E-04 ETA (HH:MM:SS) = 0:00:00
 [ 86%]  Time step     2391 of 2796 @ t_step =     2390 Time Avg = 1.071709E-04 Time/step= 1.030000E-04 ETA (HH:MM:SS) = 0:00:00
 [ 86%]  Time step     2392 of 2796 @ t_step =     2391 Time Avg = 1.071691E-04 Time/step= 1.030000E-04 ETA (HH:MM:SS) = 0:00:00
 [ 86%]  Time step     2393 of 2796 @ t_step =     2392 Time Avg = 1.071674E-04 Time/step= 1.030000E-04 ETA (HH:MM:SS) = 0:00:00
 [ 86%]  Time step     2394 of 2796 @ t_step =     2393 Time Avg = 1.071702E-04 Time/step= 1.140000E-04 ETA (HH:MM:SS) = 0:00:00
 [ 86%]  Time step     2395 of 2796 @ t_step =     2394 Time Avg = 1.071689E-04 Time/step= 1.040000E-04 ETA (HH:MM:SS) = 0:00:00
 [ 86%]  Time step     2396 of 2796 @ t_step =     2395 Time Avg = 1.071672E-04 Time/step= 1.030000E-04 ETA (HH:MM:SS) = 0:00:00
 [ 86%]  Time step     2397 of 2796 @ t_step =     2396 Time Avg = 1.071654E-04 Time/step= 1.030000E-04 ETA (HH:MM:SS) = 0:00:00
 [ 86%]  Time step     2398 of 2796 @ t_step =     2397 Time Avg = 1.071641E-04 Time/step= 1.040000E-04 ETA (HH:MM:SS) = 0:00:00
 [ 86%]  Time step     2399 of 2796 @ t_step =     2398 Time Avg = 1.071624E-04 Time/step= 1.030000E-04 ETA (HH:MM:SS) = 0:00:00
 [ 86%]  Time step     2400 of 2796 @ t_step =     2399 Time Avg = 1.071606E-04 Time/step= 1.030000E-04 ETA (HH:MM:SS) = 0:00:00
 [ 86%]  Time step     2401 of 2796 @ t_step =     2400 Time Avg = 1.071593E-04 Time/step= 1.040000E-04 ETA (HH:MM:SS) = 0:00:00
 [ 86%]  Time step     2402 of 2796 @ t_step =     2401 Time Avg = 1.071580E-04 Time/step= 1.040000E-04 ETA (HH:MM:SS) = 0:00:00
 [ 86%]  Time step     2403 of 2796 @ t_step =     2402 Time Avg = 1.071608E-04 Time/step= 1.140000E-04 ETA (HH:MM:SS) = 0:00:00
 [ 86%]  Time step     2404 of 2796 @ t_step =     2403 Time Avg = 1.071595E-04 Time/step= 1.040000E-04 ETA (HH:MM:SS) = 0:00:00
 [ 86%]  Time step     2405 of 2796 @ t_step =     2404 Time Avg = 1.071578E-04 Time/step= 1.030000E-04 ETA (HH:MM:SS) = 0:00:00
 [ 87%]  Time step     2406 of 2796 @ t_step =     2405 Time Avg = 1.071565E-04 Time/step= 1.040000E-04 ETA (HH:MM:SS) = 0:00:00
 [ 87%]  Time step     2407 of 2796 @ t_step =     2406 Time Avg = 1.071547E-04 Time/step= 1.030000E-04 ETA (HH:MM:SS) = 0:00:00
 [ 87%]  Time step     2408 of 2796 @ t_step =     2407 Time Avg = 1.071530E-04 Time/step= 1.030000E-04 ETA (HH:MM:SS) = 0:00:00
 [ 87%]  Time step     2409 of 2796 @ t_step =     2408 Time Avg = 1.071513E-04 Time/step= 1.030000E-04 ETA (HH:MM:SS) = 0:00:00
 [ 87%]  Time step     2410 of 2796 @ t_step =     2409 Time Avg = 1.071500E-04 Time/step= 1.040000E-04 ETA (HH:MM:SS) = 0:00:00
 [ 87%]  Time step     2411 of 2796 @ t_step =     2410 Time Avg = 1.071487E-04 Time/step= 1.040000E-04 ETA (HH:MM:SS) = 0:00:00
 [ 87%]  Time step     2412 of 2796 @ t_step =     2411 Time Avg = 1.071569E-04 Time/step= 1.270000E-04 ETA (HH:MM:SS) = 0:00:00
 [ 87%]  Time step     2413 of 2796 @ t_step =     2412 Time Avg = 1.071568E-04 Time/step= 1.070000E-04 ETA (HH:MM:SS) = 0:00:00
 [ 87%]  Time step     2414 of 2796 @ t_step =     2413 Time Avg = 1.071568E-04 Time/step= 1.070000E-04 ETA (HH:MM:SS) = 0:00:00
 [ 87%]  Time step     2415 of 2796 @ t_step =     2414 Time Avg = 1.071604E-04 Time/step= 1.160000E-04 ETA (HH:MM:SS) = 0:00:00
 [ 87%]  Time step     2416 of 2796 @ t_step =     2415 Time Avg = 1.071587E-04 Time/step= 1.030000E-04 ETA (HH:MM:SS) = 0:00:00
 [ 87%]  Time step     2417 of 2796 @ t_step =     2416 Time Avg = 1.071570E-04 Time/step= 1.030000E-04 ETA (HH:MM:SS) = 0:00:00
 [ 87%]  Time step     2418 of 2796 @ t_step =     2417 Time Avg = 1.071553E-04 Time/step= 1.030000E-04 ETA (HH:MM:SS) = 0:00:00
 [ 87%]  Time step     2419 of 2796 @ t_step =     2418 Time Avg = 1.071536E-04 Time/step= 1.030000E-04 ETA (HH:MM:SS) = 0:00:00
 [ 87%]  Time step     2420 of 2796 @ t_step =     2419 Time Avg = 1.071518E-04 Time/step= 1.030000E-04 ETA (HH:MM:SS) = 0:00:00
 [ 87%]  Time step     2421 of 2796 @ t_step =     2420 Time Avg = 1.071600E-04 Time/step= 1.270000E-04 ETA (HH:MM:SS) = 0:00:00
 [ 87%]  Time step     2422 of 2796 @ t_step =     2421 Time Avg = 1.071583E-04 Time/step= 1.030000E-04 ETA (HH:MM:SS) = 0:00:00
 [ 87%]  Time step     2423 of 2796 @ t_step =     2422 Time Avg = 1.071566E-04 Time/step= 1.030000E-04 ETA (HH:MM:SS) = 0:00:00
 [ 87%]  Time step     2424 of 2796 @ t_step =     2423 Time Avg = 1.071549E-04 Time/step= 1.030000E-04 ETA (HH:MM:SS) = 0:00:00
 [ 87%]  Time step     2425 of 2796 @ t_step =     2424 Time Avg = 1.071532E-04 Time/step= 1.030000E-04 ETA (HH:MM:SS) = 0:00:00
 [ 87%]  Time step     2426 of 2796 @ t_step =     2425 Time Avg = 1.071515E-04 Time/step= 1.030000E-04 ETA (HH:MM:SS) = 0:00:00
 [ 87%]  Time step     2427 of 2796 @ t_step =     2426 Time Avg = 1.071498E-04 Time/step= 1.030000E-04 ETA (HH:MM:SS) = 0:00:00
 [ 87%]  Time step     2428 of 2796 @ t_step =     2427 Time Avg = 1.071480E-04 Time/step= 1.030000E-04 ETA (HH:MM:SS) = 0:00:00
 [ 87%]  Time step     2429 of 2796 @ t_step =     2428 Time Avg = 1.071463E-04 Time/step= 1.030000E-04 ETA (HH:MM:SS) = 0:00:00
 [ 87%]  Time step     2430 of 2796 @ t_step =     2429 Time Avg = 1.071496E-04 Time/step= 1.150000E-04 ETA (HH:MM:SS) = 0:00:00
 [ 87%]  Time step     2431 of 2796 @ t_step =     2430 Time Avg = 1.071479E-04 Time/step= 1.030000E-04 ETA (HH:MM:SS) = 0:00:00
 [ 87%]  Time step     2432 of 2796 @ t_step =     2431 Time Avg = 1.071466E-04 Time/step= 1.040000E-04 ETA (HH:MM:SS) = 0:00:00
 [ 87%]  Time step     2433 of 2796 @ t_step =     2432 Time Avg = 1.071449E-04 Time/step= 1.030000E-04 ETA (HH:MM:SS) = 0:00:00
 [ 88%]  Time step     2434 of 2796 @ t_step =     2433 Time Avg = 1.071436E-04 Time/step= 1.040000E-04 ETA (HH:MM:SS) = 0:00:00
 [ 88%]  Time step     2435 of 2796 @ t_step =     2434 Time Avg = 1.071419E-04 Time/step= 1.030000E-04 ETA (HH:MM:SS) = 0:00:00
 [ 88%]  Time step     2436 of 2796 @ t_step =     2435 Time Avg = 1.071406E-04 Time/step= 1.040000E-04 ETA (HH:MM:SS) = 0:00:00
 [ 88%]  Time step     2437 of 2796 @ t_step =     2436 Time Avg = 1.071393E-04 Time/step= 1.040000E-04 ETA (HH:MM:SS) = 0:00:00
 [ 88%]  Time step     2438 of 2796 @ t_step =     2437 Time Avg = 1.071380E-04 Time/step= 1.040000E-04 ETA (HH:MM:SS) = 0:00:00
 [ 88%]  Time step     2439 of 2796 @ t_step =     2438 Time Avg = 1.071408E-04 Time/step= 1.140000E-04 ETA (HH:MM:SS) = 0:00:00
 [ 88%]  Time step     2440 of 2796 @ t_step =     2439 Time Avg = 1.071391E-04 Time/step= 1.030000E-04 ETA (HH:MM:SS) = 0:00:00
 [ 88%]  Time step     2441 of 2796 @ t_step =     2440 Time Avg = 1.071374E-04 Time/step= 1.030000E-04 ETA (HH:MM:SS) = 0:00:00
 [ 88%]  Time step     2442 of 2796 @ t_step =     2441 Time Avg = 1.071357E-04 Time/step= 1.030000E-04 ETA (HH:MM:SS) = 0:00:00
 [ 88%]  Time step     2443 of 2796 @ t_step =     2442 Time Avg = 1.071340E-04 Time/step= 1.030000E-04 ETA (HH:MM:SS) = 0:00:00
 [ 88%]  Time step     2444 of 2796 @ t_step =     2443 Time Avg = 1.071323E-04 Time/step= 1.030000E-04 ETA (HH:MM:SS) = 0:00:00
 [ 88%]  Time step     2445 of 2796 @ t_step =     2444 Time Avg = 1.071306E-04 Time/step= 1.030000E-04 ETA (HH:MM:SS) = 0:00:00
 [ 88%]  Time step     2446 of 2796 @ t_step =     2445 Time Avg = 1.071289E-04 Time/step= 1.030000E-04 ETA (HH:MM:SS) = 0:00:00
 [ 88%]  Time step     2447 of 2796 @ t_step =     2446 Time Avg = 1.071273E-04 Time/step= 1.030000E-04 ETA (HH:MM:SS) = 0:00:00
 [ 88%]  Time step     2448 of 2796 @ t_step =     2447 Time Avg = 1.071358E-04 Time/step= 1.280000E-04 ETA (HH:MM:SS) = 0:00:00
 [ 88%]  Time step     2449 of 2796 @ t_step =     2448 Time Avg = 1.071353E-04 Time/step= 1.060000E-04 ETA (HH:MM:SS) = 0:00:00
 [ 88%]  Time step     2450 of 2796 @ t_step =     2449 Time Avg = 1.071353E-04 Time/step= 1.070000E-04 ETA (HH:MM:SS) = 0:00:00
 [ 88%]  Time step     2451 of 2796 @ t_step =     2450 Time Avg = 1.071340E-04 Time/step= 1.040000E-04 ETA (HH:MM:SS) = 0:00:00
 [ 88%]  Time step     2452 of 2796 @ t_step =     2451 Time Avg = 1.071323E-04 Time/step= 1.030000E-04 ETA (HH:MM:SS) = 0:00:00
 [ 88%]  Time step     2453 of 2796 @ t_step =     2452 Time Avg = 1.071306E-04 Time/step= 1.030000E-04 ETA (HH:MM:SS) = 0:00:00
 [ 88%]  Time step     2454 of 2796 @ t_step =     2453 Time Avg = 1.071289E-04 Time/step= 1.030000E-04 ETA (HH:MM:SS) = 0:00:00
 [ 88%]  Time step     2455 of 2796 @ t_step =     2454 Time Avg = 1.071272E-04 Time/step= 1.030000E-04 ETA (HH:MM:SS) = 0:00:00
 [ 88%]  Time step     2456 of 2796 @ t_step =     2455 Time Avg = 1.071309E-04 Time/step= 1.160000E-04 ETA (HH:MM:SS) = 0:00:00
 [ 88%]  Time step     2457 of 2796 @ t_step =     2456 Time Avg = 1.071337E-04 Time/step= 1.140000E-04 ETA (HH:MM:SS) = 0:00:00
 [ 88%]  Time step     2458 of 2796 @ t_step =     2457 Time Avg = 1.071324E-04 Time/step= 1.040000E-04 ETA (HH:MM:SS) = 0:00:00
 [ 88%]  Time step     2459 of 2796 @ t_step =     2458 Time Avg = 1.071307E-04 Time/step= 1.030000E-04 ETA (HH:MM:SS) = 0:00:00
 [ 88%]  Time step     2460 of 2796 @ t_step =     2459 Time Avg = 1.071290E-04 Time/step= 1.030000E-04 ETA (HH:MM:SS) = 0:00:00
 [ 88%]  Time step     2461 of 2796 @ t_step =     2460 Time Avg = 1.071273E-04 Time/step= 1.030000E-04 ETA (HH:MM:SS) = 0:00:00
 [ 89%]  Time step     2462 of 2796 @ t_step =     2461 Time Avg = 1.071257E-04 Time/step= 1.030000E-04 ETA (HH:MM:SS) = 0:00:00
 [ 89%]  Time step     2463 of 2796 @ t_step =     2462 Time Avg = 1.071240E-04 Time/step= 1.030000E-04 ETA (HH:MM:SS) = 0:00:00
 [ 89%]  Time step     2464 of 2796 @ t_step =     2463 Time Avg = 1.071223E-04 Time/step= 1.030000E-04 ETA (HH:MM:SS) = 0:00:00
 [ 89%]  Time step     2465 of 2796 @ t_step =     2464 Time Avg = 1.071255E-04 Time/step= 1.150000E-04 ETA (HH:MM:SS) = 0:00:00
 [ 89%]  Time step     2466 of 2796 @ t_step =     2465 Time Avg = 1.071242E-04 Time/step= 1.040000E-04 ETA (HH:MM:SS) = 0:00:00
 [ 89%]  Time step     2467 of 2796 @ t_step =     2466 Time Avg = 1.071226E-04 Time/step= 1.030000E-04 ETA (HH:MM:SS) = 0:00:00
 [ 89%]  Time step     2468 of 2796 @ t_step =     2467 Time Avg = 1.071213E-04 Time/step= 1.040000E-04 ETA (HH:MM:SS) = 0:00:00
 [ 89%]  Time step     2469 of 2796 @ t_step =     2468 Time Avg = 1.071200E-04 Time/step= 1.040000E-04 ETA (HH:MM:SS) = 0:00:00
 [ 89%]  Time step     2470 of 2796 @ t_step =     2469 Time Avg = 1.071188E-04 Time/step= 1.040000E-04 ETA (HH:MM:SS) = 0:00:00
 [ 89%]  Time step     2471 of 2796 @ t_step =     2470 Time Avg = 1.071171E-04 Time/step= 1.030000E-04 ETA (HH:MM:SS) = 0:00:00
 [ 89%]  Time step     2472 of 2796 @ t_step =     2471 Time Avg = 1.071158E-04 Time/step= 1.040000E-04 ETA (HH:MM:SS) = 0:00:00
 [ 89%]  Time step     2473 of 2796 @ t_step =     2472 Time Avg = 1.071142E-04 Time/step= 1.030000E-04 ETA (HH:MM:SS) = 0:00:00
 [ 89%]  Time step     2474 of 2796 @ t_step =     2473 Time Avg = 1.071182E-04 Time/step= 1.170000E-04 ETA (HH:MM:SS) = 0:00:00
 [ 89%]  Time step     2475 of 2796 @ t_step =     2474 Time Avg = 1.071165E-04 Time/step= 1.030000E-04 ETA (HH:MM:SS) = 0:00:00
 [ 89%]  Time step     2476 of 2796 @ t_step =     2475 Time Avg = 1.071152E-04 Time/step= 1.040000E-04 ETA (HH:MM:SS) = 0:00:00
 [ 89%]  Time step     2477 of 2796 @ t_step =     2476 Time Avg = 1.071140E-04 Time/step= 1.040000E-04 ETA (HH:MM:SS) = 0:00:00
 [ 89%]  Time step     2478 of 2796 @ t_step =     2477 Time Avg = 1.071127E-04 Time/step= 1.040000E-04 ETA (HH:MM:SS) = 0:00:00
 [ 89%]  Time step     2479 of 2796 @ t_step =     2478 Time Avg = 1.071111E-04 Time/step= 1.030000E-04 ETA (HH:MM:SS) = 0:00:00
 [ 89%]  Time step     2480 of 2796 @ t_step =     2479 Time Avg = 1.071098E-04 Time/step= 1.040000E-04 ETA (HH:MM:SS) = 0:00:00
 [ 89%]  Time step     2481 of 2796 @ t_step =     2480 Time Avg = 1.071082E-04 Time/step= 1.030000E-04 ETA (HH:MM:SS) = 0:00:00
 [ 89%]  Time step     2482 of 2796 @ t_step =     2481 Time Avg = 1.071065E-04 Time/step= 1.030000E-04 ETA (HH:MM:SS) = 0:00:00
 [ 89%]  Time step     2483 of 2796 @ t_step =     2482 Time Avg = 1.071165E-04 Time/step= 1.320000E-04 ETA (HH:MM:SS) = 0:00:00
 [ 89%]  Time step     2484 of 2796 @ t_step =     2483 Time Avg = 1.071165E-04 Time/step= 1.070000E-04 ETA (HH:MM:SS) = 0:00:00
 [ 89%]  Time step     2485 of 2796 @ t_step =     2484 Time Avg = 1.071164E-04 Time/step= 1.070000E-04 ETA (HH:MM:SS) = 0:00:00
 [ 89%]  Time step     2486 of 2796 @ t_step =     2485 Time Avg = 1.071196E-04 Time/step= 1.150000E-04 ETA (HH:MM:SS) = 0:00:00
 [ 89%]  Time step     2487 of 2796 @ t_step =     2486 Time Avg = 1.071180E-04 Time/step= 1.030000E-04 ETA (HH:MM:SS) = 0:00:00
 [ 89%]  Time step     2488 of 2796 @ t_step =     2487 Time Avg = 1.071163E-04 Time/step= 1.030000E-04 ETA (HH:MM:SS) = 0:00:00
 [ 89%]  Time step     2489 of 2796 @ t_step =     2488 Time Avg = 1.071146E-04 Time/step= 1.030000E-04 ETA (HH:MM:SS) = 0:00:00
 [ 90%]  Time step     2490 of 2796 @ t_step =     2489 Time Avg = 1.071130E-04 Time/step= 1.030000E-04 ETA (HH:MM:SS) = 0:00:00
 [ 90%]  Time step     2491 of 2796 @ t_step =     2490 Time Avg = 1.071113E-04 Time/step= 1.030000E-04 ETA (HH:MM:SS) = 0:00:00
 [ 90%]  Time step     2492 of 2796 @ t_step =     2491 Time Avg = 1.071314E-04 Time/step= 1.570000E-04 ETA (HH:MM:SS) = 0:00:00
 [ 90%]  Time step     2493 of 2796 @ t_step =     2492 Time Avg = 1.071329E-04 Time/step= 1.110000E-04 ETA (HH:MM:SS) = 0:00:00
 [ 90%]  Time step     2494 of 2796 @ t_step =     2493 Time Avg = 1.071421E-04 Time/step= 1.300000E-04 ETA (HH:MM:SS) = 0:00:00
 [ 90%]  Time step     2495 of 2796 @ t_step =     2494 Time Avg = 1.071404E-04 Time/step= 1.030000E-04 ETA (HH:MM:SS) = 0:00:00
 [ 90%]  Time step     2496 of 2796 @ t_step =     2495 Time Avg = 1.071388E-04 Time/step= 1.030000E-04 ETA (HH:MM:SS) = 0:00:00
 [ 90%]  Time step     2497 of 2796 @ t_step =     2496 Time Avg = 1.071371E-04 Time/step= 1.030000E-04 ETA (HH:MM:SS) = 0:00:00
 [ 90%]  Time step     2498 of 2796 @ t_step =     2497 Time Avg = 1.071359E-04 Time/step= 1.040000E-04 ETA (HH:MM:SS) = 0:00:00
 [ 90%]  Time step     2499 of 2796 @ t_step =     2498 Time Avg = 1.071342E-04 Time/step= 1.030000E-04 ETA (HH:MM:SS) = 0:00:00
 [ 90%]  Time step     2500 of 2796 @ t_step =     2499 Time Avg = 1.071382E-04 Time/step= 1.170000E-04 ETA (HH:MM:SS) = 0:00:00
 [ 90%]  Time step     2501 of 2796 @ t_step =     2500 Time Avg = 1.071365E-04 Time/step= 1.030000E-04 ETA (HH:MM:SS) = 0:00:00
 [ 90%]  Time step     2502 of 2796 @ t_step =     2501 Time Avg = 1.071353E-04 Time/step= 1.040000E-04 ETA (HH:MM:SS) = 0:00:00
 [ 90%]  Time step     2503 of 2796 @ t_step =     2502 Time Avg = 1.071340E-04 Time/step= 1.040000E-04 ETA (HH:MM:SS) = 0:00:00
 [ 90%]  Time step     2504 of 2796 @ t_step =     2503 Time Avg = 1.071323E-04 Time/step= 1.030000E-04 ETA (HH:MM:SS) = 0:00:00
 [ 90%]  Time step     2505 of 2796 @ t_step =     2504 Time Avg = 1.071307E-04 Time/step= 1.030000E-04 ETA (HH:MM:SS) = 0:00:00
 [ 90%]  Time step     2506 of 2796 @ t_step =     2505 Time Avg = 1.071290E-04 Time/step= 1.030000E-04 ETA (HH:MM:SS) = 0:00:00
 [ 90%]  Time step     2507 of 2796 @ t_step =     2506 Time Avg = 1.071274E-04 Time/step= 1.030000E-04 ETA (HH:MM:SS) = 0:00:00
 [ 90%]  Time step     2508 of 2796 @ t_step =     2507 Time Avg = 1.071261E-04 Time/step= 1.040000E-04 ETA (HH:MM:SS) = 0:00:00
 [ 90%]  Time step     2509 of 2796 @ t_step =     2508 Time Avg = 1.071289E-04 Time/step= 1.140000E-04 ETA (HH:MM:SS) = 0:00:00
 [ 90%]  Time step     2510 of 2796 @ t_step =     2509 Time Avg = 1.071272E-04 Time/step= 1.030000E-04 ETA (HH:MM:SS) = 0:00:00
 [ 90%]  Time step     2511 of 2796 @ t_step =     2510 Time Avg = 1.071256E-04 Time/step= 1.030000E-04 ETA (HH:MM:SS) = 0:00:00
 [ 90%]  Time step     2512 of 2796 @ t_step =     2511 Time Avg = 1.071240E-04 Time/step= 1.030000E-04 ETA (HH:MM:SS) = 0:00:00
 [ 90%]  Time step     2513 of 2796 @ t_step =     2512 Time Avg = 1.071227E-04 Time/step= 1.040000E-04 ETA (HH:MM:SS) = 0:00:00
 [ 90%]  Time step     2514 of 2796 @ t_step =     2513 Time Avg = 1.071215E-04 Time/step= 1.040000E-04 ETA (HH:MM:SS) = 0:00:00
 [ 90%]  Time step     2515 of 2796 @ t_step =     2514 Time Avg = 1.071194E-04 Time/step= 1.020000E-04 ETA (HH:MM:SS) = 0:00:00
 [ 90%]  Time step     2516 of 2796 @ t_step =     2515 Time Avg = 1.071182E-04 Time/step= 1.040000E-04 ETA (HH:MM:SS) = 0:00:00
 [ 90%]  Time step     2517 of 2796 @ t_step =     2516 Time Avg = 1.071165E-04 Time/step= 1.030000E-04 ETA (HH:MM:SS) = 0:00:00
 [ 91%]  Time step     2518 of 2796 @ t_step =     2517 Time Avg = 1.071237E-04 Time/step= 1.250000E-04 ETA (HH:MM:SS) = 0:00:00
 [ 91%]  Time step     2519 of 2796 @ t_step =     2518 Time Avg = 1.071236E-04 Time/step= 1.070000E-04 ETA (HH:MM:SS) = 0:00:00
 [ 91%]  Time step     2520 of 2796 @ t_step =     2519 Time Avg = 1.071232E-04 Time/step= 1.060000E-04 ETA (HH:MM:SS) = 0:00:00
 [ 91%]  Time step     2521 of 2796 @ t_step =     2520 Time Avg = 1.071263E-04 Time/step= 1.150000E-04 ETA (HH:MM:SS) = 0:00:00
 [ 91%]  Time step     2522 of 2796 @ t_step =     2521 Time Avg = 1.071247E-04 Time/step= 1.030000E-04 ETA (HH:MM:SS) = 0:00:00
 [ 91%]  Time step     2523 of 2796 @ t_step =     2522 Time Avg = 1.071230E-04 Time/step= 1.030000E-04 ETA (HH:MM:SS) = 0:00:00
 [ 91%]  Time step     2524 of 2796 @ t_step =     2523 Time Avg = 1.071214E-04 Time/step= 1.030000E-04 ETA (HH:MM:SS) = 0:00:00
 [ 91%]  Time step     2525 of 2796 @ t_step =     2524 Time Avg = 1.071245E-04 Time/step= 1.150000E-04 ETA (HH:MM:SS) = 0:00:00
 [ 91%]  Time step     2526 of 2796 @ t_step =     2525 Time Avg = 1.071245E-04 Time/step= 1.070000E-04 ETA (HH:MM:SS) = 0:00:00
 [ 91%]  Time step     2527 of 2796 @ t_step =     2526 Time Avg = 1.071339E-04 Time/step= 1.310000E-04 ETA (HH:MM:SS) = 0:00:00
 [ 91%]  Time step     2528 of 2796 @ t_step =     2527 Time Avg = 1.071426E-04 Time/step= 1.290000E-04 ETA (HH:MM:SS) = 0:00:00
 [ 91%]  Time step     2529 of 2796 @ t_step =     2528 Time Avg = 1.071425E-04 Time/step= 1.070000E-04 ETA (HH:MM:SS) = 0:00:00
 [ 91%]  Time step     2530 of 2796 @ t_step =     2529 Time Avg = 1.071464E-04 Time/step= 1.170000E-04 ETA (HH:MM:SS) = 0:00:00
 [ 91%]  Time step     2531 of 2796 @ t_step =     2530 Time Avg = 1.071452E-04 Time/step= 1.040000E-04 ETA (HH:MM:SS) = 0:00:00
 [ 91%]  Time step     2532 of 2796 @ t_step =     2531 Time Avg = 1.071439E-04 Time/step= 1.040000E-04 ETA (HH:MM:SS) = 0:00:00
 [ 91%]  Time step     2533 of 2796 @ t_step =     2532 Time Avg = 1.071423E-04 Time/step= 1.030000E-04 ETA (HH:MM:SS) = 0:00:00
 [ 91%]  Time step     2534 of 2796 @ t_step =     2533 Time Avg = 1.071407E-04 Time/step= 1.030000E-04 ETA (HH:MM:SS) = 0:00:00
 [ 91%]  Time step     2535 of 2796 @ t_step =     2534 Time Avg = 1.071453E-04 Time/step= 1.190000E-04 ETA (HH:MM:SS) = 0:00:00
 [ 91%]  Time step     2536 of 2796 @ t_step =     2535 Time Avg = 1.071441E-04 Time/step= 1.040000E-04 ETA (HH:MM:SS) = 0:00:00
 [ 91%]  Time step     2537 of 2796 @ t_step =     2536 Time Avg = 1.071425E-04 Time/step= 1.030000E-04 ETA (HH:MM:SS) = 0:00:00
 [ 91%]  Time step     2538 of 2796 @ t_step =     2537 Time Avg = 1.071408E-04 Time/step= 1.030000E-04 ETA (HH:MM:SS) = 0:00:00
 [ 91%]  Time step     2539 of 2796 @ t_step =     2538 Time Avg = 1.071392E-04 Time/step= 1.030000E-04 ETA (HH:MM:SS) = 0:00:00
 [ 91%]  Time step     2540 of 2796 @ t_step =     2539 Time Avg = 1.071376E-04 Time/step= 1.030000E-04 ETA (HH:MM:SS) = 0:00:00
 [ 91%]  Time step     2541 of 2796 @ t_step =     2540 Time Avg = 1.071359E-04 Time/step= 1.030000E-04 ETA (HH:MM:SS) = 0:00:00
 [ 91%]  Time step     2542 of 2796 @ t_step =     2541 Time Avg = 1.071343E-04 Time/step= 1.030000E-04 ETA (HH:MM:SS) = 0:00:00
 [ 91%]  Time step     2543 of 2796 @ t_step =     2542 Time Avg = 1.071327E-04 Time/step= 1.030000E-04 ETA (HH:MM:SS) = 0:00:00
 [ 91%]  Time step     2544 of 2796 @ t_step =     2543 Time Avg = 1.071354E-04 Time/step= 1.140000E-04 ETA (HH:MM:SS) = 0:00:00
 [ 91%]  Time step     2545 of 2796 @ t_step =     2544 Time Avg = 1.071338E-04 Time/step= 1.030000E-04 ETA (HH:MM:SS) = 0:00:00
 [ 92%]  Time step     2546 of 2796 @ t_step =     2545 Time Avg = 1.071321E-04 Time/step= 1.030000E-04 ETA (HH:MM:SS) = 0:00:00
 [ 92%]  Time step     2547 of 2796 @ t_step =     2546 Time Avg = 1.071305E-04 Time/step= 1.030000E-04 ETA (HH:MM:SS) = 0:00:00
 [ 92%]  Time step     2548 of 2796 @ t_step =     2547 Time Avg = 1.071289E-04 Time/step= 1.030000E-04 ETA (HH:MM:SS) = 0:00:00
 [ 92%]  Time step     2549 of 2796 @ t_step =     2548 Time Avg = 1.071273E-04 Time/step= 1.030000E-04 ETA (HH:MM:SS) = 0:00:00
 [ 92%]  Time step     2550 of 2796 @ t_step =     2549 Time Avg = 1.071256E-04 Time/step= 1.030000E-04 ETA (HH:MM:SS) = 0:00:00
 [ 92%]  Time step     2551 of 2796 @ t_step =     2550 Time Avg = 1.071240E-04 Time/step= 1.030000E-04 ETA (HH:MM:SS) = 0:00:00
 [ 92%]  Time step     2552 of 2796 @ t_step =     2551 Time Avg = 1.071228E-04 Time/step= 1.040000E-04 ETA (HH:MM:SS) = 0:00:00
 [ 92%]  Time step     2553 of 2796 @ t_step =     2552 Time Avg = 1.071306E-04 Time/step= 1.270000E-04 ETA (HH:MM:SS) = 0:00:00
 [ 92%]  Time step     2554 of 2796 @ t_step =     2553 Time Avg = 1.071305E-04 Time/step= 1.070000E-04 ETA (HH:MM:SS) = 0:00:00
 [ 92%]  Time step     2555 of 2796 @ t_step =     2554 Time Avg = 1.071305E-04 Time/step= 1.070000E-04 ETA (HH:MM:SS) = 0:00:00
 [ 92%]  Time step     2556 of 2796 @ t_step =     2555 Time Avg = 1.071289E-04 Time/step= 1.030000E-04 ETA (HH:MM:SS) = 0:00:00
 [ 92%]  Time step     2557 of 2796 @ t_step =     2556 Time Avg = 1.071273E-04 Time/step= 1.030000E-04 ETA (HH:MM:SS) = 0:00:00
 [ 92%]  Time step     2558 of 2796 @ t_step =     2557 Time Avg = 1.071256E-04 Time/step= 1.030000E-04 ETA (HH:MM:SS) = 0:00:00
 [ 92%]  Time step     2559 of 2796 @ t_step =     2558 Time Avg = 1.071240E-04 Time/step= 1.030000E-04 ETA (HH:MM:SS) = 0:00:00
 [ 92%]  Time step     2560 of 2796 @ t_step =     2559 Time Avg = 1.071224E-04 Time/step= 1.030000E-04 ETA (HH:MM:SS) = 0:00:00
 [ 92%]  Time step     2561 of 2796 @ t_step =     2560 Time Avg = 1.071239E-04 Time/step= 1.110000E-04 ETA (HH:MM:SS) = 0:00:00
 [ 92%]  Time step     2562 of 2796 @ t_step =     2561 Time Avg = 1.071278E-04 Time/step= 1.170000E-04 ETA (HH:MM:SS) = 0:00:00
 [ 92%]  Time step     2563 of 2796 @ t_step =     2562 Time Avg = 1.071262E-04 Time/step= 1.030000E-04 ETA (HH:MM:SS) = 0:00:00
 [ 92%]  Time step     2564 of 2796 @ t_step =     2563 Time Avg = 1.071250E-04 Time/step= 1.040000E-04 ETA (HH:MM:SS) = 0:00:00
 [ 92%]  Time step     2565 of 2796 @ t_step =     2564 Time Avg = 1.071233E-04 Time/step= 1.030000E-04 ETA (HH:MM:SS) = 0:00:00
 [ 92%]  Time step     2566 of 2796 @ t_step =     2565 Time Avg = 1.071217E-04 Time/step= 1.030000E-04 ETA (HH:MM:SS) = 0:00:00
 [ 92%]  Time step     2567 of 2796 @ t_step =     2566 Time Avg = 1.071201E-04 Time/step= 1.030000E-04 ETA (HH:MM:SS) = 0:00:00
 [ 92%]  Time step     2568 of 2796 @ t_step =     2567 Time Avg = 1.071185E-04 Time/step= 1.030000E-04 ETA (HH:MM:SS) = 0:00:00
 [ 92%]  Time step     2569 of 2796 @ t_step =     2568 Time Avg = 1.071169E-04 Time/step= 1.030000E-04 ETA (HH:MM:SS) = 0:00:00
 [ 92%]  Time step     2570 of 2796 @ t_step =     2569 Time Avg = 1.071196E-04 Time/step= 1.140000E-04 ETA (HH:MM:SS) = 0:00:00
 [ 92%]  Time step     2571 of 2796 @ t_step =     2570 Time Avg = 1.071184E-04 Time/step= 1.040000E-04 ETA (HH:MM:SS) = 0:00:00
 [ 92%]  Time step     2572 of 2796 @ t_step =     2571 Time Avg = 1.071172E-04 Time/step= 1.040000E-04 ETA (HH:MM:SS) = 0:00:00
 [ 92%]  Time step     2573 of 2796 @ t_step =     2572 Time Avg = 1.071156E-04 Time/step= 1.030000E-04 ETA (HH:MM:SS) = 0:00:00
 [ 93%]  Time step     2574 of 2796 @ t_step =     2573 Time Avg = 1.071140E-04 Time/step= 1.030000E-04 ETA (HH:MM:SS) = 0:00:00
 [ 93%]  Time step     2575 of 2796 @ t_step =     2574 Time Avg = 1.071124E-04 Time/step= 1.030000E-04 ETA (HH:MM:SS) = 0:00:00
 [ 93%]  Time step     2576 of 2796 @ t_step =     2575 Time Avg = 1.071112E-04 Time/step= 1.040000E-04 ETA (HH:MM:SS) = 0:00:00
 [ 93%]  Time step     2577 of 2796 @ t_step =     2576 Time Avg = 1.071096E-04 Time/step= 1.030000E-04 ETA (HH:MM:SS) = 0:00:00
 [ 93%]  Time step     2578 of 2796 @ t_step =     2577 Time Avg = 1.071080E-04 Time/step= 1.030000E-04 ETA (HH:MM:SS) = 0:00:00
 [ 93%]  Time step     2579 of 2796 @ t_step =     2578 Time Avg = 1.071102E-04 Time/step= 1.130000E-04 ETA (HH:MM:SS) = 0:00:00
 [ 93%]  Time step     2580 of 2796 @ t_step =     2579 Time Avg = 1.071090E-04 Time/step= 1.040000E-04 ETA (HH:MM:SS) = 0:00:00
 [ 93%]  Time step     2581 of 2796 @ t_step =     2580 Time Avg = 1.071074E-04 Time/step= 1.030000E-04 ETA (HH:MM:SS) = 0:00:00
 [ 93%]  Time step     2582 of 2796 @ t_step =     2581 Time Avg = 1.071062E-04 Time/step= 1.040000E-04 ETA (HH:MM:SS) = 0:00:00
 [ 93%]  Time step     2583 of 2796 @ t_step =     2582 Time Avg = 1.071047E-04 Time/step= 1.030000E-04 ETA (HH:MM:SS) = 0:00:00
 [ 93%]  Time step     2584 of 2796 @ t_step =     2583 Time Avg = 1.071034E-04 Time/step= 1.040000E-04 ETA (HH:MM:SS) = 0:00:00
 [ 93%]  Time step     2585 of 2796 @ t_step =     2584 Time Avg = 1.071019E-04 Time/step= 1.030000E-04 ETA (HH:MM:SS) = 0:00:00
 [ 93%]  Time step     2586 of 2796 @ t_step =     2585 Time Avg = 1.071003E-04 Time/step= 1.030000E-04 ETA (HH:MM:SS) = 0:00:00
 [ 93%]  Time step     2587 of 2796 @ t_step =     2586 Time Avg = 1.070987E-04 Time/step= 1.030000E-04 ETA (HH:MM:SS) = 0:00:00
 [ 93%]  Time step     2588 of 2796 @ t_step =     2587 Time Avg = 1.071052E-04 Time/step= 1.240000E-04 ETA (HH:MM:SS) = 0:00:00
 [ 93%]  Time step     2589 of 2796 @ t_step =     2588 Time Avg = 1.071052E-04 Time/step= 1.070000E-04 ETA (HH:MM:SS) = 0:00:00
 [ 93%]  Time step     2590 of 2796 @ t_step =     2589 Time Avg = 1.071051E-04 Time/step= 1.070000E-04 ETA (HH:MM:SS) = 0:00:00
 [ 93%]  Time step     2591 of 2796 @ t_step =     2590 Time Avg = 1.071086E-04 Time/step= 1.160000E-04 ETA (HH:MM:SS) = 0:00:00
 [ 93%]  Time step     2592 of 2796 @ t_step =     2591 Time Avg = 1.071074E-04 Time/step= 1.040000E-04 ETA (HH:MM:SS) = 0:00:00
 [ 93%]  Time step     2593 of 2796 @ t_step =     2592 Time Avg = 1.071062E-04 Time/step= 1.040000E-04 ETA (HH:MM:SS) = 0:00:00
 [ 93%]  Time step     2594 of 2796 @ t_step =     2593 Time Avg = 1.071046E-04 Time/step= 1.030000E-04 ETA (HH:MM:SS) = 0:00:00
 [ 93%]  Time step     2595 of 2796 @ t_step =     2594 Time Avg = 1.071030E-04 Time/step= 1.030000E-04 ETA (HH:MM:SS) = 0:00:00
 [ 93%]  Time step     2596 of 2796 @ t_step =     2595 Time Avg = 1.071018E-04 Time/step= 1.040000E-04 ETA (HH:MM:SS) = 0:00:00
 [ 93%]  Time step     2597 of 2796 @ t_step =     2596 Time Avg = 1.071095E-04 Time/step= 1.270000E-04 ETA (HH:MM:SS) = 0:00:00
 [ 93%]  Time step     2598 of 2796 @ t_step =     2597 Time Avg = 1.071083E-04 Time/step= 1.040000E-04 ETA (HH:MM:SS) = 0:00:00
 [ 93%]  Time step     2599 of 2796 @ t_step =     2598 Time Avg = 1.071067E-04 Time/step= 1.030000E-04 ETA (HH:MM:SS) = 0:00:00
 [ 93%]  Time step     2600 of 2796 @ t_step =     2599 Time Avg = 1.071055E-04 Time/step= 1.040000E-04 ETA (HH:MM:SS) = 0:00:00
 [ 93%]  Time step     2601 of 2796 @ t_step =     2600 Time Avg = 1.071039E-04 Time/step= 1.030000E-04 ETA (HH:MM:SS) = 0:00:00
 [ 94%]  Time step     2602 of 2796 @ t_step =     2601 Time Avg = 1.071023E-04 Time/step= 1.030000E-04 ETA (HH:MM:SS) = 0:00:00
 [ 94%]  Time step     2603 of 2796 @ t_step =     2602 Time Avg = 1.071008E-04 Time/step= 1.030000E-04 ETA (HH:MM:SS) = 0:00:00
 [ 94%]  Time step     2604 of 2796 @ t_step =     2603 Time Avg = 1.070992E-04 Time/step= 1.030000E-04 ETA (HH:MM:SS) = 0:00:00
 [ 94%]  Time step     2605 of 2796 @ t_step =     2604 Time Avg = 1.070976E-04 Time/step= 1.030000E-04 ETA (HH:MM:SS) = 0:00:00
 [ 94%]  Time step     2606 of 2796 @ t_step =     2605 Time Avg = 1.071007E-04 Time/step= 1.150000E-04 ETA (HH:MM:SS) = 0:00:00
 [ 94%]  Time step     2607 of 2796 @ t_step =     2606 Time Avg = 1.070991E-04 Time/step= 1.030000E-04 ETA (HH:MM:SS) = 0:00:00
 [ 94%]  Time step     2608 of 2796 @ t_step =     2607 Time Avg = 1.070979E-04 Time/step= 1.040000E-04 ETA (HH:MM:SS) = 0:00:00
 [ 94%]  Time step     2609 of 2796 @ t_step =     2608 Time Avg = 1.070963E-04 Time/step= 1.030000E-04 ETA (HH:MM:SS) = 0:00:00
 [ 94%]  Time step     2610 of 2796 @ t_step =     2609 Time Avg = 1.070951E-04 Time/step= 1.040000E-04 ETA (HH:MM:SS) = 0:00:00
 [ 94%]  Time step     2611 of 2796 @ t_step =     2610 Time Avg = 1.070936E-04 Time/step= 1.030000E-04 ETA (HH:MM:SS) = 0:00:00
 [ 94%]  Time step     2612 of 2796 @ t_step =     2611 Time Avg = 1.070924E-04 Time/step= 1.040000E-04 ETA (HH:MM:SS) = 0:00:00
 [ 94%]  Time step     2613 of 2796 @ t_step =     2612 Time Avg = 1.070908E-04 Time/step= 1.030000E-04 ETA (HH:MM:SS) = 0:00:00
 [ 94%]  Time step     2614 of 2796 @ t_step =     2613 Time Avg = 1.070892E-04 Time/step= 1.030000E-04 ETA (HH:MM:SS) = 0:00:00
 [ 94%]  Time step     2615 of 2796 @ t_step =     2614 Time Avg = 1.070919E-04 Time/step= 1.140000E-04 ETA (HH:MM:SS) = 0:00:00
 [ 94%]  Time step     2616 of 2796 @ t_step =     2615 Time Avg = 1.070907E-04 Time/step= 1.040000E-04 ETA (HH:MM:SS) = 0:00:00
 [ 94%]  Time step     2617 of 2796 @ t_step =     2616 Time Avg = 1.070891E-04 Time/step= 1.030000E-04 ETA (HH:MM:SS) = 0:00:00
 [ 94%]  Time step     2618 of 2796 @ t_step =     2617 Time Avg = 1.070876E-04 Time/step= 1.030000E-04 ETA (HH:MM:SS) = 0:00:00
 [ 94%]  Time step     2619 of 2796 @ t_step =     2618 Time Avg = 1.070860E-04 Time/step= 1.030000E-04 ETA (HH:MM:SS) = 0:00:00
 [ 94%]  Time step     2620 of 2796 @ t_step =     2619 Time Avg = 1.070844E-04 Time/step= 1.030000E-04 ETA (HH:MM:SS) = 0:00:00
 [ 94%]  Time step     2621 of 2796 @ t_step =     2620 Time Avg = 1.070829E-04 Time/step= 1.030000E-04 ETA (HH:MM:SS) = 0:00:00
 [ 94%]  Time step     2622 of 2796 @ t_step =     2621 Time Avg = 1.070813E-04 Time/step= 1.030000E-04 ETA (HH:MM:SS) = 0:00:00
 [ 94%]  Time step     2623 of 2796 @ t_step =     2622 Time Avg = 1.070798E-04 Time/step= 1.030000E-04 ETA (HH:MM:SS) = 0:00:00
 [ 94%]  Time step     2624 of 2796 @ t_step =     2623 Time Avg = 1.070900E-04 Time/step= 1.340000E-04 ETA (HH:MM:SS) = 0:00:00
 [ 94%]  Time step     2625 of 2796 @ t_step =     2624 Time Avg = 1.070900E-04 Time/step= 1.070000E-04 ETA (HH:MM:SS) = 0:00:00
 [ 94%]  Time step     2626 of 2796 @ t_step =     2625 Time Avg = 1.070938E-04 Time/step= 1.170000E-04 ETA (HH:MM:SS) = 0:00:00
 [ 94%]  Time step     2627 of 2796 @ t_step =     2626 Time Avg = 1.070922E-04 Time/step= 1.030000E-04 ETA (HH:MM:SS) = 0:00:00
 [ 94%]  Time step     2628 of 2796 @ t_step =     2627 Time Avg = 1.070907E-04 Time/step= 1.030000E-04 ETA (HH:MM:SS) = 0:00:00
 [ 94%]  Time step     2629 of 2796 @ t_step =     2628 Time Avg = 1.070891E-04 Time/step= 1.030000E-04 ETA (HH:MM:SS) = 0:00:00
 [ 95%]  Time step     2630 of 2796 @ t_step =     2629 Time Avg = 1.070876E-04 Time/step= 1.030000E-04 ETA (HH:MM:SS) = 0:00:00
 [ 95%]  Time step     2631 of 2796 @ t_step =     2630 Time Avg = 1.070860E-04 Time/step= 1.030000E-04 ETA (HH:MM:SS) = 0:00:00
 [ 95%]  Time step     2632 of 2796 @ t_step =     2631 Time Avg = 1.070894E-04 Time/step= 1.160000E-04 ETA (HH:MM:SS) = 0:00:00
 [ 95%]  Time step     2633 of 2796 @ t_step =     2632 Time Avg = 1.070920E-04 Time/step= 1.140000E-04 ETA (HH:MM:SS) = 0:00:00
 [ 95%]  Time step     2634 of 2796 @ t_step =     2633 Time Avg = 1.070908E-04 Time/step= 1.040000E-04 ETA (HH:MM:SS) = 0:00:00
 [ 95%]  Time step     2635 of 2796 @ t_step =     2634 Time Avg = 1.070893E-04 Time/step= 1.030000E-04 ETA (HH:MM:SS) = 0:00:00
 [ 95%]  Time step     2636 of 2796 @ t_step =     2635 Time Avg = 1.070877E-04 Time/step= 1.030000E-04 ETA (HH:MM:SS) = 0:00:00
 [ 95%]  Time step     2637 of 2796 @ t_step =     2636 Time Avg = 1.070862E-04 Time/step= 1.030000E-04 ETA (HH:MM:SS) = 0:00:00
 [ 95%]  Time step     2638 of 2796 @ t_step =     2637 Time Avg = 1.070846E-04 Time/step= 1.030000E-04 ETA (HH:MM:SS) = 0:00:00
 [ 95%]  Time step     2639 of 2796 @ t_step =     2638 Time Avg = 1.070831E-04 Time/step= 1.030000E-04 ETA (HH:MM:SS) = 0:00:00
 [ 95%]  Time step     2640 of 2796 @ t_step =     2639 Time Avg = 1.070819E-04 Time/step= 1.040000E-04 ETA (HH:MM:SS) = 0:00:00
 [ 95%]  Time step     2641 of 2796 @ t_step =     2640 Time Avg = 1.070864E-04 Time/step= 1.190000E-04 ETA (HH:MM:SS) = 0:00:00
 [ 95%]  Time step     2642 of 2796 @ t_step =     2641 Time Avg = 1.070853E-04 Time/step= 1.040000E-04 ETA (HH:MM:SS) = 0:00:00
 [ 95%]  Time step     2643 of 2796 @ t_step =     2642 Time Avg = 1.070841E-04 Time/step= 1.040000E-04 ETA (HH:MM:SS) = 0:00:00
 [ 95%]  Time step     2644 of 2796 @ t_step =     2643 Time Avg = 1.070825E-04 Time/step= 1.030000E-04 ETA (HH:MM:SS) = 0:00:00
 [ 95%]  Time step     2645 of 2796 @ t_step =     2644 Time Avg = 1.070810E-04 Time/step= 1.030000E-04 ETA (HH:MM:SS) = 0:00:00
 [ 95%]  Time step     2646 of 2796 @ t_step =     2645 Time Avg = 1.070795E-04 Time/step= 1.030000E-04 ETA (HH:MM:SS) = 0:00:00
 [ 95%]  Time step     2647 of 2796 @ t_step =     2646 Time Avg = 1.070779E-04 Time/step= 1.030000E-04 ETA (HH:MM:SS) = 0:00:00
 [ 95%]  Time step     2648 of 2796 @ t_step =     2647 Time Avg = 1.070764E-04 Time/step= 1.030000E-04 ETA (HH:MM:SS) = 0:00:00
 [ 95%]  Time step     2649 of 2796 @ t_step =     2648 Time Avg = 1.070748E-04 Time/step= 1.030000E-04 ETA (HH:MM:SS) = 0:00:00
 [ 95%]  Time step     2650 of 2796 @ t_step =     2649 Time Avg = 1.070782E-04 Time/step= 1.160000E-04 ETA (HH:MM:SS) = 0:00:00
 [ 95%]  Time step     2651 of 2796 @ t_step =     2650 Time Avg = 1.070767E-04 Time/step= 1.030000E-04 ETA (HH:MM:SS) = 0:00:00
 [ 95%]  Time step     2652 of 2796 @ t_step =     2651 Time Avg = 1.070755E-04 Time/step= 1.040000E-04 ETA (HH:MM:SS) = 0:00:00
 [ 95%]  Time step     2653 of 2796 @ t_step =     2652 Time Avg = 1.070743E-04 Time/step= 1.040000E-04 ETA (HH:MM:SS) = 0:00:00
 [ 95%]  Time step     2654 of 2796 @ t_step =     2653 Time Avg = 1.070732E-04 Time/step= 1.040000E-04 ETA (HH:MM:SS) = 0:00:00
 [ 95%]  Time step     2655 of 2796 @ t_step =     2654 Time Avg = 1.070716E-04 Time/step= 1.030000E-04 ETA (HH:MM:SS) = 0:00:00
 [ 95%]  Time step     2656 of 2796 @ t_step =     2655 Time Avg = 1.070705E-04 Time/step= 1.040000E-04 ETA (HH:MM:SS) = 0:00:00
 [ 95%]  Time step     2657 of 2796 @ t_step =     2656 Time Avg = 1.070693E-04 Time/step= 1.040000E-04 ETA (HH:MM:SS) = 0:00:00
 [ 96%]  Time step     2658 of 2796 @ t_step =     2657 Time Avg = 1.070682E-04 Time/step= 1.040000E-04 ETA (HH:MM:SS) = 0:00:00
 [ 96%]  Time step     2659 of 2796 @ t_step =     2658 Time Avg = 1.070802E-04 Time/step= 1.390000E-04 ETA (HH:MM:SS) = 0:00:00
 [ 96%]  Time step     2660 of 2796 @ t_step =     2659 Time Avg = 1.070817E-04 Time/step= 1.110000E-04 ETA (HH:MM:SS) = 0:00:00
 [ 96%]  Time step     2661 of 2796 @ t_step =     2660 Time Avg = 1.070831E-04 Time/step= 1.110000E-04 ETA (HH:MM:SS) = 0:00:00
 [ 96%]  Time step     2662 of 2796 @ t_step =     2661 Time Avg = 1.070906E-04 Time/step= 1.270000E-04 ETA (HH:MM:SS) = 0:00:00
 [ 96%]  Time step     2663 of 2796 @ t_step =     2662 Time Avg = 1.070891E-04 Time/step= 1.030000E-04 ETA (HH:MM:SS) = 0:00:00
 [ 96%]  Time step     2664 of 2796 @ t_step =     2663 Time Avg = 1.070879E-04 Time/step= 1.040000E-04 ETA (HH:MM:SS) = 0:00:00
 [ 96%]  Time step     2665 of 2796 @ t_step =     2664 Time Avg = 1.070864E-04 Time/step= 1.030000E-04 ETA (HH:MM:SS) = 0:00:00
 [ 96%]  Time step     2666 of 2796 @ t_step =     2665 Time Avg = 1.070849E-04 Time/step= 1.030000E-04 ETA (HH:MM:SS) = 0:00:00
 [ 96%]  Time step     2667 of 2796 @ t_step =     2666 Time Avg = 1.070863E-04 Time/step= 1.110000E-04 ETA (HH:MM:SS) = 0:00:00
 [ 96%]  Time step     2668 of 2796 @ t_step =     2667 Time Avg = 1.070961E-04 Time/step= 1.330000E-04 ETA (HH:MM:SS) = 0:00:00
 [ 96%]  Time step     2669 of 2796 @ t_step =     2668 Time Avg = 1.070949E-04 Time/step= 1.040000E-04 ETA (HH:MM:SS) = 0:00:00
 [ 96%]  Time step     2670 of 2796 @ t_step =     2669 Time Avg = 1.070937E-04 Time/step= 1.040000E-04 ETA (HH:MM:SS) = 0:00:00
 [ 96%]  Time step     2671 of 2796 @ t_step =     2670 Time Avg = 1.070922E-04 Time/step= 1.030000E-04 ETA (HH:MM:SS) = 0:00:00
 [ 96%]  Time step     2672 of 2796 @ t_step =     2671 Time Avg = 1.070907E-04 Time/step= 1.030000E-04 ETA (HH:MM:SS) = 0:00:00
 [ 96%]  Time step     2673 of 2796 @ t_step =     2672 Time Avg = 1.070891E-04 Time/step= 1.030000E-04 ETA (HH:MM:SS) = 0:00:00
 [ 96%]  Time step     2674 of 2796 @ t_step =     2673 Time Avg = 1.070876E-04 Time/step= 1.030000E-04 ETA (HH:MM:SS) = 0:00:00
 [ 96%]  Time step     2675 of 2796 @ t_step =     2674 Time Avg = 1.070861E-04 Time/step= 1.030000E-04 ETA (HH:MM:SS) = 0:00:00
 [ 96%]  Time step     2676 of 2796 @ t_step =     2675 Time Avg = 1.070909E-04 Time/step= 1.200000E-04 ETA (HH:MM:SS) = 0:00:00
 [ 96%]  Time step     2677 of 2796 @ t_step =     2676 Time Avg = 1.070894E-04 Time/step= 1.030000E-04 ETA (HH:MM:SS) = 0:00:00
 [ 96%]  Time step     2678 of 2796 @ t_step =     2677 Time Avg = 1.070882E-04 Time/step= 1.040000E-04 ETA (HH:MM:SS) = 0:00:00
 [ 96%]  Time step     2679 of 2796 @ t_step =     2678 Time Avg = 1.070867E-04 Time/step= 1.030000E-04 ETA (HH:MM:SS) = 0:00:00
 [ 96%]  Time step     2680 of 2796 @ t_step =     2679 Time Avg = 1.070852E-04 Time/step= 1.030000E-04 ETA (HH:MM:SS) = 0:00:00
 [ 96%]  Time step     2681 of 2796 @ t_step =     2680 Time Avg = 1.070836E-04 Time/step= 1.030000E-04 ETA (HH:MM:SS) = 0:00:00
 [ 96%]  Time step     2682 of 2796 @ t_step =     2681 Time Avg = 1.070821E-04 Time/step= 1.030000E-04 ETA (HH:MM:SS) = 0:00:00
 [ 96%]  Time step     2683 of 2796 @ t_step =     2682 Time Avg = 1.070806E-04 Time/step= 1.030000E-04 ETA (HH:MM:SS) = 0:00:00
 [ 96%]  Time step     2684 of 2796 @ t_step =     2683 Time Avg = 1.070791E-04 Time/step= 1.030000E-04 ETA (HH:MM:SS) = 0:00:00
 [ 96%]  Time step     2685 of 2796 @ t_step =     2684 Time Avg = 1.070846E-04 Time/step= 1.220000E-04 ETA (HH:MM:SS) = 0:00:00
 [ 97%]  Time step     2686 of 2796 @ t_step =     2685 Time Avg = 1.070876E-04 Time/step= 1.150000E-04 ETA (HH:MM:SS) = 0:00:00
 [ 97%]  Time step     2687 of 2796 @ t_step =     2686 Time Avg = 1.070876E-04 Time/step= 1.070000E-04 ETA (HH:MM:SS) = 0:00:00
 [ 97%]  Time step     2688 of 2796 @ t_step =     2687 Time Avg = 1.070875E-04 Time/step= 1.070000E-04 ETA (HH:MM:SS) = 0:00:00
 [ 97%]  Time step     2689 of 2796 @ t_step =     2688 Time Avg = 1.070871E-04 Time/step= 1.060000E-04 ETA (HH:MM:SS) = 0:00:00
 [ 97%]  Time step     2690 of 2796 @ t_step =     2689 Time Avg = 1.070867E-04 Time/step= 1.060000E-04 ETA (HH:MM:SS) = 0:00:00
 [ 97%]  Time step     2691 of 2796 @ t_step =     2690 Time Avg = 1.070863E-04 Time/step= 1.060000E-04 ETA (HH:MM:SS) = 0:00:00
 [ 97%]  Time step     2692 of 2796 @ t_step =     2691 Time Avg = 1.070893E-04 Time/step= 1.150000E-04 ETA (HH:MM:SS) = 0:00:00
 [ 97%]  Time step     2693 of 2796 @ t_step =     2692 Time Avg = 1.070877E-04 Time/step= 1.030000E-04 ETA (HH:MM:SS) = 0:00:00
 [ 97%]  Time step     2694 of 2796 @ t_step =     2693 Time Avg = 1.070985E-04 Time/step= 1.360000E-04 ETA (HH:MM:SS) = 0:00:00
 [ 97%]  Time step     2695 of 2796 @ t_step =     2694 Time Avg = 1.070981E-04 Time/step= 1.060000E-04 ETA (HH:MM:SS) = 0:00:00
 [ 97%]  Time step     2696 of 2796 @ t_step =     2695 Time Avg = 1.071017E-04 Time/step= 1.170000E-04 ETA (HH:MM:SS) = 0:00:00
 [ 97%]  Time step     2697 of 2796 @ t_step =     2696 Time Avg = 1.071002E-04 Time/step= 1.030000E-04 ETA (HH:MM:SS) = 0:00:00
 [ 97%]  Time step     2698 of 2796 @ t_step =     2697 Time Avg = 1.071043E-04 Time/step= 1.180000E-04 ETA (HH:MM:SS) = 0:00:00
 [ 97%]  Time step     2699 of 2796 @ t_step =     2698 Time Avg = 1.071042E-04 Time/step= 1.070000E-04 ETA (HH:MM:SS) = 0:00:00
 [ 97%]  Time step     2700 of 2796 @ t_step =     2699 Time Avg = 1.071120E-04 Time/step= 1.280000E-04 ETA (HH:MM:SS) = 0:00:00
 [ 97%]  Time step     2701 of 2796 @ t_step =     2700 Time Avg = 1.071119E-04 Time/step= 1.070000E-04 ETA (HH:MM:SS) = 0:00:00
 [ 97%]  Time step     2702 of 2796 @ t_step =     2701 Time Avg = 1.071260E-04 Time/step= 1.450000E-04 ETA (HH:MM:SS) = 0:00:00
 [ 97%]  Time step     2703 of 2796 @ t_step =     2702 Time Avg = 1.071289E-04 Time/step= 1.150000E-04 ETA (HH:MM:SS) = 0:00:00
 [ 97%]  Time step     2704 of 2796 @ t_step =     2703 Time Avg = 1.071274E-04 Time/step= 1.030000E-04 ETA (HH:MM:SS) = 0:00:00
 [ 97%]  Time step     2705 of 2796 @ t_step =     2704 Time Avg = 1.071262E-04 Time/step= 1.040000E-04 ETA (HH:MM:SS) = 0:00:00
 [ 97%]  Time step     2706 of 2796 @ t_step =     2705 Time Avg = 1.071250E-04 Time/step= 1.040000E-04 ETA (HH:MM:SS) = 0:00:00
 [ 97%]  Time step     2707 of 2796 @ t_step =     2706 Time Avg = 1.071235E-04 Time/step= 1.030000E-04 ETA (HH:MM:SS) = 0:00:00
 [ 97%]  Time step     2708 of 2796 @ t_step =     2707 Time Avg = 1.071224E-04 Time/step= 1.040000E-04 ETA (HH:MM:SS) = 0:00:00
 [ 97%]  Time step     2709 of 2796 @ t_step =     2708 Time Avg = 1.071212E-04 Time/step= 1.040000E-04 ETA (HH:MM:SS) = 0:00:00
 [ 97%]  Time step     2710 of 2796 @ t_step =     2709 Time Avg = 1.071245E-04 Time/step= 1.160000E-04 ETA (HH:MM:SS) = 0:00:00
 [ 97%]  Time step     2711 of 2796 @ t_step =     2710 Time Avg = 1.071233E-04 Time/step= 1.040000E-04 ETA (HH:MM:SS) = 0:00:00
 [ 97%]  Time step     2712 of 2796 @ t_step =     2711 Time Avg = 1.071222E-04 Time/step= 1.040000E-04 ETA (HH:MM:SS) = 0:00:00
 [ 97%]  Time step     2713 of 2796 @ t_step =     2712 Time Avg = 1.071207E-04 Time/step= 1.030000E-04 ETA (HH:MM:SS) = 0:00:00
 [ 98%]  Time step     2714 of 2796 @ t_step =     2713 Time Avg = 1.071195E-04 Time/step= 1.040000E-04 ETA (HH:MM:SS) = 0:00:00
 [ 98%]  Time step     2715 of 2796 @ t_step =     2714 Time Avg = 1.071180E-04 Time/step= 1.030000E-04 ETA (HH:MM:SS) = 0:00:00
 [ 98%]  Time step     2716 of 2796 @ t_step =     2715 Time Avg = 1.071168E-04 Time/step= 1.040000E-04 ETA (HH:MM:SS) = 0:00:00
 [ 98%]  Time step     2717 of 2796 @ t_step =     2716 Time Avg = 1.071157E-04 Time/step= 1.040000E-04 ETA (HH:MM:SS) = 0:00:00
 [ 98%]  Time step     2718 of 2796 @ t_step =     2717 Time Avg = 1.071145E-04 Time/step= 1.040000E-04 ETA (HH:MM:SS) = 0:00:00
 [ 98%]  Time step     2719 of 2796 @ t_step =     2718 Time Avg = 1.071182E-04 Time/step= 1.170000E-04 ETA (HH:MM:SS) = 0:00:00
 [ 98%]  Time step     2720 of 2796 @ t_step =     2719 Time Avg = 1.071170E-04 Time/step= 1.040000E-04 ETA (HH:MM:SS) = 0:00:00
 [ 98%]  Time step     2721 of 2796 @ t_step =     2720 Time Avg = 1.071159E-04 Time/step= 1.040000E-04 ETA (HH:MM:SS) = 0:00:00
 [ 98%]  Time step     2722 of 2796 @ t_step =     2721 Time Avg = 1.071147E-04 Time/step= 1.040000E-04 ETA (HH:MM:SS) = 0:00:00
 [ 98%]  Time step     2723 of 2796 @ t_step =     2722 Time Avg = 1.071136E-04 Time/step= 1.040000E-04 ETA (HH:MM:SS) = 0:00:00
 [ 98%]  Time step     2724 of 2796 @ t_step =     2723 Time Avg = 1.071125E-04 Time/step= 1.040000E-04 ETA (HH:MM:SS) = 0:00:00
 [ 98%]  Time step     2725 of 2796 @ t_step =     2724 Time Avg = 1.071109E-04 Time/step= 1.030000E-04 ETA (HH:MM:SS) = 0:00:00
 [ 98%]  Time step     2726 of 2796 @ t_step =     2725 Time Avg = 1.071094E-04 Time/step= 1.030000E-04 ETA (HH:MM:SS) = 0:00:00
 [ 98%]  Time step     2727 of 2796 @ t_step =     2726 Time Avg = 1.071076E-04 Time/step= 1.020000E-04 ETA (HH:MM:SS) = 0:00:00
 [ 98%]  Time step     2728 of 2796 @ t_step =     2727 Time Avg = 1.071152E-04 Time/step= 1.280000E-04 ETA (HH:MM:SS) = 0:00:00
 [ 98%]  Time step     2729 of 2796 @ t_step =     2728 Time Avg = 1.071156E-04 Time/step= 1.080000E-04 ETA (HH:MM:SS) = 0:00:00
 [ 98%]  Time step     2730 of 2796 @ t_step =     2729 Time Avg = 1.071155E-04 Time/step= 1.070000E-04 ETA (HH:MM:SS) = 0:00:00
 [ 98%]  Time step     2731 of 2796 @ t_step =     2730 Time Avg = 1.071184E-04 Time/step= 1.150000E-04 ETA (HH:MM:SS) = 0:00:00
 [ 98%]  Time step     2732 of 2796 @ t_step =     2731 Time Avg = 1.071173E-04 Time/step= 1.040000E-04 ETA (HH:MM:SS) = 0:00:00
 [ 98%]  Time step     2733 of 2796 @ t_step =     2732 Time Avg = 1.071158E-04 Time/step= 1.030000E-04 ETA (HH:MM:SS) = 0:00:00
 [ 98%]  Time step     2734 of 2796 @ t_step =     2733 Time Avg = 1.071142E-04 Time/step= 1.030000E-04 ETA (HH:MM:SS) = 0:00:00
 [ 98%]  Time step     2735 of 2796 @ t_step =     2734 Time Avg = 1.071127E-04 Time/step= 1.030000E-04 ETA (HH:MM:SS) = 0:00:00
 [ 98%]  Time step     2736 of 2796 @ t_step =     2735 Time Avg = 1.071112E-04 Time/step= 1.030000E-04 ETA (HH:MM:SS) = 0:00:00
 [ 98%]  Time step     2737 of 2796 @ t_step =     2736 Time Avg = 1.071207E-04 Time/step= 1.330000E-04 ETA (HH:MM:SS) = 0:00:00
 [ 98%]  Time step     2738 of 2796 @ t_step =     2737 Time Avg = 1.071196E-04 Time/step= 1.040000E-04 ETA (HH:MM:SS) = 0:00:00
 [ 98%]  Time step     2739 of 2796 @ t_step =     2738 Time Avg = 1.071181E-04 Time/step= 1.030000E-04 ETA (HH:MM:SS) = 0:00:00
 [ 98%]  Time step     2740 of 2796 @ t_step =     2739 Time Avg = 1.071166E-04 Time/step= 1.030000E-04 ETA (HH:MM:SS) = 0:00:00
 [ 98%]  Time step     2741 of 2796 @ t_step =     2740 Time Avg = 1.071150E-04 Time/step= 1.030000E-04 ETA (HH:MM:SS) = 0:00:00
 [ 99%]  Time step     2742 of 2796 @ t_step =     2741 Time Avg = 1.071135E-04 Time/step= 1.030000E-04 ETA (HH:MM:SS) = 0:00:00
 [ 99%]  Time step     2743 of 2796 @ t_step =     2742 Time Avg = 1.071120E-04 Time/step= 1.030000E-04 ETA (HH:MM:SS) = 0:00:00
 [ 99%]  Time step     2744 of 2796 @ t_step =     2743 Time Avg = 1.071105E-04 Time/step= 1.030000E-04 ETA (HH:MM:SS) = 0:00:00
 [ 99%]  Time step     2745 of 2796 @ t_step =     2744 Time Avg = 1.071090E-04 Time/step= 1.030000E-04 ETA (HH:MM:SS) = 0:00:00
 [ 99%]  Time step     2746 of 2796 @ t_step =     2745 Time Avg = 1.071123E-04 Time/step= 1.160000E-04 ETA (HH:MM:SS) = 0:00:00
 [ 99%]  Time step     2747 of 2796 @ t_step =     2746 Time Avg = 1.071108E-04 Time/step= 1.030000E-04 ETA (HH:MM:SS) = 0:00:00
 [ 99%]  Time step     2748 of 2796 @ t_step =     2747 Time Avg = 1.071097E-04 Time/step= 1.040000E-04 ETA (HH:MM:SS) = 0:00:00
 [ 99%]  Time step     2749 of 2796 @ t_step =     2748 Time Avg = 1.071085E-04 Time/step= 1.040000E-04 ETA (HH:MM:SS) = 0:00:00
 [ 99%]  Time step     2750 of 2796 @ t_step =     2749 Time Avg = 1.071074E-04 Time/step= 1.040000E-04 ETA (HH:MM:SS) = 0:00:00
 [ 99%]  Time step     2751 of 2796 @ t_step =     2750 Time Avg = 1.071059E-04 Time/step= 1.030000E-04 ETA (HH:MM:SS) = 0:00:00
 [ 99%]  Time step     2752 of 2796 @ t_step =     2751 Time Avg = 1.071044E-04 Time/step= 1.030000E-04 ETA (HH:MM:SS) = 0:00:00
 [ 99%]  Time step     2753 of 2796 @ t_step =     2752 Time Avg = 1.071029E-04 Time/step= 1.030000E-04 ETA (HH:MM:SS) = 0:00:00
 [ 99%]  Time step     2754 of 2796 @ t_step =     2753 Time Avg = 1.071014E-04 Time/step= 1.030000E-04 ETA (HH:MM:SS) = 0:00:00
 [ 99%]  Time step     2755 of 2796 @ t_step =     2754 Time Avg = 1.071054E-04 Time/step= 1.180000E-04 ETA (HH:MM:SS) = 0:00:00
 [ 99%]  Time step     2756 of 2796 @ t_step =     2755 Time Avg = 1.071042E-04 Time/step= 1.040000E-04 ETA (HH:MM:SS) = 0:00:00
 [ 99%]  Time step     2757 of 2796 @ t_step =     2756 Time Avg = 1.071028E-04 Time/step= 1.030000E-04 ETA (HH:MM:SS) = 0:00:00
 [ 99%]  Time step     2758 of 2796 @ t_step =     2757 Time Avg = 1.071013E-04 Time/step= 1.030000E-04 ETA (HH:MM:SS) = 0:00:00
 [ 99%]  Time step     2759 of 2796 @ t_step =     2758 Time Avg = 1.070998E-04 Time/step= 1.030000E-04 ETA (HH:MM:SS) = 0:00:00
 [ 99%]  Time step     2760 of 2796 @ t_step =     2759 Time Avg = 1.070983E-04 Time/step= 1.030000E-04 ETA (HH:MM:SS) = 0:00:00
 [ 99%]  Time step     2761 of 2796 @ t_step =     2760 Time Avg = 1.070968E-04 Time/step= 1.030000E-04 ETA (HH:MM:SS) = 0:00:00
 [ 99%]  Time step     2762 of 2796 @ t_step =     2761 Time Avg = 1.070957E-04 Time/step= 1.040000E-04 ETA (HH:MM:SS) = 0:00:00
 [ 99%]  Time step     2763 of 2796 @ t_step =     2762 Time Avg = 1.070942E-04 Time/step= 1.030000E-04 ETA (HH:MM:SS) = 0:00:00
 [ 99%]  Time step     2764 of 2796 @ t_step =     2763 Time Avg = 1.071011E-04 Time/step= 1.260000E-04 ETA (HH:MM:SS) = 0:00:00
 [ 99%]  Time step     2765 of 2796 @ t_step =     2764 Time Avg = 1.071010E-04 Time/step= 1.070000E-04 ETA (HH:MM:SS) = 0:00:00
 [ 99%]  Time step     2766 of 2796 @ t_step =     2765 Time Avg = 1.071046E-04 Time/step= 1.170000E-04 ETA (HH:MM:SS) = 0:00:00
 [ 99%]  Time step     2767 of 2796 @ t_step =     2766 Time Avg = 1.071035E-04 Time/step= 1.040000E-04 ETA (HH:MM:SS) = 0:00:00
 [ 99%]  Time step     2768 of 2796 @ t_step =     2767 Time Avg = 1.071024E-04 Time/step= 1.040000E-04 ETA (HH:MM:SS) = 0:00:00
 [ 99%]  Time step     2769 of 2796 @ t_step =     2768 Time Avg = 1.071009E-04 Time/step= 1.030000E-04 ETA (HH:MM:SS) = 0:00:00
 [100%]  Time step     2770 of 2796 @ t_step =     2769 Time Avg = 1.070997E-04 Time/step= 1.040000E-04 ETA (HH:MM:SS) = 0:00:00
 [100%]  Time step     2771 of 2796 @ t_step =     2770 Time Avg = 1.070979E-04 Time/step= 1.020000E-04 ETA (HH:MM:SS) = 0:00:00
 [100%]  Time step     2772 of 2796 @ t_step =     2771 Time Avg = 1.071047E-04 Time/step= 1.260000E-04 ETA (HH:MM:SS) = 0:00:00
 [100%]  Time step     2773 of 2796 @ t_step =     2772 Time Avg = 1.071040E-04 Time/step= 1.050000E-04 ETA (HH:MM:SS) = 0:00:00
 [100%]  Time step     2774 of 2796 @ t_step =     2773 Time Avg = 1.071025E-04 Time/step= 1.030000E-04 ETA (HH:MM:SS) = 0:00:00
 [100%]  Time step     2775 of 2796 @ t_step =     2774 Time Avg = 1.071010E-04 Time/step= 1.030000E-04 ETA (HH:MM:SS) = 0:00:00
 [100%]  Time step     2776 of 2796 @ t_step =     2775 Time Avg = 1.070999E-04 Time/step= 1.040000E-04 ETA (HH:MM:SS) = 0:00:00
 [100%]  Time step     2777 of 2796 @ t_step =     2776 Time Avg = 1.070984E-04 Time/step= 1.030000E-04 ETA (HH:MM:SS) = 0:00:00
 [100%]  Time step     2778 of 2796 @ t_step =     2777 Time Avg = 1.070969E-04 Time/step= 1.030000E-04 ETA (HH:MM:SS) = 0:00:00
 [100%]  Time step     2779 of 2796 @ t_step =     2778 Time Avg = 1.071009E-04 Time/step= 1.180000E-04 ETA (HH:MM:SS) = 0:00:00
 [100%]  Time step     2780 of 2796 @ t_step =     2779 Time Avg = 1.071008E-04 Time/step= 1.070000E-04 ETA (HH:MM:SS) = 0:00:00
 [100%]  Time step     2781 of 2796 @ t_step =     2780 Time Avg = 1.071152E-04 Time/step= 1.470000E-04 ETA (HH:MM:SS) = 0:00:00
 [100%]  Time step     2782 of 2796 @ t_step =     2781 Time Avg = 1.071151E-04 Time/step= 1.070000E-04 ETA (HH:MM:SS) = 0:00:00
 [100%]  Time step     2783 of 2796 @ t_step =     2782 Time Avg = 1.071187E-04 Time/step= 1.170000E-04 ETA (HH:MM:SS) = 0:00:00
 [100%]  Time step     2784 of 2796 @ t_step =     2783 Time Avg = 1.071176E-04 Time/step= 1.040000E-04 ETA (HH:MM:SS) = 0:00:00
 [100%]  Time step     2785 of 2796 @ t_step =     2784 Time Avg = 1.071161E-04 Time/step= 1.030000E-04 ETA (HH:MM:SS) = 0:00:00
 [100%]  Time step     2786 of 2796 @ t_step =     2785 Time Avg = 1.071150E-04 Time/step= 1.040000E-04 ETA (HH:MM:SS) = 0:00:00
 [100%]  Time step     2787 of 2796 @ t_step =     2786 Time Avg = 1.071135E-04 Time/step= 1.030000E-04 ETA (HH:MM:SS) = 0:00:00
 [100%]  Time step     2788 of 2796 @ t_step =     2787 Time Avg = 1.071120E-04 Time/step= 1.030000E-04 ETA (HH:MM:SS) = 0:00:00
 [100%]  Time step     2789 of 2796 @ t_step =     2788 Time Avg = 1.071156E-04 Time/step= 1.170000E-04 ETA (HH:MM:SS) = 0:00:00
 [100%]  Time step     2790 of 2796 @ t_step =     2789 Time Avg = 1.071148E-04 Time/step= 1.050000E-04 ETA (HH:MM:SS) = 0:00:00
 [100%]  Time step     2791 of 2796 @ t_step =     2790 Time Avg = 1.071133E-04 Time/step= 1.030000E-04 ETA (HH:MM:SS) = 0:00:00
 [100%]  Time step     2792 of 2796 @ t_step =     2791 Time Avg = 1.071119E-04 Time/step= 1.030000E-04 ETA (HH:MM:SS) = 0:00:00
 [100%]  Time step     2793 of 2796 @ t_step =     2792 Time Avg = 1.071108E-04 Time/step= 1.040000E-04 ETA (HH:MM:SS) = 0:00:00
 [100%]  Time step     2794 of 2796 @ t_step =     2793 Time Avg = 1.071096E-04 Time/step= 1.040000E-04 ETA (HH:MM:SS) = 0:00:00
 [100%]  Time step     2795 of 2796 @ t_step =     2794 Time Avg = 1.071085E-04 Time/step= 1.040000E-04 ETA (HH:MM:SS) = 0:00:00
 Performance:   178.84408602150538      ns/gp/eq/rhs

+-----------------------------------------------------------------------------------------------------------+ 
| Finished mfc-task2-n32-weno5-cfl0025:                                                                     |
| * Total-time:    2s                                  * Exit Code:     0                                   |
| * End-time:      07:55:46                            * End-date:      07:55:46                            |
+-----------------------------------------------------------------------------------------------------------+ 
